-- Seed data for the quiz questions table
-- This file should be run after the quizzes seed file to ensure the quizzes exist

-- Start a transaction
BEGIN;

-- Questions for quiz: Standard Graphs Quiz (basic-graphs-quiz, ID: b56bfd45-8353-4e05-8ceb-0218860375b5)
-- Insert question 1 for quiz: Standard Graphs Quiz
INSERT INTO payload.quiz_questions (
  id,
  question,
  quiz_id,
  quiz_id_id, -- Duplicate field for compatibility
  type,
  explanation,
  "order",
  created_at,
  updated_at
) VALUES (
  'a0d3c4c9-f3b6-4b2f-b1d5-b1bd6a30145f', -- Generated UUID for the question
  'There are many types of relationships that we use graphs to display. What chart type best communicates the ''Part-to-Whole'' relationship?',
  'b56bfd45-8353-4e05-8ceb-0218860375b5', -- Quiz ID
  'b56bfd45-8353-4e05-8ceb-0218860375b5', -- Quiz ID (duplicate)
  'single-answer',
  '',
  0,
  NOW(),
  NOW()
) ON CONFLICT (id) DO NOTHING; -- Skip if the question already exists

-- Insert option 1 for question 1
INSERT INTO payload.quiz_questions_options (
  id,
  _order,
  _parent_id,
  text,
  is_correct,
  created_at,
  updated_at
) VALUES (
  gen_random_uuid(),
  0,
  'a0d3c4c9-f3b6-4b2f-b1d5-b1bd6a30145f',
  'Line Charts',
  false,
  NOW(),
  NOW()
) ON CONFLICT DO NOTHING; -- Skip if the option already exists

-- Insert option 2 for question 1
INSERT INTO payload.quiz_questions_options (
  id,
  _order,
  _parent_id,
  text,
  is_correct,
  created_at,
  updated_at
) VALUES (
  gen_random_uuid(),
  1,
  'a0d3c4c9-f3b6-4b2f-b1d5-b1bd6a30145f',
  'Scatter Plots',
  false,
  NOW(),
  NOW()
) ON CONFLICT DO NOTHING; -- Skip if the option already exists

-- Insert option 3 for question 1
INSERT INTO payload.quiz_questions_options (
  id,
  _order,
  _parent_id,
  text,
  is_correct,
  created_at,
  updated_at
) VALUES (
  gen_random_uuid(),
  2,
  'a0d3c4c9-f3b6-4b2f-b1d5-b1bd6a30145f',
  'Maps',
  false,
  NOW(),
  NOW()
) ON CONFLICT DO NOTHING; -- Skip if the option already exists

-- Insert option 4 for question 1
INSERT INTO payload.quiz_questions_options (
  id,
  _order,
  _parent_id,
  text,
  is_correct,
  created_at,
  updated_at
) VALUES (
  gen_random_uuid(),
  3,
  'a0d3c4c9-f3b6-4b2f-b1d5-b1bd6a30145f',
  'Box Plot',
  false,
  NOW(),
  NOW()
) ON CONFLICT DO NOTHING; -- Skip if the option already exists

-- Insert option 5 for question 1
INSERT INTO payload.quiz_questions_options (
  id,
  _order,
  _parent_id,
  text,
  is_correct,
  created_at,
  updated_at
) VALUES (
  gen_random_uuid(),
  4,
  'a0d3c4c9-f3b6-4b2f-b1d5-b1bd6a30145f',
  'Bar charts',
  true,
  NOW(),
  NOW()
) ON CONFLICT DO NOTHING; -- Skip if the option already exists

-- Create relationship entry for the question to the quiz
INSERT INTO payload.quiz_questions_rels (
  id,
  _parent_id,
  field,
  value,
  created_at,
  updated_at
) VALUES (
  gen_random_uuid(),
  'a0d3c4c9-f3b6-4b2f-b1d5-b1bd6a30145f',
  'quiz_id',
  'b56bfd45-8353-4e05-8ceb-0218860375b5',
  NOW(),
  NOW()
) ON CONFLICT DO NOTHING; -- Skip if the relationship already exists

-- Create bidirectional relationship entry for the quiz to the question
INSERT INTO payload.course_quizzes_rels (
  id,
  _parent_id,
  field,
  value,
  created_at,
  updated_at
) VALUES (
  gen_random_uuid(),
  'b56bfd45-8353-4e05-8ceb-0218860375b5',
  'questions',
  'a0d3c4c9-f3b6-4b2f-b1d5-b1bd6a30145f',
  NOW(),
  NOW()
) ON CONFLICT DO NOTHING; -- Skip if the relationship already exists

-- Insert question 2 for quiz: Standard Graphs Quiz
INSERT INTO payload.quiz_questions (
  id,
  question,
  quiz_id,
  quiz_id_id, -- Duplicate field for compatibility
  type,
  explanation,
  "order",
  created_at,
  updated_at
) VALUES (
  '857dfdf7-03af-42b3-b821-cf399cced54c', -- Generated UUID for the question
  'What chart type best communicates the ''Correlation'' relationship?',
  'b56bfd45-8353-4e05-8ceb-0218860375b5', -- Quiz ID
  'b56bfd45-8353-4e05-8ceb-0218860375b5', -- Quiz ID (duplicate)
  'single-answer',
  '',
  1,
  NOW(),
  NOW()
) ON CONFLICT (id) DO NOTHING; -- Skip if the question already exists

-- Insert option 1 for question 2
INSERT INTO payload.quiz_questions_options (
  id,
  _order,
  _parent_id,
  text,
  is_correct,
  created_at,
  updated_at
) VALUES (
  gen_random_uuid(),
  0,
  '857dfdf7-03af-42b3-b821-cf399cced54c',
  'Line Charts',
  false,
  NOW(),
  NOW()
) ON CONFLICT DO NOTHING; -- Skip if the option already exists

-- Insert option 2 for question 2
INSERT INTO payload.quiz_questions_options (
  id,
  _order,
  _parent_id,
  text,
  is_correct,
  created_at,
  updated_at
) VALUES (
  gen_random_uuid(),
  1,
  '857dfdf7-03af-42b3-b821-cf399cced54c',
  'Scatter Plots',
  true,
  NOW(),
  NOW()
) ON CONFLICT DO NOTHING; -- Skip if the option already exists

-- Insert option 3 for question 2
INSERT INTO payload.quiz_questions_options (
  id,
  _order,
  _parent_id,
  text,
  is_correct,
  created_at,
  updated_at
) VALUES (
  gen_random_uuid(),
  2,
  '857dfdf7-03af-42b3-b821-cf399cced54c',
  'Maps',
  false,
  NOW(),
  NOW()
) ON CONFLICT DO NOTHING; -- Skip if the option already exists

-- Insert option 4 for question 2
INSERT INTO payload.quiz_questions_options (
  id,
  _order,
  _parent_id,
  text,
  is_correct,
  created_at,
  updated_at
) VALUES (
  gen_random_uuid(),
  3,
  '857dfdf7-03af-42b3-b821-cf399cced54c',
  'Box Plot',
  false,
  NOW(),
  NOW()
) ON CONFLICT DO NOTHING; -- Skip if the option already exists

-- Insert option 5 for question 2
INSERT INTO payload.quiz_questions_options (
  id,
  _order,
  _parent_id,
  text,
  is_correct,
  created_at,
  updated_at
) VALUES (
  gen_random_uuid(),
  4,
  '857dfdf7-03af-42b3-b821-cf399cced54c',
  'Bar Charts',
  false,
  NOW(),
  NOW()
) ON CONFLICT DO NOTHING; -- Skip if the option already exists

-- Create relationship entry for the question to the quiz
INSERT INTO payload.quiz_questions_rels (
  id,
  _parent_id,
  field,
  value,
  created_at,
  updated_at
) VALUES (
  gen_random_uuid(),
  '857dfdf7-03af-42b3-b821-cf399cced54c',
  'quiz_id',
  'b56bfd45-8353-4e05-8ceb-0218860375b5',
  NOW(),
  NOW()
) ON CONFLICT DO NOTHING; -- Skip if the relationship already exists

-- Create bidirectional relationship entry for the quiz to the question
INSERT INTO payload.course_quizzes_rels (
  id,
  _parent_id,
  field,
  value,
  created_at,
  updated_at
) VALUES (
  gen_random_uuid(),
  'b56bfd45-8353-4e05-8ceb-0218860375b5',
  'questions',
  '857dfdf7-03af-42b3-b821-cf399cced54c',
  NOW(),
  NOW()
) ON CONFLICT DO NOTHING; -- Skip if the relationship already exists

-- Insert question 3 for quiz: Standard Graphs Quiz
INSERT INTO payload.quiz_questions (
  id,
  question,
  quiz_id,
  quiz_id_id, -- Duplicate field for compatibility
  type,
  explanation,
  "order",
  created_at,
  updated_at
) VALUES (
  'd65142d8-3a66-422e-890c-4d9d67227428', -- Generated UUID for the question
  'What chart type best communicates the ''Time Series'' relationship?',
  'b56bfd45-8353-4e05-8ceb-0218860375b5', -- Quiz ID
  'b56bfd45-8353-4e05-8ceb-0218860375b5', -- Quiz ID (duplicate)
  'single-answer',
  '',
  2,
  NOW(),
  NOW()
) ON CONFLICT (id) DO NOTHING; -- Skip if the question already exists

-- Insert option 1 for question 3
INSERT INTO payload.quiz_questions_options (
  id,
  _order,
  _parent_id,
  text,
  is_correct,
  created_at,
  updated_at
) VALUES (
  gen_random_uuid(),
  0,
  'd65142d8-3a66-422e-890c-4d9d67227428',
  'Line Charts',
  true,
  NOW(),
  NOW()
) ON CONFLICT DO NOTHING; -- Skip if the option already exists

-- Insert option 2 for question 3
INSERT INTO payload.quiz_questions_options (
  id,
  _order,
  _parent_id,
  text,
  is_correct,
  created_at,
  updated_at
) VALUES (
  gen_random_uuid(),
  1,
  'd65142d8-3a66-422e-890c-4d9d67227428',
  'Scatter Plots',
  false,
  NOW(),
  NOW()
) ON CONFLICT DO NOTHING; -- Skip if the option already exists

-- Insert option 3 for question 3
INSERT INTO payload.quiz_questions_options (
  id,
  _order,
  _parent_id,
  text,
  is_correct,
  created_at,
  updated_at
) VALUES (
  gen_random_uuid(),
  2,
  'd65142d8-3a66-422e-890c-4d9d67227428',
  'Maps',
  false,
  NOW(),
  NOW()
) ON CONFLICT DO NOTHING; -- Skip if the option already exists

-- Insert option 4 for question 3
INSERT INTO payload.quiz_questions_options (
  id,
  _order,
  _parent_id,
  text,
  is_correct,
  created_at,
  updated_at
) VALUES (
  gen_random_uuid(),
  3,
  'd65142d8-3a66-422e-890c-4d9d67227428',
  'Box Plot',
  false,
  NOW(),
  NOW()
) ON CONFLICT DO NOTHING; -- Skip if the option already exists

-- Insert option 5 for question 3
INSERT INTO payload.quiz_questions_options (
  id,
  _order,
  _parent_id,
  text,
  is_correct,
  created_at,
  updated_at
) VALUES (
  gen_random_uuid(),
  4,
  'd65142d8-3a66-422e-890c-4d9d67227428',
  'Bar Charts',
  false,
  NOW(),
  NOW()
) ON CONFLICT DO NOTHING; -- Skip if the option already exists

-- Create relationship entry for the question to the quiz
INSERT INTO payload.quiz_questions_rels (
  id,
  _parent_id,
  field,
  value,
  created_at,
  updated_at
) VALUES (
  gen_random_uuid(),
  'd65142d8-3a66-422e-890c-4d9d67227428',
  'quiz_id',
  'b56bfd45-8353-4e05-8ceb-0218860375b5',
  NOW(),
  NOW()
) ON CONFLICT DO NOTHING; -- Skip if the relationship already exists

-- Create bidirectional relationship entry for the quiz to the question
INSERT INTO payload.course_quizzes_rels (
  id,
  _parent_id,
  field,
  value,
  created_at,
  updated_at
) VALUES (
  gen_random_uuid(),
  'b56bfd45-8353-4e05-8ceb-0218860375b5',
  'questions',
  'd65142d8-3a66-422e-890c-4d9d67227428',
  NOW(),
  NOW()
) ON CONFLICT DO NOTHING; -- Skip if the relationship already exists

-- Insert question 4 for quiz: Standard Graphs Quiz
INSERT INTO payload.quiz_questions (
  id,
  question,
  quiz_id,
  quiz_id_id, -- Duplicate field for compatibility
  type,
  explanation,
  "order",
  created_at,
  updated_at
) VALUES (
  '2d4012d5-599a-4c7b-83b1-1a193aafff98', -- Generated UUID for the question
  'What chart types best communicates the ''Deviation'' relationship?',
  'b56bfd45-8353-4e05-8ceb-0218860375b5', -- Quiz ID
  'b56bfd45-8353-4e05-8ceb-0218860375b5', -- Quiz ID (duplicate)
  'multi-answer',
  '',
  3,
  NOW(),
  NOW()
) ON CONFLICT (id) DO NOTHING; -- Skip if the question already exists

-- Insert option 1 for question 4
INSERT INTO payload.quiz_questions_options (
  id,
  _order,
  _parent_id,
  text,
  is_correct,
  created_at,
  updated_at
) VALUES (
  gen_random_uuid(),
  0,
  '2d4012d5-599a-4c7b-83b1-1a193aafff98',
  'Line Charts',
  true,
  NOW(),
  NOW()
) ON CONFLICT DO NOTHING; -- Skip if the option already exists

-- Insert option 2 for question 4
INSERT INTO payload.quiz_questions_options (
  id,
  _order,
  _parent_id,
  text,
  is_correct,
  created_at,
  updated_at
) VALUES (
  gen_random_uuid(),
  1,
  '2d4012d5-599a-4c7b-83b1-1a193aafff98',
  'Scatter Plots',
  false,
  NOW(),
  NOW()
) ON CONFLICT DO NOTHING; -- Skip if the option already exists

-- Insert option 3 for question 4
INSERT INTO payload.quiz_questions_options (
  id,
  _order,
  _parent_id,
  text,
  is_correct,
  created_at,
  updated_at
) VALUES (
  gen_random_uuid(),
  2,
  '2d4012d5-599a-4c7b-83b1-1a193aafff98',
  'Maps',
  false,
  NOW(),
  NOW()
) ON CONFLICT DO NOTHING; -- Skip if the option already exists

-- Insert option 4 for question 4
INSERT INTO payload.quiz_questions_options (
  id,
  _order,
  _parent_id,
  text,
  is_correct,
  created_at,
  updated_at
) VALUES (
  gen_random_uuid(),
  3,
  '2d4012d5-599a-4c7b-83b1-1a193aafff98',
  'Box Plot',
  false,
  NOW(),
  NOW()
) ON CONFLICT DO NOTHING; -- Skip if the option already exists

-- Insert option 5 for question 4
INSERT INTO payload.quiz_questions_options (
  id,
  _order,
  _parent_id,
  text,
  is_correct,
  created_at,
  updated_at
) VALUES (
  gen_random_uuid(),
  4,
  '2d4012d5-599a-4c7b-83b1-1a193aafff98',
  'Bar Charts',
  true,
  NOW(),
  NOW()
) ON CONFLICT DO NOTHING; -- Skip if the option already exists

-- Create relationship entry for the question to the quiz
INSERT INTO payload.quiz_questions_rels (
  id,
  _parent_id,
  field,
  value,
  created_at,
  updated_at
) VALUES (
  gen_random_uuid(),
  '2d4012d5-599a-4c7b-83b1-1a193aafff98',
  'quiz_id',
  'b56bfd45-8353-4e05-8ceb-0218860375b5',
  NOW(),
  NOW()
) ON CONFLICT DO NOTHING; -- Skip if the relationship already exists

-- Create bidirectional relationship entry for the quiz to the question
INSERT INTO payload.course_quizzes_rels (
  id,
  _parent_id,
  field,
  value,
  created_at,
  updated_at
) VALUES (
  gen_random_uuid(),
  'b56bfd45-8353-4e05-8ceb-0218860375b5',
  'questions',
  '2d4012d5-599a-4c7b-83b1-1a193aafff98',
  NOW(),
  NOW()
) ON CONFLICT DO NOTHING; -- Skip if the relationship already exists

-- Insert question 5 for quiz: Standard Graphs Quiz
INSERT INTO payload.quiz_questions (
  id,
  question,
  quiz_id,
  quiz_id_id, -- Duplicate field for compatibility
  type,
  explanation,
  "order",
  created_at,
  updated_at
) VALUES (
  '8fc2b1b8-7a0b-4bce-9d63-9acab14f4e4f', -- Generated UUID for the question
  'What chart type best communicates the ''Distribution'' relationship?',
  'b56bfd45-8353-4e05-8ceb-0218860375b5', -- Quiz ID
  'b56bfd45-8353-4e05-8ceb-0218860375b5', -- Quiz ID (duplicate)
  'single-answer',
  '',
  4,
  NOW(),
  NOW()
) ON CONFLICT (id) DO NOTHING; -- Skip if the question already exists

-- Insert option 1 for question 5
INSERT INTO payload.quiz_questions_options (
  id,
  _order,
  _parent_id,
  text,
  is_correct,
  created_at,
  updated_at
) VALUES (
  gen_random_uuid(),
  0,
  '8fc2b1b8-7a0b-4bce-9d63-9acab14f4e4f',
  'Line Charts',
  false,
  NOW(),
  NOW()
) ON CONFLICT DO NOTHING; -- Skip if the option already exists

-- Insert option 2 for question 5
INSERT INTO payload.quiz_questions_options (
  id,
  _order,
  _parent_id,
  text,
  is_correct,
  created_at,
  updated_at
) VALUES (
  gen_random_uuid(),
  1,
  '8fc2b1b8-7a0b-4bce-9d63-9acab14f4e4f',
  'Scatter Plots',
  false,
  NOW(),
  NOW()
) ON CONFLICT DO NOTHING; -- Skip if the option already exists

-- Insert option 3 for question 5
INSERT INTO payload.quiz_questions_options (
  id,
  _order,
  _parent_id,
  text,
  is_correct,
  created_at,
  updated_at
) VALUES (
  gen_random_uuid(),
  2,
  '8fc2b1b8-7a0b-4bce-9d63-9acab14f4e4f',
  'Maps',
  false,
  NOW(),
  NOW()
) ON CONFLICT DO NOTHING; -- Skip if the option already exists

-- Insert option 4 for question 5
INSERT INTO payload.quiz_questions_options (
  id,
  _order,
  _parent_id,
  text,
  is_correct,
  created_at,
  updated_at
) VALUES (
  gen_random_uuid(),
  3,
  '8fc2b1b8-7a0b-4bce-9d63-9acab14f4e4f',
  'Box Plot',
  true,
  NOW(),
  NOW()
) ON CONFLICT DO NOTHING; -- Skip if the option already exists

-- Insert option 5 for question 5
INSERT INTO payload.quiz_questions_options (
  id,
  _order,
  _parent_id,
  text,
  is_correct,
  created_at,
  updated_at
) VALUES (
  gen_random_uuid(),
  4,
  '8fc2b1b8-7a0b-4bce-9d63-9acab14f4e4f',
  'Bar Charts',
  false,
  NOW(),
  NOW()
) ON CONFLICT DO NOTHING; -- Skip if the option already exists

-- Create relationship entry for the question to the quiz
INSERT INTO payload.quiz_questions_rels (
  id,
  _parent_id,
  field,
  value,
  created_at,
  updated_at
) VALUES (
  gen_random_uuid(),
  '8fc2b1b8-7a0b-4bce-9d63-9acab14f4e4f',
  'quiz_id',
  'b56bfd45-8353-4e05-8ceb-0218860375b5',
  NOW(),
  NOW()
) ON CONFLICT DO NOTHING; -- Skip if the relationship already exists

-- Create bidirectional relationship entry for the quiz to the question
INSERT INTO payload.course_quizzes_rels (
  id,
  _parent_id,
  field,
  value,
  created_at,
  updated_at
) VALUES (
  gen_random_uuid(),
  'b56bfd45-8353-4e05-8ceb-0218860375b5',
  'questions',
  '8fc2b1b8-7a0b-4bce-9d63-9acab14f4e4f',
  NOW(),
  NOW()
) ON CONFLICT DO NOTHING; -- Skip if the relationship already exists

-- Insert question 6 for quiz: Standard Graphs Quiz
INSERT INTO payload.quiz_questions (
  id,
  question,
  quiz_id,
  quiz_id_id, -- Duplicate field for compatibility
  type,
  explanation,
  "order",
  created_at,
  updated_at
) VALUES (
  '66f64971-a112-4127-976d-cda47ac11f53', -- Generated UUID for the question
  'What chart type best communicates the ''Nominal Comparison'' relationship',
  'b56bfd45-8353-4e05-8ceb-0218860375b5', -- Quiz ID
  'b56bfd45-8353-4e05-8ceb-0218860375b5', -- Quiz ID (duplicate)
  'single-answer',
  '',
  5,
  NOW(),
  NOW()
) ON CONFLICT (id) DO NOTHING; -- Skip if the question already exists

-- Insert option 1 for question 6
INSERT INTO payload.quiz_questions_options (
  id,
  _order,
  _parent_id,
  text,
  is_correct,
  created_at,
  updated_at
) VALUES (
  gen_random_uuid(),
  0,
  '66f64971-a112-4127-976d-cda47ac11f53',
  'Line Chart',
  false,
  NOW(),
  NOW()
) ON CONFLICT DO NOTHING; -- Skip if the option already exists

-- Insert option 2 for question 6
INSERT INTO payload.quiz_questions_options (
  id,
  _order,
  _parent_id,
  text,
  is_correct,
  created_at,
  updated_at
) VALUES (
  gen_random_uuid(),
  1,
  '66f64971-a112-4127-976d-cda47ac11f53',
  'Scatter Plot',
  false,
  NOW(),
  NOW()
) ON CONFLICT DO NOTHING; -- Skip if the option already exists

-- Insert option 3 for question 6
INSERT INTO payload.quiz_questions_options (
  id,
  _order,
  _parent_id,
  text,
  is_correct,
  created_at,
  updated_at
) VALUES (
  gen_random_uuid(),
  2,
  '66f64971-a112-4127-976d-cda47ac11f53',
  'Map',
  false,
  NOW(),
  NOW()
) ON CONFLICT DO NOTHING; -- Skip if the option already exists

-- Insert option 4 for question 6
INSERT INTO payload.quiz_questions_options (
  id,
  _order,
  _parent_id,
  text,
  is_correct,
  created_at,
  updated_at
) VALUES (
  gen_random_uuid(),
  3,
  '66f64971-a112-4127-976d-cda47ac11f53',
  'Box Plot',
  false,
  NOW(),
  NOW()
) ON CONFLICT DO NOTHING; -- Skip if the option already exists

-- Insert option 5 for question 6
INSERT INTO payload.quiz_questions_options (
  id,
  _order,
  _parent_id,
  text,
  is_correct,
  created_at,
  updated_at
) VALUES (
  gen_random_uuid(),
  4,
  '66f64971-a112-4127-976d-cda47ac11f53',
  'Bar Chart',
  true,
  NOW(),
  NOW()
) ON CONFLICT DO NOTHING; -- Skip if the option already exists

-- Create relationship entry for the question to the quiz
INSERT INTO payload.quiz_questions_rels (
  id,
  _parent_id,
  field,
  value,
  created_at,
  updated_at
) VALUES (
  gen_random_uuid(),
  '66f64971-a112-4127-976d-cda47ac11f53',
  'quiz_id',
  'b56bfd45-8353-4e05-8ceb-0218860375b5',
  NOW(),
  NOW()
) ON CONFLICT DO NOTHING; -- Skip if the relationship already exists

-- Create bidirectional relationship entry for the quiz to the question
INSERT INTO payload.course_quizzes_rels (
  id,
  _parent_id,
  field,
  value,
  created_at,
  updated_at
) VALUES (
  gen_random_uuid(),
  'b56bfd45-8353-4e05-8ceb-0218860375b5',
  'questions',
  '66f64971-a112-4127-976d-cda47ac11f53',
  NOW(),
  NOW()
) ON CONFLICT DO NOTHING; -- Skip if the relationship already exists

-- Insert question 7 for quiz: Standard Graphs Quiz
INSERT INTO payload.quiz_questions (
  id,
  question,
  quiz_id,
  quiz_id_id, -- Duplicate field for compatibility
  type,
  explanation,
  "order",
  created_at,
  updated_at
) VALUES (
  'd712ab58-6361-43e2-b250-78d822ea3462', -- Generated UUID for the question
  'What chart type best communicates the ''Geospatial'' relationship?',
  'b56bfd45-8353-4e05-8ceb-0218860375b5', -- Quiz ID
  'b56bfd45-8353-4e05-8ceb-0218860375b5', -- Quiz ID (duplicate)
  'single-answer',
  '',
  6,
  NOW(),
  NOW()
) ON CONFLICT (id) DO NOTHING; -- Skip if the question already exists

-- Insert option 1 for question 7
INSERT INTO payload.quiz_questions_options (
  id,
  _order,
  _parent_id,
  text,
  is_correct,
  created_at,
  updated_at
) VALUES (
  gen_random_uuid(),
  0,
  'd712ab58-6361-43e2-b250-78d822ea3462',
  'Line Chart',
  false,
  NOW(),
  NOW()
) ON CONFLICT DO NOTHING; -- Skip if the option already exists

-- Insert option 2 for question 7
INSERT INTO payload.quiz_questions_options (
  id,
  _order,
  _parent_id,
  text,
  is_correct,
  created_at,
  updated_at
) VALUES (
  gen_random_uuid(),
  1,
  'd712ab58-6361-43e2-b250-78d822ea3462',
  'Scatter Plot',
  false,
  NOW(),
  NOW()
) ON CONFLICT DO NOTHING; -- Skip if the option already exists

-- Insert option 3 for question 7
INSERT INTO payload.quiz_questions_options (
  id,
  _order,
  _parent_id,
  text,
  is_correct,
  created_at,
  updated_at
) VALUES (
  gen_random_uuid(),
  2,
  'd712ab58-6361-43e2-b250-78d822ea3462',
  'Map',
  true,
  NOW(),
  NOW()
) ON CONFLICT DO NOTHING; -- Skip if the option already exists

-- Insert option 4 for question 7
INSERT INTO payload.quiz_questions_options (
  id,
  _order,
  _parent_id,
  text,
  is_correct,
  created_at,
  updated_at
) VALUES (
  gen_random_uuid(),
  3,
  'd712ab58-6361-43e2-b250-78d822ea3462',
  'Box Plot',
  false,
  NOW(),
  NOW()
) ON CONFLICT DO NOTHING; -- Skip if the option already exists

-- Insert option 5 for question 7
INSERT INTO payload.quiz_questions_options (
  id,
  _order,
  _parent_id,
  text,
  is_correct,
  created_at,
  updated_at
) VALUES (
  gen_random_uuid(),
  4,
  'd712ab58-6361-43e2-b250-78d822ea3462',
  'Bar Chart',
  false,
  NOW(),
  NOW()
) ON CONFLICT DO NOTHING; -- Skip if the option already exists

-- Create relationship entry for the question to the quiz
INSERT INTO payload.quiz_questions_rels (
  id,
  _parent_id,
  field,
  value,
  created_at,
  updated_at
) VALUES (
  gen_random_uuid(),
  'd712ab58-6361-43e2-b250-78d822ea3462',
  'quiz_id',
  'b56bfd45-8353-4e05-8ceb-0218860375b5',
  NOW(),
  NOW()
) ON CONFLICT DO NOTHING; -- Skip if the relationship already exists

-- Create bidirectional relationship entry for the quiz to the question
INSERT INTO payload.course_quizzes_rels (
  id,
  _parent_id,
  field,
  value,
  created_at,
  updated_at
) VALUES (
  gen_random_uuid(),
  'b56bfd45-8353-4e05-8ceb-0218860375b5',
  'questions',
  'd712ab58-6361-43e2-b250-78d822ea3462',
  NOW(),
  NOW()
) ON CONFLICT DO NOTHING; -- Skip if the relationship already exists

-- Insert question 8 for quiz: Standard Graphs Quiz
INSERT INTO payload.quiz_questions (
  id,
  question,
  quiz_id,
  quiz_id_id, -- Duplicate field for compatibility
  type,
  explanation,
  "order",
  created_at,
  updated_at
) VALUES (
  'fed8a393-f170-4ff1-8a99-6b8fe0dfb933', -- Generated UUID for the question
  'When should we use Pie Charts?',
  'b56bfd45-8353-4e05-8ceb-0218860375b5', -- Quiz ID
  'b56bfd45-8353-4e05-8ceb-0218860375b5', -- Quiz ID (duplicate)
  'single-answer',
  '',
  7,
  NOW(),
  NOW()
) ON CONFLICT (id) DO NOTHING; -- Skip if the question already exists

-- Insert option 1 for question 8
INSERT INTO payload.quiz_questions_options (
  id,
  _order,
  _parent_id,
  text,
  is_correct,
  created_at,
  updated_at
) VALUES (
  gen_random_uuid(),
  0,
  'fed8a393-f170-4ff1-8a99-6b8fe0dfb933',
  'For part-to-whole relationships.',
  false,
  NOW(),
  NOW()
) ON CONFLICT DO NOTHING; -- Skip if the option already exists

-- Insert option 2 for question 8
INSERT INTO payload.quiz_questions_options (
  id,
  _order,
  _parent_id,
  text,
  is_correct,
  created_at,
  updated_at
) VALUES (
  gen_random_uuid(),
  1,
  'fed8a393-f170-4ff1-8a99-6b8fe0dfb933',
  'For time series relationships',
  false,
  NOW(),
  NOW()
) ON CONFLICT DO NOTHING; -- Skip if the option already exists

-- Insert option 3 for question 8
INSERT INTO payload.quiz_questions_options (
  id,
  _order,
  _parent_id,
  text,
  is_correct,
  created_at,
  updated_at
) VALUES (
  gen_random_uuid(),
  2,
  'fed8a393-f170-4ff1-8a99-6b8fe0dfb933',
  'For nominal comparison relationships',
  false,
  NOW(),
  NOW()
) ON CONFLICT DO NOTHING; -- Skip if the option already exists

-- Insert option 4 for question 8
INSERT INTO payload.quiz_questions_options (
  id,
  _order,
  _parent_id,
  text,
  is_correct,
  created_at,
  updated_at
) VALUES (
  gen_random_uuid(),
  3,
  'fed8a393-f170-4ff1-8a99-6b8fe0dfb933',
  'Never.',
  true,
  NOW(),
  NOW()
) ON CONFLICT DO NOTHING; -- Skip if the option already exists

-- Create relationship entry for the question to the quiz
INSERT INTO payload.quiz_questions_rels (
  id,
  _parent_id,
  field,
  value,
  created_at,
  updated_at
) VALUES (
  gen_random_uuid(),
  'fed8a393-f170-4ff1-8a99-6b8fe0dfb933',
  'quiz_id',
  'b56bfd45-8353-4e05-8ceb-0218860375b5',
  NOW(),
  NOW()
) ON CONFLICT DO NOTHING; -- Skip if the relationship already exists

-- Create bidirectional relationship entry for the quiz to the question
INSERT INTO payload.course_quizzes_rels (
  id,
  _parent_id,
  field,
  value,
  created_at,
  updated_at
) VALUES (
  gen_random_uuid(),
  'b56bfd45-8353-4e05-8ceb-0218860375b5',
  'questions',
  'fed8a393-f170-4ff1-8a99-6b8fe0dfb933',
  NOW(),
  NOW()
) ON CONFLICT DO NOTHING; -- Skip if the relationship already exists

-- Questions for quiz: The Fundamental Elements of Design in Detail Quiz (elements-of-design-detail-quiz, ID: 8172c003-d0ad-450b-8f97-9087bb2e6173)
-- Insert question 1 for quiz: The Fundamental Elements of Design in Detail Quiz
INSERT INTO payload.quiz_questions (
  id,
  question,
  quiz_id,
  quiz_id_id, -- Duplicate field for compatibility
  type,
  explanation,
  "order",
  created_at,
  updated_at
) VALUES (
  'e58f1203-81cb-49db-abeb-9d015c7450e8', -- Generated UUID for the question
  'Why do we use contrast?',
  '8172c003-d0ad-450b-8f97-9087bb2e6173', -- Quiz ID
  '8172c003-d0ad-450b-8f97-9087bb2e6173', -- Quiz ID (duplicate)
  'single-answer',
  '',
  0,
  NOW(),
  NOW()
) ON CONFLICT (id) DO NOTHING; -- Skip if the question already exists

-- Insert option 1 for question 1
INSERT INTO payload.quiz_questions_options (
  id,
  _order,
  _parent_id,
  text,
  is_correct,
  created_at,
  updated_at
) VALUES (
  gen_random_uuid(),
  0,
  'e58f1203-81cb-49db-abeb-9d015c7450e8',
  'To make our computer monitor easier to read',
  false,
  NOW(),
  NOW()
) ON CONFLICT DO NOTHING; -- Skip if the option already exists

-- Insert option 2 for question 1
INSERT INTO payload.quiz_questions_options (
  id,
  _order,
  _parent_id,
  text,
  is_correct,
  created_at,
  updated_at
) VALUES (
  gen_random_uuid(),
  1,
  'e58f1203-81cb-49db-abeb-9d015c7450e8',
  'To fill up space',
  false,
  NOW(),
  NOW()
) ON CONFLICT DO NOTHING; -- Skip if the option already exists

-- Insert option 3 for question 1
INSERT INTO payload.quiz_questions_options (
  id,
  _order,
  _parent_id,
  text,
  is_correct,
  created_at,
  updated_at
) VALUES (
  gen_random_uuid(),
  2,
  'e58f1203-81cb-49db-abeb-9d015c7450e8',
  'Our eyes like it. It looks good',
  true,
  NOW(),
  NOW()
) ON CONFLICT DO NOTHING; -- Skip if the option already exists

-- Create relationship entry for the question to the quiz
INSERT INTO payload.quiz_questions_rels (
  id,
  _parent_id,
  field,
  value,
  created_at,
  updated_at
) VALUES (
  gen_random_uuid(),
  'e58f1203-81cb-49db-abeb-9d015c7450e8',
  'quiz_id',
  '8172c003-d0ad-450b-8f97-9087bb2e6173',
  NOW(),
  NOW()
) ON CONFLICT DO NOTHING; -- Skip if the relationship already exists

-- Create bidirectional relationship entry for the quiz to the question
INSERT INTO payload.course_quizzes_rels (
  id,
  _parent_id,
  field,
  value,
  created_at,
  updated_at
) VALUES (
  gen_random_uuid(),
  '8172c003-d0ad-450b-8f97-9087bb2e6173',
  'questions',
  'e58f1203-81cb-49db-abeb-9d015c7450e8',
  NOW(),
  NOW()
) ON CONFLICT DO NOTHING; -- Skip if the relationship already exists

-- Insert question 2 for quiz: The Fundamental Elements of Design in Detail Quiz
INSERT INTO payload.quiz_questions (
  id,
  question,
  quiz_id,
  quiz_id_id, -- Duplicate field for compatibility
  type,
  explanation,
  "order",
  created_at,
  updated_at
) VALUES (
  'a49904fe-a6e0-4c2c-adcd-fcbbebb613df', -- Generated UUID for the question
  'How important is alignment?',
  '8172c003-d0ad-450b-8f97-9087bb2e6173', -- Quiz ID
  '8172c003-d0ad-450b-8f97-9087bb2e6173', -- Quiz ID (duplicate)
  'single-answer',
  '',
  1,
  NOW(),
  NOW()
) ON CONFLICT (id) DO NOTHING; -- Skip if the question already exists

-- Insert option 1 for question 2
INSERT INTO payload.quiz_questions_options (
  id,
  _order,
  _parent_id,
  text,
  is_correct,
  created_at,
  updated_at
) VALUES (
  gen_random_uuid(),
  0,
  'a49904fe-a6e0-4c2c-adcd-fcbbebb613df',
  'Critically important (make sure you have learned how to use PowerPoint''s alignment tools)',
  true,
  NOW(),
  NOW()
) ON CONFLICT DO NOTHING; -- Skip if the option already exists

-- Create relationship entry for the question to the quiz
INSERT INTO payload.quiz_questions_rels (
  id,
  _parent_id,
  field,
  value,
  created_at,
  updated_at
) VALUES (
  gen_random_uuid(),
  'a49904fe-a6e0-4c2c-adcd-fcbbebb613df',
  'quiz_id',
  '8172c003-d0ad-450b-8f97-9087bb2e6173',
  NOW(),
  NOW()
) ON CONFLICT DO NOTHING; -- Skip if the relationship already exists

-- Create bidirectional relationship entry for the quiz to the question
INSERT INTO payload.course_quizzes_rels (
  id,
  _parent_id,
  field,
  value,
  created_at,
  updated_at
) VALUES (
  gen_random_uuid(),
  '8172c003-d0ad-450b-8f97-9087bb2e6173',
  'questions',
  'a49904fe-a6e0-4c2c-adcd-fcbbebb613df',
  NOW(),
  NOW()
) ON CONFLICT DO NOTHING; -- Skip if the relationship already exists

-- Insert question 3 for quiz: The Fundamental Elements of Design in Detail Quiz
INSERT INTO payload.quiz_questions (
  id,
  question,
  quiz_id,
  quiz_id_id, -- Duplicate field for compatibility
  type,
  explanation,
  "order",
  created_at,
  updated_at
) VALUES (
  'efe952a2-8075-490e-89cc-7f8f4f216d69', -- Generated UUID for the question
  'How is the principle of proximity helpful?',
  '8172c003-d0ad-450b-8f97-9087bb2e6173', -- Quiz ID
  '8172c003-d0ad-450b-8f97-9087bb2e6173', -- Quiz ID (duplicate)
  'single-answer',
  '',
  2,
  NOW(),
  NOW()
) ON CONFLICT (id) DO NOTHING; -- Skip if the question already exists

-- Insert option 1 for question 3
INSERT INTO payload.quiz_questions_options (
  id,
  _order,
  _parent_id,
  text,
  is_correct,
  created_at,
  updated_at
) VALUES (
  gen_random_uuid(),
  0,
  'efe952a2-8075-490e-89cc-7f8f4f216d69',
  'Helps us understand how groups are created (intentionally or unintentionally)',
  true,
  NOW(),
  NOW()
) ON CONFLICT DO NOTHING; -- Skip if the option already exists

-- Insert option 2 for question 3
INSERT INTO payload.quiz_questions_options (
  id,
  _order,
  _parent_id,
  text,
  is_correct,
  created_at,
  updated_at
) VALUES (
  gen_random_uuid(),
  1,
  'efe952a2-8075-490e-89cc-7f8f4f216d69',
  'Allows us to squeeze more onto the page',
  false,
  NOW(),
  NOW()
) ON CONFLICT DO NOTHING; -- Skip if the option already exists

-- Insert option 3 for question 3
INSERT INTO payload.quiz_questions_options (
  id,
  _order,
  _parent_id,
  text,
  is_correct,
  created_at,
  updated_at
) VALUES (
  gen_random_uuid(),
  2,
  'efe952a2-8075-490e-89cc-7f8f4f216d69',
  'Helps us get to know people',
  false,
  NOW(),
  NOW()
) ON CONFLICT DO NOTHING; -- Skip if the option already exists

-- Create relationship entry for the question to the quiz
INSERT INTO payload.quiz_questions_rels (
  id,
  _parent_id,
  field,
  value,
  created_at,
  updated_at
) VALUES (
  gen_random_uuid(),
  'efe952a2-8075-490e-89cc-7f8f4f216d69',
  'quiz_id',
  '8172c003-d0ad-450b-8f97-9087bb2e6173',
  NOW(),
  NOW()
) ON CONFLICT DO NOTHING; -- Skip if the relationship already exists

-- Create bidirectional relationship entry for the quiz to the question
INSERT INTO payload.course_quizzes_rels (
  id,
  _parent_id,
  field,
  value,
  created_at,
  updated_at
) VALUES (
  gen_random_uuid(),
  '8172c003-d0ad-450b-8f97-9087bb2e6173',
  'questions',
  'efe952a2-8075-490e-89cc-7f8f4f216d69',
  NOW(),
  NOW()
) ON CONFLICT DO NOTHING; -- Skip if the relationship already exists

-- Insert question 4 for quiz: The Fundamental Elements of Design in Detail Quiz
INSERT INTO payload.quiz_questions (
  id,
  question,
  quiz_id,
  quiz_id_id, -- Duplicate field for compatibility
  type,
  explanation,
  "order",
  created_at,
  updated_at
) VALUES (
  '9ac124b3-6fde-4168-8202-229d99ab6d58', -- Generated UUID for the question
  'How many different font types should you use in a single presentation?',
  '8172c003-d0ad-450b-8f97-9087bb2e6173', -- Quiz ID
  '8172c003-d0ad-450b-8f97-9087bb2e6173', -- Quiz ID (duplicate)
  'single-answer',
  '',
  3,
  NOW(),
  NOW()
) ON CONFLICT (id) DO NOTHING; -- Skip if the question already exists

-- Insert option 1 for question 4
INSERT INTO payload.quiz_questions_options (
  id,
  _order,
  _parent_id,
  text,
  is_correct,
  created_at,
  updated_at
) VALUES (
  gen_random_uuid(),
  0,
  '9ac124b3-6fde-4168-8202-229d99ab6d58',
  'As many as you can',
  false,
  NOW(),
  NOW()
) ON CONFLICT DO NOTHING; -- Skip if the option already exists

-- Insert option 2 for question 4
INSERT INTO payload.quiz_questions_options (
  id,
  _order,
  _parent_id,
  text,
  is_correct,
  created_at,
  updated_at
) VALUES (
  gen_random_uuid(),
  1,
  '9ac124b3-6fde-4168-8202-229d99ab6d58',
  '4',
  false,
  NOW(),
  NOW()
) ON CONFLICT DO NOTHING; -- Skip if the option already exists

-- Insert option 3 for question 4
INSERT INTO payload.quiz_questions_options (
  id,
  _order,
  _parent_id,
  text,
  is_correct,
  created_at,
  updated_at
) VALUES (
  gen_random_uuid(),
  2,
  '9ac124b3-6fde-4168-8202-229d99ab6d58',
  '1',
  false,
  NOW(),
  NOW()
) ON CONFLICT DO NOTHING; -- Skip if the option already exists

-- Insert option 4 for question 4
INSERT INTO payload.quiz_questions_options (
  id,
  _order,
  _parent_id,
  text,
  is_correct,
  created_at,
  updated_at
) VALUES (
  gen_random_uuid(),
  3,
  '9ac124b3-6fde-4168-8202-229d99ab6d58',
  '2',
  true,
  NOW(),
  NOW()
) ON CONFLICT DO NOTHING; -- Skip if the option already exists

-- Insert option 5 for question 4
INSERT INTO payload.quiz_questions_options (
  id,
  _order,
  _parent_id,
  text,
  is_correct,
  created_at,
  updated_at
) VALUES (
  gen_random_uuid(),
  4,
  '9ac124b3-6fde-4168-8202-229d99ab6d58',
  '3',
  false,
  NOW(),
  NOW()
) ON CONFLICT DO NOTHING; -- Skip if the option already exists

-- Create relationship entry for the question to the quiz
INSERT INTO payload.quiz_questions_rels (
  id,
  _parent_id,
  field,
  value,
  created_at,
  updated_at
) VALUES (
  gen_random_uuid(),
  '9ac124b3-6fde-4168-8202-229d99ab6d58',
  'quiz_id',
  '8172c003-d0ad-450b-8f97-9087bb2e6173',
  NOW(),
  NOW()
) ON CONFLICT DO NOTHING; -- Skip if the relationship already exists

-- Create bidirectional relationship entry for the quiz to the question
INSERT INTO payload.course_quizzes_rels (
  id,
  _parent_id,
  field,
  value,
  created_at,
  updated_at
) VALUES (
  gen_random_uuid(),
  '8172c003-d0ad-450b-8f97-9087bb2e6173',
  'questions',
  '9ac124b3-6fde-4168-8202-229d99ab6d58',
  NOW(),
  NOW()
) ON CONFLICT DO NOTHING; -- Skip if the relationship already exists

-- Insert question 5 for quiz: The Fundamental Elements of Design in Detail Quiz
INSERT INTO payload.quiz_questions (
  id,
  question,
  quiz_id,
  quiz_id_id, -- Duplicate field for compatibility
  type,
  explanation,
  "order",
  created_at,
  updated_at
) VALUES (
  '8814c9ce-f9ac-44cb-87ee-67c09cd3e5aa', -- Generated UUID for the question
  'How many colors should we use in a presentation?',
  '8172c003-d0ad-450b-8f97-9087bb2e6173', -- Quiz ID
  '8172c003-d0ad-450b-8f97-9087bb2e6173', -- Quiz ID (duplicate)
  'single-answer',
  '',
  4,
  NOW(),
  NOW()
) ON CONFLICT (id) DO NOTHING; -- Skip if the question already exists

-- Insert option 1 for question 5
INSERT INTO payload.quiz_questions_options (
  id,
  _order,
  _parent_id,
  text,
  is_correct,
  created_at,
  updated_at
) VALUES (
  gen_random_uuid(),
  0,
  '8814c9ce-f9ac-44cb-87ee-67c09cd3e5aa',
  '2 more than the number of fonts',
  false,
  NOW(),
  NOW()
) ON CONFLICT DO NOTHING; -- Skip if the option already exists

-- Insert option 2 for question 5
INSERT INTO payload.quiz_questions_options (
  id,
  _order,
  _parent_id,
  text,
  is_correct,
  created_at,
  updated_at
) VALUES (
  gen_random_uuid(),
  1,
  '8814c9ce-f9ac-44cb-87ee-67c09cd3e5aa',
  '7',
  false,
  NOW(),
  NOW()
) ON CONFLICT DO NOTHING; -- Skip if the option already exists

-- Insert option 3 for question 5
INSERT INTO payload.quiz_questions_options (
  id,
  _order,
  _parent_id,
  text,
  is_correct,
  created_at,
  updated_at
) VALUES (
  gen_random_uuid(),
  2,
  '8814c9ce-f9ac-44cb-87ee-67c09cd3e5aa',
  '4 to 5',
  false,
  NOW(),
  NOW()
) ON CONFLICT DO NOTHING; -- Skip if the option already exists

-- Insert option 4 for question 5
INSERT INTO payload.quiz_questions_options (
  id,
  _order,
  _parent_id,
  text,
  is_correct,
  created_at,
  updated_at
) VALUES (
  gen_random_uuid(),
  3,
  '8814c9ce-f9ac-44cb-87ee-67c09cd3e5aa',
  '2 to 3',
  true,
  NOW(),
  NOW()
) ON CONFLICT DO NOTHING; -- Skip if the option already exists

-- Insert option 5 for question 5
INSERT INTO payload.quiz_questions_options (
  id,
  _order,
  _parent_id,
  text,
  is_correct,
  created_at,
  updated_at
) VALUES (
  gen_random_uuid(),
  4,
  '8814c9ce-f9ac-44cb-87ee-67c09cd3e5aa',
  '1',
  false,
  NOW(),
  NOW()
) ON CONFLICT DO NOTHING; -- Skip if the option already exists

-- Create relationship entry for the question to the quiz
INSERT INTO payload.quiz_questions_rels (
  id,
  _parent_id,
  field,
  value,
  created_at,
  updated_at
) VALUES (
  gen_random_uuid(),
  '8814c9ce-f9ac-44cb-87ee-67c09cd3e5aa',
  'quiz_id',
  '8172c003-d0ad-450b-8f97-9087bb2e6173',
  NOW(),
  NOW()
) ON CONFLICT DO NOTHING; -- Skip if the relationship already exists

-- Create bidirectional relationship entry for the quiz to the question
INSERT INTO payload.course_quizzes_rels (
  id,
  _parent_id,
  field,
  value,
  created_at,
  updated_at
) VALUES (
  gen_random_uuid(),
  '8172c003-d0ad-450b-8f97-9087bb2e6173',
  'questions',
  '8814c9ce-f9ac-44cb-87ee-67c09cd3e5aa',
  NOW(),
  NOW()
) ON CONFLICT DO NOTHING; -- Skip if the relationship already exists

-- Insert question 6 for quiz: The Fundamental Elements of Design in Detail Quiz
INSERT INTO payload.quiz_questions (
  id,
  question,
  quiz_id,
  quiz_id_id, -- Duplicate field for compatibility
  type,
  explanation,
  "order",
  created_at,
  updated_at
) VALUES (
  '8eeb4c8f-32d1-4410-a1da-2b84a9b5a6fd', -- Generated UUID for the question
  'What should you do with whitespace?',
  '8172c003-d0ad-450b-8f97-9087bb2e6173', -- Quiz ID
  '8172c003-d0ad-450b-8f97-9087bb2e6173', -- Quiz ID (duplicate)
  'single-answer',
  '',
  5,
  NOW(),
  NOW()
) ON CONFLICT (id) DO NOTHING; -- Skip if the question already exists

-- Insert option 1 for question 6
INSERT INTO payload.quiz_questions_options (
  id,
  _order,
  _parent_id,
  text,
  is_correct,
  created_at,
  updated_at
) VALUES (
  gen_random_uuid(),
  0,
  '8eeb4c8f-32d1-4410-a1da-2b84a9b5a6fd',
  'Ensure you are using enough of it',
  true,
  NOW(),
  NOW()
) ON CONFLICT DO NOTHING; -- Skip if the option already exists

-- Insert option 2 for question 6
INSERT INTO payload.quiz_questions_options (
  id,
  _order,
  _parent_id,
  text,
  is_correct,
  created_at,
  updated_at
) VALUES (
  gen_random_uuid(),
  1,
  '8eeb4c8f-32d1-4410-a1da-2b84a9b5a6fd',
  'Color it blue, it is prettier',
  false,
  NOW(),
  NOW()
) ON CONFLICT DO NOTHING; -- Skip if the option already exists

-- Insert option 3 for question 6
INSERT INTO payload.quiz_questions_options (
  id,
  _order,
  _parent_id,
  text,
  is_correct,
  created_at,
  updated_at
) VALUES (
  gen_random_uuid(),
  2,
  '8eeb4c8f-32d1-4410-a1da-2b84a9b5a6fd',
  'Fill it up with text!',
  false,
  NOW(),
  NOW()
) ON CONFLICT DO NOTHING; -- Skip if the option already exists

-- Create relationship entry for the question to the quiz
INSERT INTO payload.quiz_questions_rels (
  id,
  _parent_id,
  field,
  value,
  created_at,
  updated_at
) VALUES (
  gen_random_uuid(),
  '8eeb4c8f-32d1-4410-a1da-2b84a9b5a6fd',
  'quiz_id',
  '8172c003-d0ad-450b-8f97-9087bb2e6173',
  NOW(),
  NOW()
) ON CONFLICT DO NOTHING; -- Skip if the relationship already exists

-- Create bidirectional relationship entry for the quiz to the question
INSERT INTO payload.course_quizzes_rels (
  id,
  _parent_id,
  field,
  value,
  created_at,
  updated_at
) VALUES (
  gen_random_uuid(),
  '8172c003-d0ad-450b-8f97-9087bb2e6173',
  'questions',
  '8eeb4c8f-32d1-4410-a1da-2b84a9b5a6fd',
  NOW(),
  NOW()
) ON CONFLICT DO NOTHING; -- Skip if the relationship already exists

-- Questions for quiz: Overview of Fact-based Persuasion Quiz (fact-persuasion-quiz, ID: a6aa8af7-9d59-45ce-8dc3-b90d46b1a381)
-- Insert question 1 for quiz: Overview of Fact-based Persuasion Quiz
INSERT INTO payload.quiz_questions (
  id,
  question,
  quiz_id,
  quiz_id_id, -- Duplicate field for compatibility
  type,
  explanation,
  "order",
  created_at,
  updated_at
) VALUES (
  '0af004a1-3fbe-45fa-ae96-4c2c2c046078', -- Generated UUID for the question
  'What is the bare assertion fallacy?',
  'a6aa8af7-9d59-45ce-8dc3-b90d46b1a381', -- Quiz ID
  'a6aa8af7-9d59-45ce-8dc3-b90d46b1a381', -- Quiz ID (duplicate)
  'multi-answer',
  '',
  0,
  NOW(),
  NOW()
) ON CONFLICT (id) DO NOTHING; -- Skip if the question already exists

-- Insert option 1 for question 1
INSERT INTO payload.quiz_questions_options (
  id,
  _order,
  _parent_id,
  text,
  is_correct,
  created_at,
  updated_at
) VALUES (
  gen_random_uuid(),
  0,
  '0af004a1-3fbe-45fa-ae96-4c2c2c046078',
  'A premise in an argument that is assumed to be true merely because it says that it is true',
  true,
  NOW(),
  NOW()
) ON CONFLICT DO NOTHING; -- Skip if the option already exists

-- Insert option 2 for question 1
INSERT INTO payload.quiz_questions_options (
  id,
  _order,
  _parent_id,
  text,
  is_correct,
  created_at,
  updated_at
) VALUES (
  gen_random_uuid(),
  1,
  '0af004a1-3fbe-45fa-ae96-4c2c2c046078',
  'A Dan Brown novel',
  false,
  NOW(),
  NOW()
) ON CONFLICT DO NOTHING; -- Skip if the option already exists

-- Insert option 3 for question 1
INSERT INTO payload.quiz_questions_options (
  id,
  _order,
  _parent_id,
  text,
  is_correct,
  created_at,
  updated_at
) VALUES (
  gen_random_uuid(),
  2,
  '0af004a1-3fbe-45fa-ae96-4c2c2c046078',
  'Claiming to be right because you say you are right',
  true,
  NOW(),
  NOW()
) ON CONFLICT DO NOTHING; -- Skip if the option already exists

-- Insert option 4 for question 1
INSERT INTO payload.quiz_questions_options (
  id,
  _order,
  _parent_id,
  text,
  is_correct,
  created_at,
  updated_at
) VALUES (
  gen_random_uuid(),
  3,
  '0af004a1-3fbe-45fa-ae96-4c2c2c046078',
  'A dream where you are presenting naked',
  false,
  NOW(),
  NOW()
) ON CONFLICT DO NOTHING; -- Skip if the option already exists

-- Create relationship entry for the question to the quiz
INSERT INTO payload.quiz_questions_rels (
  id,
  _parent_id,
  field,
  value,
  created_at,
  updated_at
) VALUES (
  gen_random_uuid(),
  '0af004a1-3fbe-45fa-ae96-4c2c2c046078',
  'quiz_id',
  'a6aa8af7-9d59-45ce-8dc3-b90d46b1a381',
  NOW(),
  NOW()
) ON CONFLICT DO NOTHING; -- Skip if the relationship already exists

-- Create bidirectional relationship entry for the quiz to the question
INSERT INTO payload.course_quizzes_rels (
  id,
  _parent_id,
  field,
  value,
  created_at,
  updated_at
) VALUES (
  gen_random_uuid(),
  'a6aa8af7-9d59-45ce-8dc3-b90d46b1a381',
  'questions',
  '0af004a1-3fbe-45fa-ae96-4c2c2c046078',
  NOW(),
  NOW()
) ON CONFLICT DO NOTHING; -- Skip if the relationship already exists

-- Insert question 2 for quiz: Overview of Fact-based Persuasion Quiz
INSERT INTO payload.quiz_questions (
  id,
  question,
  quiz_id,
  quiz_id_id, -- Duplicate field for compatibility
  type,
  explanation,
  "order",
  created_at,
  updated_at
) VALUES (
  '5d7c7f43-231d-48c9-9c56-bcff0b74e50c', -- Generated UUID for the question
  'What is graphical excellence?',
  'a6aa8af7-9d59-45ce-8dc3-b90d46b1a381', -- Quiz ID
  'a6aa8af7-9d59-45ce-8dc3-b90d46b1a381', -- Quiz ID (duplicate)
  'multi-answer',
  '',
  1,
  NOW(),
  NOW()
) ON CONFLICT (id) DO NOTHING; -- Skip if the question already exists

-- Insert option 1 for question 2
INSERT INTO payload.quiz_questions_options (
  id,
  _order,
  _parent_id,
  text,
  is_correct,
  created_at,
  updated_at
) VALUES (
  gen_random_uuid(),
  0,
  '5d7c7f43-231d-48c9-9c56-bcff0b74e50c',
  'Beautiful',
  false,
  NOW(),
  NOW()
) ON CONFLICT DO NOTHING; -- Skip if the option already exists

-- Insert option 2 for question 2
INSERT INTO payload.quiz_questions_options (
  id,
  _order,
  _parent_id,
  text,
  is_correct,
  created_at,
  updated_at
) VALUES (
  gen_random_uuid(),
  1,
  '5d7c7f43-231d-48c9-9c56-bcff0b74e50c',
  'Honest',
  true,
  NOW(),
  NOW()
) ON CONFLICT DO NOTHING; -- Skip if the option already exists

-- Insert option 3 for question 2
INSERT INTO payload.quiz_questions_options (
  id,
  _order,
  _parent_id,
  text,
  is_correct,
  created_at,
  updated_at
) VALUES (
  gen_random_uuid(),
  2,
  '5d7c7f43-231d-48c9-9c56-bcff0b74e50c',
  'Multivariate',
  true,
  NOW(),
  NOW()
) ON CONFLICT DO NOTHING; -- Skip if the option already exists

-- Insert option 4 for question 2
INSERT INTO payload.quiz_questions_options (
  id,
  _order,
  _parent_id,
  text,
  is_correct,
  created_at,
  updated_at
) VALUES (
  gen_random_uuid(),
  3,
  '5d7c7f43-231d-48c9-9c56-bcff0b74e50c',
  'Efficient',
  true,
  NOW(),
  NOW()
) ON CONFLICT DO NOTHING; -- Skip if the option already exists

-- Insert option 5 for question 2
INSERT INTO payload.quiz_questions_options (
  id,
  _order,
  _parent_id,
  text,
  is_correct,
  created_at,
  updated_at
) VALUES (
  gen_random_uuid(),
  4,
  '5d7c7f43-231d-48c9-9c56-bcff0b74e50c',
  'Complicated',
  false,
  NOW(),
  NOW()
) ON CONFLICT DO NOTHING; -- Skip if the option already exists

-- Insert option 6 for question 2
INSERT INTO payload.quiz_questions_options (
  id,
  _order,
  _parent_id,
  text,
  is_correct,
  created_at,
  updated_at
) VALUES (
  gen_random_uuid(),
  5,
  '5d7c7f43-231d-48c9-9c56-bcff0b74e50c',
  'Curved',
  false,
  NOW(),
  NOW()
) ON CONFLICT DO NOTHING; -- Skip if the option already exists

-- Create relationship entry for the question to the quiz
INSERT INTO payload.quiz_questions_rels (
  id,
  _parent_id,
  field,
  value,
  created_at,
  updated_at
) VALUES (
  gen_random_uuid(),
  '5d7c7f43-231d-48c9-9c56-bcff0b74e50c',
  'quiz_id',
  'a6aa8af7-9d59-45ce-8dc3-b90d46b1a381',
  NOW(),
  NOW()
) ON CONFLICT DO NOTHING; -- Skip if the relationship already exists

-- Create bidirectional relationship entry for the quiz to the question
INSERT INTO payload.course_quizzes_rels (
  id,
  _parent_id,
  field,
  value,
  created_at,
  updated_at
) VALUES (
  gen_random_uuid(),
  'a6aa8af7-9d59-45ce-8dc3-b90d46b1a381',
  'questions',
  '5d7c7f43-231d-48c9-9c56-bcff0b74e50c',
  NOW(),
  NOW()
) ON CONFLICT DO NOTHING; -- Skip if the relationship already exists

-- Questions for quiz: Gestalt Principles of Visual Perception Quiz (gestalt-principles-quiz, ID: 758d7a30-276b-410f-8d5f-dcc14d84d21e)
-- Insert question 1 for quiz: Gestalt Principles of Visual Perception Quiz
INSERT INTO payload.quiz_questions (
  id,
  question,
  quiz_id,
  quiz_id_id, -- Duplicate field for compatibility
  type,
  explanation,
  "order",
  created_at,
  updated_at
) VALUES (
  '1e6184dc-b96a-43d6-96fa-d62fc2019a88', -- Generated UUID for the question
  'Why have we repeated the principle of proximity in this lesson and the previous lesson?',
  '758d7a30-276b-410f-8d5f-dcc14d84d21e', -- Quiz ID
  '758d7a30-276b-410f-8d5f-dcc14d84d21e', -- Quiz ID (duplicate)
  'single-answer',
  '',
  0,
  NOW(),
  NOW()
) ON CONFLICT (id) DO NOTHING; -- Skip if the question already exists

-- Insert option 1 for question 1
INSERT INTO payload.quiz_questions_options (
  id,
  _order,
  _parent_id,
  text,
  is_correct,
  created_at,
  updated_at
) VALUES (
  gen_random_uuid(),
  0,
  '1e6184dc-b96a-43d6-96fa-d62fc2019a88',
  'Didn''t notice. The course is brilliant. Carry on!',
  true,
  NOW(),
  NOW()
) ON CONFLICT DO NOTHING; -- Skip if the option already exists

-- Insert option 2 for question 1
INSERT INTO payload.quiz_questions_options (
  id,
  _order,
  _parent_id,
  text,
  is_correct,
  created_at,
  updated_at
) VALUES (
  gen_random_uuid(),
  1,
  '1e6184dc-b96a-43d6-96fa-d62fc2019a88',
  'Because repetition ad nauseum helps me learn?...',
  false,
  NOW(),
  NOW()
) ON CONFLICT DO NOTHING; -- Skip if the option already exists

-- Insert option 3 for question 1
INSERT INTO payload.quiz_questions_options (
  id,
  _order,
  _parent_id,
  text,
  is_correct,
  created_at,
  updated_at
) VALUES (
  gen_random_uuid(),
  2,
  '1e6184dc-b96a-43d6-96fa-d62fc2019a88',
  'Yo lazy',
  false,
  NOW(),
  NOW()
) ON CONFLICT DO NOTHING; -- Skip if the option already exists

-- Create relationship entry for the question to the quiz
INSERT INTO payload.quiz_questions_rels (
  id,
  _parent_id,
  field,
  value,
  created_at,
  updated_at
) VALUES (
  gen_random_uuid(),
  '1e6184dc-b96a-43d6-96fa-d62fc2019a88',
  'quiz_id',
  '758d7a30-276b-410f-8d5f-dcc14d84d21e',
  NOW(),
  NOW()
) ON CONFLICT DO NOTHING; -- Skip if the relationship already exists

-- Create bidirectional relationship entry for the quiz to the question
INSERT INTO payload.course_quizzes_rels (
  id,
  _parent_id,
  field,
  value,
  created_at,
  updated_at
) VALUES (
  gen_random_uuid(),
  '758d7a30-276b-410f-8d5f-dcc14d84d21e',
  'questions',
  '1e6184dc-b96a-43d6-96fa-d62fc2019a88',
  NOW(),
  NOW()
) ON CONFLICT DO NOTHING; -- Skip if the relationship already exists

-- Insert question 2 for quiz: Gestalt Principles of Visual Perception Quiz
INSERT INTO payload.quiz_questions (
  id,
  question,
  quiz_id,
  quiz_id_id, -- Duplicate field for compatibility
  type,
  explanation,
  "order",
  created_at,
  updated_at
) VALUES (
  '9e34ab50-c144-435a-b847-543a2167f86c', -- Generated UUID for the question
  'The principle of similarity states that we tend to group things which share visual characteristics such as:',
  '758d7a30-276b-410f-8d5f-dcc14d84d21e', -- Quiz ID
  '758d7a30-276b-410f-8d5f-dcc14d84d21e', -- Quiz ID (duplicate)
  'multi-answer',
  '',
  1,
  NOW(),
  NOW()
) ON CONFLICT (id) DO NOTHING; -- Skip if the question already exists

-- Insert option 1 for question 2
INSERT INTO payload.quiz_questions_options (
  id,
  _order,
  _parent_id,
  text,
  is_correct,
  created_at,
  updated_at
) VALUES (
  gen_random_uuid(),
  0,
  '9e34ab50-c144-435a-b847-543a2167f86c',
  'Size',
  true,
  NOW(),
  NOW()
) ON CONFLICT DO NOTHING; -- Skip if the option already exists

-- Insert option 2 for question 2
INSERT INTO payload.quiz_questions_options (
  id,
  _order,
  _parent_id,
  text,
  is_correct,
  created_at,
  updated_at
) VALUES (
  gen_random_uuid(),
  1,
  '9e34ab50-c144-435a-b847-543a2167f86c',
  'Shape',
  true,
  NOW(),
  NOW()
) ON CONFLICT DO NOTHING; -- Skip if the option already exists

-- Insert option 3 for question 2
INSERT INTO payload.quiz_questions_options (
  id,
  _order,
  _parent_id,
  text,
  is_correct,
  created_at,
  updated_at
) VALUES (
  gen_random_uuid(),
  2,
  '9e34ab50-c144-435a-b847-543a2167f86c',
  'Color',
  true,
  NOW(),
  NOW()
) ON CONFLICT DO NOTHING; -- Skip if the option already exists

-- Insert option 4 for question 2
INSERT INTO payload.quiz_questions_options (
  id,
  _order,
  _parent_id,
  text,
  is_correct,
  created_at,
  updated_at
) VALUES (
  gen_random_uuid(),
  3,
  '9e34ab50-c144-435a-b847-543a2167f86c',
  'Orientation',
  true,
  NOW(),
  NOW()
) ON CONFLICT DO NOTHING; -- Skip if the option already exists

-- Insert option 5 for question 2
INSERT INTO payload.quiz_questions_options (
  id,
  _order,
  _parent_id,
  text,
  is_correct,
  created_at,
  updated_at
) VALUES (
  gen_random_uuid(),
  4,
  '9e34ab50-c144-435a-b847-543a2167f86c',
  'Sound',
  false,
  NOW(),
  NOW()
) ON CONFLICT DO NOTHING; -- Skip if the option already exists

-- Insert option 6 for question 2
INSERT INTO payload.quiz_questions_options (
  id,
  _order,
  _parent_id,
  text,
  is_correct,
  created_at,
  updated_at
) VALUES (
  gen_random_uuid(),
  5,
  '9e34ab50-c144-435a-b847-543a2167f86c',
  'Length',
  false,
  NOW(),
  NOW()
) ON CONFLICT DO NOTHING; -- Skip if the option already exists

-- Insert option 7 for question 2
INSERT INTO payload.quiz_questions_options (
  id,
  _order,
  _parent_id,
  text,
  is_correct,
  created_at,
  updated_at
) VALUES (
  gen_random_uuid(),
  6,
  '9e34ab50-c144-435a-b847-543a2167f86c',
  'Distance',
  false,
  NOW(),
  NOW()
) ON CONFLICT DO NOTHING; -- Skip if the option already exists

-- Create relationship entry for the question to the quiz
INSERT INTO payload.quiz_questions_rels (
  id,
  _parent_id,
  field,
  value,
  created_at,
  updated_at
) VALUES (
  gen_random_uuid(),
  '9e34ab50-c144-435a-b847-543a2167f86c',
  'quiz_id',
  '758d7a30-276b-410f-8d5f-dcc14d84d21e',
  NOW(),
  NOW()
) ON CONFLICT DO NOTHING; -- Skip if the relationship already exists

-- Create bidirectional relationship entry for the quiz to the question
INSERT INTO payload.course_quizzes_rels (
  id,
  _parent_id,
  field,
  value,
  created_at,
  updated_at
) VALUES (
  gen_random_uuid(),
  '758d7a30-276b-410f-8d5f-dcc14d84d21e',
  'questions',
  '9e34ab50-c144-435a-b847-543a2167f86c',
  NOW(),
  NOW()
) ON CONFLICT DO NOTHING; -- Skip if the relationship already exists

-- Insert question 3 for quiz: Gestalt Principles of Visual Perception Quiz
INSERT INTO payload.quiz_questions (
  id,
  question,
  quiz_id,
  quiz_id_id, -- Duplicate field for compatibility
  type,
  explanation,
  "order",
  created_at,
  updated_at
) VALUES (
  '3a0c2849-6dfe-4510-9b23-a300bdb91f08', -- Generated UUID for the question
  'What is symmetry associated with?',
  '758d7a30-276b-410f-8d5f-dcc14d84d21e', -- Quiz ID
  '758d7a30-276b-410f-8d5f-dcc14d84d21e', -- Quiz ID (duplicate)
  'multi-answer',
  '',
  2,
  NOW(),
  NOW()
) ON CONFLICT (id) DO NOTHING; -- Skip if the question already exists

-- Insert option 1 for question 3
INSERT INTO payload.quiz_questions_options (
  id,
  _order,
  _parent_id,
  text,
  is_correct,
  created_at,
  updated_at
) VALUES (
  gen_random_uuid(),
  0,
  '3a0c2849-6dfe-4510-9b23-a300bdb91f08',
  'Stability',
  true,
  NOW(),
  NOW()
) ON CONFLICT DO NOTHING; -- Skip if the option already exists

-- Insert option 2 for question 3
INSERT INTO payload.quiz_questions_options (
  id,
  _order,
  _parent_id,
  text,
  is_correct,
  created_at,
  updated_at
) VALUES (
  gen_random_uuid(),
  1,
  '3a0c2849-6dfe-4510-9b23-a300bdb91f08',
  'Consistency',
  true,
  NOW(),
  NOW()
) ON CONFLICT DO NOTHING; -- Skip if the option already exists

-- Insert option 3 for question 3
INSERT INTO payload.quiz_questions_options (
  id,
  _order,
  _parent_id,
  text,
  is_correct,
  created_at,
  updated_at
) VALUES (
  gen_random_uuid(),
  2,
  '3a0c2849-6dfe-4510-9b23-a300bdb91f08',
  'Structure',
  true,
  NOW(),
  NOW()
) ON CONFLICT DO NOTHING; -- Skip if the option already exists

-- Insert option 4 for question 3
INSERT INTO payload.quiz_questions_options (
  id,
  _order,
  _parent_id,
  text,
  is_correct,
  created_at,
  updated_at
) VALUES (
  gen_random_uuid(),
  3,
  '3a0c2849-6dfe-4510-9b23-a300bdb91f08',
  'Rhythm',
  false,
  NOW(),
  NOW()
) ON CONFLICT DO NOTHING; -- Skip if the option already exists

-- Insert option 5 for question 3
INSERT INTO payload.quiz_questions_options (
  id,
  _order,
  _parent_id,
  text,
  is_correct,
  created_at,
  updated_at
) VALUES (
  gen_random_uuid(),
  4,
  '3a0c2849-6dfe-4510-9b23-a300bdb91f08',
  'Twins',
  false,
  NOW(),
  NOW()
) ON CONFLICT DO NOTHING; -- Skip if the option already exists

-- Insert option 6 for question 3
INSERT INTO payload.quiz_questions_options (
  id,
  _order,
  _parent_id,
  text,
  is_correct,
  created_at,
  updated_at
) VALUES (
  gen_random_uuid(),
  5,
  '3a0c2849-6dfe-4510-9b23-a300bdb91f08',
  'Music',
  false,
  NOW(),
  NOW()
) ON CONFLICT DO NOTHING; -- Skip if the option already exists

-- Create relationship entry for the question to the quiz
INSERT INTO payload.quiz_questions_rels (
  id,
  _parent_id,
  field,
  value,
  created_at,
  updated_at
) VALUES (
  gen_random_uuid(),
  '3a0c2849-6dfe-4510-9b23-a300bdb91f08',
  'quiz_id',
  '758d7a30-276b-410f-8d5f-dcc14d84d21e',
  NOW(),
  NOW()
) ON CONFLICT DO NOTHING; -- Skip if the relationship already exists

-- Create bidirectional relationship entry for the quiz to the question
INSERT INTO payload.course_quizzes_rels (
  id,
  _parent_id,
  field,
  value,
  created_at,
  updated_at
) VALUES (
  gen_random_uuid(),
  '758d7a30-276b-410f-8d5f-dcc14d84d21e',
  'questions',
  '3a0c2849-6dfe-4510-9b23-a300bdb91f08',
  NOW(),
  NOW()
) ON CONFLICT DO NOTHING; -- Skip if the relationship already exists

-- Insert question 4 for quiz: Gestalt Principles of Visual Perception Quiz
INSERT INTO payload.quiz_questions (
  id,
  question,
  quiz_id,
  quiz_id_id, -- Duplicate field for compatibility
  type,
  explanation,
  "order",
  created_at,
  updated_at
) VALUES (
  'eb74f1c9-c91e-4508-a0e9-b4040ee559e3', -- Generated UUID for the question
  'What does the principle of connection state?',
  '758d7a30-276b-410f-8d5f-dcc14d84d21e', -- Quiz ID
  '758d7a30-276b-410f-8d5f-dcc14d84d21e', -- Quiz ID (duplicate)
  'single-answer',
  '',
  3,
  NOW(),
  NOW()
) ON CONFLICT (id) DO NOTHING; -- Skip if the question already exists

-- Insert option 1 for question 4
INSERT INTO payload.quiz_questions_options (
  id,
  _order,
  _parent_id,
  text,
  is_correct,
  created_at,
  updated_at
) VALUES (
  gen_random_uuid(),
  0,
  'eb74f1c9-c91e-4508-a0e9-b4040ee559e3',
  'Elements that are visually connected are perceived as more related than elements with no connection',
  true,
  NOW(),
  NOW()
) ON CONFLICT DO NOTHING; -- Skip if the option already exists

-- Insert option 2 for question 4
INSERT INTO payload.quiz_questions_options (
  id,
  _order,
  _parent_id,
  text,
  is_correct,
  created_at,
  updated_at
) VALUES (
  gen_random_uuid(),
  1,
  'eb74f1c9-c91e-4508-a0e9-b4040ee559e3',
  'We need to connect our most important ideas',
  false,
  NOW(),
  NOW()
) ON CONFLICT DO NOTHING; -- Skip if the option already exists

-- Insert option 3 for question 4
INSERT INTO payload.quiz_questions_options (
  id,
  _order,
  _parent_id,
  text,
  is_correct,
  created_at,
  updated_at
) VALUES (
  gen_random_uuid(),
  2,
  'eb74f1c9-c91e-4508-a0e9-b4040ee559e3',
  'I just can''t make no connection',
  false,
  NOW(),
  NOW()
) ON CONFLICT DO NOTHING; -- Skip if the option already exists

-- Create relationship entry for the question to the quiz
INSERT INTO payload.quiz_questions_rels (
  id,
  _parent_id,
  field,
  value,
  created_at,
  updated_at
) VALUES (
  gen_random_uuid(),
  'eb74f1c9-c91e-4508-a0e9-b4040ee559e3',
  'quiz_id',
  '758d7a30-276b-410f-8d5f-dcc14d84d21e',
  NOW(),
  NOW()
) ON CONFLICT DO NOTHING; -- Skip if the relationship already exists

-- Create bidirectional relationship entry for the quiz to the question
INSERT INTO payload.course_quizzes_rels (
  id,
  _parent_id,
  field,
  value,
  created_at,
  updated_at
) VALUES (
  gen_random_uuid(),
  '758d7a30-276b-410f-8d5f-dcc14d84d21e',
  'questions',
  'eb74f1c9-c91e-4508-a0e9-b4040ee559e3',
  NOW(),
  NOW()
) ON CONFLICT DO NOTHING; -- Skip if the relationship already exists

-- Questions for quiz: Idea Generation Quiz (idea-generation-quiz, ID: 3a06539d-efc5-47e0-914d-f9cee4492c6f)
-- Insert question 1 for quiz: Idea Generation Quiz
INSERT INTO payload.quiz_questions (
  id,
  question,
  quiz_id,
  quiz_id_id, -- Duplicate field for compatibility
  type,
  explanation,
  "order",
  created_at,
  updated_at
) VALUES (
  '5c36f116-c99b-4190-94b8-a572e1e0236b', -- Generated UUID for the question
  'What is the key to making brainstorming as effective as possible?',
  '3a06539d-efc5-47e0-914d-f9cee4492c6f', -- Quiz ID
  '3a06539d-efc5-47e0-914d-f9cee4492c6f', -- Quiz ID (duplicate)
  'single-answer',
  '',
  0,
  NOW(),
  NOW()
) ON CONFLICT (id) DO NOTHING; -- Skip if the question already exists

-- Insert option 1 for question 1
INSERT INTO payload.quiz_questions_options (
  id,
  _order,
  _parent_id,
  text,
  is_correct,
  created_at,
  updated_at
) VALUES (
  gen_random_uuid(),
  0,
  '5c36f116-c99b-4190-94b8-a572e1e0236b',
  'Conduct brainstorming sessions early in the day',
  false,
  NOW(),
  NOW()
) ON CONFLICT DO NOTHING; -- Skip if the option already exists

-- Insert option 2 for question 1
INSERT INTO payload.quiz_questions_options (
  id,
  _order,
  _parent_id,
  text,
  is_correct,
  created_at,
  updated_at
) VALUES (
  gen_random_uuid(),
  1,
  '5c36f116-c99b-4190-94b8-a572e1e0236b',
  'Eat lots of sugar',
  false,
  NOW(),
  NOW()
) ON CONFLICT DO NOTHING; -- Skip if the option already exists

-- Insert option 3 for question 1
INSERT INTO payload.quiz_questions_options (
  id,
  _order,
  _parent_id,
  text,
  is_correct,
  created_at,
  updated_at
) VALUES (
  gen_random_uuid(),
  2,
  '5c36f116-c99b-4190-94b8-a572e1e0236b',
  'Don''t use brainstorming, it doesn''t work',
  false,
  NOW(),
  NOW()
) ON CONFLICT DO NOTHING; -- Skip if the option already exists

-- Insert option 4 for question 1
INSERT INTO payload.quiz_questions_options (
  id,
  _order,
  _parent_id,
  text,
  is_correct,
  created_at,
  updated_at
) VALUES (
  gen_random_uuid(),
  3,
  '5c36f116-c99b-4190-94b8-a572e1e0236b',
  'Engage in debate and dissent',
  true,
  NOW(),
  NOW()
) ON CONFLICT DO NOTHING; -- Skip if the option already exists

-- Create relationship entry for the question to the quiz
INSERT INTO payload.quiz_questions_rels (
  id,
  _parent_id,
  field,
  value,
  created_at,
  updated_at
) VALUES (
  gen_random_uuid(),
  '5c36f116-c99b-4190-94b8-a572e1e0236b',
  'quiz_id',
  '3a06539d-efc5-47e0-914d-f9cee4492c6f',
  NOW(),
  NOW()
) ON CONFLICT DO NOTHING; -- Skip if the relationship already exists

-- Create bidirectional relationship entry for the quiz to the question
INSERT INTO payload.course_quizzes_rels (
  id,
  _parent_id,
  field,
  value,
  created_at,
  updated_at
) VALUES (
  gen_random_uuid(),
  '3a06539d-efc5-47e0-914d-f9cee4492c6f',
  'questions',
  '5c36f116-c99b-4190-94b8-a572e1e0236b',
  NOW(),
  NOW()
) ON CONFLICT DO NOTHING; -- Skip if the relationship already exists

-- Insert question 2 for quiz: Idea Generation Quiz
INSERT INTO payload.quiz_questions (
  id,
  question,
  quiz_id,
  quiz_id_id, -- Duplicate field for compatibility
  type,
  explanation,
  "order",
  created_at,
  updated_at
) VALUES (
  '2e172f45-71c2-4c96-bd1a-7183af6262d3', -- Generated UUID for the question
  'What are our Cardinal Rules of brainstorming?',
  '3a06539d-efc5-47e0-914d-f9cee4492c6f', -- Quiz ID
  '3a06539d-efc5-47e0-914d-f9cee4492c6f', -- Quiz ID (duplicate)
  'multi-answer',
  '',
  1,
  NOW(),
  NOW()
) ON CONFLICT (id) DO NOTHING; -- Skip if the question already exists

-- Insert option 1 for question 2
INSERT INTO payload.quiz_questions_options (
  id,
  _order,
  _parent_id,
  text,
  is_correct,
  created_at,
  updated_at
) VALUES (
  gen_random_uuid(),
  0,
  '2e172f45-71c2-4c96-bd1a-7183af6262d3',
  'Plan your participants',
  true,
  NOW(),
  NOW()
) ON CONFLICT DO NOTHING; -- Skip if the option already exists

-- Insert option 2 for question 2
INSERT INTO payload.quiz_questions_options (
  id,
  _order,
  _parent_id,
  text,
  is_correct,
  created_at,
  updated_at
) VALUES (
  gen_random_uuid(),
  1,
  '2e172f45-71c2-4c96-bd1a-7183af6262d3',
  'Focus on ideas',
  true,
  NOW(),
  NOW()
) ON CONFLICT DO NOTHING; -- Skip if the option already exists

-- Insert option 3 for question 2
INSERT INTO payload.quiz_questions_options (
  id,
  _order,
  _parent_id,
  text,
  is_correct,
  created_at,
  updated_at
) VALUES (
  gen_random_uuid(),
  2,
  '2e172f45-71c2-4c96-bd1a-7183af6262d3',
  'Structure the session',
  true,
  NOW(),
  NOW()
) ON CONFLICT DO NOTHING; -- Skip if the option already exists

-- Insert option 4 for question 2
INSERT INTO payload.quiz_questions_options (
  id,
  _order,
  _parent_id,
  text,
  is_correct,
  created_at,
  updated_at
) VALUES (
  gen_random_uuid(),
  3,
  '2e172f45-71c2-4c96-bd1a-7183af6262d3',
  'Establish rules in advance',
  true,
  NOW(),
  NOW()
) ON CONFLICT DO NOTHING; -- Skip if the option already exists

-- Insert option 5 for question 2
INSERT INTO payload.quiz_questions_options (
  id,
  _order,
  _parent_id,
  text,
  is_correct,
  created_at,
  updated_at
) VALUES (
  gen_random_uuid(),
  4,
  '2e172f45-71c2-4c96-bd1a-7183af6262d3',
  'Free associate',
  false,
  NOW(),
  NOW()
) ON CONFLICT DO NOTHING; -- Skip if the option already exists

-- Insert option 6 for question 2
INSERT INTO payload.quiz_questions_options (
  id,
  _order,
  _parent_id,
  text,
  is_correct,
  created_at,
  updated_at
) VALUES (
  gen_random_uuid(),
  5,
  '2e172f45-71c2-4c96-bd1a-7183af6262d3',
  'Only invite the single people',
  false,
  NOW(),
  NOW()
) ON CONFLICT DO NOTHING; -- Skip if the option already exists

-- Insert option 7 for question 2
INSERT INTO payload.quiz_questions_options (
  id,
  _order,
  _parent_id,
  text,
  is_correct,
  created_at,
  updated_at
) VALUES (
  gen_random_uuid(),
  6,
  '2e172f45-71c2-4c96-bd1a-7183af6262d3',
  'Focus on having fun',
  false,
  NOW(),
  NOW()
) ON CONFLICT DO NOTHING; -- Skip if the option already exists

-- Insert option 8 for question 2
INSERT INTO payload.quiz_questions_options (
  id,
  _order,
  _parent_id,
  text,
  is_correct,
  created_at,
  updated_at
) VALUES (
  gen_random_uuid(),
  7,
  '2e172f45-71c2-4c96-bd1a-7183af6262d3',
  'Eat, drink, and be merry',
  false,
  NOW(),
  NOW()
) ON CONFLICT DO NOTHING; -- Skip if the option already exists

-- Insert option 9 for question 2
INSERT INTO payload.quiz_questions_options (
  id,
  _order,
  _parent_id,
  text,
  is_correct,
  created_at,
  updated_at
) VALUES (
  gen_random_uuid(),
  8,
  '2e172f45-71c2-4c96-bd1a-7183af6262d3',
  'Conduct sessions on a Friday',
  false,
  NOW(),
  NOW()
) ON CONFLICT DO NOTHING; -- Skip if the option already exists

-- Create relationship entry for the question to the quiz
INSERT INTO payload.quiz_questions_rels (
  id,
  _parent_id,
  field,
  value,
  created_at,
  updated_at
) VALUES (
  gen_random_uuid(),
  '2e172f45-71c2-4c96-bd1a-7183af6262d3',
  'quiz_id',
  '3a06539d-efc5-47e0-914d-f9cee4492c6f',
  NOW(),
  NOW()
) ON CONFLICT DO NOTHING; -- Skip if the relationship already exists

-- Create bidirectional relationship entry for the quiz to the question
INSERT INTO payload.course_quizzes_rels (
  id,
  _parent_id,
  field,
  value,
  created_at,
  updated_at
) VALUES (
  gen_random_uuid(),
  '3a06539d-efc5-47e0-914d-f9cee4492c6f',
  'questions',
  '2e172f45-71c2-4c96-bd1a-7183af6262d3',
  NOW(),
  NOW()
) ON CONFLICT DO NOTHING; -- Skip if the relationship already exists

-- Insert question 3 for quiz: Idea Generation Quiz
INSERT INTO payload.quiz_questions (
  id,
  question,
  quiz_id,
  quiz_id_id, -- Duplicate field for compatibility
  type,
  explanation,
  "order",
  created_at,
  updated_at
) VALUES (
  'de02adf2-03e2-4d18-8093-1bda7ddce191', -- Generated UUID for the question
  'What was the golden rule talked about in this lesson?',
  '3a06539d-efc5-47e0-914d-f9cee4492c6f', -- Quiz ID
  '3a06539d-efc5-47e0-914d-f9cee4492c6f', -- Quiz ID (duplicate)
  'single-answer',
  '',
  2,
  NOW(),
  NOW()
) ON CONFLICT (id) DO NOTHING; -- Skip if the question already exists

-- Insert option 1 for question 3
INSERT INTO payload.quiz_questions_options (
  id,
  _order,
  _parent_id,
  text,
  is_correct,
  created_at,
  updated_at
) VALUES (
  gen_random_uuid(),
  0,
  'de02adf2-03e2-4d18-8093-1bda7ddce191',
  'Facts known by the audience go in the Introduction',
  false,
  NOW(),
  NOW()
) ON CONFLICT DO NOTHING; -- Skip if the option already exists

-- Insert option 2 for question 3
INSERT INTO payload.quiz_questions_options (
  id,
  _order,
  _parent_id,
  text,
  is_correct,
  created_at,
  updated_at
) VALUES (
  gen_random_uuid(),
  1,
  'de02adf2-03e2-4d18-8093-1bda7ddce191',
  'We are creating our presentation to answer a question in the mind of our audience',
  false,
  NOW(),
  NOW()
) ON CONFLICT DO NOTHING; -- Skip if the option already exists

-- Insert option 3 for question 3
INSERT INTO payload.quiz_questions_options (
  id,
  _order,
  _parent_id,
  text,
  is_correct,
  created_at,
  updated_at
) VALUES (
  gen_random_uuid(),
  2,
  'de02adf2-03e2-4d18-8093-1bda7ddce191',
  'Our audience is the hero',
  false,
  NOW(),
  NOW()
) ON CONFLICT DO NOTHING; -- Skip if the option already exists

-- Insert option 4 for question 3
INSERT INTO payload.quiz_questions_options (
  id,
  _order,
  _parent_id,
  text,
  is_correct,
  created_at,
  updated_at
) VALUES (
  gen_random_uuid(),
  3,
  'de02adf2-03e2-4d18-8093-1bda7ddce191',
  'Our objective is to compel our audience to do something',
  false,
  NOW(),
  NOW()
) ON CONFLICT DO NOTHING; -- Skip if the option already exists

-- Insert option 5 for question 3
INSERT INTO payload.quiz_questions_options (
  id,
  _order,
  _parent_id,
  text,
  is_correct,
  created_at,
  updated_at
) VALUES (
  gen_random_uuid(),
  4,
  'de02adf2-03e2-4d18-8093-1bda7ddce191',
  'Follow a process',
  false,
  NOW(),
  NOW()
) ON CONFLICT DO NOTHING; -- Skip if the option already exists

-- Insert option 6 for question 3
INSERT INTO payload.quiz_questions_options (
  id,
  _order,
  _parent_id,
  text,
  is_correct,
  created_at,
  updated_at
) VALUES (
  gen_random_uuid(),
  5,
  'de02adf2-03e2-4d18-8093-1bda7ddce191',
  'Create ideas first, slides second',
  true,
  NOW(),
  NOW()
) ON CONFLICT DO NOTHING; -- Skip if the option already exists

-- Create relationship entry for the question to the quiz
INSERT INTO payload.quiz_questions_rels (
  id,
  _parent_id,
  field,
  value,
  created_at,
  updated_at
) VALUES (
  gen_random_uuid(),
  'de02adf2-03e2-4d18-8093-1bda7ddce191',
  'quiz_id',
  '3a06539d-efc5-47e0-914d-f9cee4492c6f',
  NOW(),
  NOW()
) ON CONFLICT DO NOTHING; -- Skip if the relationship already exists

-- Create bidirectional relationship entry for the quiz to the question
INSERT INTO payload.course_quizzes_rels (
  id,
  _parent_id,
  field,
  value,
  created_at,
  updated_at
) VALUES (
  gen_random_uuid(),
  '3a06539d-efc5-47e0-914d-f9cee4492c6f',
  'questions',
  'de02adf2-03e2-4d18-8093-1bda7ddce191',
  NOW(),
  NOW()
) ON CONFLICT DO NOTHING; -- Skip if the relationship already exists

-- Questions for quiz: The Why (Introductions) Quiz (introductions-quiz, ID: f1a5a26a-5908-45e0-a33b-e7f121d851a9)
-- Insert question 1 for quiz: The Why (Introductions) Quiz
INSERT INTO payload.quiz_questions (
  id,
  question,
  quiz_id,
  quiz_id_id, -- Duplicate field for compatibility
  type,
  explanation,
  "order",
  created_at,
  updated_at
) VALUES (
  'f74370d6-c3bf-4e29-80ac-d37aaee54af6', -- Generated UUID for the question
  'Hypothetical example: We are in the finance department and are giving an update. What is the best way for us to frame our presentation?',
  'f1a5a26a-5908-45e0-a33b-e7f121d851a9', -- Quiz ID
  'f1a5a26a-5908-45e0-a33b-e7f121d851a9', -- Quiz ID (duplicate)
  'single-answer',
  '',
  0,
  NOW(),
  NOW()
) ON CONFLICT (id) DO NOTHING; -- Skip if the question already exists

-- Insert option 1 for question 1
INSERT INTO payload.quiz_questions_options (
  id,
  _order,
  _parent_id,
  text,
  is_correct,
  created_at,
  updated_at
) VALUES (
  gen_random_uuid(),
  0,
  'f74370d6-c3bf-4e29-80ac-d37aaee54af6',
  'Finance update',
  false,
  NOW(),
  NOW()
) ON CONFLICT DO NOTHING; -- Skip if the option already exists

-- Insert option 2 for question 1
INSERT INTO payload.quiz_questions_options (
  id,
  _order,
  _parent_id,
  text,
  is_correct,
  created_at,
  updated_at
) VALUES (
  gen_random_uuid(),
  1,
  'f74370d6-c3bf-4e29-80ac-d37aaee54af6',
  'Cost cutting recommendations',
  false,
  NOW(),
  NOW()
) ON CONFLICT DO NOTHING; -- Skip if the option already exists

-- Insert option 3 for question 1
INSERT INTO payload.quiz_questions_options (
  id,
  _order,
  _parent_id,
  text,
  is_correct,
  created_at,
  updated_at
) VALUES (
  gen_random_uuid(),
  2,
  'f74370d6-c3bf-4e29-80ac-d37aaee54af6',
  'Quarterly review',
  false,
  NOW(),
  NOW()
) ON CONFLICT DO NOTHING; -- Skip if the option already exists

-- Insert option 4 for question 1
INSERT INTO payload.quiz_questions_options (
  id,
  _order,
  _parent_id,
  text,
  is_correct,
  created_at,
  updated_at
) VALUES (
  gen_random_uuid(),
  3,
  'f74370d6-c3bf-4e29-80ac-d37aaee54af6',
  'How did we perform last quarter, and what do we need to do differently?',
  true,
  NOW(),
  NOW()
) ON CONFLICT DO NOTHING; -- Skip if the option already exists

-- Create relationship entry for the question to the quiz
INSERT INTO payload.quiz_questions_rels (
  id,
  _parent_id,
  field,
  value,
  created_at,
  updated_at
) VALUES (
  gen_random_uuid(),
  'f74370d6-c3bf-4e29-80ac-d37aaee54af6',
  'quiz_id',
  'f1a5a26a-5908-45e0-a33b-e7f121d851a9',
  NOW(),
  NOW()
) ON CONFLICT DO NOTHING; -- Skip if the relationship already exists

-- Create bidirectional relationship entry for the quiz to the question
INSERT INTO payload.course_quizzes_rels (
  id,
  _parent_id,
  field,
  value,
  created_at,
  updated_at
) VALUES (
  gen_random_uuid(),
  'f1a5a26a-5908-45e0-a33b-e7f121d851a9',
  'questions',
  'f74370d6-c3bf-4e29-80ac-d37aaee54af6',
  NOW(),
  NOW()
) ON CONFLICT DO NOTHING; -- Skip if the relationship already exists

-- Insert question 2 for quiz: The Why (Introductions) Quiz
INSERT INTO payload.quiz_questions (
  id,
  question,
  quiz_id,
  quiz_id_id, -- Duplicate field for compatibility
  type,
  explanation,
  "order",
  created_at,
  updated_at
) VALUES (
  '3f80be4e-fb52-4b82-a085-f57c1b192c65', -- Generated UUID for the question
  'Why are we creating our presentation?',
  'f1a5a26a-5908-45e0-a33b-e7f121d851a9', -- Quiz ID
  'f1a5a26a-5908-45e0-a33b-e7f121d851a9', -- Quiz ID (duplicate)
  'single-answer',
  '',
  1,
  NOW(),
  NOW()
) ON CONFLICT (id) DO NOTHING; -- Skip if the question already exists

-- Insert option 1 for question 2
INSERT INTO payload.quiz_questions_options (
  id,
  _order,
  _parent_id,
  text,
  is_correct,
  created_at,
  updated_at
) VALUES (
  gen_random_uuid(),
  0,
  '3f80be4e-fb52-4b82-a085-f57c1b192c65',
  'To sell our product to a customer',
  false,
  NOW(),
  NOW()
) ON CONFLICT DO NOTHING; -- Skip if the option already exists

-- Insert option 2 for question 2
INSERT INTO payload.quiz_questions_options (
  id,
  _order,
  _parent_id,
  text,
  is_correct,
  created_at,
  updated_at
) VALUES (
  gen_random_uuid(),
  1,
  '3f80be4e-fb52-4b82-a085-f57c1b192c65',
  'To answer a question in the mind of our audience',
  true,
  NOW(),
  NOW()
) ON CONFLICT DO NOTHING; -- Skip if the option already exists

-- Insert option 3 for question 2
INSERT INTO payload.quiz_questions_options (
  id,
  _order,
  _parent_id,
  text,
  is_correct,
  created_at,
  updated_at
) VALUES (
  gen_random_uuid(),
  2,
  '3f80be4e-fb52-4b82-a085-f57c1b192c65',
  'To practice our PowerPoint skills',
  false,
  NOW(),
  NOW()
) ON CONFLICT DO NOTHING; -- Skip if the option already exists

-- Insert option 4 for question 2
INSERT INTO payload.quiz_questions_options (
  id,
  _order,
  _parent_id,
  text,
  is_correct,
  created_at,
  updated_at
) VALUES (
  gen_random_uuid(),
  3,
  '3f80be4e-fb52-4b82-a085-f57c1b192c65',
  'To raise money for our start-up',
  false,
  NOW(),
  NOW()
) ON CONFLICT DO NOTHING; -- Skip if the option already exists

-- Insert option 5 for question 2
INSERT INTO payload.quiz_questions_options (
  id,
  _order,
  _parent_id,
  text,
  is_correct,
  created_at,
  updated_at
) VALUES (
  gen_random_uuid(),
  4,
  '3f80be4e-fb52-4b82-a085-f57c1b192c65',
  'Becuase we have been asked to by our boss',
  false,
  NOW(),
  NOW()
) ON CONFLICT DO NOTHING; -- Skip if the option already exists

-- Create relationship entry for the question to the quiz
INSERT INTO payload.quiz_questions_rels (
  id,
  _parent_id,
  field,
  value,
  created_at,
  updated_at
) VALUES (
  gen_random_uuid(),
  '3f80be4e-fb52-4b82-a085-f57c1b192c65',
  'quiz_id',
  'f1a5a26a-5908-45e0-a33b-e7f121d851a9',
  NOW(),
  NOW()
) ON CONFLICT DO NOTHING; -- Skip if the relationship already exists

-- Create bidirectional relationship entry for the quiz to the question
INSERT INTO payload.course_quizzes_rels (
  id,
  _parent_id,
  field,
  value,
  created_at,
  updated_at
) VALUES (
  gen_random_uuid(),
  'f1a5a26a-5908-45e0-a33b-e7f121d851a9',
  'questions',
  '3f80be4e-fb52-4b82-a085-f57c1b192c65',
  NOW(),
  NOW()
) ON CONFLICT DO NOTHING; -- Skip if the relationship already exists

-- Insert question 3 for quiz: The Why (Introductions) Quiz
INSERT INTO payload.quiz_questions (
  id,
  question,
  quiz_id,
  quiz_id_id, -- Duplicate field for compatibility
  type,
  explanation,
  "order",
  created_at,
  updated_at
) VALUES (
  'fd66f31a-8e6e-48e5-bff7-c0869af4f256', -- Generated UUID for the question
  'What are they four parts to our introduction?',
  'f1a5a26a-5908-45e0-a33b-e7f121d851a9', -- Quiz ID
  'f1a5a26a-5908-45e0-a33b-e7f121d851a9', -- Quiz ID (duplicate)
  'multi-answer',
  '',
  2,
  NOW(),
  NOW()
) ON CONFLICT (id) DO NOTHING; -- Skip if the question already exists

-- Insert option 1 for question 3
INSERT INTO payload.quiz_questions_options (
  id,
  _order,
  _parent_id,
  text,
  is_correct,
  created_at,
  updated_at
) VALUES (
  gen_random_uuid(),
  0,
  'fd66f31a-8e6e-48e5-bff7-c0869af4f256',
  'Context',
  true,
  NOW(),
  NOW()
) ON CONFLICT DO NOTHING; -- Skip if the option already exists

-- Insert option 2 for question 3
INSERT INTO payload.quiz_questions_options (
  id,
  _order,
  _parent_id,
  text,
  is_correct,
  created_at,
  updated_at
) VALUES (
  gen_random_uuid(),
  1,
  'fd66f31a-8e6e-48e5-bff7-c0869af4f256',
  'Catalyst',
  true,
  NOW(),
  NOW()
) ON CONFLICT DO NOTHING; -- Skip if the option already exists

-- Insert option 3 for question 3
INSERT INTO payload.quiz_questions_options (
  id,
  _order,
  _parent_id,
  text,
  is_correct,
  created_at,
  updated_at
) VALUES (
  gen_random_uuid(),
  2,
  'fd66f31a-8e6e-48e5-bff7-c0869af4f256',
  'Beginning',
  false,
  NOW(),
  NOW()
) ON CONFLICT DO NOTHING; -- Skip if the option already exists

-- Insert option 4 for question 3
INSERT INTO payload.quiz_questions_options (
  id,
  _order,
  _parent_id,
  text,
  is_correct,
  created_at,
  updated_at
) VALUES (
  gen_random_uuid(),
  3,
  'fd66f31a-8e6e-48e5-bff7-c0869af4f256',
  'End',
  false,
  NOW(),
  NOW()
) ON CONFLICT DO NOTHING; -- Skip if the option already exists

-- Insert option 5 for question 3
INSERT INTO payload.quiz_questions_options (
  id,
  _order,
  _parent_id,
  text,
  is_correct,
  created_at,
  updated_at
) VALUES (
  gen_random_uuid(),
  4,
  'fd66f31a-8e6e-48e5-bff7-c0869af4f256',
  'Middle',
  false,
  NOW(),
  NOW()
) ON CONFLICT DO NOTHING; -- Skip if the option already exists

-- Insert option 6 for question 3
INSERT INTO payload.quiz_questions_options (
  id,
  _order,
  _parent_id,
  text,
  is_correct,
  created_at,
  updated_at
) VALUES (
  gen_random_uuid(),
  5,
  'fd66f31a-8e6e-48e5-bff7-c0869af4f256',
  'The Why',
  false,
  NOW(),
  NOW()
) ON CONFLICT DO NOTHING; -- Skip if the option already exists

-- Insert option 7 for question 3
INSERT INTO payload.quiz_questions_options (
  id,
  _order,
  _parent_id,
  text,
  is_correct,
  created_at,
  updated_at
) VALUES (
  gen_random_uuid(),
  6,
  'fd66f31a-8e6e-48e5-bff7-c0869af4f256',
  'Answer',
  true,
  NOW(),
  NOW()
) ON CONFLICT DO NOTHING; -- Skip if the option already exists

-- Insert option 8 for question 3
INSERT INTO payload.quiz_questions_options (
  id,
  _order,
  _parent_id,
  text,
  is_correct,
  created_at,
  updated_at
) VALUES (
  gen_random_uuid(),
  7,
  'fd66f31a-8e6e-48e5-bff7-c0869af4f256',
  'Question',
  true,
  NOW(),
  NOW()
) ON CONFLICT DO NOTHING; -- Skip if the option already exists

-- Create relationship entry for the question to the quiz
INSERT INTO payload.quiz_questions_rels (
  id,
  _parent_id,
  field,
  value,
  created_at,
  updated_at
) VALUES (
  gen_random_uuid(),
  'fd66f31a-8e6e-48e5-bff7-c0869af4f256',
  'quiz_id',
  'f1a5a26a-5908-45e0-a33b-e7f121d851a9',
  NOW(),
  NOW()
) ON CONFLICT DO NOTHING; -- Skip if the relationship already exists

-- Create bidirectional relationship entry for the quiz to the question
INSERT INTO payload.course_quizzes_rels (
  id,
  _parent_id,
  field,
  value,
  created_at,
  updated_at
) VALUES (
  gen_random_uuid(),
  'f1a5a26a-5908-45e0-a33b-e7f121d851a9',
  'questions',
  'fd66f31a-8e6e-48e5-bff7-c0869af4f256',
  NOW(),
  NOW()
) ON CONFLICT DO NOTHING; -- Skip if the relationship already exists

-- Insert question 4 for quiz: The Why (Introductions) Quiz
INSERT INTO payload.quiz_questions (
  id,
  question,
  quiz_id,
  quiz_id_id, -- Duplicate field for compatibility
  type,
  explanation,
  "order",
  created_at,
  updated_at
) VALUES (
  '2eb84de8-512a-40a7-a901-652a2c07ab35', -- Generated UUID for the question
  'What is the Context part of the Introduction?',
  'f1a5a26a-5908-45e0-a33b-e7f121d851a9', -- Quiz ID
  'f1a5a26a-5908-45e0-a33b-e7f121d851a9', -- Quiz ID (duplicate)
  'single-answer',
  '',
  3,
  NOW(),
  NOW()
) ON CONFLICT (id) DO NOTHING; -- Skip if the question already exists

-- Insert option 1 for question 4
INSERT INTO payload.quiz_questions_options (
  id,
  _order,
  _parent_id,
  text,
  is_correct,
  created_at,
  updated_at
) VALUES (
  gen_random_uuid(),
  0,
  '2eb84de8-512a-40a7-a901-652a2c07ab35',
  'The objective of the presentation',
  false,
  NOW(),
  NOW()
) ON CONFLICT DO NOTHING; -- Skip if the option already exists

-- Insert option 2 for question 4
INSERT INTO payload.quiz_questions_options (
  id,
  _order,
  _parent_id,
  text,
  is_correct,
  created_at,
  updated_at
) VALUES (
  gen_random_uuid(),
  1,
  '2eb84de8-512a-40a7-a901-652a2c07ab35',
  'The background to the presentation that includes facts already known to your audience',
  true,
  NOW(),
  NOW()
) ON CONFLICT DO NOTHING; -- Skip if the option already exists

-- Insert option 3 for question 4
INSERT INTO payload.quiz_questions_options (
  id,
  _order,
  _parent_id,
  text,
  is_correct,
  created_at,
  updated_at
) VALUES (
  gen_random_uuid(),
  2,
  '2eb84de8-512a-40a7-a901-652a2c07ab35',
  'The answer to the question',
  false,
  NOW(),
  NOW()
) ON CONFLICT DO NOTHING; -- Skip if the option already exists

-- Create relationship entry for the question to the quiz
INSERT INTO payload.quiz_questions_rels (
  id,
  _parent_id,
  field,
  value,
  created_at,
  updated_at
) VALUES (
  gen_random_uuid(),
  '2eb84de8-512a-40a7-a901-652a2c07ab35',
  'quiz_id',
  'f1a5a26a-5908-45e0-a33b-e7f121d851a9',
  NOW(),
  NOW()
) ON CONFLICT DO NOTHING; -- Skip if the relationship already exists

-- Create bidirectional relationship entry for the quiz to the question
INSERT INTO payload.course_quizzes_rels (
  id,
  _parent_id,
  field,
  value,
  created_at,
  updated_at
) VALUES (
  gen_random_uuid(),
  'f1a5a26a-5908-45e0-a33b-e7f121d851a9',
  'questions',
  '2eb84de8-512a-40a7-a901-652a2c07ab35',
  NOW(),
  NOW()
) ON CONFLICT DO NOTHING; -- Skip if the relationship already exists

-- Insert question 5 for quiz: The Why (Introductions) Quiz
INSERT INTO payload.quiz_questions (
  id,
  question,
  quiz_id,
  quiz_id_id, -- Duplicate field for compatibility
  type,
  explanation,
  "order",
  created_at,
  updated_at
) VALUES (
  '36db6720-4aaf-45c1-a791-eff74970d324', -- Generated UUID for the question
  'What is the Catalyst portion of the Introduction?',
  'f1a5a26a-5908-45e0-a33b-e7f121d851a9', -- Quiz ID
  'f1a5a26a-5908-45e0-a33b-e7f121d851a9', -- Quiz ID (duplicate)
  'multi-answer',
  '',
  4,
  NOW(),
  NOW()
) ON CONFLICT (id) DO NOTHING; -- Skip if the question already exists

-- Insert option 1 for question 5
INSERT INTO payload.quiz_questions_options (
  id,
  _order,
  _parent_id,
  text,
  is_correct,
  created_at,
  updated_at
) VALUES (
  gen_random_uuid(),
  0,
  '36db6720-4aaf-45c1-a791-eff74970d324',
  'An event or trigger, sometimes referred to as the complication',
  true,
  NOW(),
  NOW()
) ON CONFLICT DO NOTHING; -- Skip if the option already exists

-- Insert option 2 for question 5
INSERT INTO payload.quiz_questions_options (
  id,
  _order,
  _parent_id,
  text,
  is_correct,
  created_at,
  updated_at
) VALUES (
  gen_random_uuid(),
  1,
  '36db6720-4aaf-45c1-a791-eff74970d324',
  'The techniques that speed-up the development of a presentation',
  false,
  NOW(),
  NOW()
) ON CONFLICT DO NOTHING; -- Skip if the option already exists

-- Insert option 3 for question 5
INSERT INTO payload.quiz_questions_options (
  id,
  _order,
  _parent_id,
  text,
  is_correct,
  created_at,
  updated_at
) VALUES (
  gen_random_uuid(),
  2,
  '36db6720-4aaf-45c1-a791-eff74970d324',
  'A leading presentation development platform',
  false,
  NOW(),
  NOW()
) ON CONFLICT DO NOTHING; -- Skip if the option already exists

-- Insert option 4 for question 5
INSERT INTO payload.quiz_questions_options (
  id,
  _order,
  _parent_id,
  text,
  is_correct,
  created_at,
  updated_at
) VALUES (
  gen_random_uuid(),
  3,
  '36db6720-4aaf-45c1-a791-eff74970d324',
  'What happened or changed that created the need for you to write this presentation',
  true,
  NOW(),
  NOW()
) ON CONFLICT DO NOTHING; -- Skip if the option already exists

-- Create relationship entry for the question to the quiz
INSERT INTO payload.quiz_questions_rels (
  id,
  _parent_id,
  field,
  value,
  created_at,
  updated_at
) VALUES (
  gen_random_uuid(),
  '36db6720-4aaf-45c1-a791-eff74970d324',
  'quiz_id',
  'f1a5a26a-5908-45e0-a33b-e7f121d851a9',
  NOW(),
  NOW()
) ON CONFLICT DO NOTHING; -- Skip if the relationship already exists

-- Create bidirectional relationship entry for the quiz to the question
INSERT INTO payload.course_quizzes_rels (
  id,
  _parent_id,
  field,
  value,
  created_at,
  updated_at
) VALUES (
  gen_random_uuid(),
  'f1a5a26a-5908-45e0-a33b-e7f121d851a9',
  'questions',
  '36db6720-4aaf-45c1-a791-eff74970d324',
  NOW(),
  NOW()
) ON CONFLICT DO NOTHING; -- Skip if the relationship already exists

-- Insert question 6 for quiz: The Why (Introductions) Quiz
INSERT INTO payload.quiz_questions (
  id,
  question,
  quiz_id,
  quiz_id_id, -- Duplicate field for compatibility
  type,
  explanation,
  "order",
  created_at,
  updated_at
) VALUES (
  'a236f3c9-ff02-46e5-ae3a-c2b530e5f3f3', -- Generated UUID for the question
  'What is the Question portion of the Introduction?',
  'f1a5a26a-5908-45e0-a33b-e7f121d851a9', -- Quiz ID
  'f1a5a26a-5908-45e0-a33b-e7f121d851a9', -- Quiz ID (duplicate)
  'multi-answer',
  '',
  5,
  NOW(),
  NOW()
) ON CONFLICT (id) DO NOTHING; -- Skip if the question already exists

-- Insert option 1 for question 6
INSERT INTO payload.quiz_questions_options (
  id,
  _order,
  _parent_id,
  text,
  is_correct,
  created_at,
  updated_at
) VALUES (
  gen_random_uuid(),
  0,
  'a236f3c9-ff02-46e5-ae3a-c2b530e5f3f3',
  'What we are trying to plant in the mind of the audience with the context and catalyst portions of the Introduction',
  true,
  NOW(),
  NOW()
) ON CONFLICT DO NOTHING; -- Skip if the option already exists

-- Insert option 2 for question 6
INSERT INTO payload.quiz_questions_options (
  id,
  _order,
  _parent_id,
  text,
  is_correct,
  created_at,
  updated_at
) VALUES (
  gen_random_uuid(),
  1,
  'a236f3c9-ff02-46e5-ae3a-c2b530e5f3f3',
  'The natural question that arises in the mind of the audience',
  true,
  NOW(),
  NOW()
) ON CONFLICT DO NOTHING; -- Skip if the option already exists

-- Insert option 3 for question 6
INSERT INTO payload.quiz_questions_options (
  id,
  _order,
  _parent_id,
  text,
  is_correct,
  created_at,
  updated_at
) VALUES (
  gen_random_uuid(),
  2,
  'a236f3c9-ff02-46e5-ae3a-c2b530e5f3f3',
  'The ''topic'' of the presentation',
  true,
  NOW(),
  NOW()
) ON CONFLICT DO NOTHING; -- Skip if the option already exists

-- Create relationship entry for the question to the quiz
INSERT INTO payload.quiz_questions_rels (
  id,
  _parent_id,
  field,
  value,
  created_at,
  updated_at
) VALUES (
  gen_random_uuid(),
  'a236f3c9-ff02-46e5-ae3a-c2b530e5f3f3',
  'quiz_id',
  'f1a5a26a-5908-45e0-a33b-e7f121d851a9',
  NOW(),
  NOW()
) ON CONFLICT DO NOTHING; -- Skip if the relationship already exists

-- Create bidirectional relationship entry for the quiz to the question
INSERT INTO payload.course_quizzes_rels (
  id,
  _parent_id,
  field,
  value,
  created_at,
  updated_at
) VALUES (
  gen_random_uuid(),
  'f1a5a26a-5908-45e0-a33b-e7f121d851a9',
  'questions',
  'a236f3c9-ff02-46e5-ae3a-c2b530e5f3f3',
  NOW(),
  NOW()
) ON CONFLICT DO NOTHING; -- Skip if the relationship already exists

-- Questions for quiz: Our Process Quiz (our-process-quiz, ID: f3664950-fa24-458f-8017-7d5a70289b03)
-- Insert question 1 for quiz: Our Process Quiz
INSERT INTO payload.quiz_questions (
  id,
  question,
  quiz_id,
  quiz_id_id, -- Duplicate field for compatibility
  type,
  explanation,
  "order",
  created_at,
  updated_at
) VALUES (
  'c603e055-1a61-4105-8250-17260d2ae093', -- Generated UUID for the question
  'Why is it important to follow a process to develop a presentation?',
  'f3664950-fa24-458f-8017-7d5a70289b03', -- Quiz ID
  'f3664950-fa24-458f-8017-7d5a70289b03', -- Quiz ID (duplicate)
  'single-answer',
  '',
  0,
  NOW(),
  NOW()
) ON CONFLICT (id) DO NOTHING; -- Skip if the question already exists

-- Insert option 1 for question 1
INSERT INTO payload.quiz_questions_options (
  id,
  _order,
  _parent_id,
  text,
  is_correct,
  created_at,
  updated_at
) VALUES (
  gen_random_uuid(),
  0,
  'c603e055-1a61-4105-8250-17260d2ae093',
  'If you are really good, you don''t need to follow a process!',
  false,
  NOW(),
  NOW()
) ON CONFLICT DO NOTHING; -- Skip if the option already exists

-- Insert option 2 for question 1
INSERT INTO payload.quiz_questions_options (
  id,
  _order,
  _parent_id,
  text,
  is_correct,
  created_at,
  updated_at
) VALUES (
  gen_random_uuid(),
  1,
  'c603e055-1a61-4105-8250-17260d2ae093',
  'Because creating presentations is all about left brain thinking',
  false,
  NOW(),
  NOW()
) ON CONFLICT DO NOTHING; -- Skip if the option already exists

-- Insert option 3 for question 1
INSERT INTO payload.quiz_questions_options (
  id,
  _order,
  _parent_id,
  text,
  is_correct,
  created_at,
  updated_at
) VALUES (
  gen_random_uuid(),
  2,
  'c603e055-1a61-4105-8250-17260d2ae093',
  'Because there is not such thing as creativity',
  false,
  NOW(),
  NOW()
) ON CONFLICT DO NOTHING; -- Skip if the option already exists

-- Insert option 4 for question 1
INSERT INTO payload.quiz_questions_options (
  id,
  _order,
  _parent_id,
  text,
  is_correct,
  created_at,
  updated_at
) VALUES (
  gen_random_uuid(),
  3,
  'c603e055-1a61-4105-8250-17260d2ae093',
  'Because it is very easy to focus on the wrong thing, and be led astray',
  true,
  NOW(),
  NOW()
) ON CONFLICT DO NOTHING; -- Skip if the option already exists

-- Create relationship entry for the question to the quiz
INSERT INTO payload.quiz_questions_rels (
  id,
  _parent_id,
  field,
  value,
  created_at,
  updated_at
) VALUES (
  gen_random_uuid(),
  'c603e055-1a61-4105-8250-17260d2ae093',
  'quiz_id',
  'f3664950-fa24-458f-8017-7d5a70289b03',
  NOW(),
  NOW()
) ON CONFLICT DO NOTHING; -- Skip if the relationship already exists

-- Create bidirectional relationship entry for the quiz to the question
INSERT INTO payload.course_quizzes_rels (
  id,
  _parent_id,
  field,
  value,
  created_at,
  updated_at
) VALUES (
  gen_random_uuid(),
  'f3664950-fa24-458f-8017-7d5a70289b03',
  'questions',
  'c603e055-1a61-4105-8250-17260d2ae093',
  NOW(),
  NOW()
) ON CONFLICT DO NOTHING; -- Skip if the relationship already exists

-- Insert question 2 for quiz: Our Process Quiz
INSERT INTO payload.quiz_questions (
  id,
  question,
  quiz_id,
  quiz_id_id, -- Duplicate field for compatibility
  type,
  explanation,
  "order",
  created_at,
  updated_at
) VALUES (
  '163f21f8-c72f-4327-98b4-345841f84a31', -- Generated UUID for the question
  'What is the 1st step of our process?',
  'f3664950-fa24-458f-8017-7d5a70289b03', -- Quiz ID
  'f3664950-fa24-458f-8017-7d5a70289b03', -- Quiz ID (duplicate)
  'single-answer',
  '',
  1,
  NOW(),
  NOW()
) ON CONFLICT (id) DO NOTHING; -- Skip if the question already exists

-- Insert option 1 for question 2
INSERT INTO payload.quiz_questions_options (
  id,
  _order,
  _parent_id,
  text,
  is_correct,
  created_at,
  updated_at
) VALUES (
  gen_random_uuid(),
  0,
  '163f21f8-c72f-4327-98b4-345841f84a31',
  'Who is our audience?',
  true,
  NOW(),
  NOW()
) ON CONFLICT DO NOTHING; -- Skip if the option already exists

-- Insert option 2 for question 2
INSERT INTO payload.quiz_questions_options (
  id,
  _order,
  _parent_id,
  text,
  is_correct,
  created_at,
  updated_at
) VALUES (
  gen_random_uuid(),
  1,
  '163f21f8-c72f-4327-98b4-345841f84a31',
  'Why are we speaking to our audience (identify their question)?',
  false,
  NOW(),
  NOW()
) ON CONFLICT DO NOTHING; -- Skip if the option already exists

-- Insert option 3 for question 2
INSERT INTO payload.quiz_questions_options (
  id,
  _order,
  _parent_id,
  text,
  is_correct,
  created_at,
  updated_at
) VALUES (
  gen_random_uuid(),
  2,
  '163f21f8-c72f-4327-98b4-345841f84a31',
  'What is our answer?',
  false,
  NOW(),
  NOW()
) ON CONFLICT DO NOTHING; -- Skip if the option already exists

-- Insert option 4 for question 2
INSERT INTO payload.quiz_questions_options (
  id,
  _order,
  _parent_id,
  text,
  is_correct,
  created_at,
  updated_at
) VALUES (
  gen_random_uuid(),
  3,
  '163f21f8-c72f-4327-98b4-345841f84a31',
  'How will we deliver this presentation?',
  false,
  NOW(),
  NOW()
) ON CONFLICT DO NOTHING; -- Skip if the option already exists

-- Create relationship entry for the question to the quiz
INSERT INTO payload.quiz_questions_rels (
  id,
  _parent_id,
  field,
  value,
  created_at,
  updated_at
) VALUES (
  gen_random_uuid(),
  '163f21f8-c72f-4327-98b4-345841f84a31',
  'quiz_id',
  'f3664950-fa24-458f-8017-7d5a70289b03',
  NOW(),
  NOW()
) ON CONFLICT DO NOTHING; -- Skip if the relationship already exists

-- Create bidirectional relationship entry for the quiz to the question
INSERT INTO payload.course_quizzes_rels (
  id,
  _parent_id,
  field,
  value,
  created_at,
  updated_at
) VALUES (
  gen_random_uuid(),
  'f3664950-fa24-458f-8017-7d5a70289b03',
  'questions',
  '163f21f8-c72f-4327-98b4-345841f84a31',
  NOW(),
  NOW()
) ON CONFLICT DO NOTHING; -- Skip if the relationship already exists

-- Insert question 3 for quiz: Our Process Quiz
INSERT INTO payload.quiz_questions (
  id,
  question,
  quiz_id,
  quiz_id_id, -- Duplicate field for compatibility
  type,
  explanation,
  "order",
  created_at,
  updated_at
) VALUES (
  'ddaf5edc-f36a-49ca-a3b7-1a7726c38f37', -- Generated UUID for the question
  'What is the 2nd step of our process?',
  'f3664950-fa24-458f-8017-7d5a70289b03', -- Quiz ID
  'f3664950-fa24-458f-8017-7d5a70289b03', -- Quiz ID (duplicate)
  'single-answer',
  '',
  2,
  NOW(),
  NOW()
) ON CONFLICT (id) DO NOTHING; -- Skip if the question already exists

-- Insert option 1 for question 3
INSERT INTO payload.quiz_questions_options (
  id,
  _order,
  _parent_id,
  text,
  is_correct,
  created_at,
  updated_at
) VALUES (
  gen_random_uuid(),
  0,
  'ddaf5edc-f36a-49ca-a3b7-1a7726c38f37',
  'Who is our audience?',
  false,
  NOW(),
  NOW()
) ON CONFLICT DO NOTHING; -- Skip if the option already exists

-- Insert option 2 for question 3
INSERT INTO payload.quiz_questions_options (
  id,
  _order,
  _parent_id,
  text,
  is_correct,
  created_at,
  updated_at
) VALUES (
  gen_random_uuid(),
  1,
  'ddaf5edc-f36a-49ca-a3b7-1a7726c38f37',
  'Why are we speaking to our audience (identify their question)?',
  true,
  NOW(),
  NOW()
) ON CONFLICT DO NOTHING; -- Skip if the option already exists

-- Insert option 3 for question 3
INSERT INTO payload.quiz_questions_options (
  id,
  _order,
  _parent_id,
  text,
  is_correct,
  created_at,
  updated_at
) VALUES (
  gen_random_uuid(),
  2,
  'ddaf5edc-f36a-49ca-a3b7-1a7726c38f37',
  'What is our answer?',
  false,
  NOW(),
  NOW()
) ON CONFLICT DO NOTHING; -- Skip if the option already exists

-- Insert option 4 for question 3
INSERT INTO payload.quiz_questions_options (
  id,
  _order,
  _parent_id,
  text,
  is_correct,
  created_at,
  updated_at
) VALUES (
  gen_random_uuid(),
  3,
  'ddaf5edc-f36a-49ca-a3b7-1a7726c38f37',
  'How will we deliver this presentation?',
  false,
  NOW(),
  NOW()
) ON CONFLICT DO NOTHING; -- Skip if the option already exists

-- Create relationship entry for the question to the quiz
INSERT INTO payload.quiz_questions_rels (
  id,
  _parent_id,
  field,
  value,
  created_at,
  updated_at
) VALUES (
  gen_random_uuid(),
  'ddaf5edc-f36a-49ca-a3b7-1a7726c38f37',
  'quiz_id',
  'f3664950-fa24-458f-8017-7d5a70289b03',
  NOW(),
  NOW()
) ON CONFLICT DO NOTHING; -- Skip if the relationship already exists

-- Create bidirectional relationship entry for the quiz to the question
INSERT INTO payload.course_quizzes_rels (
  id,
  _parent_id,
  field,
  value,
  created_at,
  updated_at
) VALUES (
  gen_random_uuid(),
  'f3664950-fa24-458f-8017-7d5a70289b03',
  'questions',
  'ddaf5edc-f36a-49ca-a3b7-1a7726c38f37',
  NOW(),
  NOW()
) ON CONFLICT DO NOTHING; -- Skip if the relationship already exists

-- Insert question 4 for quiz: Our Process Quiz
INSERT INTO payload.quiz_questions (
  id,
  question,
  quiz_id,
  quiz_id_id, -- Duplicate field for compatibility
  type,
  explanation,
  "order",
  created_at,
  updated_at
) VALUES (
  '9163c758-5851-40d9-b005-f1a79c56f85a', -- Generated UUID for the question
  'What is the 3rd step of our process?',
  'f3664950-fa24-458f-8017-7d5a70289b03', -- Quiz ID
  'f3664950-fa24-458f-8017-7d5a70289b03', -- Quiz ID (duplicate)
  'single-answer',
  '',
  3,
  NOW(),
  NOW()
) ON CONFLICT (id) DO NOTHING; -- Skip if the question already exists

-- Insert option 1 for question 4
INSERT INTO payload.quiz_questions_options (
  id,
  _order,
  _parent_id,
  text,
  is_correct,
  created_at,
  updated_at
) VALUES (
  gen_random_uuid(),
  0,
  '9163c758-5851-40d9-b005-f1a79c56f85a',
  'Who is our audience?',
  false,
  NOW(),
  NOW()
) ON CONFLICT DO NOTHING; -- Skip if the option already exists

-- Insert option 2 for question 4
INSERT INTO payload.quiz_questions_options (
  id,
  _order,
  _parent_id,
  text,
  is_correct,
  created_at,
  updated_at
) VALUES (
  gen_random_uuid(),
  1,
  '9163c758-5851-40d9-b005-f1a79c56f85a',
  'Why are we speaking to our audience (identify their question)?',
  false,
  NOW(),
  NOW()
) ON CONFLICT DO NOTHING; -- Skip if the option already exists

-- Insert option 3 for question 4
INSERT INTO payload.quiz_questions_options (
  id,
  _order,
  _parent_id,
  text,
  is_correct,
  created_at,
  updated_at
) VALUES (
  gen_random_uuid(),
  2,
  '9163c758-5851-40d9-b005-f1a79c56f85a',
  'What is our answer?',
  true,
  NOW(),
  NOW()
) ON CONFLICT DO NOTHING; -- Skip if the option already exists

-- Insert option 4 for question 4
INSERT INTO payload.quiz_questions_options (
  id,
  _order,
  _parent_id,
  text,
  is_correct,
  created_at,
  updated_at
) VALUES (
  gen_random_uuid(),
  3,
  '9163c758-5851-40d9-b005-f1a79c56f85a',
  'How will we deliver this presentation?',
  false,
  NOW(),
  NOW()
) ON CONFLICT DO NOTHING; -- Skip if the option already exists

-- Create relationship entry for the question to the quiz
INSERT INTO payload.quiz_questions_rels (
  id,
  _parent_id,
  field,
  value,
  created_at,
  updated_at
) VALUES (
  gen_random_uuid(),
  '9163c758-5851-40d9-b005-f1a79c56f85a',
  'quiz_id',
  'f3664950-fa24-458f-8017-7d5a70289b03',
  NOW(),
  NOW()
) ON CONFLICT DO NOTHING; -- Skip if the relationship already exists

-- Create bidirectional relationship entry for the quiz to the question
INSERT INTO payload.course_quizzes_rels (
  id,
  _parent_id,
  field,
  value,
  created_at,
  updated_at
) VALUES (
  gen_random_uuid(),
  'f3664950-fa24-458f-8017-7d5a70289b03',
  'questions',
  '9163c758-5851-40d9-b005-f1a79c56f85a',
  NOW(),
  NOW()
) ON CONFLICT DO NOTHING; -- Skip if the relationship already exists

-- Insert question 5 for quiz: Our Process Quiz
INSERT INTO payload.quiz_questions (
  id,
  question,
  quiz_id,
  quiz_id_id, -- Duplicate field for compatibility
  type,
  explanation,
  "order",
  created_at,
  updated_at
) VALUES (
  'ac7e592d-25c4-4351-930e-6f33e8e0dad6', -- Generated UUID for the question
  'What is the 4th step of our process?',
  'f3664950-fa24-458f-8017-7d5a70289b03', -- Quiz ID
  'f3664950-fa24-458f-8017-7d5a70289b03', -- Quiz ID (duplicate)
  'single-answer',
  '',
  4,
  NOW(),
  NOW()
) ON CONFLICT (id) DO NOTHING; -- Skip if the question already exists

-- Insert option 1 for question 5
INSERT INTO payload.quiz_questions_options (
  id,
  _order,
  _parent_id,
  text,
  is_correct,
  created_at,
  updated_at
) VALUES (
  gen_random_uuid(),
  0,
  'ac7e592d-25c4-4351-930e-6f33e8e0dad6',
  'Who is our audience?',
  false,
  NOW(),
  NOW()
) ON CONFLICT DO NOTHING; -- Skip if the option already exists

-- Insert option 2 for question 5
INSERT INTO payload.quiz_questions_options (
  id,
  _order,
  _parent_id,
  text,
  is_correct,
  created_at,
  updated_at
) VALUES (
  gen_random_uuid(),
  1,
  'ac7e592d-25c4-4351-930e-6f33e8e0dad6',
  'Why are we speaking to our audience (identify their question)?',
  false,
  NOW(),
  NOW()
) ON CONFLICT DO NOTHING; -- Skip if the option already exists

-- Insert option 3 for question 5
INSERT INTO payload.quiz_questions_options (
  id,
  _order,
  _parent_id,
  text,
  is_correct,
  created_at,
  updated_at
) VALUES (
  gen_random_uuid(),
  2,
  'ac7e592d-25c4-4351-930e-6f33e8e0dad6',
  'What is our answer?',
  false,
  NOW(),
  NOW()
) ON CONFLICT DO NOTHING; -- Skip if the option already exists

-- Insert option 4 for question 5
INSERT INTO payload.quiz_questions_options (
  id,
  _order,
  _parent_id,
  text,
  is_correct,
  created_at,
  updated_at
) VALUES (
  gen_random_uuid(),
  3,
  'ac7e592d-25c4-4351-930e-6f33e8e0dad6',
  'How will we deliver this presentation?',
  true,
  NOW(),
  NOW()
) ON CONFLICT DO NOTHING; -- Skip if the option already exists

-- Create relationship entry for the question to the quiz
INSERT INTO payload.quiz_questions_rels (
  id,
  _parent_id,
  field,
  value,
  created_at,
  updated_at
) VALUES (
  gen_random_uuid(),
  'ac7e592d-25c4-4351-930e-6f33e8e0dad6',
  'quiz_id',
  'f3664950-fa24-458f-8017-7d5a70289b03',
  NOW(),
  NOW()
) ON CONFLICT DO NOTHING; -- Skip if the relationship already exists

-- Create bidirectional relationship entry for the quiz to the question
INSERT INTO payload.course_quizzes_rels (
  id,
  _parent_id,
  field,
  value,
  created_at,
  updated_at
) VALUES (
  gen_random_uuid(),
  'f3664950-fa24-458f-8017-7d5a70289b03',
  'questions',
  'ac7e592d-25c4-4351-930e-6f33e8e0dad6',
  NOW(),
  NOW()
) ON CONFLICT DO NOTHING; -- Skip if the relationship already exists

-- Insert question 6 for quiz: Our Process Quiz
INSERT INTO payload.quiz_questions (
  id,
  question,
  quiz_id,
  quiz_id_id, -- Duplicate field for compatibility
  type,
  explanation,
  "order",
  created_at,
  updated_at
) VALUES (
  '2941466a-bd4d-4e22-9a3c-4b5464818ae3', -- Generated UUID for the question
  'Our first step is ''The Who''. What do we mean by this?',
  'f3664950-fa24-458f-8017-7d5a70289b03', -- Quiz ID
  'f3664950-fa24-458f-8017-7d5a70289b03', -- Quiz ID (duplicate)
  'single-answer',
  '',
  5,
  NOW(),
  NOW()
) ON CONFLICT (id) DO NOTHING; -- Skip if the question already exists

-- Insert option 1 for question 6
INSERT INTO payload.quiz_questions_options (
  id,
  _order,
  _parent_id,
  text,
  is_correct,
  created_at,
  updated_at
) VALUES (
  gen_random_uuid(),
  0,
  '2941466a-bd4d-4e22-9a3c-4b5464818ae3',
  'Determine who your audience truly is. Who are you speaking to?',
  true,
  NOW(),
  NOW()
) ON CONFLICT DO NOTHING; -- Skip if the option already exists

-- Insert option 2 for question 6
INSERT INTO payload.quiz_questions_options (
  id,
  _order,
  _parent_id,
  text,
  is_correct,
  created_at,
  updated_at
) VALUES (
  gen_random_uuid(),
  1,
  '2941466a-bd4d-4e22-9a3c-4b5464818ae3',
  'The Who is a famous English rock band',
  false,
  NOW(),
  NOW()
) ON CONFLICT DO NOTHING; -- Skip if the option already exists

-- Insert option 3 for question 6
INSERT INTO payload.quiz_questions_options (
  id,
  _order,
  _parent_id,
  text,
  is_correct,
  created_at,
  updated_at
) VALUES (
  gen_random_uuid(),
  2,
  '2941466a-bd4d-4e22-9a3c-4b5464818ae3',
  'Determining our answer to a key question',
  false,
  NOW(),
  NOW()
) ON CONFLICT DO NOTHING; -- Skip if the option already exists

-- Create relationship entry for the question to the quiz
INSERT INTO payload.quiz_questions_rels (
  id,
  _parent_id,
  field,
  value,
  created_at,
  updated_at
) VALUES (
  gen_random_uuid(),
  '2941466a-bd4d-4e22-9a3c-4b5464818ae3',
  'quiz_id',
  'f3664950-fa24-458f-8017-7d5a70289b03',
  NOW(),
  NOW()
) ON CONFLICT DO NOTHING; -- Skip if the relationship already exists

-- Create bidirectional relationship entry for the quiz to the question
INSERT INTO payload.course_quizzes_rels (
  id,
  _parent_id,
  field,
  value,
  created_at,
  updated_at
) VALUES (
  gen_random_uuid(),
  'f3664950-fa24-458f-8017-7d5a70289b03',
  'questions',
  '2941466a-bd4d-4e22-9a3c-4b5464818ae3',
  NOW(),
  NOW()
) ON CONFLICT DO NOTHING; -- Skip if the relationship already exists

-- Insert question 7 for quiz: Our Process Quiz
INSERT INTO payload.quiz_questions (
  id,
  question,
  quiz_id,
  quiz_id_id, -- Duplicate field for compatibility
  type,
  explanation,
  "order",
  created_at,
  updated_at
) VALUES (
  '6d2623d3-8f7a-4333-a30a-bb0bc8cd1c26', -- Generated UUID for the question
  'The second step in our process is ''The Why''. What do we mean by this?',
  'f3664950-fa24-458f-8017-7d5a70289b03', -- Quiz ID
  'f3664950-fa24-458f-8017-7d5a70289b03', -- Quiz ID (duplicate)
  'single-answer',
  '',
  6,
  NOW(),
  NOW()
) ON CONFLICT (id) DO NOTHING; -- Skip if the question already exists

-- Insert option 1 for question 7
INSERT INTO payload.quiz_questions_options (
  id,
  _order,
  _parent_id,
  text,
  is_correct,
  created_at,
  updated_at
) VALUES (
  gen_random_uuid(),
  0,
  '6d2623d3-8f7a-4333-a30a-bb0bc8cd1c26',
  'Determine the question inside the mind of our audience and what we want the audience to do a the end',
  true,
  NOW(),
  NOW()
) ON CONFLICT DO NOTHING; -- Skip if the option already exists

-- Insert option 2 for question 7
INSERT INTO payload.quiz_questions_options (
  id,
  _order,
  _parent_id,
  text,
  is_correct,
  created_at,
  updated_at
) VALUES (
  gen_random_uuid(),
  1,
  '6d2623d3-8f7a-4333-a30a-bb0bc8cd1c26',
  'Determine our personal objective from creating the presentation',
  false,
  NOW(),
  NOW()
) ON CONFLICT DO NOTHING; -- Skip if the option already exists

-- Insert option 3 for question 7
INSERT INTO payload.quiz_questions_options (
  id,
  _order,
  _parent_id,
  text,
  is_correct,
  created_at,
  updated_at
) VALUES (
  gen_random_uuid(),
  2,
  '6d2623d3-8f7a-4333-a30a-bb0bc8cd1c26',
  'A process of deep existential soul searching to ensure you are a confident speaker',
  false,
  NOW(),
  NOW()
) ON CONFLICT DO NOTHING; -- Skip if the option already exists

-- Create relationship entry for the question to the quiz
INSERT INTO payload.quiz_questions_rels (
  id,
  _parent_id,
  field,
  value,
  created_at,
  updated_at
) VALUES (
  gen_random_uuid(),
  '6d2623d3-8f7a-4333-a30a-bb0bc8cd1c26',
  'quiz_id',
  'f3664950-fa24-458f-8017-7d5a70289b03',
  NOW(),
  NOW()
) ON CONFLICT DO NOTHING; -- Skip if the relationship already exists

-- Create bidirectional relationship entry for the quiz to the question
INSERT INTO payload.course_quizzes_rels (
  id,
  _parent_id,
  field,
  value,
  created_at,
  updated_at
) VALUES (
  gen_random_uuid(),
  'f3664950-fa24-458f-8017-7d5a70289b03',
  'questions',
  '6d2623d3-8f7a-4333-a30a-bb0bc8cd1c26',
  NOW(),
  NOW()
) ON CONFLICT DO NOTHING; -- Skip if the relationship already exists

-- Insert question 8 for quiz: Our Process Quiz
INSERT INTO payload.quiz_questions (
  id,
  question,
  quiz_id,
  quiz_id_id, -- Duplicate field for compatibility
  type,
  explanation,
  "order",
  created_at,
  updated_at
) VALUES (
  '06b251c5-8aaa-47a9-8459-eea2a033a572', -- Generated UUID for the question
  'The third step in our process is ''The What''. What does ''The What'' focus on?',
  'f3664950-fa24-458f-8017-7d5a70289b03', -- Quiz ID
  'f3664950-fa24-458f-8017-7d5a70289b03', -- Quiz ID (duplicate)
  'single-answer',
  '',
  7,
  NOW(),
  NOW()
) ON CONFLICT (id) DO NOTHING; -- Skip if the question already exists

-- Insert option 1 for question 8
INSERT INTO payload.quiz_questions_options (
  id,
  _order,
  _parent_id,
  text,
  is_correct,
  created_at,
  updated_at
) VALUES (
  gen_random_uuid(),
  0,
  '06b251c5-8aaa-47a9-8459-eea2a033a572',
  'Themes from Biggie Smalls'' debut album ''Ready to Die'' which featured ''The What'' on track 9',
  false,
  NOW(),
  NOW()
) ON CONFLICT DO NOTHING; -- Skip if the option already exists

-- Insert option 2 for question 8
INSERT INTO payload.quiz_questions_options (
  id,
  _order,
  _parent_id,
  text,
  is_correct,
  created_at,
  updated_at
) VALUES (
  gen_random_uuid(),
  1,
  '06b251c5-8aaa-47a9-8459-eea2a033a572',
  'Determining what types of slides we need to create',
  false,
  NOW(),
  NOW()
) ON CONFLICT DO NOTHING; -- Skip if the option already exists

-- Insert option 3 for question 8
INSERT INTO payload.quiz_questions_options (
  id,
  _order,
  _parent_id,
  text,
  is_correct,
  created_at,
  updated_at
) VALUES (
  gen_random_uuid(),
  2,
  '06b251c5-8aaa-47a9-8459-eea2a033a572',
  'Determining what it is we want our Audience to do as a result of the presentation',
  false,
  NOW(),
  NOW()
) ON CONFLICT DO NOTHING; -- Skip if the option already exists

-- Insert option 4 for question 8
INSERT INTO payload.quiz_questions_options (
  id,
  _order,
  _parent_id,
  text,
  is_correct,
  created_at,
  updated_at
) VALUES (
  gen_random_uuid(),
  3,
  '06b251c5-8aaa-47a9-8459-eea2a033a572',
  'Determining the answer to the question that has been planted in the mind of the audience',
  true,
  NOW(),
  NOW()
) ON CONFLICT DO NOTHING; -- Skip if the option already exists

-- Create relationship entry for the question to the quiz
INSERT INTO payload.quiz_questions_rels (
  id,
  _parent_id,
  field,
  value,
  created_at,
  updated_at
) VALUES (
  gen_random_uuid(),
  '06b251c5-8aaa-47a9-8459-eea2a033a572',
  'quiz_id',
  'f3664950-fa24-458f-8017-7d5a70289b03',
  NOW(),
  NOW()
) ON CONFLICT DO NOTHING; -- Skip if the relationship already exists

-- Create bidirectional relationship entry for the quiz to the question
INSERT INTO payload.course_quizzes_rels (
  id,
  _parent_id,
  field,
  value,
  created_at,
  updated_at
) VALUES (
  gen_random_uuid(),
  'f3664950-fa24-458f-8017-7d5a70289b03',
  'questions',
  '06b251c5-8aaa-47a9-8459-eea2a033a572',
  NOW(),
  NOW()
) ON CONFLICT DO NOTHING; -- Skip if the relationship already exists

-- Insert question 9 for quiz: Our Process Quiz
INSERT INTO payload.quiz_questions (
  id,
  question,
  quiz_id,
  quiz_id_id, -- Duplicate field for compatibility
  type,
  explanation,
  "order",
  created_at,
  updated_at
) VALUES (
  'bd5c7345-b57b-431b-8555-5eddcfdf9d1f', -- Generated UUID for the question
  'The final step in our process is ''The How''. What is the focus of ''The How''?',
  'f3664950-fa24-458f-8017-7d5a70289b03', -- Quiz ID
  'f3664950-fa24-458f-8017-7d5a70289b03', -- Quiz ID (duplicate)
  'single-answer',
  '',
  8,
  NOW(),
  NOW()
) ON CONFLICT (id) DO NOTHING; -- Skip if the question already exists

-- Insert option 1 for question 9
INSERT INTO payload.quiz_questions_options (
  id,
  _order,
  _parent_id,
  text,
  is_correct,
  created_at,
  updated_at
) VALUES (
  gen_random_uuid(),
  0,
  'bd5c7345-b57b-431b-8555-5eddcfdf9d1f',
  'How to create beautiful slides',
  false,
  NOW(),
  NOW()
) ON CONFLICT DO NOTHING; -- Skip if the option already exists

-- Insert option 2 for question 9
INSERT INTO payload.quiz_questions_options (
  id,
  _order,
  _parent_id,
  text,
  is_correct,
  created_at,
  updated_at
) VALUES (
  gen_random_uuid(),
  1,
  'bd5c7345-b57b-431b-8555-5eddcfdf9d1f',
  'How to answer our audience''s question',
  false,
  NOW(),
  NOW()
) ON CONFLICT DO NOTHING; -- Skip if the option already exists

-- Insert option 3 for question 9
INSERT INTO payload.quiz_questions_options (
  id,
  _order,
  _parent_id,
  text,
  is_correct,
  created_at,
  updated_at
) VALUES (
  gen_random_uuid(),
  2,
  'bd5c7345-b57b-431b-8555-5eddcfdf9d1f',
  'This is how we do it!',
  false,
  NOW(),
  NOW()
) ON CONFLICT DO NOTHING; -- Skip if the option already exists

-- Insert option 4 for question 9
INSERT INTO payload.quiz_questions_options (
  id,
  _order,
  _parent_id,
  text,
  is_correct,
  created_at,
  updated_at
) VALUES (
  gen_random_uuid(),
  3,
  'bd5c7345-b57b-431b-8555-5eddcfdf9d1f',
  'How we will deliver the presentation',
  true,
  NOW(),
  NOW()
) ON CONFLICT DO NOTHING; -- Skip if the option already exists

-- Create relationship entry for the question to the quiz
INSERT INTO payload.quiz_questions_rels (
  id,
  _parent_id,
  field,
  value,
  created_at,
  updated_at
) VALUES (
  gen_random_uuid(),
  'bd5c7345-b57b-431b-8555-5eddcfdf9d1f',
  'quiz_id',
  'f3664950-fa24-458f-8017-7d5a70289b03',
  NOW(),
  NOW()
) ON CONFLICT DO NOTHING; -- Skip if the relationship already exists

-- Create bidirectional relationship entry for the quiz to the question
INSERT INTO payload.course_quizzes_rels (
  id,
  _parent_id,
  field,
  value,
  created_at,
  updated_at
) VALUES (
  gen_random_uuid(),
  'f3664950-fa24-458f-8017-7d5a70289b03',
  'questions',
  'bd5c7345-b57b-431b-8555-5eddcfdf9d1f',
  NOW(),
  NOW()
) ON CONFLICT DO NOTHING; -- Skip if the relationship already exists

-- Questions for quiz: Overview of the Fundamental Elements of Design Quiz (overview-elements-of-design-quiz, ID: ad27c486-bfd4-4675-8553-5ee0b1c004e4)
-- Insert question 1 for quiz: Overview of the Fundamental Elements of Design Quiz
INSERT INTO payload.quiz_questions (
  id,
  question,
  quiz_id,
  quiz_id_id, -- Duplicate field for compatibility
  type,
  explanation,
  "order",
  created_at,
  updated_at
) VALUES (
  'a6387ecd-7395-46fe-a4fe-ec3ba77c6092', -- Generated UUID for the question
  'What are some of the fundamental elements and principles of design?',
  'ad27c486-bfd4-4675-8553-5ee0b1c004e4', -- Quiz ID
  'ad27c486-bfd4-4675-8553-5ee0b1c004e4', -- Quiz ID (duplicate)
  'multi-answer',
  '',
  0,
  NOW(),
  NOW()
) ON CONFLICT (id) DO NOTHING; -- Skip if the question already exists

-- Insert option 1 for question 1
INSERT INTO payload.quiz_questions_options (
  id,
  _order,
  _parent_id,
  text,
  is_correct,
  created_at,
  updated_at
) VALUES (
  gen_random_uuid(),
  0,
  'a6387ecd-7395-46fe-a4fe-ec3ba77c6092',
  'Shape & Form',
  true,
  NOW(),
  NOW()
) ON CONFLICT DO NOTHING; -- Skip if the option already exists

-- Insert option 2 for question 1
INSERT INTO payload.quiz_questions_options (
  id,
  _order,
  _parent_id,
  text,
  is_correct,
  created_at,
  updated_at
) VALUES (
  gen_random_uuid(),
  1,
  'a6387ecd-7395-46fe-a4fe-ec3ba77c6092',
  'Rick Astley',
  false,
  NOW(),
  NOW()
) ON CONFLICT DO NOTHING; -- Skip if the option already exists

-- Insert option 3 for question 1
INSERT INTO payload.quiz_questions_options (
  id,
  _order,
  _parent_id,
  text,
  is_correct,
  created_at,
  updated_at
) VALUES (
  gen_random_uuid(),
  2,
  'a6387ecd-7395-46fe-a4fe-ec3ba77c6092',
  'Color',
  true,
  NOW(),
  NOW()
) ON CONFLICT DO NOTHING; -- Skip if the option already exists

-- Insert option 4 for question 1
INSERT INTO payload.quiz_questions_options (
  id,
  _order,
  _parent_id,
  text,
  is_correct,
  created_at,
  updated_at
) VALUES (
  gen_random_uuid(),
  3,
  'a6387ecd-7395-46fe-a4fe-ec3ba77c6092',
  'Composition',
  true,
  NOW(),
  NOW()
) ON CONFLICT DO NOTHING; -- Skip if the option already exists

-- Insert option 5 for question 1
INSERT INTO payload.quiz_questions_options (
  id,
  _order,
  _parent_id,
  text,
  is_correct,
  created_at,
  updated_at
) VALUES (
  gen_random_uuid(),
  4,
  'a6387ecd-7395-46fe-a4fe-ec3ba77c6092',
  'Contrast',
  true,
  NOW(),
  NOW()
) ON CONFLICT DO NOTHING; -- Skip if the option already exists

-- Insert option 6 for question 1
INSERT INTO payload.quiz_questions_options (
  id,
  _order,
  _parent_id,
  text,
  is_correct,
  created_at,
  updated_at
) VALUES (
  gen_random_uuid(),
  5,
  'a6387ecd-7395-46fe-a4fe-ec3ba77c6092',
  'Line',
  true,
  NOW(),
  NOW()
) ON CONFLICT DO NOTHING; -- Skip if the option already exists

-- Insert option 7 for question 1
INSERT INTO payload.quiz_questions_options (
  id,
  _order,
  _parent_id,
  text,
  is_correct,
  created_at,
  updated_at
) VALUES (
  gen_random_uuid(),
  6,
  'a6387ecd-7395-46fe-a4fe-ec3ba77c6092',
  'Point',
  true,
  NOW(),
  NOW()
) ON CONFLICT DO NOTHING; -- Skip if the option already exists

-- Insert option 8 for question 1
INSERT INTO payload.quiz_questions_options (
  id,
  _order,
  _parent_id,
  text,
  is_correct,
  created_at,
  updated_at
) VALUES (
  gen_random_uuid(),
  7,
  'a6387ecd-7395-46fe-a4fe-ec3ba77c6092',
  'Negative Space',
  true,
  NOW(),
  NOW()
) ON CONFLICT DO NOTHING; -- Skip if the option already exists

-- Create relationship entry for the question to the quiz
INSERT INTO payload.quiz_questions_rels (
  id,
  _parent_id,
  field,
  value,
  created_at,
  updated_at
) VALUES (
  gen_random_uuid(),
  'a6387ecd-7395-46fe-a4fe-ec3ba77c6092',
  'quiz_id',
  'ad27c486-bfd4-4675-8553-5ee0b1c004e4',
  NOW(),
  NOW()
) ON CONFLICT DO NOTHING; -- Skip if the relationship already exists

-- Create bidirectional relationship entry for the quiz to the question
INSERT INTO payload.course_quizzes_rels (
  id,
  _parent_id,
  field,
  value,
  created_at,
  updated_at
) VALUES (
  gen_random_uuid(),
  'ad27c486-bfd4-4675-8553-5ee0b1c004e4',
  'questions',
  'a6387ecd-7395-46fe-a4fe-ec3ba77c6092',
  NOW(),
  NOW()
) ON CONFLICT DO NOTHING; -- Skip if the relationship already exists

-- Questions for quiz: Performance Quiz (performance-quiz, ID: 3cf60aee-58f9-48fb-a44e-18f495b0cef4)
-- Insert question 1 for quiz: Performance Quiz
INSERT INTO payload.quiz_questions (
  id,
  question,
  quiz_id,
  quiz_id_id, -- Duplicate field for compatibility
  type,
  explanation,
  "order",
  created_at,
  updated_at
) VALUES (
  '513e79e3-2f55-468f-ba8a-54cf3cb5d15a', -- Generated UUID for the question
  'What can we do to try and set the right tone?',
  '3cf60aee-58f9-48fb-a44e-18f495b0cef4', -- Quiz ID
  '3cf60aee-58f9-48fb-a44e-18f495b0cef4', -- Quiz ID (duplicate)
  'multi-answer',
  '',
  0,
  NOW(),
  NOW()
) ON CONFLICT (id) DO NOTHING; -- Skip if the question already exists

-- Insert option 1 for question 1
INSERT INTO payload.quiz_questions_options (
  id,
  _order,
  _parent_id,
  text,
  is_correct,
  created_at,
  updated_at
) VALUES (
  gen_random_uuid(),
  0,
  '513e79e3-2f55-468f-ba8a-54cf3cb5d15a',
  'Send a well prepared agenda in advance',
  true,
  NOW(),
  NOW()
) ON CONFLICT DO NOTHING; -- Skip if the option already exists

-- Insert option 2 for question 1
INSERT INTO payload.quiz_questions_options (
  id,
  _order,
  _parent_id,
  text,
  is_correct,
  created_at,
  updated_at
) VALUES (
  gen_random_uuid(),
  1,
  '513e79e3-2f55-468f-ba8a-54cf3cb5d15a',
  'Dress appropriately',
  true,
  NOW(),
  NOW()
) ON CONFLICT DO NOTHING; -- Skip if the option already exists

-- Insert option 3 for question 1
INSERT INTO payload.quiz_questions_options (
  id,
  _order,
  _parent_id,
  text,
  is_correct,
  created_at,
  updated_at
) VALUES (
  gen_random_uuid(),
  2,
  '513e79e3-2f55-468f-ba8a-54cf3cb5d15a',
  'Adopt the appropriate disposition for the meeting',
  true,
  NOW(),
  NOW()
) ON CONFLICT DO NOTHING; -- Skip if the option already exists

-- Insert option 4 for question 1
INSERT INTO payload.quiz_questions_options (
  id,
  _order,
  _parent_id,
  text,
  is_correct,
  created_at,
  updated_at
) VALUES (
  gen_random_uuid(),
  3,
  '513e79e3-2f55-468f-ba8a-54cf3cb5d15a',
  'Tell a joke',
  false,
  NOW(),
  NOW()
) ON CONFLICT DO NOTHING; -- Skip if the option already exists

-- Insert option 5 for question 1
INSERT INTO payload.quiz_questions_options (
  id,
  _order,
  _parent_id,
  text,
  is_correct,
  created_at,
  updated_at
) VALUES (
  gen_random_uuid(),
  4,
  '513e79e3-2f55-468f-ba8a-54cf3cb5d15a',
  'Lead the group in song',
  false,
  NOW(),
  NOW()
) ON CONFLICT DO NOTHING; -- Skip if the option already exists

-- Create relationship entry for the question to the quiz
INSERT INTO payload.quiz_questions_rels (
  id,
  _parent_id,
  field,
  value,
  created_at,
  updated_at
) VALUES (
  gen_random_uuid(),
  '513e79e3-2f55-468f-ba8a-54cf3cb5d15a',
  'quiz_id',
  '3cf60aee-58f9-48fb-a44e-18f495b0cef4',
  NOW(),
  NOW()
) ON CONFLICT DO NOTHING; -- Skip if the relationship already exists

-- Create bidirectional relationship entry for the quiz to the question
INSERT INTO payload.course_quizzes_rels (
  id,
  _parent_id,
  field,
  value,
  created_at,
  updated_at
) VALUES (
  gen_random_uuid(),
  '3cf60aee-58f9-48fb-a44e-18f495b0cef4',
  'questions',
  '513e79e3-2f55-468f-ba8a-54cf3cb5d15a',
  NOW(),
  NOW()
) ON CONFLICT DO NOTHING; -- Skip if the relationship already exists

-- Insert question 2 for quiz: Performance Quiz
INSERT INTO payload.quiz_questions (
  id,
  question,
  quiz_id,
  quiz_id_id, -- Duplicate field for compatibility
  type,
  explanation,
  "order",
  created_at,
  updated_at
) VALUES (
  '93f31209-226c-465e-b81d-ab12dd546064', -- Generated UUID for the question
  'What are some things you can do to manage stress?',
  '3cf60aee-58f9-48fb-a44e-18f495b0cef4', -- Quiz ID
  '3cf60aee-58f9-48fb-a44e-18f495b0cef4', -- Quiz ID (duplicate)
  'multi-answer',
  '',
  1,
  NOW(),
  NOW()
) ON CONFLICT (id) DO NOTHING; -- Skip if the question already exists

-- Insert option 1 for question 2
INSERT INTO payload.quiz_questions_options (
  id,
  _order,
  _parent_id,
  text,
  is_correct,
  created_at,
  updated_at
) VALUES (
  gen_random_uuid(),
  0,
  '93f31209-226c-465e-b81d-ab12dd546064',
  'Quite your mind',
  true,
  NOW(),
  NOW()
) ON CONFLICT DO NOTHING; -- Skip if the option already exists

-- Insert option 2 for question 2
INSERT INTO payload.quiz_questions_options (
  id,
  _order,
  _parent_id,
  text,
  is_correct,
  created_at,
  updated_at
) VALUES (
  gen_random_uuid(),
  1,
  '93f31209-226c-465e-b81d-ab12dd546064',
  'Laugh',
  true,
  NOW(),
  NOW()
) ON CONFLICT DO NOTHING; -- Skip if the option already exists

-- Insert option 3 for question 2
INSERT INTO payload.quiz_questions_options (
  id,
  _order,
  _parent_id,
  text,
  is_correct,
  created_at,
  updated_at
) VALUES (
  gen_random_uuid(),
  2,
  '93f31209-226c-465e-b81d-ab12dd546064',
  'Primal therapy',
  false,
  NOW(),
  NOW()
) ON CONFLICT DO NOTHING; -- Skip if the option already exists

-- Insert option 4 for question 2
INSERT INTO payload.quiz_questions_options (
  id,
  _order,
  _parent_id,
  text,
  is_correct,
  created_at,
  updated_at
) VALUES (
  gen_random_uuid(),
  3,
  '93f31209-226c-465e-b81d-ab12dd546064',
  'Prepare',
  true,
  NOW(),
  NOW()
) ON CONFLICT DO NOTHING; -- Skip if the option already exists

-- Insert option 5 for question 2
INSERT INTO payload.quiz_questions_options (
  id,
  _order,
  _parent_id,
  text,
  is_correct,
  created_at,
  updated_at
) VALUES (
  gen_random_uuid(),
  4,
  '93f31209-226c-465e-b81d-ab12dd546064',
  'Breathe',
  true,
  NOW(),
  NOW()
) ON CONFLICT DO NOTHING; -- Skip if the option already exists

-- Insert option 6 for question 2
INSERT INTO payload.quiz_questions_options (
  id,
  _order,
  _parent_id,
  text,
  is_correct,
  created_at,
  updated_at
) VALUES (
  gen_random_uuid(),
  5,
  '93f31209-226c-465e-b81d-ab12dd546064',
  'Don''t worry about the presentation until the last minute',
  false,
  NOW(),
  NOW()
) ON CONFLICT DO NOTHING; -- Skip if the option already exists

-- Insert option 7 for question 2
INSERT INTO payload.quiz_questions_options (
  id,
  _order,
  _parent_id,
  text,
  is_correct,
  created_at,
  updated_at
) VALUES (
  gen_random_uuid(),
  6,
  '93f31209-226c-465e-b81d-ab12dd546064',
  'Talk to yourself like a crazy person',
  false,
  NOW(),
  NOW()
) ON CONFLICT DO NOTHING; -- Skip if the option already exists

-- Create relationship entry for the question to the quiz
INSERT INTO payload.quiz_questions_rels (
  id,
  _parent_id,
  field,
  value,
  created_at,
  updated_at
) VALUES (
  gen_random_uuid(),
  '93f31209-226c-465e-b81d-ab12dd546064',
  'quiz_id',
  '3cf60aee-58f9-48fb-a44e-18f495b0cef4',
  NOW(),
  NOW()
) ON CONFLICT DO NOTHING; -- Skip if the relationship already exists

-- Create bidirectional relationship entry for the quiz to the question
INSERT INTO payload.course_quizzes_rels (
  id,
  _parent_id,
  field,
  value,
  created_at,
  updated_at
) VALUES (
  gen_random_uuid(),
  '3cf60aee-58f9-48fb-a44e-18f495b0cef4',
  'questions',
  '93f31209-226c-465e-b81d-ab12dd546064',
  NOW(),
  NOW()
) ON CONFLICT DO NOTHING; -- Skip if the relationship already exists

-- Insert question 3 for quiz: Performance Quiz
INSERT INTO payload.quiz_questions (
  id,
  question,
  quiz_id,
  quiz_id_id, -- Duplicate field for compatibility
  type,
  explanation,
  "order",
  created_at,
  updated_at
) VALUES (
  '7a313c6e-36d9-4eb0-bfbd-4ca3e3b9e01b', -- Generated UUID for the question
  'What body language and delivery mistakes should you be on the lookout for?',
  '3cf60aee-58f9-48fb-a44e-18f495b0cef4', -- Quiz ID
  '3cf60aee-58f9-48fb-a44e-18f495b0cef4', -- Quiz ID (duplicate)
  'multi-answer',
  '',
  2,
  NOW(),
  NOW()
) ON CONFLICT (id) DO NOTHING; -- Skip if the question already exists

-- Insert option 1 for question 3
INSERT INTO payload.quiz_questions_options (
  id,
  _order,
  _parent_id,
  text,
  is_correct,
  created_at,
  updated_at
) VALUES (
  gen_random_uuid(),
  0,
  '7a313c6e-36d9-4eb0-bfbd-4ca3e3b9e01b',
  'Verbal ticks',
  true,
  NOW(),
  NOW()
) ON CONFLICT DO NOTHING; -- Skip if the option already exists

-- Insert option 2 for question 3
INSERT INTO payload.quiz_questions_options (
  id,
  _order,
  _parent_id,
  text,
  is_correct,
  created_at,
  updated_at
) VALUES (
  gen_random_uuid(),
  1,
  '7a313c6e-36d9-4eb0-bfbd-4ca3e3b9e01b',
  'Talking to the screen',
  true,
  NOW(),
  NOW()
) ON CONFLICT DO NOTHING; -- Skip if the option already exists

-- Insert option 3 for question 3
INSERT INTO payload.quiz_questions_options (
  id,
  _order,
  _parent_id,
  text,
  is_correct,
  created_at,
  updated_at
) VALUES (
  gen_random_uuid(),
  2,
  '7a313c6e-36d9-4eb0-bfbd-4ca3e3b9e01b',
  'Closed posture',
  true,
  NOW(),
  NOW()
) ON CONFLICT DO NOTHING; -- Skip if the option already exists

-- Insert option 4 for question 3
INSERT INTO payload.quiz_questions_options (
  id,
  _order,
  _parent_id,
  text,
  is_correct,
  created_at,
  updated_at
) VALUES (
  gen_random_uuid(),
  3,
  '7a313c6e-36d9-4eb0-bfbd-4ca3e3b9e01b',
  'Being over prepared',
  false,
  NOW(),
  NOW()
) ON CONFLICT DO NOTHING; -- Skip if the option already exists

-- Insert option 5 for question 3
INSERT INTO payload.quiz_questions_options (
  id,
  _order,
  _parent_id,
  text,
  is_correct,
  created_at,
  updated_at
) VALUES (
  gen_random_uuid(),
  4,
  '7a313c6e-36d9-4eb0-bfbd-4ca3e3b9e01b',
  'Not displaying any emotion',
  true,
  NOW(),
  NOW()
) ON CONFLICT DO NOTHING; -- Skip if the option already exists

-- Create relationship entry for the question to the quiz
INSERT INTO payload.quiz_questions_rels (
  id,
  _parent_id,
  field,
  value,
  created_at,
  updated_at
) VALUES (
  gen_random_uuid(),
  '7a313c6e-36d9-4eb0-bfbd-4ca3e3b9e01b',
  'quiz_id',
  '3cf60aee-58f9-48fb-a44e-18f495b0cef4',
  NOW(),
  NOW()
) ON CONFLICT DO NOTHING; -- Skip if the relationship already exists

-- Create bidirectional relationship entry for the quiz to the question
INSERT INTO payload.course_quizzes_rels (
  id,
  _parent_id,
  field,
  value,
  created_at,
  updated_at
) VALUES (
  gen_random_uuid(),
  '3cf60aee-58f9-48fb-a44e-18f495b0cef4',
  'questions',
  '7a313c6e-36d9-4eb0-bfbd-4ca3e3b9e01b',
  NOW(),
  NOW()
) ON CONFLICT DO NOTHING; -- Skip if the relationship already exists

-- Questions for quiz: Perparation & Practice Quiz (preparation-practice-quiz, ID: 3dd40d73-b75a-4fa9-a3c4-76d58f6c1cc9)
-- Insert question 1 for quiz: Perparation & Practice Quiz
INSERT INTO payload.quiz_questions (
  id,
  question,
  quiz_id,
  quiz_id_id, -- Duplicate field for compatibility
  type,
  explanation,
  "order",
  created_at,
  updated_at
) VALUES (
  '7eca5c67-02e8-4737-8e5c-7db3324cd2e4', -- Generated UUID for the question
  'When preparing and practicing the delivery of your presentation, what four factors should you focus on?',
  '3dd40d73-b75a-4fa9-a3c4-76d58f6c1cc9', -- Quiz ID
  '3dd40d73-b75a-4fa9-a3c4-76d58f6c1cc9', -- Quiz ID (duplicate)
  'multi-answer',
  '',
  0,
  NOW(),
  NOW()
) ON CONFLICT (id) DO NOTHING; -- Skip if the question already exists

-- Insert option 1 for question 1
INSERT INTO payload.quiz_questions_options (
  id,
  _order,
  _parent_id,
  text,
  is_correct,
  created_at,
  updated_at
) VALUES (
  gen_random_uuid(),
  0,
  '7eca5c67-02e8-4737-8e5c-7db3324cd2e4',
  'Timing of your jokes',
  false,
  NOW(),
  NOW()
) ON CONFLICT DO NOTHING; -- Skip if the option already exists

-- Insert option 2 for question 1
INSERT INTO payload.quiz_questions_options (
  id,
  _order,
  _parent_id,
  text,
  is_correct,
  created_at,
  updated_at
) VALUES (
  gen_random_uuid(),
  1,
  '7eca5c67-02e8-4737-8e5c-7db3324cd2e4',
  'Clarity',
  true,
  NOW(),
  NOW()
) ON CONFLICT DO NOTHING; -- Skip if the option already exists

-- Insert option 3 for question 1
INSERT INTO payload.quiz_questions_options (
  id,
  _order,
  _parent_id,
  text,
  is_correct,
  created_at,
  updated_at
) VALUES (
  gen_random_uuid(),
  2,
  '7eca5c67-02e8-4737-8e5c-7db3324cd2e4',
  'Hair, make-up and clothes',
  false,
  NOW(),
  NOW()
) ON CONFLICT DO NOTHING; -- Skip if the option already exists

-- Insert option 4 for question 1
INSERT INTO payload.quiz_questions_options (
  id,
  _order,
  _parent_id,
  text,
  is_correct,
  created_at,
  updated_at
) VALUES (
  gen_random_uuid(),
  3,
  '7eca5c67-02e8-4737-8e5c-7db3324cd2e4',
  'Pace',
  true,
  NOW(),
  NOW()
) ON CONFLICT DO NOTHING; -- Skip if the option already exists

-- Insert option 5 for question 1
INSERT INTO payload.quiz_questions_options (
  id,
  _order,
  _parent_id,
  text,
  is_correct,
  created_at,
  updated_at
) VALUES (
  gen_random_uuid(),
  4,
  '7eca5c67-02e8-4737-8e5c-7db3324cd2e4',
  'Engaging with the audience',
  true,
  NOW(),
  NOW()
) ON CONFLICT DO NOTHING; -- Skip if the option already exists

-- Insert option 6 for question 1
INSERT INTO payload.quiz_questions_options (
  id,
  _order,
  _parent_id,
  text,
  is_correct,
  created_at,
  updated_at
) VALUES (
  gen_random_uuid(),
  5,
  '7eca5c67-02e8-4737-8e5c-7db3324cd2e4',
  'Timbre of your voice',
  false,
  NOW(),
  NOW()
) ON CONFLICT DO NOTHING; -- Skip if the option already exists

-- Insert option 7 for question 1
INSERT INTO payload.quiz_questions_options (
  id,
  _order,
  _parent_id,
  text,
  is_correct,
  created_at,
  updated_at
) VALUES (
  gen_random_uuid(),
  6,
  '7eca5c67-02e8-4737-8e5c-7db3324cd2e4',
  'Smiling and making eye contact',
  true,
  NOW(),
  NOW()
) ON CONFLICT DO NOTHING; -- Skip if the option already exists

-- Create relationship entry for the question to the quiz
INSERT INTO payload.quiz_questions_rels (
  id,
  _parent_id,
  field,
  value,
  created_at,
  updated_at
) VALUES (
  gen_random_uuid(),
  '7eca5c67-02e8-4737-8e5c-7db3324cd2e4',
  'quiz_id',
  '3dd40d73-b75a-4fa9-a3c4-76d58f6c1cc9',
  NOW(),
  NOW()
) ON CONFLICT DO NOTHING; -- Skip if the relationship already exists

-- Create bidirectional relationship entry for the quiz to the question
INSERT INTO payload.course_quizzes_rels (
  id,
  _parent_id,
  field,
  value,
  created_at,
  updated_at
) VALUES (
  gen_random_uuid(),
  '3dd40d73-b75a-4fa9-a3c4-76d58f6c1cc9',
  'questions',
  '7eca5c67-02e8-4737-8e5c-7db3324cd2e4',
  NOW(),
  NOW()
) ON CONFLICT DO NOTHING; -- Skip if the relationship already exists

-- Insert question 2 for quiz: Perparation & Practice Quiz
INSERT INTO payload.quiz_questions (
  id,
  question,
  quiz_id,
  quiz_id_id, -- Duplicate field for compatibility
  type,
  explanation,
  "order",
  created_at,
  updated_at
) VALUES (
  'fe442765-9166-4c16-a06d-9d6c11433a37', -- Generated UUID for the question
  'What is the first step of the recommended preparation process?',
  '3dd40d73-b75a-4fa9-a3c4-76d58f6c1cc9', -- Quiz ID
  '3dd40d73-b75a-4fa9-a3c4-76d58f6c1cc9', -- Quiz ID (duplicate)
  'single-answer',
  '',
  1,
  NOW(),
  NOW()
) ON CONFLICT (id) DO NOTHING; -- Skip if the question already exists

-- Insert option 1 for question 2
INSERT INTO payload.quiz_questions_options (
  id,
  _order,
  _parent_id,
  text,
  is_correct,
  created_at,
  updated_at
) VALUES (
  gen_random_uuid(),
  0,
  'fe442765-9166-4c16-a06d-9d6c11433a37',
  'Get a good night sleep and review the script once, maybe twice before the presentation',
  false,
  NOW(),
  NOW()
) ON CONFLICT DO NOTHING; -- Skip if the option already exists

-- Insert option 2 for question 2
INSERT INTO payload.quiz_questions_options (
  id,
  _order,
  _parent_id,
  text,
  is_correct,
  created_at,
  updated_at
) VALUES (
  gen_random_uuid(),
  1,
  'fe442765-9166-4c16-a06d-9d6c11433a37',
  'Present to someone else. Get feedback',
  false,
  NOW(),
  NOW()
) ON CONFLICT DO NOTHING; -- Skip if the option already exists

-- Insert option 3 for question 2
INSERT INTO payload.quiz_questions_options (
  id,
  _order,
  _parent_id,
  text,
  is_correct,
  created_at,
  updated_at
) VALUES (
  gen_random_uuid(),
  2,
  'fe442765-9166-4c16-a06d-9d6c11433a37',
  'Run through the presentation two or three time working on length, simplifying language, and identifying likely questions',
  false,
  NOW(),
  NOW()
) ON CONFLICT DO NOTHING; -- Skip if the option already exists

-- Insert option 4 for question 2
INSERT INTO payload.quiz_questions_options (
  id,
  _order,
  _parent_id,
  text,
  is_correct,
  created_at,
  updated_at
) VALUES (
  gen_random_uuid(),
  3,
  'fe442765-9166-4c16-a06d-9d6c11433a37',
  'Speak the presentation out loud and improvise. Test turns of phrases, identify key points that you want to make for each phrase',
  true,
  NOW(),
  NOW()
) ON CONFLICT DO NOTHING; -- Skip if the option already exists

-- Insert option 5 for question 2
INSERT INTO payload.quiz_questions_options (
  id,
  _order,
  _parent_id,
  text,
  is_correct,
  created_at,
  updated_at
) VALUES (
  gen_random_uuid(),
  4,
  'fe442765-9166-4c16-a06d-9d6c11433a37',
  'Write down the verbal voice over and create a formal script',
  false,
  NOW(),
  NOW()
) ON CONFLICT DO NOTHING; -- Skip if the option already exists

-- Insert option 6 for question 2
INSERT INTO payload.quiz_questions_options (
  id,
  _order,
  _parent_id,
  text,
  is_correct,
  created_at,
  updated_at
) VALUES (
  gen_random_uuid(),
  5,
  'fe442765-9166-4c16-a06d-9d6c11433a37',
  'Test the length of the presentation. Revise the deck, eliminating or combining slide ideas',
  false,
  NOW(),
  NOW()
) ON CONFLICT DO NOTHING; -- Skip if the option already exists

-- Insert option 7 for question 2
INSERT INTO payload.quiz_questions_options (
  id,
  _order,
  _parent_id,
  text,
  is_correct,
  created_at,
  updated_at
) VALUES (
  gen_random_uuid(),
  6,
  'fe442765-9166-4c16-a06d-9d6c11433a37',
  'Run through the script a few more times and the put it aside',
  false,
  NOW(),
  NOW()
) ON CONFLICT DO NOTHING; -- Skip if the option already exists

-- Create relationship entry for the question to the quiz
INSERT INTO payload.quiz_questions_rels (
  id,
  _parent_id,
  field,
  value,
  created_at,
  updated_at
) VALUES (
  gen_random_uuid(),
  'fe442765-9166-4c16-a06d-9d6c11433a37',
  'quiz_id',
  '3dd40d73-b75a-4fa9-a3c4-76d58f6c1cc9',
  NOW(),
  NOW()
) ON CONFLICT DO NOTHING; -- Skip if the relationship already exists

-- Create bidirectional relationship entry for the quiz to the question
INSERT INTO payload.course_quizzes_rels (
  id,
  _parent_id,
  field,
  value,
  created_at,
  updated_at
) VALUES (
  gen_random_uuid(),
  '3dd40d73-b75a-4fa9-a3c4-76d58f6c1cc9',
  'questions',
  'fe442765-9166-4c16-a06d-9d6c11433a37',
  NOW(),
  NOW()
) ON CONFLICT DO NOTHING; -- Skip if the relationship already exists

-- Insert question 3 for quiz: Perparation & Practice Quiz
INSERT INTO payload.quiz_questions (
  id,
  question,
  quiz_id,
  quiz_id_id, -- Duplicate field for compatibility
  type,
  explanation,
  "order",
  created_at,
  updated_at
) VALUES (
  '81998ccb-0a26-43fd-9042-a9e0d5473678', -- Generated UUID for the question
  'What is the second step of the recommended preparation process?',
  '3dd40d73-b75a-4fa9-a3c4-76d58f6c1cc9', -- Quiz ID
  '3dd40d73-b75a-4fa9-a3c4-76d58f6c1cc9', -- Quiz ID (duplicate)
  'single-answer',
  '',
  2,
  NOW(),
  NOW()
) ON CONFLICT (id) DO NOTHING; -- Skip if the question already exists

-- Insert option 1 for question 3
INSERT INTO payload.quiz_questions_options (
  id,
  _order,
  _parent_id,
  text,
  is_correct,
  created_at,
  updated_at
) VALUES (
  gen_random_uuid(),
  0,
  '81998ccb-0a26-43fd-9042-a9e0d5473678',
  'Get a good night sleep and review the script once, maybe twice before the presentation',
  false,
  NOW(),
  NOW()
) ON CONFLICT DO NOTHING; -- Skip if the option already exists

-- Insert option 2 for question 3
INSERT INTO payload.quiz_questions_options (
  id,
  _order,
  _parent_id,
  text,
  is_correct,
  created_at,
  updated_at
) VALUES (
  gen_random_uuid(),
  1,
  '81998ccb-0a26-43fd-9042-a9e0d5473678',
  'Present to someone else. Get feedback',
  false,
  NOW(),
  NOW()
) ON CONFLICT DO NOTHING; -- Skip if the option already exists

-- Insert option 3 for question 3
INSERT INTO payload.quiz_questions_options (
  id,
  _order,
  _parent_id,
  text,
  is_correct,
  created_at,
  updated_at
) VALUES (
  gen_random_uuid(),
  2,
  '81998ccb-0a26-43fd-9042-a9e0d5473678',
  'Run through the presentation two or three time working on length, simplifying language, and identifying likely questions',
  false,
  NOW(),
  NOW()
) ON CONFLICT DO NOTHING; -- Skip if the option already exists

-- Insert option 4 for question 3
INSERT INTO payload.quiz_questions_options (
  id,
  _order,
  _parent_id,
  text,
  is_correct,
  created_at,
  updated_at
) VALUES (
  gen_random_uuid(),
  3,
  '81998ccb-0a26-43fd-9042-a9e0d5473678',
  'Speak the presentation out loud and improvise. Test turns of phrases, identify key points that you want to make for each phrase',
  false,
  NOW(),
  NOW()
) ON CONFLICT DO NOTHING; -- Skip if the option already exists

-- Insert option 5 for question 3
INSERT INTO payload.quiz_questions_options (
  id,
  _order,
  _parent_id,
  text,
  is_correct,
  created_at,
  updated_at
) VALUES (
  gen_random_uuid(),
  4,
  '81998ccb-0a26-43fd-9042-a9e0d5473678',
  'Write down the verbal voice over and create a formal script',
  true,
  NOW(),
  NOW()
) ON CONFLICT DO NOTHING; -- Skip if the option already exists

-- Insert option 6 for question 3
INSERT INTO payload.quiz_questions_options (
  id,
  _order,
  _parent_id,
  text,
  is_correct,
  created_at,
  updated_at
) VALUES (
  gen_random_uuid(),
  5,
  '81998ccb-0a26-43fd-9042-a9e0d5473678',
  'Test the length of the presentation. Revise the deck, eliminating or combining slide ideas',
  false,
  NOW(),
  NOW()
) ON CONFLICT DO NOTHING; -- Skip if the option already exists

-- Insert option 7 for question 3
INSERT INTO payload.quiz_questions_options (
  id,
  _order,
  _parent_id,
  text,
  is_correct,
  created_at,
  updated_at
) VALUES (
  gen_random_uuid(),
  6,
  '81998ccb-0a26-43fd-9042-a9e0d5473678',
  'Run through the script a few more times and the put it aside',
  false,
  NOW(),
  NOW()
) ON CONFLICT DO NOTHING; -- Skip if the option already exists

-- Create relationship entry for the question to the quiz
INSERT INTO payload.quiz_questions_rels (
  id,
  _parent_id,
  field,
  value,
  created_at,
  updated_at
) VALUES (
  gen_random_uuid(),
  '81998ccb-0a26-43fd-9042-a9e0d5473678',
  'quiz_id',
  '3dd40d73-b75a-4fa9-a3c4-76d58f6c1cc9',
  NOW(),
  NOW()
) ON CONFLICT DO NOTHING; -- Skip if the relationship already exists

-- Create bidirectional relationship entry for the quiz to the question
INSERT INTO payload.course_quizzes_rels (
  id,
  _parent_id,
  field,
  value,
  created_at,
  updated_at
) VALUES (
  gen_random_uuid(),
  '3dd40d73-b75a-4fa9-a3c4-76d58f6c1cc9',
  'questions',
  '81998ccb-0a26-43fd-9042-a9e0d5473678',
  NOW(),
  NOW()
) ON CONFLICT DO NOTHING; -- Skip if the relationship already exists

-- Insert question 4 for quiz: Perparation & Practice Quiz
INSERT INTO payload.quiz_questions (
  id,
  question,
  quiz_id,
  quiz_id_id, -- Duplicate field for compatibility
  type,
  explanation,
  "order",
  created_at,
  updated_at
) VALUES (
  'e776d0eb-e5bc-42bf-b7b0-0fb1b9f85ace', -- Generated UUID for the question
  'What is the third step of the recommended preparation process?',
  '3dd40d73-b75a-4fa9-a3c4-76d58f6c1cc9', -- Quiz ID
  '3dd40d73-b75a-4fa9-a3c4-76d58f6c1cc9', -- Quiz ID (duplicate)
  'single-answer',
  '',
  3,
  NOW(),
  NOW()
) ON CONFLICT (id) DO NOTHING; -- Skip if the question already exists

-- Insert option 1 for question 4
INSERT INTO payload.quiz_questions_options (
  id,
  _order,
  _parent_id,
  text,
  is_correct,
  created_at,
  updated_at
) VALUES (
  gen_random_uuid(),
  0,
  'e776d0eb-e5bc-42bf-b7b0-0fb1b9f85ace',
  'Get a good night sleep and review the script once, maybe twice before the presentation',
  false,
  NOW(),
  NOW()
) ON CONFLICT DO NOTHING; -- Skip if the option already exists

-- Insert option 2 for question 4
INSERT INTO payload.quiz_questions_options (
  id,
  _order,
  _parent_id,
  text,
  is_correct,
  created_at,
  updated_at
) VALUES (
  gen_random_uuid(),
  1,
  'e776d0eb-e5bc-42bf-b7b0-0fb1b9f85ace',
  'Present to someone else. Get feedback',
  false,
  NOW(),
  NOW()
) ON CONFLICT DO NOTHING; -- Skip if the option already exists

-- Insert option 3 for question 4
INSERT INTO payload.quiz_questions_options (
  id,
  _order,
  _parent_id,
  text,
  is_correct,
  created_at,
  updated_at
) VALUES (
  gen_random_uuid(),
  2,
  'e776d0eb-e5bc-42bf-b7b0-0fb1b9f85ace',
  'Run through the presentation two or three time working on length, simplifying language, and identifying likely questions',
  true,
  NOW(),
  NOW()
) ON CONFLICT DO NOTHING; -- Skip if the option already exists

-- Insert option 4 for question 4
INSERT INTO payload.quiz_questions_options (
  id,
  _order,
  _parent_id,
  text,
  is_correct,
  created_at,
  updated_at
) VALUES (
  gen_random_uuid(),
  3,
  'e776d0eb-e5bc-42bf-b7b0-0fb1b9f85ace',
  'Speak the presentation out loud and improvise. Test turns of phrases, identify key points that you want to make for each phrase',
  false,
  NOW(),
  NOW()
) ON CONFLICT DO NOTHING; -- Skip if the option already exists

-- Insert option 5 for question 4
INSERT INTO payload.quiz_questions_options (
  id,
  _order,
  _parent_id,
  text,
  is_correct,
  created_at,
  updated_at
) VALUES (
  gen_random_uuid(),
  4,
  'e776d0eb-e5bc-42bf-b7b0-0fb1b9f85ace',
  'Write down the verbal voice over and create a formal script',
  false,
  NOW(),
  NOW()
) ON CONFLICT DO NOTHING; -- Skip if the option already exists

-- Insert option 6 for question 4
INSERT INTO payload.quiz_questions_options (
  id,
  _order,
  _parent_id,
  text,
  is_correct,
  created_at,
  updated_at
) VALUES (
  gen_random_uuid(),
  5,
  'e776d0eb-e5bc-42bf-b7b0-0fb1b9f85ace',
  'Test the length of the presentation. Revise the deck, eliminating or combining slide ideas',
  false,
  NOW(),
  NOW()
) ON CONFLICT DO NOTHING; -- Skip if the option already exists

-- Insert option 7 for question 4
INSERT INTO payload.quiz_questions_options (
  id,
  _order,
  _parent_id,
  text,
  is_correct,
  created_at,
  updated_at
) VALUES (
  gen_random_uuid(),
  6,
  'e776d0eb-e5bc-42bf-b7b0-0fb1b9f85ace',
  'Run through the script a few more times and the put it aside',
  false,
  NOW(),
  NOW()
) ON CONFLICT DO NOTHING; -- Skip if the option already exists

-- Create relationship entry for the question to the quiz
INSERT INTO payload.quiz_questions_rels (
  id,
  _parent_id,
  field,
  value,
  created_at,
  updated_at
) VALUES (
  gen_random_uuid(),
  'e776d0eb-e5bc-42bf-b7b0-0fb1b9f85ace',
  'quiz_id',
  '3dd40d73-b75a-4fa9-a3c4-76d58f6c1cc9',
  NOW(),
  NOW()
) ON CONFLICT DO NOTHING; -- Skip if the relationship already exists

-- Create bidirectional relationship entry for the quiz to the question
INSERT INTO payload.course_quizzes_rels (
  id,
  _parent_id,
  field,
  value,
  created_at,
  updated_at
) VALUES (
  gen_random_uuid(),
  '3dd40d73-b75a-4fa9-a3c4-76d58f6c1cc9',
  'questions',
  'e776d0eb-e5bc-42bf-b7b0-0fb1b9f85ace',
  NOW(),
  NOW()
) ON CONFLICT DO NOTHING; -- Skip if the relationship already exists

-- Insert question 5 for quiz: Perparation & Practice Quiz
INSERT INTO payload.quiz_questions (
  id,
  question,
  quiz_id,
  quiz_id_id, -- Duplicate field for compatibility
  type,
  explanation,
  "order",
  created_at,
  updated_at
) VALUES (
  'e34e61db-b06c-4bef-8d91-67aa89a1a5e6', -- Generated UUID for the question
  'What is the fourth step of the recommended preparation process?',
  '3dd40d73-b75a-4fa9-a3c4-76d58f6c1cc9', -- Quiz ID
  '3dd40d73-b75a-4fa9-a3c4-76d58f6c1cc9', -- Quiz ID (duplicate)
  'single-answer',
  '',
  4,
  NOW(),
  NOW()
) ON CONFLICT (id) DO NOTHING; -- Skip if the question already exists

-- Insert option 1 for question 5
INSERT INTO payload.quiz_questions_options (
  id,
  _order,
  _parent_id,
  text,
  is_correct,
  created_at,
  updated_at
) VALUES (
  gen_random_uuid(),
  0,
  'e34e61db-b06c-4bef-8d91-67aa89a1a5e6',
  'Get a good night sleep and review the script once, maybe twice before the presentation',
  false,
  NOW(),
  NOW()
) ON CONFLICT DO NOTHING; -- Skip if the option already exists

-- Insert option 2 for question 5
INSERT INTO payload.quiz_questions_options (
  id,
  _order,
  _parent_id,
  text,
  is_correct,
  created_at,
  updated_at
) VALUES (
  gen_random_uuid(),
  1,
  'e34e61db-b06c-4bef-8d91-67aa89a1a5e6',
  'Present to someone else. Get feedback',
  false,
  NOW(),
  NOW()
) ON CONFLICT DO NOTHING; -- Skip if the option already exists

-- Insert option 3 for question 5
INSERT INTO payload.quiz_questions_options (
  id,
  _order,
  _parent_id,
  text,
  is_correct,
  created_at,
  updated_at
) VALUES (
  gen_random_uuid(),
  2,
  'e34e61db-b06c-4bef-8d91-67aa89a1a5e6',
  'Run through the presentation two or three time working on length, simplifying language, and identifying likely questions',
  false,
  NOW(),
  NOW()
) ON CONFLICT DO NOTHING; -- Skip if the option already exists

-- Insert option 4 for question 5
INSERT INTO payload.quiz_questions_options (
  id,
  _order,
  _parent_id,
  text,
  is_correct,
  created_at,
  updated_at
) VALUES (
  gen_random_uuid(),
  3,
  'e34e61db-b06c-4bef-8d91-67aa89a1a5e6',
  'Speak the presentation out loud and improvise. Test turns of phrases, identify key points that you want to make for each phrase',
  false,
  NOW(),
  NOW()
) ON CONFLICT DO NOTHING; -- Skip if the option already exists

-- Insert option 5 for question 5
INSERT INTO payload.quiz_questions_options (
  id,
  _order,
  _parent_id,
  text,
  is_correct,
  created_at,
  updated_at
) VALUES (
  gen_random_uuid(),
  4,
  'e34e61db-b06c-4bef-8d91-67aa89a1a5e6',
  'Write down the verbal voice over and create a formal script',
  false,
  NOW(),
  NOW()
) ON CONFLICT DO NOTHING; -- Skip if the option already exists

-- Insert option 6 for question 5
INSERT INTO payload.quiz_questions_options (
  id,
  _order,
  _parent_id,
  text,
  is_correct,
  created_at,
  updated_at
) VALUES (
  gen_random_uuid(),
  5,
  'e34e61db-b06c-4bef-8d91-67aa89a1a5e6',
  'Test the length of the presentation. Revise the deck, eliminating or combining slide ideas',
  true,
  NOW(),
  NOW()
) ON CONFLICT DO NOTHING; -- Skip if the option already exists

-- Insert option 7 for question 5
INSERT INTO payload.quiz_questions_options (
  id,
  _order,
  _parent_id,
  text,
  is_correct,
  created_at,
  updated_at
) VALUES (
  gen_random_uuid(),
  6,
  'e34e61db-b06c-4bef-8d91-67aa89a1a5e6',
  'Run through the script a few more times and the put it aside',
  false,
  NOW(),
  NOW()
) ON CONFLICT DO NOTHING; -- Skip if the option already exists

-- Create relationship entry for the question to the quiz
INSERT INTO payload.quiz_questions_rels (
  id,
  _parent_id,
  field,
  value,
  created_at,
  updated_at
) VALUES (
  gen_random_uuid(),
  'e34e61db-b06c-4bef-8d91-67aa89a1a5e6',
  'quiz_id',
  '3dd40d73-b75a-4fa9-a3c4-76d58f6c1cc9',
  NOW(),
  NOW()
) ON CONFLICT DO NOTHING; -- Skip if the relationship already exists

-- Create bidirectional relationship entry for the quiz to the question
INSERT INTO payload.course_quizzes_rels (
  id,
  _parent_id,
  field,
  value,
  created_at,
  updated_at
) VALUES (
  gen_random_uuid(),
  '3dd40d73-b75a-4fa9-a3c4-76d58f6c1cc9',
  'questions',
  'e34e61db-b06c-4bef-8d91-67aa89a1a5e6',
  NOW(),
  NOW()
) ON CONFLICT DO NOTHING; -- Skip if the relationship already exists

-- Insert question 6 for quiz: Perparation & Practice Quiz
INSERT INTO payload.quiz_questions (
  id,
  question,
  quiz_id,
  quiz_id_id, -- Duplicate field for compatibility
  type,
  explanation,
  "order",
  created_at,
  updated_at
) VALUES (
  '5b00c700-a5ae-4290-abe1-a6a91eb0a113', -- Generated UUID for the question
  'What is the fifth step pf the recommended preparation process?',
  '3dd40d73-b75a-4fa9-a3c4-76d58f6c1cc9', -- Quiz ID
  '3dd40d73-b75a-4fa9-a3c4-76d58f6c1cc9', -- Quiz ID (duplicate)
  'single-answer',
  '',
  5,
  NOW(),
  NOW()
) ON CONFLICT (id) DO NOTHING; -- Skip if the question already exists

-- Insert option 1 for question 6
INSERT INTO payload.quiz_questions_options (
  id,
  _order,
  _parent_id,
  text,
  is_correct,
  created_at,
  updated_at
) VALUES (
  gen_random_uuid(),
  0,
  '5b00c700-a5ae-4290-abe1-a6a91eb0a113',
  'Get a good night sleep and review the script once, maybe twice before the presentation',
  false,
  NOW(),
  NOW()
) ON CONFLICT DO NOTHING; -- Skip if the option already exists

-- Insert option 2 for question 6
INSERT INTO payload.quiz_questions_options (
  id,
  _order,
  _parent_id,
  text,
  is_correct,
  created_at,
  updated_at
) VALUES (
  gen_random_uuid(),
  1,
  '5b00c700-a5ae-4290-abe1-a6a91eb0a113',
  'Present to someone else. Get feedback',
  true,
  NOW(),
  NOW()
) ON CONFLICT DO NOTHING; -- Skip if the option already exists

-- Insert option 3 for question 6
INSERT INTO payload.quiz_questions_options (
  id,
  _order,
  _parent_id,
  text,
  is_correct,
  created_at,
  updated_at
) VALUES (
  gen_random_uuid(),
  2,
  '5b00c700-a5ae-4290-abe1-a6a91eb0a113',
  'Run through the presentation two or three time working on length, simplifying language, and identifying likely questions',
  false,
  NOW(),
  NOW()
) ON CONFLICT DO NOTHING; -- Skip if the option already exists

-- Insert option 4 for question 6
INSERT INTO payload.quiz_questions_options (
  id,
  _order,
  _parent_id,
  text,
  is_correct,
  created_at,
  updated_at
) VALUES (
  gen_random_uuid(),
  3,
  '5b00c700-a5ae-4290-abe1-a6a91eb0a113',
  'Speak the presentation out loud and improvise. Test turns of phrases, identify key points that you want to make for each phrase',
  false,
  NOW(),
  NOW()
) ON CONFLICT DO NOTHING; -- Skip if the option already exists

-- Insert option 5 for question 6
INSERT INTO payload.quiz_questions_options (
  id,
  _order,
  _parent_id,
  text,
  is_correct,
  created_at,
  updated_at
) VALUES (
  gen_random_uuid(),
  4,
  '5b00c700-a5ae-4290-abe1-a6a91eb0a113',
  'Write down the verbal voice over and create a formal script',
  false,
  NOW(),
  NOW()
) ON CONFLICT DO NOTHING; -- Skip if the option already exists

-- Insert option 6 for question 6
INSERT INTO payload.quiz_questions_options (
  id,
  _order,
  _parent_id,
  text,
  is_correct,
  created_at,
  updated_at
) VALUES (
  gen_random_uuid(),
  5,
  '5b00c700-a5ae-4290-abe1-a6a91eb0a113',
  'Test the length of the presentation. Revise the deck, eliminating or combining slide ideas',
  false,
  NOW(),
  NOW()
) ON CONFLICT DO NOTHING; -- Skip if the option already exists

-- Insert option 7 for question 6
INSERT INTO payload.quiz_questions_options (
  id,
  _order,
  _parent_id,
  text,
  is_correct,
  created_at,
  updated_at
) VALUES (
  gen_random_uuid(),
  6,
  '5b00c700-a5ae-4290-abe1-a6a91eb0a113',
  'Run through the script a few more times and the put it aside',
  false,
  NOW(),
  NOW()
) ON CONFLICT DO NOTHING; -- Skip if the option already exists

-- Create relationship entry for the question to the quiz
INSERT INTO payload.quiz_questions_rels (
  id,
  _parent_id,
  field,
  value,
  created_at,
  updated_at
) VALUES (
  gen_random_uuid(),
  '5b00c700-a5ae-4290-abe1-a6a91eb0a113',
  'quiz_id',
  '3dd40d73-b75a-4fa9-a3c4-76d58f6c1cc9',
  NOW(),
  NOW()
) ON CONFLICT DO NOTHING; -- Skip if the relationship already exists

-- Create bidirectional relationship entry for the quiz to the question
INSERT INTO payload.course_quizzes_rels (
  id,
  _parent_id,
  field,
  value,
  created_at,
  updated_at
) VALUES (
  gen_random_uuid(),
  '3dd40d73-b75a-4fa9-a3c4-76d58f6c1cc9',
  'questions',
  '5b00c700-a5ae-4290-abe1-a6a91eb0a113',
  NOW(),
  NOW()
) ON CONFLICT DO NOTHING; -- Skip if the relationship already exists

-- Insert question 7 for quiz: Perparation & Practice Quiz
INSERT INTO payload.quiz_questions (
  id,
  question,
  quiz_id,
  quiz_id_id, -- Duplicate field for compatibility
  type,
  explanation,
  "order",
  created_at,
  updated_at
) VALUES (
  '95e06902-ba13-45bd-81e5-d171ba83a462', -- Generated UUID for the question
  'What is the sixth step of the recommended preparation process?',
  '3dd40d73-b75a-4fa9-a3c4-76d58f6c1cc9', -- Quiz ID
  '3dd40d73-b75a-4fa9-a3c4-76d58f6c1cc9', -- Quiz ID (duplicate)
  'single-answer',
  '',
  6,
  NOW(),
  NOW()
) ON CONFLICT (id) DO NOTHING; -- Skip if the question already exists

-- Insert option 1 for question 7
INSERT INTO payload.quiz_questions_options (
  id,
  _order,
  _parent_id,
  text,
  is_correct,
  created_at,
  updated_at
) VALUES (
  gen_random_uuid(),
  0,
  '95e06902-ba13-45bd-81e5-d171ba83a462',
  'Get a good night sleep and review the script once, maybe twice before the presentation',
  false,
  NOW(),
  NOW()
) ON CONFLICT DO NOTHING; -- Skip if the option already exists

-- Insert option 2 for question 7
INSERT INTO payload.quiz_questions_options (
  id,
  _order,
  _parent_id,
  text,
  is_correct,
  created_at,
  updated_at
) VALUES (
  gen_random_uuid(),
  1,
  '95e06902-ba13-45bd-81e5-d171ba83a462',
  'Present to someone else. Get feedback',
  false,
  NOW(),
  NOW()
) ON CONFLICT DO NOTHING; -- Skip if the option already exists

-- Insert option 3 for question 7
INSERT INTO payload.quiz_questions_options (
  id,
  _order,
  _parent_id,
  text,
  is_correct,
  created_at,
  updated_at
) VALUES (
  gen_random_uuid(),
  2,
  '95e06902-ba13-45bd-81e5-d171ba83a462',
  'Run through the presentation two or three time working on length, simplifying language, and identifying likely questions',
  false,
  NOW(),
  NOW()
) ON CONFLICT DO NOTHING; -- Skip if the option already exists

-- Insert option 4 for question 7
INSERT INTO payload.quiz_questions_options (
  id,
  _order,
  _parent_id,
  text,
  is_correct,
  created_at,
  updated_at
) VALUES (
  gen_random_uuid(),
  3,
  '95e06902-ba13-45bd-81e5-d171ba83a462',
  'Speak the presentation out loud and improvise. Test turns of phrases, identify key points that you want to make for each phrase',
  false,
  NOW(),
  NOW()
) ON CONFLICT DO NOTHING; -- Skip if the option already exists

-- Insert option 5 for question 7
INSERT INTO payload.quiz_questions_options (
  id,
  _order,
  _parent_id,
  text,
  is_correct,
  created_at,
  updated_at
) VALUES (
  gen_random_uuid(),
  4,
  '95e06902-ba13-45bd-81e5-d171ba83a462',
  'Write down the verbal voice over and create a formal script',
  false,
  NOW(),
  NOW()
) ON CONFLICT DO NOTHING; -- Skip if the option already exists

-- Insert option 6 for question 7
INSERT INTO payload.quiz_questions_options (
  id,
  _order,
  _parent_id,
  text,
  is_correct,
  created_at,
  updated_at
) VALUES (
  gen_random_uuid(),
  5,
  '95e06902-ba13-45bd-81e5-d171ba83a462',
  'Test the length of the presentation. Revise the deck, eliminating or combining slide ideas',
  false,
  NOW(),
  NOW()
) ON CONFLICT DO NOTHING; -- Skip if the option already exists

-- Insert option 7 for question 7
INSERT INTO payload.quiz_questions_options (
  id,
  _order,
  _parent_id,
  text,
  is_correct,
  created_at,
  updated_at
) VALUES (
  gen_random_uuid(),
  6,
  '95e06902-ba13-45bd-81e5-d171ba83a462',
  'Run through the script a few more times and the put it aside',
  true,
  NOW(),
  NOW()
) ON CONFLICT DO NOTHING; -- Skip if the option already exists

-- Create relationship entry for the question to the quiz
INSERT INTO payload.quiz_questions_rels (
  id,
  _parent_id,
  field,
  value,
  created_at,
  updated_at
) VALUES (
  gen_random_uuid(),
  '95e06902-ba13-45bd-81e5-d171ba83a462',
  'quiz_id',
  '3dd40d73-b75a-4fa9-a3c4-76d58f6c1cc9',
  NOW(),
  NOW()
) ON CONFLICT DO NOTHING; -- Skip if the relationship already exists

-- Create bidirectional relationship entry for the quiz to the question
INSERT INTO payload.course_quizzes_rels (
  id,
  _parent_id,
  field,
  value,
  created_at,
  updated_at
) VALUES (
  gen_random_uuid(),
  '3dd40d73-b75a-4fa9-a3c4-76d58f6c1cc9',
  'questions',
  '95e06902-ba13-45bd-81e5-d171ba83a462',
  NOW(),
  NOW()
) ON CONFLICT DO NOTHING; -- Skip if the relationship already exists

-- Insert question 8 for quiz: Perparation & Practice Quiz
INSERT INTO payload.quiz_questions (
  id,
  question,
  quiz_id,
  quiz_id_id, -- Duplicate field for compatibility
  type,
  explanation,
  "order",
  created_at,
  updated_at
) VALUES (
  '24a960f9-b0c2-45a3-9e75-849fa07c5025', -- Generated UUID for the question
  'What is the seventh step of the recommended preparation process?',
  '3dd40d73-b75a-4fa9-a3c4-76d58f6c1cc9', -- Quiz ID
  '3dd40d73-b75a-4fa9-a3c4-76d58f6c1cc9', -- Quiz ID (duplicate)
  'single-answer',
  '',
  7,
  NOW(),
  NOW()
) ON CONFLICT (id) DO NOTHING; -- Skip if the question already exists

-- Insert option 1 for question 8
INSERT INTO payload.quiz_questions_options (
  id,
  _order,
  _parent_id,
  text,
  is_correct,
  created_at,
  updated_at
) VALUES (
  gen_random_uuid(),
  0,
  '24a960f9-b0c2-45a3-9e75-849fa07c5025',
  'Get a good night sleep and review the script once, maybe twice before the presentation',
  true,
  NOW(),
  NOW()
) ON CONFLICT DO NOTHING; -- Skip if the option already exists

-- Insert option 2 for question 8
INSERT INTO payload.quiz_questions_options (
  id,
  _order,
  _parent_id,
  text,
  is_correct,
  created_at,
  updated_at
) VALUES (
  gen_random_uuid(),
  1,
  '24a960f9-b0c2-45a3-9e75-849fa07c5025',
  'Present to someone else. Get feedback',
  false,
  NOW(),
  NOW()
) ON CONFLICT DO NOTHING; -- Skip if the option already exists

-- Insert option 3 for question 8
INSERT INTO payload.quiz_questions_options (
  id,
  _order,
  _parent_id,
  text,
  is_correct,
  created_at,
  updated_at
) VALUES (
  gen_random_uuid(),
  2,
  '24a960f9-b0c2-45a3-9e75-849fa07c5025',
  'Run through the presentation two or three time working on length, simplifying language, and identifying likely questions',
  false,
  NOW(),
  NOW()
) ON CONFLICT DO NOTHING; -- Skip if the option already exists

-- Insert option 4 for question 8
INSERT INTO payload.quiz_questions_options (
  id,
  _order,
  _parent_id,
  text,
  is_correct,
  created_at,
  updated_at
) VALUES (
  gen_random_uuid(),
  3,
  '24a960f9-b0c2-45a3-9e75-849fa07c5025',
  'Speak the presentation out loud and improvise. Test turns of phrases, identify key points that you want to make for each phrase',
  false,
  NOW(),
  NOW()
) ON CONFLICT DO NOTHING; -- Skip if the option already exists

-- Insert option 5 for question 8
INSERT INTO payload.quiz_questions_options (
  id,
  _order,
  _parent_id,
  text,
  is_correct,
  created_at,
  updated_at
) VALUES (
  gen_random_uuid(),
  4,
  '24a960f9-b0c2-45a3-9e75-849fa07c5025',
  'Write down the verbal voice over and create a formal script',
  false,
  NOW(),
  NOW()
) ON CONFLICT DO NOTHING; -- Skip if the option already exists

-- Insert option 6 for question 8
INSERT INTO payload.quiz_questions_options (
  id,
  _order,
  _parent_id,
  text,
  is_correct,
  created_at,
  updated_at
) VALUES (
  gen_random_uuid(),
  5,
  '24a960f9-b0c2-45a3-9e75-849fa07c5025',
  'Test the length of the presentation. Revise the deck, eliminating or combining slide ideas',
  false,
  NOW(),
  NOW()
) ON CONFLICT DO NOTHING; -- Skip if the option already exists

-- Insert option 7 for question 8
INSERT INTO payload.quiz_questions_options (
  id,
  _order,
  _parent_id,
  text,
  is_correct,
  created_at,
  updated_at
) VALUES (
  gen_random_uuid(),
  6,
  '24a960f9-b0c2-45a3-9e75-849fa07c5025',
  'Run through the script a few more times and the put it aside',
  false,
  NOW(),
  NOW()
) ON CONFLICT DO NOTHING; -- Skip if the option already exists

-- Create relationship entry for the question to the quiz
INSERT INTO payload.quiz_questions_rels (
  id,
  _parent_id,
  field,
  value,
  created_at,
  updated_at
) VALUES (
  gen_random_uuid(),
  '24a960f9-b0c2-45a3-9e75-849fa07c5025',
  'quiz_id',
  '3dd40d73-b75a-4fa9-a3c4-76d58f6c1cc9',
  NOW(),
  NOW()
) ON CONFLICT DO NOTHING; -- Skip if the relationship already exists

-- Create bidirectional relationship entry for the quiz to the question
INSERT INTO payload.course_quizzes_rels (
  id,
  _parent_id,
  field,
  value,
  created_at,
  updated_at
) VALUES (
  gen_random_uuid(),
  '3dd40d73-b75a-4fa9-a3c4-76d58f6c1cc9',
  'questions',
  '24a960f9-b0c2-45a3-9e75-849fa07c5025',
  NOW(),
  NOW()
) ON CONFLICT DO NOTHING; -- Skip if the relationship already exists

-- Questions for quiz: Slide Composition Quiz (slide-composition-quiz, ID: 02d13d40-d8cb-4136-8c9b-83f6646b851f)
-- Insert question 1 for quiz: Slide Composition Quiz
INSERT INTO payload.quiz_questions (
  id,
  question,
  quiz_id,
  quiz_id_id, -- Duplicate field for compatibility
  type,
  explanation,
  "order",
  created_at,
  updated_at
) VALUES (
  '8daf167f-dda9-41f4-99df-82389c64bf23', -- Generated UUID for the question
  'What goes in the headline?',
  '02d13d40-d8cb-4136-8c9b-83f6646b851f', -- Quiz ID
  '02d13d40-d8cb-4136-8c9b-83f6646b851f', -- Quiz ID (duplicate)
  'single-answer',
  '',
  0,
  NOW(),
  NOW()
) ON CONFLICT (id) DO NOTHING; -- Skip if the question already exists

-- Insert option 1 for question 1
INSERT INTO payload.quiz_questions_options (
  id,
  _order,
  _parent_id,
  text,
  is_correct,
  created_at,
  updated_at
) VALUES (
  gen_random_uuid(),
  0,
  '8daf167f-dda9-41f4-99df-82389c64bf23',
  'Your footnotes',
  false,
  NOW(),
  NOW()
) ON CONFLICT DO NOTHING; -- Skip if the option already exists

-- Insert option 2 for question 1
INSERT INTO payload.quiz_questions_options (
  id,
  _order,
  _parent_id,
  text,
  is_correct,
  created_at,
  updated_at
) VALUES (
  gen_random_uuid(),
  1,
  '8daf167f-dda9-41f4-99df-82389c64bf23',
  'Your voice-over script',
  false,
  NOW(),
  NOW()
) ON CONFLICT DO NOTHING; -- Skip if the option already exists

-- Insert option 3 for question 1
INSERT INTO payload.quiz_questions_options (
  id,
  _order,
  _parent_id,
  text,
  is_correct,
  created_at,
  updated_at
) VALUES (
  gen_random_uuid(),
  2,
  '8daf167f-dda9-41f4-99df-82389c64bf23',
  'Your slide title',
  false,
  NOW(),
  NOW()
) ON CONFLICT DO NOTHING; -- Skip if the option already exists

-- Insert option 4 for question 1
INSERT INTO payload.quiz_questions_options (
  id,
  _order,
  _parent_id,
  text,
  is_correct,
  created_at,
  updated_at
) VALUES (
  gen_random_uuid(),
  3,
  '8daf167f-dda9-41f4-99df-82389c64bf23',
  'The main message of the slide',
  true,
  NOW(),
  NOW()
) ON CONFLICT DO NOTHING; -- Skip if the option already exists

-- Create relationship entry for the question to the quiz
INSERT INTO payload.quiz_questions_rels (
  id,
  _parent_id,
  field,
  value,
  created_at,
  updated_at
) VALUES (
  gen_random_uuid(),
  '8daf167f-dda9-41f4-99df-82389c64bf23',
  'quiz_id',
  '02d13d40-d8cb-4136-8c9b-83f6646b851f',
  NOW(),
  NOW()
) ON CONFLICT DO NOTHING; -- Skip if the relationship already exists

-- Create bidirectional relationship entry for the quiz to the question
INSERT INTO payload.course_quizzes_rels (
  id,
  _parent_id,
  field,
  value,
  created_at,
  updated_at
) VALUES (
  gen_random_uuid(),
  '02d13d40-d8cb-4136-8c9b-83f6646b851f',
  'questions',
  '8daf167f-dda9-41f4-99df-82389c64bf23',
  NOW(),
  NOW()
) ON CONFLICT DO NOTHING; -- Skip if the relationship already exists

-- Insert question 2 for quiz: Slide Composition Quiz
INSERT INTO payload.quiz_questions (
  id,
  question,
  quiz_id,
  quiz_id_id, -- Duplicate field for compatibility
  type,
  explanation,
  "order",
  created_at,
  updated_at
) VALUES (
  'ee59030e-564b-4ff5-98d5-df5885ec843a', -- Generated UUID for the question
  'What goes in the body of the slide?',
  '02d13d40-d8cb-4136-8c9b-83f6646b851f', -- Quiz ID
  '02d13d40-d8cb-4136-8c9b-83f6646b851f', -- Quiz ID (duplicate)
  'single-answer',
  '',
  1,
  NOW(),
  NOW()
) ON CONFLICT (id) DO NOTHING; -- Skip if the question already exists

-- Insert option 1 for question 2
INSERT INTO payload.quiz_questions_options (
  id,
  _order,
  _parent_id,
  text,
  is_correct,
  created_at,
  updated_at
) VALUES (
  gen_random_uuid(),
  0,
  'ee59030e-564b-4ff5-98d5-df5885ec843a',
  'The supporting evidence that supports the main message',
  true,
  NOW(),
  NOW()
) ON CONFLICT DO NOTHING; -- Skip if the option already exists

-- Insert option 2 for question 2
INSERT INTO payload.quiz_questions_options (
  id,
  _order,
  _parent_id,
  text,
  is_correct,
  created_at,
  updated_at
) VALUES (
  gen_random_uuid(),
  1,
  'ee59030e-564b-4ff5-98d5-df5885ec843a',
  'Text',
  false,
  NOW(),
  NOW()
) ON CONFLICT DO NOTHING; -- Skip if the option already exists

-- Insert option 3 for question 2
INSERT INTO payload.quiz_questions_options (
  id,
  _order,
  _parent_id,
  text,
  is_correct,
  created_at,
  updated_at
) VALUES (
  gen_random_uuid(),
  2,
  'ee59030e-564b-4ff5-98d5-df5885ec843a',
  'Charts',
  false,
  NOW(),
  NOW()
) ON CONFLICT DO NOTHING; -- Skip if the option already exists

-- Insert option 4 for question 2
INSERT INTO payload.quiz_questions_options (
  id,
  _order,
  _parent_id,
  text,
  is_correct,
  created_at,
  updated_at
) VALUES (
  gen_random_uuid(),
  3,
  'ee59030e-564b-4ff5-98d5-df5885ec843a',
  'Clip art',
  false,
  NOW(),
  NOW()
) ON CONFLICT DO NOTHING; -- Skip if the option already exists

-- Create relationship entry for the question to the quiz
INSERT INTO payload.quiz_questions_rels (
  id,
  _parent_id,
  field,
  value,
  created_at,
  updated_at
) VALUES (
  gen_random_uuid(),
  'ee59030e-564b-4ff5-98d5-df5885ec843a',
  'quiz_id',
  '02d13d40-d8cb-4136-8c9b-83f6646b851f',
  NOW(),
  NOW()
) ON CONFLICT DO NOTHING; -- Skip if the relationship already exists

-- Create bidirectional relationship entry for the quiz to the question
INSERT INTO payload.course_quizzes_rels (
  id,
  _parent_id,
  field,
  value,
  created_at,
  updated_at
) VALUES (
  gen_random_uuid(),
  '02d13d40-d8cb-4136-8c9b-83f6646b851f',
  'questions',
  'ee59030e-564b-4ff5-98d5-df5885ec843a',
  NOW(),
  NOW()
) ON CONFLICT DO NOTHING; -- Skip if the relationship already exists

-- Insert question 3 for quiz: Slide Composition Quiz
INSERT INTO payload.quiz_questions (
  id,
  question,
  quiz_id,
  quiz_id_id, -- Duplicate field for compatibility
  type,
  explanation,
  "order",
  created_at,
  updated_at
) VALUES (
  'd0239a47-a479-4b58-b20b-5652487162e0', -- Generated UUID for the question
  'What is a swipe file?',
  '02d13d40-d8cb-4136-8c9b-83f6646b851f', -- Quiz ID
  '02d13d40-d8cb-4136-8c9b-83f6646b851f', -- Quiz ID (duplicate)
  'single-answer',
  '',
  2,
  NOW(),
  NOW()
) ON CONFLICT (id) DO NOTHING; -- Skip if the question already exists

-- Insert option 1 for question 3
INSERT INTO payload.quiz_questions_options (
  id,
  _order,
  _parent_id,
  text,
  is_correct,
  created_at,
  updated_at
) VALUES (
  gen_random_uuid(),
  0,
  'd0239a47-a479-4b58-b20b-5652487162e0',
  'Collection of useful slide designs and frameworks that you can utilize for inspiration',
  true,
  NOW(),
  NOW()
) ON CONFLICT DO NOTHING; -- Skip if the option already exists

-- Insert option 2 for question 3
INSERT INTO payload.quiz_questions_options (
  id,
  _order,
  _parent_id,
  text,
  is_correct,
  created_at,
  updated_at
) VALUES (
  gen_random_uuid(),
  1,
  'd0239a47-a479-4b58-b20b-5652487162e0',
  'Hacker code to get free templates',
  false,
  NOW(),
  NOW()
) ON CONFLICT DO NOTHING; -- Skip if the option already exists

-- Insert option 3 for question 3
INSERT INTO payload.quiz_questions_options (
  id,
  _order,
  _parent_id,
  text,
  is_correct,
  created_at,
  updated_at
) VALUES (
  gen_random_uuid(),
  2,
  'd0239a47-a479-4b58-b20b-5652487162e0',
  'Where you store illicit data',
  false,
  NOW(),
  NOW()
) ON CONFLICT DO NOTHING; -- Skip if the option already exists

-- Insert option 4 for question 3
INSERT INTO payload.quiz_questions_options (
  id,
  _order,
  _parent_id,
  text,
  is_correct,
  created_at,
  updated_at
) VALUES (
  gen_random_uuid(),
  3,
  'd0239a47-a479-4b58-b20b-5652487162e0',
  'Another name for a garbage can',
  false,
  NOW(),
  NOW()
) ON CONFLICT DO NOTHING; -- Skip if the option already exists

-- Create relationship entry for the question to the quiz
INSERT INTO payload.quiz_questions_rels (
  id,
  _parent_id,
  field,
  value,
  created_at,
  updated_at
) VALUES (
  gen_random_uuid(),
  'd0239a47-a479-4b58-b20b-5652487162e0',
  'quiz_id',
  '02d13d40-d8cb-4136-8c9b-83f6646b851f',
  NOW(),
  NOW()
) ON CONFLICT DO NOTHING; -- Skip if the relationship already exists

-- Create bidirectional relationship entry for the quiz to the question
INSERT INTO payload.course_quizzes_rels (
  id,
  _parent_id,
  field,
  value,
  created_at,
  updated_at
) VALUES (
  gen_random_uuid(),
  '02d13d40-d8cb-4136-8c9b-83f6646b851f',
  'questions',
  'd0239a47-a479-4b58-b20b-5652487162e0',
  NOW(),
  NOW()
) ON CONFLICT DO NOTHING; -- Skip if the relationship already exists

-- Insert question 4 for quiz: Slide Composition Quiz
INSERT INTO payload.quiz_questions (
  id,
  question,
  quiz_id,
  quiz_id_id, -- Duplicate field for compatibility
  type,
  explanation,
  "order",
  created_at,
  updated_at
) VALUES (
  '0d2489c9-6af1-40c0-82b1-bcd5d622a65b', -- Generated UUID for the question
  'When is the best time to use clip art?',
  '02d13d40-d8cb-4136-8c9b-83f6646b851f', -- Quiz ID
  '02d13d40-d8cb-4136-8c9b-83f6646b851f', -- Quiz ID (duplicate)
  'single-answer',
  '',
  3,
  NOW(),
  NOW()
) ON CONFLICT (id) DO NOTHING; -- Skip if the question already exists

-- Insert option 1 for question 4
INSERT INTO payload.quiz_questions_options (
  id,
  _order,
  _parent_id,
  text,
  is_correct,
  created_at,
  updated_at
) VALUES (
  gen_random_uuid(),
  0,
  '0d2489c9-6af1-40c0-82b1-bcd5d622a65b',
  'Never',
  true,
  NOW(),
  NOW()
) ON CONFLICT DO NOTHING; -- Skip if the option already exists

-- Insert option 2 for question 4
INSERT INTO payload.quiz_questions_options (
  id,
  _order,
  _parent_id,
  text,
  is_correct,
  created_at,
  updated_at
) VALUES (
  gen_random_uuid(),
  1,
  '0d2489c9-6af1-40c0-82b1-bcd5d622a65b',
  'In marketing and sales presentations, but not in finance presentations',
  false,
  NOW(),
  NOW()
) ON CONFLICT DO NOTHING; -- Skip if the option already exists

-- Insert option 3 for question 4
INSERT INTO payload.quiz_questions_options (
  id,
  _order,
  _parent_id,
  text,
  is_correct,
  created_at,
  updated_at
) VALUES (
  gen_random_uuid(),
  2,
  '0d2489c9-6af1-40c0-82b1-bcd5d622a65b',
  'No restrictions',
  false,
  NOW(),
  NOW()
) ON CONFLICT DO NOTHING; -- Skip if the option already exists

-- Insert option 4 for question 4
INSERT INTO payload.quiz_questions_options (
  id,
  _order,
  _parent_id,
  text,
  is_correct,
  created_at,
  updated_at
) VALUES (
  gen_random_uuid(),
  3,
  '0d2489c9-6af1-40c0-82b1-bcd5d622a65b',
  'When the clip art is of a cute cat',
  false,
  NOW(),
  NOW()
) ON CONFLICT DO NOTHING; -- Skip if the option already exists

-- Create relationship entry for the question to the quiz
INSERT INTO payload.quiz_questions_rels (
  id,
  _parent_id,
  field,
  value,
  created_at,
  updated_at
) VALUES (
  gen_random_uuid(),
  '0d2489c9-6af1-40c0-82b1-bcd5d622a65b',
  'quiz_id',
  '02d13d40-d8cb-4136-8c9b-83f6646b851f',
  NOW(),
  NOW()
) ON CONFLICT DO NOTHING; -- Skip if the relationship already exists

-- Create bidirectional relationship entry for the quiz to the question
INSERT INTO payload.course_quizzes_rels (
  id,
  _parent_id,
  field,
  value,
  created_at,
  updated_at
) VALUES (
  gen_random_uuid(),
  '02d13d40-d8cb-4136-8c9b-83f6646b851f',
  'questions',
  '0d2489c9-6af1-40c0-82b1-bcd5d622a65b',
  NOW(),
  NOW()
) ON CONFLICT DO NOTHING; -- Skip if the relationship already exists

-- Insert question 5 for quiz: Slide Composition Quiz
INSERT INTO payload.quiz_questions (
  id,
  question,
  quiz_id,
  quiz_id_id, -- Duplicate field for compatibility
  type,
  explanation,
  "order",
  created_at,
  updated_at
) VALUES (
  'ec156a02-3a89-4d2b-87ac-8042538bd511', -- Generated UUID for the question
  'What elements can be repeated on all slides?',
  '02d13d40-d8cb-4136-8c9b-83f6646b851f', -- Quiz ID
  '02d13d40-d8cb-4136-8c9b-83f6646b851f', -- Quiz ID (duplicate)
  'multi-answer',
  '',
  4,
  NOW(),
  NOW()
) ON CONFLICT (id) DO NOTHING; -- Skip if the question already exists

-- Insert option 1 for question 5
INSERT INTO payload.quiz_questions_options (
  id,
  _order,
  _parent_id,
  text,
  is_correct,
  created_at,
  updated_at
) VALUES (
  gen_random_uuid(),
  0,
  'ec156a02-3a89-4d2b-87ac-8042538bd511',
  'Company logo',
  false,
  NOW(),
  NOW()
) ON CONFLICT DO NOTHING; -- Skip if the option already exists

-- Insert option 2 for question 5
INSERT INTO payload.quiz_questions_options (
  id,
  _order,
  _parent_id,
  text,
  is_correct,
  created_at,
  updated_at
) VALUES (
  gen_random_uuid(),
  1,
  'ec156a02-3a89-4d2b-87ac-8042538bd511',
  'Location for a headline',
  true,
  NOW(),
  NOW()
) ON CONFLICT DO NOTHING; -- Skip if the option already exists

-- Insert option 3 for question 5
INSERT INTO payload.quiz_questions_options (
  id,
  _order,
  _parent_id,
  text,
  is_correct,
  created_at,
  updated_at
) VALUES (
  gen_random_uuid(),
  2,
  'ec156a02-3a89-4d2b-87ac-8042538bd511',
  'Location for footnotes',
  true,
  NOW(),
  NOW()
) ON CONFLICT DO NOTHING; -- Skip if the option already exists

-- Insert option 4 for question 5
INSERT INTO payload.quiz_questions_options (
  id,
  _order,
  _parent_id,
  text,
  is_correct,
  created_at,
  updated_at
) VALUES (
  gen_random_uuid(),
  3,
  'ec156a02-3a89-4d2b-87ac-8042538bd511',
  'Trademark and confidentiality messages',
  false,
  NOW(),
  NOW()
) ON CONFLICT DO NOTHING; -- Skip if the option already exists

-- Insert option 5 for question 5
INSERT INTO payload.quiz_questions_options (
  id,
  _order,
  _parent_id,
  text,
  is_correct,
  created_at,
  updated_at
) VALUES (
  gen_random_uuid(),
  4,
  'ec156a02-3a89-4d2b-87ac-8042538bd511',
  'Banners',
  false,
  NOW(),
  NOW()
) ON CONFLICT DO NOTHING; -- Skip if the option already exists

-- Insert option 6 for question 5
INSERT INTO payload.quiz_questions_options (
  id,
  _order,
  _parent_id,
  text,
  is_correct,
  created_at,
  updated_at
) VALUES (
  gen_random_uuid(),
  5,
  'ec156a02-3a89-4d2b-87ac-8042538bd511',
  'Location  for page numbers',
  true,
  NOW(),
  NOW()
) ON CONFLICT DO NOTHING; -- Skip if the option already exists

-- Create relationship entry for the question to the quiz
INSERT INTO payload.quiz_questions_rels (
  id,
  _parent_id,
  field,
  value,
  created_at,
  updated_at
) VALUES (
  gen_random_uuid(),
  'ec156a02-3a89-4d2b-87ac-8042538bd511',
  'quiz_id',
  '02d13d40-d8cb-4136-8c9b-83f6646b851f',
  NOW(),
  NOW()
) ON CONFLICT DO NOTHING; -- Skip if the relationship already exists

-- Create bidirectional relationship entry for the quiz to the question
INSERT INTO payload.course_quizzes_rels (
  id,
  _parent_id,
  field,
  value,
  created_at,
  updated_at
) VALUES (
  gen_random_uuid(),
  '02d13d40-d8cb-4136-8c9b-83f6646b851f',
  'questions',
  'ec156a02-3a89-4d2b-87ac-8042538bd511',
  NOW(),
  NOW()
) ON CONFLICT DO NOTHING; -- Skip if the relationship already exists

-- Questions for quiz: Specialist Graphs Quiz (specialist-graphs-quiz, ID: 2917db85-ad2e-4f7e-8168-d3cbc7aed8e3)
-- Insert question 1 for quiz: Specialist Graphs Quiz
INSERT INTO payload.quiz_questions (
  id,
  question,
  quiz_id,
  quiz_id_id, -- Duplicate field for compatibility
  type,
  explanation,
  "order",
  created_at,
  updated_at
) VALUES (
  '0a8d58a8-dd33-43b7-a0de-95d8c35b155c', -- Generated UUID for the question
  'What do we use Tornado diagrams for?',
  '2917db85-ad2e-4f7e-8168-d3cbc7aed8e3', -- Quiz ID
  '2917db85-ad2e-4f7e-8168-d3cbc7aed8e3', -- Quiz ID (duplicate)
  'single-answer',
  '',
  0,
  NOW(),
  NOW()
) ON CONFLICT (id) DO NOTHING; -- Skip if the question already exists

-- Insert option 1 for question 1
INSERT INTO payload.quiz_questions_options (
  id,
  _order,
  _parent_id,
  text,
  is_correct,
  created_at,
  updated_at
) VALUES (
  gen_random_uuid(),
  0,
  '0a8d58a8-dd33-43b7-a0de-95d8c35b155c',
  'Composition of markets',
  false,
  NOW(),
  NOW()
) ON CONFLICT DO NOTHING; -- Skip if the option already exists

-- Insert option 2 for question 1
INSERT INTO payload.quiz_questions_options (
  id,
  _order,
  _parent_id,
  text,
  is_correct,
  created_at,
  updated_at
) VALUES (
  gen_random_uuid(),
  1,
  '0a8d58a8-dd33-43b7-a0de-95d8c35b155c',
  'Nominal comparison',
  false,
  NOW(),
  NOW()
) ON CONFLICT DO NOTHING; -- Skip if the option already exists

-- Insert option 3 for question 1
INSERT INTO payload.quiz_questions_options (
  id,
  _order,
  _parent_id,
  text,
  is_correct,
  created_at,
  updated_at
) VALUES (
  gen_random_uuid(),
  2,
  '0a8d58a8-dd33-43b7-a0de-95d8c35b155c',
  'Sensitivity analysis',
  true,
  NOW(),
  NOW()
) ON CONFLICT DO NOTHING; -- Skip if the option already exists

-- Insert option 4 for question 1
INSERT INTO payload.quiz_questions_options (
  id,
  _order,
  _parent_id,
  text,
  is_correct,
  created_at,
  updated_at
) VALUES (
  gen_random_uuid(),
  3,
  '0a8d58a8-dd33-43b7-a0de-95d8c35b155c',
  'To display how several variables change over time',
  false,
  NOW(),
  NOW()
) ON CONFLICT DO NOTHING; -- Skip if the option already exists

-- Create relationship entry for the question to the quiz
INSERT INTO payload.quiz_questions_rels (
  id,
  _parent_id,
  field,
  value,
  created_at,
  updated_at
) VALUES (
  gen_random_uuid(),
  '0a8d58a8-dd33-43b7-a0de-95d8c35b155c',
  'quiz_id',
  '2917db85-ad2e-4f7e-8168-d3cbc7aed8e3',
  NOW(),
  NOW()
) ON CONFLICT DO NOTHING; -- Skip if the relationship already exists

-- Create bidirectional relationship entry for the quiz to the question
INSERT INTO payload.course_quizzes_rels (
  id,
  _parent_id,
  field,
  value,
  created_at,
  updated_at
) VALUES (
  gen_random_uuid(),
  '2917db85-ad2e-4f7e-8168-d3cbc7aed8e3',
  'questions',
  '0a8d58a8-dd33-43b7-a0de-95d8c35b155c',
  NOW(),
  NOW()
) ON CONFLICT DO NOTHING; -- Skip if the relationship already exists

-- Insert question 2 for quiz: Specialist Graphs Quiz
INSERT INTO payload.quiz_questions (
  id,
  question,
  quiz_id,
  quiz_id_id, -- Duplicate field for compatibility
  type,
  explanation,
  "order",
  created_at,
  updated_at
) VALUES (
  'cf86fc6a-3778-4a02-a72b-7c928120cb36', -- Generated UUID for the question
  'When do we use a Bubble Chart?',
  '2917db85-ad2e-4f7e-8168-d3cbc7aed8e3', -- Quiz ID
  '2917db85-ad2e-4f7e-8168-d3cbc7aed8e3', -- Quiz ID (duplicate)
  'single-answer',
  '',
  1,
  NOW(),
  NOW()
) ON CONFLICT (id) DO NOTHING; -- Skip if the question already exists

-- Insert option 1 for question 2
INSERT INTO payload.quiz_questions_options (
  id,
  _order,
  _parent_id,
  text,
  is_correct,
  created_at,
  updated_at
) VALUES (
  gen_random_uuid(),
  0,
  'cf86fc6a-3778-4a02-a72b-7c928120cb36',
  'For nominal comparisons',
  false,
  NOW(),
  NOW()
) ON CONFLICT DO NOTHING; -- Skip if the option already exists

-- Insert option 2 for question 2
INSERT INTO payload.quiz_questions_options (
  id,
  _order,
  _parent_id,
  text,
  is_correct,
  created_at,
  updated_at
) VALUES (
  gen_random_uuid(),
  1,
  'cf86fc6a-3778-4a02-a72b-7c928120cb36',
  'When your scatter plot is ugly',
  false,
  NOW(),
  NOW()
) ON CONFLICT DO NOTHING; -- Skip if the option already exists

-- Insert option 3 for question 2
INSERT INTO payload.quiz_questions_options (
  id,
  _order,
  _parent_id,
  text,
  is_correct,
  created_at,
  updated_at
) VALUES (
  gen_random_uuid(),
  2,
  'cf86fc6a-3778-4a02-a72b-7c928120cb36',
  'When you want to show three variables',
  true,
  NOW(),
  NOW()
) ON CONFLICT DO NOTHING; -- Skip if the option already exists

-- Insert option 4 for question 2
INSERT INTO payload.quiz_questions_options (
  id,
  _order,
  _parent_id,
  text,
  is_correct,
  created_at,
  updated_at
) VALUES (
  gen_random_uuid(),
  3,
  'cf86fc6a-3778-4a02-a72b-7c928120cb36',
  'To show a time series',
  false,
  NOW(),
  NOW()
) ON CONFLICT DO NOTHING; -- Skip if the option already exists

-- Create relationship entry for the question to the quiz
INSERT INTO payload.quiz_questions_rels (
  id,
  _parent_id,
  field,
  value,
  created_at,
  updated_at
) VALUES (
  gen_random_uuid(),
  'cf86fc6a-3778-4a02-a72b-7c928120cb36',
  'quiz_id',
  '2917db85-ad2e-4f7e-8168-d3cbc7aed8e3',
  NOW(),
  NOW()
) ON CONFLICT DO NOTHING; -- Skip if the relationship already exists

-- Create bidirectional relationship entry for the quiz to the question
INSERT INTO payload.course_quizzes_rels (
  id,
  _parent_id,
  field,
  value,
  created_at,
  updated_at
) VALUES (
  gen_random_uuid(),
  '2917db85-ad2e-4f7e-8168-d3cbc7aed8e3',
  'questions',
  'cf86fc6a-3778-4a02-a72b-7c928120cb36',
  NOW(),
  NOW()
) ON CONFLICT DO NOTHING; -- Skip if the relationship already exists

-- Insert question 3 for quiz: Specialist Graphs Quiz
INSERT INTO payload.quiz_questions (
  id,
  question,
  quiz_id,
  quiz_id_id, -- Duplicate field for compatibility
  type,
  explanation,
  "order",
  created_at,
  updated_at
) VALUES (
  '38628d90-06cc-4187-b209-9df1752fe458', -- Generated UUID for the question
  'What chart types should we try and avoid using?',
  '2917db85-ad2e-4f7e-8168-d3cbc7aed8e3', -- Quiz ID
  '2917db85-ad2e-4f7e-8168-d3cbc7aed8e3', -- Quiz ID (duplicate)
  'multi-answer',
  '',
  2,
  NOW(),
  NOW()
) ON CONFLICT (id) DO NOTHING; -- Skip if the question already exists

-- Insert option 1 for question 3
INSERT INTO payload.quiz_questions_options (
  id,
  _order,
  _parent_id,
  text,
  is_correct,
  created_at,
  updated_at
) VALUES (
  gen_random_uuid(),
  0,
  '38628d90-06cc-4187-b209-9df1752fe458',
  'Donut Chart',
  true,
  NOW(),
  NOW()
) ON CONFLICT DO NOTHING; -- Skip if the option already exists

-- Insert option 2 for question 3
INSERT INTO payload.quiz_questions_options (
  id,
  _order,
  _parent_id,
  text,
  is_correct,
  created_at,
  updated_at
) VALUES (
  gen_random_uuid(),
  1,
  '38628d90-06cc-4187-b209-9df1752fe458',
  'Waterfall Chart',
  false,
  NOW(),
  NOW()
) ON CONFLICT DO NOTHING; -- Skip if the option already exists

-- Insert option 3 for question 3
INSERT INTO payload.quiz_questions_options (
  id,
  _order,
  _parent_id,
  text,
  is_correct,
  created_at,
  updated_at
) VALUES (
  gen_random_uuid(),
  2,
  '38628d90-06cc-4187-b209-9df1752fe458',
  'Pie Chart',
  true,
  NOW(),
  NOW()
) ON CONFLICT DO NOTHING; -- Skip if the option already exists

-- Insert option 4 for question 3
INSERT INTO payload.quiz_questions_options (
  id,
  _order,
  _parent_id,
  text,
  is_correct,
  created_at,
  updated_at
) VALUES (
  gen_random_uuid(),
  3,
  '38628d90-06cc-4187-b209-9df1752fe458',
  'Circle chart',
  true,
  NOW(),
  NOW()
) ON CONFLICT DO NOTHING; -- Skip if the option already exists

-- Insert option 5 for question 3
INSERT INTO payload.quiz_questions_options (
  id,
  _order,
  _parent_id,
  text,
  is_correct,
  created_at,
  updated_at
) VALUES (
  gen_random_uuid(),
  4,
  '38628d90-06cc-4187-b209-9df1752fe458',
  'Anything 3-D',
  true,
  NOW(),
  NOW()
) ON CONFLICT DO NOTHING; -- Skip if the option already exists

-- Insert option 6 for question 3
INSERT INTO payload.quiz_questions_options (
  id,
  _order,
  _parent_id,
  text,
  is_correct,
  created_at,
  updated_at
) VALUES (
  gen_random_uuid(),
  5,
  '38628d90-06cc-4187-b209-9df1752fe458',
  'Merimekko Chart',
  false,
  NOW(),
  NOW()
) ON CONFLICT DO NOTHING; -- Skip if the option already exists

-- Create relationship entry for the question to the quiz
INSERT INTO payload.quiz_questions_rels (
  id,
  _parent_id,
  field,
  value,
  created_at,
  updated_at
) VALUES (
  gen_random_uuid(),
  '38628d90-06cc-4187-b209-9df1752fe458',
  'quiz_id',
  '2917db85-ad2e-4f7e-8168-d3cbc7aed8e3',
  NOW(),
  NOW()
) ON CONFLICT DO NOTHING; -- Skip if the relationship already exists

-- Create bidirectional relationship entry for the quiz to the question
INSERT INTO payload.course_quizzes_rels (
  id,
  _parent_id,
  field,
  value,
  created_at,
  updated_at
) VALUES (
  gen_random_uuid(),
  '2917db85-ad2e-4f7e-8168-d3cbc7aed8e3',
  'questions',
  '38628d90-06cc-4187-b209-9df1752fe458',
  NOW(),
  NOW()
) ON CONFLICT DO NOTHING; -- Skip if the relationship already exists

-- Insert question 4 for quiz: Specialist Graphs Quiz
INSERT INTO payload.quiz_questions (
  id,
  question,
  quiz_id,
  quiz_id_id, -- Duplicate field for compatibility
  type,
  explanation,
  "order",
  created_at,
  updated_at
) VALUES (
  'd0ac2e41-e256-4026-a627-bd700d94be03', -- Generated UUID for the question
  'What is the best use of a Waterfall Chart?',
  '2917db85-ad2e-4f7e-8168-d3cbc7aed8e3', -- Quiz ID
  '2917db85-ad2e-4f7e-8168-d3cbc7aed8e3', -- Quiz ID (duplicate)
  'single-answer',
  '',
  3,
  NOW(),
  NOW()
) ON CONFLICT (id) DO NOTHING; -- Skip if the question already exists

-- Insert option 1 for question 4
INSERT INTO payload.quiz_questions_options (
  id,
  _order,
  _parent_id,
  text,
  is_correct,
  created_at,
  updated_at
) VALUES (
  gen_random_uuid(),
  0,
  'd0ac2e41-e256-4026-a627-bd700d94be03',
  'To show a time series',
  false,
  NOW(),
  NOW()
) ON CONFLICT DO NOTHING; -- Skip if the option already exists

-- Insert option 2 for question 4
INSERT INTO payload.quiz_questions_options (
  id,
  _order,
  _parent_id,
  text,
  is_correct,
  created_at,
  updated_at
) VALUES (
  gen_random_uuid(),
  1,
  'd0ac2e41-e256-4026-a627-bd700d94be03',
  'To show how increases and decreases in a balance affect that balance over time',
  true,
  NOW(),
  NOW()
) ON CONFLICT DO NOTHING; -- Skip if the option already exists

-- Insert option 3 for question 4
INSERT INTO payload.quiz_questions_options (
  id,
  _order,
  _parent_id,
  text,
  is_correct,
  created_at,
  updated_at
) VALUES (
  gen_random_uuid(),
  2,
  'd0ac2e41-e256-4026-a627-bd700d94be03',
  'To show a part-to-whole relationship',
  false,
  NOW(),
  NOW()
) ON CONFLICT DO NOTHING; -- Skip if the option already exists

-- Insert option 4 for question 4
INSERT INTO payload.quiz_questions_options (
  id,
  _order,
  _parent_id,
  text,
  is_correct,
  created_at,
  updated_at
) VALUES (
  gen_random_uuid(),
  3,
  'd0ac2e41-e256-4026-a627-bd700d94be03',
  'As a fancy nominal comparison bar chart',
  false,
  NOW(),
  NOW()
) ON CONFLICT DO NOTHING; -- Skip if the option already exists

-- Create relationship entry for the question to the quiz
INSERT INTO payload.quiz_questions_rels (
  id,
  _parent_id,
  field,
  value,
  created_at,
  updated_at
) VALUES (
  gen_random_uuid(),
  'd0ac2e41-e256-4026-a627-bd700d94be03',
  'quiz_id',
  '2917db85-ad2e-4f7e-8168-d3cbc7aed8e3',
  NOW(),
  NOW()
) ON CONFLICT DO NOTHING; -- Skip if the relationship already exists

-- Create bidirectional relationship entry for the quiz to the question
INSERT INTO payload.course_quizzes_rels (
  id,
  _parent_id,
  field,
  value,
  created_at,
  updated_at
) VALUES (
  gen_random_uuid(),
  '2917db85-ad2e-4f7e-8168-d3cbc7aed8e3',
  'questions',
  'd0ac2e41-e256-4026-a627-bd700d94be03',
  NOW(),
  NOW()
) ON CONFLICT DO NOTHING; -- Skip if the relationship already exists

-- Insert question 5 for quiz: Specialist Graphs Quiz
INSERT INTO payload.quiz_questions (
  id,
  question,
  quiz_id,
  quiz_id_id, -- Duplicate field for compatibility
  type,
  explanation,
  "order",
  created_at,
  updated_at
) VALUES (
  '38109f35-a80e-4266-a747-69f9c1f679e1', -- Generated UUID for the question
  'What is one of the more common uses of a Marimekko Chart?',
  '2917db85-ad2e-4f7e-8168-d3cbc7aed8e3', -- Quiz ID
  '2917db85-ad2e-4f7e-8168-d3cbc7aed8e3', -- Quiz ID (duplicate)
  'single-answer',
  '',
  4,
  NOW(),
  NOW()
) ON CONFLICT (id) DO NOTHING; -- Skip if the question already exists

-- Insert option 1 for question 5
INSERT INTO payload.quiz_questions_options (
  id,
  _order,
  _parent_id,
  text,
  is_correct,
  created_at,
  updated_at
) VALUES (
  gen_random_uuid(),
  0,
  '38109f35-a80e-4266-a747-69f9c1f679e1',
  'To confuse our audience',
  false,
  NOW(),
  NOW()
) ON CONFLICT DO NOTHING; -- Skip if the option already exists

-- Insert option 2 for question 5
INSERT INTO payload.quiz_questions_options (
  id,
  _order,
  _parent_id,
  text,
  is_correct,
  created_at,
  updated_at
) VALUES (
  gen_random_uuid(),
  1,
  '38109f35-a80e-4266-a747-69f9c1f679e1',
  'To show a time series',
  false,
  NOW(),
  NOW()
) ON CONFLICT DO NOTHING; -- Skip if the option already exists

-- Insert option 3 for question 5
INSERT INTO payload.quiz_questions_options (
  id,
  _order,
  _parent_id,
  text,
  is_correct,
  created_at,
  updated_at
) VALUES (
  gen_random_uuid(),
  2,
  '38109f35-a80e-4266-a747-69f9c1f679e1',
  'To show data on the Finnish textile industry',
  false,
  NOW(),
  NOW()
) ON CONFLICT DO NOTHING; -- Skip if the option already exists

-- Insert option 4 for question 5
INSERT INTO payload.quiz_questions_options (
  id,
  _order,
  _parent_id,
  text,
  is_correct,
  created_at,
  updated_at
) VALUES (
  gen_random_uuid(),
  3,
  '38109f35-a80e-4266-a747-69f9c1f679e1',
  'To display the composition of markets',
  true,
  NOW(),
  NOW()
) ON CONFLICT DO NOTHING; -- Skip if the option already exists

-- Create relationship entry for the question to the quiz
INSERT INTO payload.quiz_questions_rels (
  id,
  _parent_id,
  field,
  value,
  created_at,
  updated_at
) VALUES (
  gen_random_uuid(),
  '38109f35-a80e-4266-a747-69f9c1f679e1',
  'quiz_id',
  '2917db85-ad2e-4f7e-8168-d3cbc7aed8e3',
  NOW(),
  NOW()
) ON CONFLICT DO NOTHING; -- Skip if the relationship already exists

-- Create bidirectional relationship entry for the quiz to the question
INSERT INTO payload.course_quizzes_rels (
  id,
  _parent_id,
  field,
  value,
  created_at,
  updated_at
) VALUES (
  gen_random_uuid(),
  '2917db85-ad2e-4f7e-8168-d3cbc7aed8e3',
  'questions',
  '38109f35-a80e-4266-a747-69f9c1f679e1',
  NOW(),
  NOW()
) ON CONFLICT DO NOTHING; -- Skip if the relationship already exists

-- Insert question 6 for quiz: Specialist Graphs Quiz
INSERT INTO payload.quiz_questions (
  id,
  question,
  quiz_id,
  quiz_id_id, -- Duplicate field for compatibility
  type,
  explanation,
  "order",
  created_at,
  updated_at
) VALUES (
  'f3ee6646-28bf-49b6-9065-292e814f2f09', -- Generated UUID for the question
  'What are Motion Charts used for?',
  '2917db85-ad2e-4f7e-8168-d3cbc7aed8e3', -- Quiz ID
  '2917db85-ad2e-4f7e-8168-d3cbc7aed8e3', -- Quiz ID (duplicate)
  'single-answer',
  '',
  5,
  NOW(),
  NOW()
) ON CONFLICT (id) DO NOTHING; -- Skip if the question already exists

-- Insert option 1 for question 6
INSERT INTO payload.quiz_questions_options (
  id,
  _order,
  _parent_id,
  text,
  is_correct,
  created_at,
  updated_at
) VALUES (
  gen_random_uuid(),
  0,
  'f3ee6646-28bf-49b6-9065-292e814f2f09',
  'To explore how several variables change over time',
  true,
  NOW(),
  NOW()
) ON CONFLICT DO NOTHING; -- Skip if the option already exists

-- Insert option 2 for question 6
INSERT INTO payload.quiz_questions_options (
  id,
  _order,
  _parent_id,
  text,
  is_correct,
  created_at,
  updated_at
) VALUES (
  gen_random_uuid(),
  1,
  'f3ee6646-28bf-49b6-9065-292e814f2f09',
  'Sensitivity analysis',
  false,
  NOW(),
  NOW()
) ON CONFLICT DO NOTHING; -- Skip if the option already exists

-- Insert option 3 for question 6
INSERT INTO payload.quiz_questions_options (
  id,
  _order,
  _parent_id,
  text,
  is_correct,
  created_at,
  updated_at
) VALUES (
  gen_random_uuid(),
  2,
  'f3ee6646-28bf-49b6-9065-292e814f2f09',
  'Nominal comparison',
  false,
  NOW(),
  NOW()
) ON CONFLICT DO NOTHING; -- Skip if the option already exists

-- Insert option 4 for question 6
INSERT INTO payload.quiz_questions_options (
  id,
  _order,
  _parent_id,
  text,
  is_correct,
  created_at,
  updated_at
) VALUES (
  gen_random_uuid(),
  3,
  'f3ee6646-28bf-49b6-9065-292e814f2f09',
  'Composition of markets',
  false,
  NOW(),
  NOW()
) ON CONFLICT DO NOTHING; -- Skip if the option already exists

-- Create relationship entry for the question to the quiz
INSERT INTO payload.quiz_questions_rels (
  id,
  _parent_id,
  field,
  value,
  created_at,
  updated_at
) VALUES (
  gen_random_uuid(),
  'f3ee6646-28bf-49b6-9065-292e814f2f09',
  'quiz_id',
  '2917db85-ad2e-4f7e-8168-d3cbc7aed8e3',
  NOW(),
  NOW()
) ON CONFLICT DO NOTHING; -- Skip if the relationship already exists

-- Create bidirectional relationship entry for the quiz to the question
INSERT INTO payload.course_quizzes_rels (
  id,
  _parent_id,
  field,
  value,
  created_at,
  updated_at
) VALUES (
  gen_random_uuid(),
  '2917db85-ad2e-4f7e-8168-d3cbc7aed8e3',
  'questions',
  'f3ee6646-28bf-49b6-9065-292e814f2f09',
  NOW(),
  NOW()
) ON CONFLICT DO NOTHING; -- Skip if the relationship already exists

-- Questions for quiz: Storyboards in Film Quiz (storyboards-in-film-quiz, ID: 7762c9fe-780e-4306-aae2-6d50d9a5600c)
-- Insert question 1 for quiz: Storyboards in Film Quiz
INSERT INTO payload.quiz_questions (
  id,
  question,
  quiz_id,
  quiz_id_id, -- Duplicate field for compatibility
  type,
  explanation,
  "order",
  created_at,
  updated_at
) VALUES (
  '82f1dddc-b631-498a-bde6-35f62b87f053', -- Generated UUID for the question
  'What is a storyboard?',
  '7762c9fe-780e-4306-aae2-6d50d9a5600c', -- Quiz ID
  '7762c9fe-780e-4306-aae2-6d50d9a5600c', -- Quiz ID (duplicate)
  'multiple_choice',
  '',
  0,
  NOW(),
  NOW()
) ON CONFLICT (id) DO NOTHING; -- Skip if the question already exists

-- Insert option 1 for question 1
INSERT INTO payload.quiz_questions_options (
  id,
  _order,
  _parent_id,
  text,
  is_correct,
  created_at,
  updated_at
) VALUES (
  gen_random_uuid(),
  0,
  '82f1dddc-b631-498a-bde6-35f62b87f053',
  'A blueprint of the movie',
  true,
  NOW(),
  NOW()
) ON CONFLICT DO NOTHING; -- Skip if the option already exists

-- Insert option 2 for question 1
INSERT INTO payload.quiz_questions_options (
  id,
  _order,
  _parent_id,
  text,
  is_correct,
  created_at,
  updated_at
) VALUES (
  gen_random_uuid(),
  1,
  '82f1dddc-b631-498a-bde6-35f62b87f053',
  'A cardboard board to pin up cartoon drawings',
  false,
  NOW(),
  NOW()
) ON CONFLICT DO NOTHING; -- Skip if the option already exists

-- Insert option 3 for question 1
INSERT INTO payload.quiz_questions_options (
  id,
  _order,
  _parent_id,
  text,
  is_correct,
  created_at,
  updated_at
) VALUES (
  gen_random_uuid(),
  2,
  '82f1dddc-b631-498a-bde6-35f62b87f053',
  'What happens when you are subject to a boring story',
  false,
  NOW(),
  NOW()
) ON CONFLICT DO NOTHING; -- Skip if the option already exists

-- Insert option 4 for question 1
INSERT INTO payload.quiz_questions_options (
  id,
  _order,
  _parent_id,
  text,
  is_correct,
  created_at,
  updated_at
) VALUES (
  gen_random_uuid(),
  3,
  '82f1dddc-b631-498a-bde6-35f62b87f053',
  'A Landyachts longboard design',
  false,
  NOW(),
  NOW()
) ON CONFLICT DO NOTHING; -- Skip if the option already exists

-- Create relationship entry for the question to the quiz
INSERT INTO payload.quiz_questions_rels (
  id,
  _parent_id,
  field,
  value,
  created_at,
  updated_at
) VALUES (
  gen_random_uuid(),
  '82f1dddc-b631-498a-bde6-35f62b87f053',
  'quiz_id',
  '7762c9fe-780e-4306-aae2-6d50d9a5600c',
  NOW(),
  NOW()
) ON CONFLICT DO NOTHING; -- Skip if the relationship already exists

-- Create bidirectional relationship entry for the quiz to the question
INSERT INTO payload.course_quizzes_rels (
  id,
  _parent_id,
  field,
  value,
  created_at,
  updated_at
) VALUES (
  gen_random_uuid(),
  '7762c9fe-780e-4306-aae2-6d50d9a5600c',
  'questions',
  '82f1dddc-b631-498a-bde6-35f62b87f053',
  NOW(),
  NOW()
) ON CONFLICT DO NOTHING; -- Skip if the relationship already exists

-- Insert question 2 for quiz: Storyboards in Film Quiz
INSERT INTO payload.quiz_questions (
  id,
  question,
  quiz_id,
  quiz_id_id, -- Duplicate field for compatibility
  type,
  explanation,
  "order",
  created_at,
  updated_at
) VALUES (
  '353b9b70-179f-47d1-8a0a-d1c8aa488551', -- Generated UUID for the question
  'Who invented storyboards?',
  '7762c9fe-780e-4306-aae2-6d50d9a5600c', -- Quiz ID
  '7762c9fe-780e-4306-aae2-6d50d9a5600c', -- Quiz ID (duplicate)
  'multiple_choice',
  '',
  1,
  NOW(),
  NOW()
) ON CONFLICT (id) DO NOTHING; -- Skip if the question already exists

-- Insert option 1 for question 2
INSERT INTO payload.quiz_questions_options (
  id,
  _order,
  _parent_id,
  text,
  is_correct,
  created_at,
  updated_at
) VALUES (
  gen_random_uuid(),
  0,
  '353b9b70-179f-47d1-8a0a-d1c8aa488551',
  'Steve Jobs',
  false,
  NOW(),
  NOW()
) ON CONFLICT DO NOTHING; -- Skip if the option already exists

-- Insert option 2 for question 2
INSERT INTO payload.quiz_questions_options (
  id,
  _order,
  _parent_id,
  text,
  is_correct,
  created_at,
  updated_at
) VALUES (
  gen_random_uuid(),
  1,
  '353b9b70-179f-47d1-8a0a-d1c8aa488551',
  'John Lasseter',
  false,
  NOW(),
  NOW()
) ON CONFLICT DO NOTHING; -- Skip if the option already exists

-- Insert option 3 for question 2
INSERT INTO payload.quiz_questions_options (
  id,
  _order,
  _parent_id,
  text,
  is_correct,
  created_at,
  updated_at
) VALUES (
  gen_random_uuid(),
  2,
  '353b9b70-179f-47d1-8a0a-d1c8aa488551',
  'Eric Goldberg',
  false,
  NOW(),
  NOW()
) ON CONFLICT DO NOTHING; -- Skip if the option already exists

-- Insert option 4 for question 2
INSERT INTO payload.quiz_questions_options (
  id,
  _order,
  _parent_id,
  text,
  is_correct,
  created_at,
  updated_at
) VALUES (
  gen_random_uuid(),
  3,
  '353b9b70-179f-47d1-8a0a-d1c8aa488551',
  'Walt Disney',
  true,
  NOW(),
  NOW()
) ON CONFLICT DO NOTHING; -- Skip if the option already exists

-- Create relationship entry for the question to the quiz
INSERT INTO payload.quiz_questions_rels (
  id,
  _parent_id,
  field,
  value,
  created_at,
  updated_at
) VALUES (
  gen_random_uuid(),
  '353b9b70-179f-47d1-8a0a-d1c8aa488551',
  'quiz_id',
  '7762c9fe-780e-4306-aae2-6d50d9a5600c',
  NOW(),
  NOW()
) ON CONFLICT DO NOTHING; -- Skip if the relationship already exists

-- Create bidirectional relationship entry for the quiz to the question
INSERT INTO payload.course_quizzes_rels (
  id,
  _parent_id,
  field,
  value,
  created_at,
  updated_at
) VALUES (
  gen_random_uuid(),
  '7762c9fe-780e-4306-aae2-6d50d9a5600c',
  'questions',
  '353b9b70-179f-47d1-8a0a-d1c8aa488551',
  NOW(),
  NOW()
) ON CONFLICT DO NOTHING; -- Skip if the relationship already exists

-- Insert question 3 for quiz: Storyboards in Film Quiz
INSERT INTO payload.quiz_questions (
  id,
  question,
  quiz_id,
  quiz_id_id, -- Duplicate field for compatibility
  type,
  explanation,
  "order",
  created_at,
  updated_at
) VALUES (
  '3d96a5cf-267d-4329-a8b0-2dc9acd5dacc', -- Generated UUID for the question
  'What was the great innovation of storyboarding?',
  '7762c9fe-780e-4306-aae2-6d50d9a5600c', -- Quiz ID
  '7762c9fe-780e-4306-aae2-6d50d9a5600c', -- Quiz ID (duplicate)
  'multiple_choice',
  '',
  2,
  NOW(),
  NOW()
) ON CONFLICT (id) DO NOTHING; -- Skip if the question already exists

-- Insert option 1 for question 3
INSERT INTO payload.quiz_questions_options (
  id,
  _order,
  _parent_id,
  text,
  is_correct,
  created_at,
  updated_at
) VALUES (
  gen_random_uuid(),
  0,
  '3d96a5cf-267d-4329-a8b0-2dc9acd5dacc',
  'The introduction of sound (Talkies)',
  false,
  NOW(),
  NOW()
) ON CONFLICT DO NOTHING; -- Skip if the option already exists

-- Insert option 2 for question 3
INSERT INTO payload.quiz_questions_options (
  id,
  _order,
  _parent_id,
  text,
  is_correct,
  created_at,
  updated_at
) VALUES (
  gen_random_uuid(),
  1,
  '3d96a5cf-267d-4329-a8b0-2dc9acd5dacc',
  'Allowed film makers to edit the film before making it',
  true,
  NOW(),
  NOW()
) ON CONFLICT DO NOTHING; -- Skip if the option already exists

-- Insert option 3 for question 3
INSERT INTO payload.quiz_questions_options (
  id,
  _order,
  _parent_id,
  text,
  is_correct,
  created_at,
  updated_at
) VALUES (
  gen_random_uuid(),
  2,
  '3d96a5cf-267d-4329-a8b0-2dc9acd5dacc',
  'The introduction of color',
  false,
  NOW(),
  NOW()
) ON CONFLICT DO NOTHING; -- Skip if the option already exists

-- Insert option 4 for question 3
INSERT INTO payload.quiz_questions_options (
  id,
  _order,
  _parent_id,
  text,
  is_correct,
  created_at,
  updated_at
) VALUES (
  gen_random_uuid(),
  3,
  '3d96a5cf-267d-4329-a8b0-2dc9acd5dacc',
  'The ability to draw your story',
  false,
  NOW(),
  NOW()
) ON CONFLICT DO NOTHING; -- Skip if the option already exists

-- Create relationship entry for the question to the quiz
INSERT INTO payload.quiz_questions_rels (
  id,
  _parent_id,
  field,
  value,
  created_at,
  updated_at
) VALUES (
  gen_random_uuid(),
  '3d96a5cf-267d-4329-a8b0-2dc9acd5dacc',
  'quiz_id',
  '7762c9fe-780e-4306-aae2-6d50d9a5600c',
  NOW(),
  NOW()
) ON CONFLICT DO NOTHING; -- Skip if the relationship already exists

-- Create bidirectional relationship entry for the quiz to the question
INSERT INTO payload.course_quizzes_rels (
  id,
  _parent_id,
  field,
  value,
  created_at,
  updated_at
) VALUES (
  gen_random_uuid(),
  '7762c9fe-780e-4306-aae2-6d50d9a5600c',
  'questions',
  '3d96a5cf-267d-4329-a8b0-2dc9acd5dacc',
  NOW(),
  NOW()
) ON CONFLICT DO NOTHING; -- Skip if the relationship already exists

-- Questions for quiz: Storyboards in Presentations Quiz (storyboards-in-presentations-quiz, ID: 4a45f16a-ec9a-413b-a586-977832c267fc)
-- Insert question 1 for quiz: Storyboards in Presentations Quiz
INSERT INTO payload.quiz_questions (
  id,
  question,
  quiz_id,
  quiz_id_id, -- Duplicate field for compatibility
  type,
  explanation,
  "order",
  created_at,
  updated_at
) VALUES (
  'e1ee8231-4f40-4eb2-a478-4a934f0b3fa3', -- Generated UUID for the question
  'What are the two approaches discussed in the lesson?',
  '4a45f16a-ec9a-413b-a586-977832c267fc', -- Quiz ID
  '4a45f16a-ec9a-413b-a586-977832c267fc', -- Quiz ID (duplicate)
  'multiple_choice',
  '',
  0,
  NOW(),
  NOW()
) ON CONFLICT (id) DO NOTHING; -- Skip if the question already exists

-- Insert option 1 for question 1
INSERT INTO payload.quiz_questions_options (
  id,
  _order,
  _parent_id,
  text,
  is_correct,
  created_at,
  updated_at
) VALUES (
  gen_random_uuid(),
  0,
  'e1ee8231-4f40-4eb2-a478-4a934f0b3fa3',
  'Black & white and full color',
  false,
  NOW(),
  NOW()
) ON CONFLICT DO NOTHING; -- Skip if the option already exists

-- Insert option 2 for question 1
INSERT INTO payload.quiz_questions_options (
  id,
  _order,
  _parent_id,
  text,
  is_correct,
  created_at,
  updated_at
) VALUES (
  gen_random_uuid(),
  1,
  'e1ee8231-4f40-4eb2-a478-4a934f0b3fa3',
  'Animated and static',
  false,
  NOW(),
  NOW()
) ON CONFLICT DO NOTHING; -- Skip if the option already exists

-- Insert option 3 for question 1
INSERT INTO payload.quiz_questions_options (
  id,
  _order,
  _parent_id,
  text,
  is_correct,
  created_at,
  updated_at
) VALUES (
  gen_random_uuid(),
  2,
  'e1ee8231-4f40-4eb2-a478-4a934f0b3fa3',
  'Hand-drawn and computer assisted',
  false,
  NOW(),
  NOW()
) ON CONFLICT DO NOTHING; -- Skip if the option already exists

-- Insert option 4 for question 1
INSERT INTO payload.quiz_questions_options (
  id,
  _order,
  _parent_id,
  text,
  is_correct,
  created_at,
  updated_at
) VALUES (
  gen_random_uuid(),
  3,
  'e1ee8231-4f40-4eb2-a478-4a934f0b3fa3',
  'Text-based outlining and storyboarding',
  true,
  NOW(),
  NOW()
) ON CONFLICT DO NOTHING; -- Skip if the option already exists

-- Create relationship entry for the question to the quiz
INSERT INTO payload.quiz_questions_rels (
  id,
  _parent_id,
  field,
  value,
  created_at,
  updated_at
) VALUES (
  gen_random_uuid(),
  'e1ee8231-4f40-4eb2-a478-4a934f0b3fa3',
  'quiz_id',
  '4a45f16a-ec9a-413b-a586-977832c267fc',
  NOW(),
  NOW()
) ON CONFLICT DO NOTHING; -- Skip if the relationship already exists

-- Create bidirectional relationship entry for the quiz to the question
INSERT INTO payload.course_quizzes_rels (
  id,
  _parent_id,
  field,
  value,
  created_at,
  updated_at
) VALUES (
  gen_random_uuid(),
  '4a45f16a-ec9a-413b-a586-977832c267fc',
  'questions',
  'e1ee8231-4f40-4eb2-a478-4a934f0b3fa3',
  NOW(),
  NOW()
) ON CONFLICT DO NOTHING; -- Skip if the relationship already exists

-- Insert question 2 for quiz: Storyboards in Presentations Quiz
INSERT INTO payload.quiz_questions (
  id,
  question,
  quiz_id,
  quiz_id_id, -- Duplicate field for compatibility
  type,
  explanation,
  "order",
  created_at,
  updated_at
) VALUES (
  '93265842-631a-4b1f-b557-860ff04a0a44', -- Generated UUID for the question
  'What tools are recommended to use for storyboarding?',
  '4a45f16a-ec9a-413b-a586-977832c267fc', -- Quiz ID
  '4a45f16a-ec9a-413b-a586-977832c267fc', -- Quiz ID (duplicate)
  'multiple_choice',
  '',
  1,
  NOW(),
  NOW()
) ON CONFLICT (id) DO NOTHING; -- Skip if the question already exists

-- Insert option 1 for question 2
INSERT INTO payload.quiz_questions_options (
  id,
  _order,
  _parent_id,
  text,
  is_correct,
  created_at,
  updated_at
) VALUES (
  gen_random_uuid(),
  0,
  '93265842-631a-4b1f-b557-860ff04a0a44',
  'A stone tablet and chisel',
  false,
  NOW(),
  NOW()
) ON CONFLICT DO NOTHING; -- Skip if the option already exists

-- Insert option 2 for question 2
INSERT INTO payload.quiz_questions_options (
  id,
  _order,
  _parent_id,
  text,
  is_correct,
  created_at,
  updated_at
) VALUES (
  gen_random_uuid(),
  1,
  '93265842-631a-4b1f-b557-860ff04a0a44',
  'PowerPoint',
  false,
  NOW(),
  NOW()
) ON CONFLICT DO NOTHING; -- Skip if the option already exists

-- Insert option 3 for question 2
INSERT INTO payload.quiz_questions_options (
  id,
  _order,
  _parent_id,
  text,
  is_correct,
  created_at,
  updated_at
) VALUES (
  gen_random_uuid(),
  2,
  '93265842-631a-4b1f-b557-860ff04a0a44',
  'Adobe Edge Animate',
  false,
  NOW(),
  NOW()
) ON CONFLICT DO NOTHING; -- Skip if the option already exists

-- Insert option 4 for question 2
INSERT INTO payload.quiz_questions_options (
  id,
  _order,
  _parent_id,
  text,
  is_correct,
  created_at,
  updated_at
) VALUES (
  gen_random_uuid(),
  3,
  '93265842-631a-4b1f-b557-860ff04a0a44',
  'Pen and paper',
  true,
  NOW(),
  NOW()
) ON CONFLICT DO NOTHING; -- Skip if the option already exists

-- Create relationship entry for the question to the quiz
INSERT INTO payload.quiz_questions_rels (
  id,
  _parent_id,
  field,
  value,
  created_at,
  updated_at
) VALUES (
  gen_random_uuid(),
  '93265842-631a-4b1f-b557-860ff04a0a44',
  'quiz_id',
  '4a45f16a-ec9a-413b-a586-977832c267fc',
  NOW(),
  NOW()
) ON CONFLICT DO NOTHING; -- Skip if the relationship already exists

-- Create bidirectional relationship entry for the quiz to the question
INSERT INTO payload.course_quizzes_rels (
  id,
  _parent_id,
  field,
  value,
  created_at,
  updated_at
) VALUES (
  gen_random_uuid(),
  '4a45f16a-ec9a-413b-a586-977832c267fc',
  'questions',
  '93265842-631a-4b1f-b557-860ff04a0a44',
  NOW(),
  NOW()
) ON CONFLICT DO NOTHING; -- Skip if the relationship already exists

-- Questions for quiz: What is Structure? Quiz (structure-quiz, ID: 5ab3eb55-369a-4eac-bdd5-7accef046399)
-- Insert question 1 for quiz: What is Structure? Quiz
INSERT INTO payload.quiz_questions (
  id,
  question,
  quiz_id,
  quiz_id_id, -- Duplicate field for compatibility
  type,
  explanation,
  "order",
  created_at,
  updated_at
) VALUES (
  '602a90cf-f2c6-4b18-8c53-1eebdcc2810a', -- Generated UUID for the question
  'What is the principle of Abstraction?',
  '5ab3eb55-369a-4eac-bdd5-7accef046399', -- Quiz ID
  '5ab3eb55-369a-4eac-bdd5-7accef046399', -- Quiz ID (duplicate)
  'single-answer',
  '',
  0,
  NOW(),
  NOW()
) ON CONFLICT (id) DO NOTHING; -- Skip if the question already exists

-- Insert option 1 for question 1
INSERT INTO payload.quiz_questions_options (
  id,
  _order,
  _parent_id,
  text,
  is_correct,
  created_at,
  updated_at
) VALUES (
  gen_random_uuid(),
  0,
  '602a90cf-f2c6-4b18-8c53-1eebdcc2810a',
  'A grouping principle, whereby a hierarchy is adhered to with higher levels of abstraction (less detail) placed near the top, with more specific concepts underneath ',
  true,
  NOW(),
  NOW()
) ON CONFLICT DO NOTHING; -- Skip if the option already exists

-- Insert option 2 for question 1
INSERT INTO payload.quiz_questions_options (
  id,
  _order,
  _parent_id,
  text,
  is_correct,
  created_at,
  updated_at
) VALUES (
  gen_random_uuid(),
  1,
  '602a90cf-f2c6-4b18-8c53-1eebdcc2810a',
  'A John Grisham novel',
  false,
  NOW(),
  NOW()
) ON CONFLICT DO NOTHING; -- Skip if the option already exists

-- Insert option 3 for question 1
INSERT INTO payload.quiz_questions_options (
  id,
  _order,
  _parent_id,
  text,
  is_correct,
  created_at,
  updated_at
) VALUES (
  gen_random_uuid(),
  2,
  '602a90cf-f2c6-4b18-8c53-1eebdcc2810a',
  'An approach whereby we simplify our question so profoundly that we reach a level of enlightenment',
  false,
  NOW(),
  NOW()
) ON CONFLICT DO NOTHING; -- Skip if the option already exists

-- Create relationship entry for the question to the quiz
INSERT INTO payload.quiz_questions_rels (
  id,
  _parent_id,
  field,
  value,
  created_at,
  updated_at
) VALUES (
  gen_random_uuid(),
  '602a90cf-f2c6-4b18-8c53-1eebdcc2810a',
  'quiz_id',
  '5ab3eb55-369a-4eac-bdd5-7accef046399',
  NOW(),
  NOW()
) ON CONFLICT DO NOTHING; -- Skip if the relationship already exists

-- Create bidirectional relationship entry for the quiz to the question
INSERT INTO payload.course_quizzes_rels (
  id,
  _parent_id,
  field,
  value,
  created_at,
  updated_at
) VALUES (
  gen_random_uuid(),
  '5ab3eb55-369a-4eac-bdd5-7accef046399',
  'questions',
  '602a90cf-f2c6-4b18-8c53-1eebdcc2810a',
  NOW(),
  NOW()
) ON CONFLICT DO NOTHING; -- Skip if the relationship already exists

-- Insert question 2 for quiz: What is Structure? Quiz
INSERT INTO payload.quiz_questions (
  id,
  question,
  quiz_id,
  quiz_id_id, -- Duplicate field for compatibility
  type,
  explanation,
  "order",
  created_at,
  updated_at
) VALUES (
  '89ffdb98-612d-433b-a9b9-822abb5e17fd', -- Generated UUID for the question
  'Which lists are MECE (pick 2)',
  '5ab3eb55-369a-4eac-bdd5-7accef046399', -- Quiz ID
  '5ab3eb55-369a-4eac-bdd5-7accef046399', -- Quiz ID (duplicate)
  'multi-answer',
  '',
  1,
  NOW(),
  NOW()
) ON CONFLICT (id) DO NOTHING; -- Skip if the question already exists

-- Insert option 1 for question 2
INSERT INTO payload.quiz_questions_options (
  id,
  _order,
  _parent_id,
  text,
  is_correct,
  created_at,
  updated_at
) VALUES (
  gen_random_uuid(),
  0,
  '89ffdb98-612d-433b-a9b9-822abb5e17fd',
  'Profit=revenue minus expenses',
  true,
  NOW(),
  NOW()
) ON CONFLICT DO NOTHING; -- Skip if the option already exists

-- Insert option 2 for question 2
INSERT INTO payload.quiz_questions_options (
  id,
  _order,
  _parent_id,
  text,
  is_correct,
  created_at,
  updated_at
) VALUES (
  gen_random_uuid(),
  1,
  '89ffdb98-612d-433b-a9b9-822abb5e17fd',
  'Star Wars films: New Hope, Empire, Revenge of the Sith',
  false,
  NOW(),
  NOW()
) ON CONFLICT DO NOTHING; -- Skip if the option already exists

-- Insert option 3 for question 2
INSERT INTO payload.quiz_questions_options (
  id,
  _order,
  _parent_id,
  text,
  is_correct,
  created_at,
  updated_at
) VALUES (
  gen_random_uuid(),
  2,
  '89ffdb98-612d-433b-a9b9-822abb5e17fd',
  'The global population broken down into age groups of 0-20 year-olds, 21-40 year-olds, 41-60 year-olds, 61-80 year-olds, and 81 and over',
  true,
  NOW(),
  NOW()
) ON CONFLICT DO NOTHING; -- Skip if the option already exists

-- Create relationship entry for the question to the quiz
INSERT INTO payload.quiz_questions_rels (
  id,
  _parent_id,
  field,
  value,
  created_at,
  updated_at
) VALUES (
  gen_random_uuid(),
  '89ffdb98-612d-433b-a9b9-822abb5e17fd',
  'quiz_id',
  '5ab3eb55-369a-4eac-bdd5-7accef046399',
  NOW(),
  NOW()
) ON CONFLICT DO NOTHING; -- Skip if the relationship already exists

-- Create bidirectional relationship entry for the quiz to the question
INSERT INTO payload.course_quizzes_rels (
  id,
  _parent_id,
  field,
  value,
  created_at,
  updated_at
) VALUES (
  gen_random_uuid(),
  '5ab3eb55-369a-4eac-bdd5-7accef046399',
  'questions',
  '89ffdb98-612d-433b-a9b9-822abb5e17fd',
  NOW(),
  NOW()
) ON CONFLICT DO NOTHING; -- Skip if the relationship already exists

-- Insert question 3 for quiz: What is Structure? Quiz
INSERT INTO payload.quiz_questions (
  id,
  question,
  quiz_id,
  quiz_id_id, -- Duplicate field for compatibility
  type,
  explanation,
  "order",
  created_at,
  updated_at
) VALUES (
  '9ee6462f-688f-4d8f-9bcf-2a73dc1dfb1c', -- Generated UUID for the question
  'What are the three Golden Rules to follow when applying the principle of abstraction and organizing your ideas?',
  '5ab3eb55-369a-4eac-bdd5-7accef046399', -- Quiz ID
  '5ab3eb55-369a-4eac-bdd5-7accef046399', -- Quiz ID (duplicate)
  'multi-answer',
  '',
  2,
  NOW(),
  NOW()
) ON CONFLICT (id) DO NOTHING; -- Skip if the question already exists

-- Insert option 1 for question 3
INSERT INTO payload.quiz_questions_options (
  id,
  _order,
  _parent_id,
  text,
  is_correct,
  created_at,
  updated_at
) VALUES (
  gen_random_uuid(),
  0,
  '9ee6462f-688f-4d8f-9bcf-2a73dc1dfb1c',
  'Concepts should be arranged in the shape of a triangle',
  false,
  NOW(),
  NOW()
) ON CONFLICT DO NOTHING; -- Skip if the option already exists

-- Insert option 2 for question 3
INSERT INTO payload.quiz_questions_options (
  id,
  _order,
  _parent_id,
  text,
  is_correct,
  created_at,
  updated_at
) VALUES (
  gen_random_uuid(),
  1,
  '9ee6462f-688f-4d8f-9bcf-2a73dc1dfb1c',
  'Concepts at any level must be presented in a strict logical order',
  true,
  NOW(),
  NOW()
) ON CONFLICT DO NOTHING; -- Skip if the option already exists

-- Insert option 3 for question 3
INSERT INTO payload.quiz_questions_options (
  id,
  _order,
  _parent_id,
  text,
  is_correct,
  created_at,
  updated_at
) VALUES (
  gen_random_uuid(),
  2,
  '9ee6462f-688f-4d8f-9bcf-2a73dc1dfb1c',
  'Concepts in any group are always the same kind of idea',
  true,
  NOW(),
  NOW()
) ON CONFLICT DO NOTHING; -- Skip if the option already exists

-- Insert option 4 for question 3
INSERT INTO payload.quiz_questions_options (
  id,
  _order,
  _parent_id,
  text,
  is_correct,
  created_at,
  updated_at
) VALUES (
  gen_random_uuid(),
  3,
  '9ee6462f-688f-4d8f-9bcf-2a73dc1dfb1c',
  'Concepts or ideas at any level of your argument must be more abstract summaries of the concepts that are grouped below',
  true,
  NOW(),
  NOW()
) ON CONFLICT DO NOTHING; -- Skip if the option already exists

-- Insert option 5 for question 3
INSERT INTO payload.quiz_questions_options (
  id,
  _order,
  _parent_id,
  text,
  is_correct,
  created_at,
  updated_at
) VALUES (
  gen_random_uuid(),
  4,
  '9ee6462f-688f-4d8f-9bcf-2a73dc1dfb1c',
  'Concepts must be ordered alphabetically',
  false,
  NOW(),
  NOW()
) ON CONFLICT DO NOTHING; -- Skip if the option already exists

-- Insert option 6 for question 3
INSERT INTO payload.quiz_questions_options (
  id,
  _order,
  _parent_id,
  text,
  is_correct,
  created_at,
  updated_at
) VALUES (
  gen_random_uuid(),
  5,
  '9ee6462f-688f-4d8f-9bcf-2a73dc1dfb1c',
  'Ideas should be clever',
  false,
  NOW(),
  NOW()
) ON CONFLICT DO NOTHING; -- Skip if the option already exists

-- Create relationship entry for the question to the quiz
INSERT INTO payload.quiz_questions_rels (
  id,
  _parent_id,
  field,
  value,
  created_at,
  updated_at
) VALUES (
  gen_random_uuid(),
  '9ee6462f-688f-4d8f-9bcf-2a73dc1dfb1c',
  'quiz_id',
  '5ab3eb55-369a-4eac-bdd5-7accef046399',
  NOW(),
  NOW()
) ON CONFLICT DO NOTHING; -- Skip if the relationship already exists

-- Create bidirectional relationship entry for the quiz to the question
INSERT INTO payload.course_quizzes_rels (
  id,
  _parent_id,
  field,
  value,
  created_at,
  updated_at
) VALUES (
  gen_random_uuid(),
  '5ab3eb55-369a-4eac-bdd5-7accef046399',
  'questions',
  '9ee6462f-688f-4d8f-9bcf-2a73dc1dfb1c',
  NOW(),
  NOW()
) ON CONFLICT DO NOTHING; -- Skip if the relationship already exists

-- Insert question 4 for quiz: What is Structure? Quiz
INSERT INTO payload.quiz_questions (
  id,
  question,
  quiz_id,
  quiz_id_id, -- Duplicate field for compatibility
  type,
  explanation,
  "order",
  created_at,
  updated_at
) VALUES (
  '89eddd35-7030-4806-a8a1-9e876abfd0bf', -- Generated UUID for the question
  'Match the argument with whether it is deductive or inductive: ''Jill and Bob are friends. Jill likes to dance, cook and write. Bob likes to dance and cook. Therefore it can be assumed he also likes to write.',
  '5ab3eb55-369a-4eac-bdd5-7accef046399', -- Quiz ID
  '5ab3eb55-369a-4eac-bdd5-7accef046399', -- Quiz ID (duplicate)
  'single-answer',
  '',
  3,
  NOW(),
  NOW()
) ON CONFLICT (id) DO NOTHING; -- Skip if the question already exists

-- Insert option 1 for question 4
INSERT INTO payload.quiz_questions_options (
  id,
  _order,
  _parent_id,
  text,
  is_correct,
  created_at,
  updated_at
) VALUES (
  gen_random_uuid(),
  0,
  '89eddd35-7030-4806-a8a1-9e876abfd0bf',
  'Deductive',
  false,
  NOW(),
  NOW()
) ON CONFLICT DO NOTHING; -- Skip if the option already exists

-- Insert option 2 for question 4
INSERT INTO payload.quiz_questions_options (
  id,
  _order,
  _parent_id,
  text,
  is_correct,
  created_at,
  updated_at
) VALUES (
  gen_random_uuid(),
  1,
  '89eddd35-7030-4806-a8a1-9e876abfd0bf',
  'Inductive',
  true,
  NOW(),
  NOW()
) ON CONFLICT DO NOTHING; -- Skip if the option already exists

-- Create relationship entry for the question to the quiz
INSERT INTO payload.quiz_questions_rels (
  id,
  _parent_id,
  field,
  value,
  created_at,
  updated_at
) VALUES (
  gen_random_uuid(),
  '89eddd35-7030-4806-a8a1-9e876abfd0bf',
  'quiz_id',
  '5ab3eb55-369a-4eac-bdd5-7accef046399',
  NOW(),
  NOW()
) ON CONFLICT DO NOTHING; -- Skip if the relationship already exists

-- Create bidirectional relationship entry for the quiz to the question
INSERT INTO payload.course_quizzes_rels (
  id,
  _parent_id,
  field,
  value,
  created_at,
  updated_at
) VALUES (
  gen_random_uuid(),
  '5ab3eb55-369a-4eac-bdd5-7accef046399',
  'questions',
  '89eddd35-7030-4806-a8a1-9e876abfd0bf',
  NOW(),
  NOW()
) ON CONFLICT DO NOTHING; -- Skip if the relationship already exists

-- Insert question 5 for quiz: What is Structure? Quiz
INSERT INTO payload.quiz_questions (
  id,
  question,
  quiz_id,
  quiz_id_id, -- Duplicate field for compatibility
  type,
  explanation,
  "order",
  created_at,
  updated_at
) VALUES (
  '4df801c6-5d52-4b0c-a227-ce72e464d66f', -- Generated UUID for the question
  'Match the argument with whether it is deductive or inductive: ''All dogs are mammals. All mammals have kidneys. Therefore all dogs have kidneys.',
  '5ab3eb55-369a-4eac-bdd5-7accef046399', -- Quiz ID
  '5ab3eb55-369a-4eac-bdd5-7accef046399', -- Quiz ID (duplicate)
  'single-answer',
  '',
  4,
  NOW(),
  NOW()
) ON CONFLICT (id) DO NOTHING; -- Skip if the question already exists

-- Insert option 1 for question 5
INSERT INTO payload.quiz_questions_options (
  id,
  _order,
  _parent_id,
  text,
  is_correct,
  created_at,
  updated_at
) VALUES (
  gen_random_uuid(),
  0,
  '4df801c6-5d52-4b0c-a227-ce72e464d66f',
  'Inductive',
  false,
  NOW(),
  NOW()
) ON CONFLICT DO NOTHING; -- Skip if the option already exists

-- Insert option 2 for question 5
INSERT INTO payload.quiz_questions_options (
  id,
  _order,
  _parent_id,
  text,
  is_correct,
  created_at,
  updated_at
) VALUES (
  gen_random_uuid(),
  1,
  '4df801c6-5d52-4b0c-a227-ce72e464d66f',
  'Deductive',
  true,
  NOW(),
  NOW()
) ON CONFLICT DO NOTHING; -- Skip if the option already exists

-- Create relationship entry for the question to the quiz
INSERT INTO payload.quiz_questions_rels (
  id,
  _parent_id,
  field,
  value,
  created_at,
  updated_at
) VALUES (
  gen_random_uuid(),
  '4df801c6-5d52-4b0c-a227-ce72e464d66f',
  'quiz_id',
  '5ab3eb55-369a-4eac-bdd5-7accef046399',
  NOW(),
  NOW()
) ON CONFLICT DO NOTHING; -- Skip if the relationship already exists

-- Create bidirectional relationship entry for the quiz to the question
INSERT INTO payload.course_quizzes_rels (
  id,
  _parent_id,
  field,
  value,
  created_at,
  updated_at
) VALUES (
  gen_random_uuid(),
  '5ab3eb55-369a-4eac-bdd5-7accef046399',
  'questions',
  '4df801c6-5d52-4b0c-a227-ce72e464d66f',
  NOW(),
  NOW()
) ON CONFLICT DO NOTHING; -- Skip if the relationship already exists

-- Insert question 6 for quiz: What is Structure? Quiz
INSERT INTO payload.quiz_questions (
  id,
  question,
  quiz_id,
  quiz_id_id, -- Duplicate field for compatibility
  type,
  explanation,
  "order",
  created_at,
  updated_at
) VALUES (
  '5e2bd42a-4aec-4200-82f6-af48bfab969e', -- Generated UUID for the question
  'What is the rule of 7 (updated)?',
  '5ab3eb55-369a-4eac-bdd5-7accef046399', -- Quiz ID
  '5ab3eb55-369a-4eac-bdd5-7accef046399', -- Quiz ID (duplicate)
  'single-answer',
  '',
  5,
  NOW(),
  NOW()
) ON CONFLICT (id) DO NOTHING; -- Skip if the question already exists

-- Insert option 1 for question 6
INSERT INTO payload.quiz_questions_options (
  id,
  _order,
  _parent_id,
  text,
  is_correct,
  created_at,
  updated_at
) VALUES (
  gen_random_uuid(),
  0,
  '5e2bd42a-4aec-4200-82f6-af48bfab969e',
  'There is no such thing as 7 or 9 of anything. We should seek to structure our ideas into groups of 4-5 or less',
  true,
  NOW(),
  NOW()
) ON CONFLICT DO NOTHING; -- Skip if the option already exists

-- Insert option 2 for question 6
INSERT INTO payload.quiz_questions_options (
  id,
  _order,
  _parent_id,
  text,
  is_correct,
  created_at,
  updated_at
) VALUES (
  gen_random_uuid(),
  1,
  '5e2bd42a-4aec-4200-82f6-af48bfab969e',
  'Rule for calculating compound interest',
  false,
  NOW(),
  NOW()
) ON CONFLICT DO NOTHING; -- Skip if the option already exists

-- Insert option 3 for question 6
INSERT INTO payload.quiz_questions_options (
  id,
  _order,
  _parent_id,
  text,
  is_correct,
  created_at,
  updated_at
) VALUES (
  gen_random_uuid(),
  2,
  '5e2bd42a-4aec-4200-82f6-af48bfab969e',
  'Organize your ideas into groups of 7',
  false,
  NOW(),
  NOW()
) ON CONFLICT DO NOTHING; -- Skip if the option already exists

-- Insert option 4 for question 6
INSERT INTO payload.quiz_questions_options (
  id,
  _order,
  _parent_id,
  text,
  is_correct,
  created_at,
  updated_at
) VALUES (
  gen_random_uuid(),
  3,
  '5e2bd42a-4aec-4200-82f6-af48bfab969e',
  'Movie staring Brad Pitt',
  false,
  NOW(),
  NOW()
) ON CONFLICT DO NOTHING; -- Skip if the option already exists

-- Create relationship entry for the question to the quiz
INSERT INTO payload.quiz_questions_rels (
  id,
  _parent_id,
  field,
  value,
  created_at,
  updated_at
) VALUES (
  gen_random_uuid(),
  '5e2bd42a-4aec-4200-82f6-af48bfab969e',
  'quiz_id',
  '5ab3eb55-369a-4eac-bdd5-7accef046399',
  NOW(),
  NOW()
) ON CONFLICT DO NOTHING; -- Skip if the relationship already exists

-- Create bidirectional relationship entry for the quiz to the question
INSERT INTO payload.course_quizzes_rels (
  id,
  _parent_id,
  field,
  value,
  created_at,
  updated_at
) VALUES (
  gen_random_uuid(),
  '5ab3eb55-369a-4eac-bdd5-7accef046399',
  'questions',
  '5e2bd42a-4aec-4200-82f6-af48bfab969e',
  NOW(),
  NOW()
) ON CONFLICT DO NOTHING; -- Skip if the relationship already exists

-- Questions for quiz: Tables vs Graphs Quiz (tables-vs-graphs-quiz, ID: 49c996b1-9027-42be-8a08-10a555c34a31)
-- Insert question 1 for quiz: Tables vs Graphs Quiz
INSERT INTO payload.quiz_questions (
  id,
  question,
  quiz_id,
  quiz_id_id, -- Duplicate field for compatibility
  type,
  explanation,
  "order",
  created_at,
  updated_at
) VALUES (
  'bc8b0131-f23b-4df5-ba03-6230fd1cc263', -- Generated UUID for the question
  'What are the two defining characteristics of Tables?',
  '49c996b1-9027-42be-8a08-10a555c34a31', -- Quiz ID
  '49c996b1-9027-42be-8a08-10a555c34a31', -- Quiz ID (duplicate)
  'multi-answer',
  '',
  0,
  NOW(),
  NOW()
) ON CONFLICT (id) DO NOTHING; -- Skip if the question already exists

-- Insert option 1 for question 1
INSERT INTO payload.quiz_questions_options (
  id,
  _order,
  _parent_id,
  text,
  is_correct,
  created_at,
  updated_at
) VALUES (
  gen_random_uuid(),
  0,
  'bc8b0131-f23b-4df5-ba03-6230fd1cc263',
  'Information is encoded as text (words and numbers)',
  true,
  NOW(),
  NOW()
) ON CONFLICT DO NOTHING; -- Skip if the option already exists

-- Insert option 2 for question 1
INSERT INTO payload.quiz_questions_options (
  id,
  _order,
  _parent_id,
  text,
  is_correct,
  created_at,
  updated_at
) VALUES (
  gen_random_uuid(),
  1,
  'bc8b0131-f23b-4df5-ba03-6230fd1cc263',
  'They are black and white',
  false,
  NOW(),
  NOW()
) ON CONFLICT DO NOTHING; -- Skip if the option already exists

-- Insert option 3 for question 1
INSERT INTO payload.quiz_questions_options (
  id,
  _order,
  _parent_id,
  text,
  is_correct,
  created_at,
  updated_at
) VALUES (
  gen_random_uuid(),
  2,
  'bc8b0131-f23b-4df5-ba03-6230fd1cc263',
  'They are not as nice to look at as graphs',
  false,
  NOW(),
  NOW()
) ON CONFLICT DO NOTHING; -- Skip if the option already exists

-- Insert option 4 for question 1
INSERT INTO payload.quiz_questions_options (
  id,
  _order,
  _parent_id,
  text,
  is_correct,
  created_at,
  updated_at
) VALUES (
  gen_random_uuid(),
  3,
  'bc8b0131-f23b-4df5-ba03-6230fd1cc263',
  'They are arranged in columns and rows',
  true,
  NOW(),
  NOW()
) ON CONFLICT DO NOTHING; -- Skip if the option already exists

-- Create relationship entry for the question to the quiz
INSERT INTO payload.quiz_questions_rels (
  id,
  _parent_id,
  field,
  value,
  created_at,
  updated_at
) VALUES (
  gen_random_uuid(),
  'bc8b0131-f23b-4df5-ba03-6230fd1cc263',
  'quiz_id',
  '49c996b1-9027-42be-8a08-10a555c34a31',
  NOW(),
  NOW()
) ON CONFLICT DO NOTHING; -- Skip if the relationship already exists

-- Create bidirectional relationship entry for the quiz to the question
INSERT INTO payload.course_quizzes_rels (
  id,
  _parent_id,
  field,
  value,
  created_at,
  updated_at
) VALUES (
  gen_random_uuid(),
  '49c996b1-9027-42be-8a08-10a555c34a31',
  'questions',
  'bc8b0131-f23b-4df5-ba03-6230fd1cc263',
  NOW(),
  NOW()
) ON CONFLICT DO NOTHING; -- Skip if the relationship already exists

-- Insert question 2 for quiz: Tables vs Graphs Quiz
INSERT INTO payload.quiz_questions (
  id,
  question,
  quiz_id,
  quiz_id_id, -- Duplicate field for compatibility
  type,
  explanation,
  "order",
  created_at,
  updated_at
) VALUES (
  '1f1a87ed-6119-4074-942c-186c094486f6', -- Generated UUID for the question
  'What re some of the primary benefits of a table?',
  '49c996b1-9027-42be-8a08-10a555c34a31', -- Quiz ID
  '49c996b1-9027-42be-8a08-10a555c34a31', -- Quiz ID (duplicate)
  'multi-answer',
  '',
  1,
  NOW(),
  NOW()
) ON CONFLICT (id) DO NOTHING; -- Skip if the question already exists

-- Insert option 1 for question 2
INSERT INTO payload.quiz_questions_options (
  id,
  _order,
  _parent_id,
  text,
  is_correct,
  created_at,
  updated_at
) VALUES (
  gen_random_uuid(),
  0,
  '1f1a87ed-6119-4074-942c-186c094486f6',
  'Tables make it easy to look up individual values',
  true,
  NOW(),
  NOW()
) ON CONFLICT DO NOTHING; -- Skip if the option already exists

-- Insert option 2 for question 2
INSERT INTO payload.quiz_questions_options (
  id,
  _order,
  _parent_id,
  text,
  is_correct,
  created_at,
  updated_at
) VALUES (
  gen_random_uuid(),
  1,
  '1f1a87ed-6119-4074-942c-186c094486f6',
  'Tables make it easy to compare pairs of related values',
  true,
  NOW(),
  NOW()
) ON CONFLICT DO NOTHING; -- Skip if the option already exists

-- Insert option 3 for question 2
INSERT INTO payload.quiz_questions_options (
  id,
  _order,
  _parent_id,
  text,
  is_correct,
  created_at,
  updated_at
) VALUES (
  gen_random_uuid(),
  2,
  '1f1a87ed-6119-4074-942c-186c094486f6',
  'Textual encoding provides a level of precision that you cannot get in graphs',
  true,
  NOW(),
  NOW()
) ON CONFLICT DO NOTHING; -- Skip if the option already exists

-- Insert option 4 for question 2
INSERT INTO payload.quiz_questions_options (
  id,
  _order,
  _parent_id,
  text,
  is_correct,
  created_at,
  updated_at
) VALUES (
  gen_random_uuid(),
  3,
  '1f1a87ed-6119-4074-942c-186c094486f6',
  'Tables are easier to create than graphs',
  false,
  NOW(),
  NOW()
) ON CONFLICT DO NOTHING; -- Skip if the option already exists

-- Insert option 5 for question 2
INSERT INTO payload.quiz_questions_options (
  id,
  _order,
  _parent_id,
  text,
  is_correct,
  created_at,
  updated_at
) VALUES (
  gen_random_uuid(),
  4,
  '1f1a87ed-6119-4074-942c-186c094486f6',
  'Tables can handle larger data sets than graphs',
  false,
  NOW(),
  NOW()
) ON CONFLICT DO NOTHING; -- Skip if the option already exists

-- Create relationship entry for the question to the quiz
INSERT INTO payload.quiz_questions_rels (
  id,
  _parent_id,
  field,
  value,
  created_at,
  updated_at
) VALUES (
  gen_random_uuid(),
  '1f1a87ed-6119-4074-942c-186c094486f6',
  'quiz_id',
  '49c996b1-9027-42be-8a08-10a555c34a31',
  NOW(),
  NOW()
) ON CONFLICT DO NOTHING; -- Skip if the relationship already exists

-- Create bidirectional relationship entry for the quiz to the question
INSERT INTO payload.course_quizzes_rels (
  id,
  _parent_id,
  field,
  value,
  created_at,
  updated_at
) VALUES (
  gen_random_uuid(),
  '49c996b1-9027-42be-8a08-10a555c34a31',
  'questions',
  '1f1a87ed-6119-4074-942c-186c094486f6',
  NOW(),
  NOW()
) ON CONFLICT DO NOTHING; -- Skip if the relationship already exists

-- Insert question 3 for quiz: Tables vs Graphs Quiz
INSERT INTO payload.quiz_questions (
  id,
  question,
  quiz_id,
  quiz_id_id, -- Duplicate field for compatibility
  type,
  explanation,
  "order",
  created_at,
  updated_at
) VALUES (
  '7fc60edc-3fdb-49f5-ae3c-872b0df30b3f', -- Generated UUID for the question
  'What are some of the characteristics that define graphs?',
  '49c996b1-9027-42be-8a08-10a555c34a31', -- Quiz ID
  '49c996b1-9027-42be-8a08-10a555c34a31', -- Quiz ID (duplicate)
  'multi-answer',
  '',
  2,
  NOW(),
  NOW()
) ON CONFLICT (id) DO NOTHING; -- Skip if the question already exists

-- Insert option 1 for question 3
INSERT INTO payload.quiz_questions_options (
  id,
  _order,
  _parent_id,
  text,
  is_correct,
  created_at,
  updated_at
) VALUES (
  gen_random_uuid(),
  0,
  '7fc60edc-3fdb-49f5-ae3c-872b0df30b3f',
  'Information is encoded as text (words and numbers)',
  false,
  NOW(),
  NOW()
) ON CONFLICT DO NOTHING; -- Skip if the option already exists

-- Insert option 2 for question 3
INSERT INTO payload.quiz_questions_options (
  id,
  _order,
  _parent_id,
  text,
  is_correct,
  created_at,
  updated_at
) VALUES (
  gen_random_uuid(),
  1,
  '7fc60edc-3fdb-49f5-ae3c-872b0df30b3f',
  'Axes provide scales (quantitative and categorical) that are used to label and assign value to the visual objects',
  true,
  NOW(),
  NOW()
) ON CONFLICT DO NOTHING; -- Skip if the option already exists

-- Insert option 3 for question 3
INSERT INTO payload.quiz_questions_options (
  id,
  _order,
  _parent_id,
  text,
  is_correct,
  created_at,
  updated_at
) VALUES (
  gen_random_uuid(),
  2,
  '7fc60edc-3fdb-49f5-ae3c-872b0df30b3f',
  'They are nicer to look at than tables',
  false,
  NOW(),
  NOW()
) ON CONFLICT DO NOTHING; -- Skip if the option already exists

-- Insert option 4 for question 3
INSERT INTO payload.quiz_questions_options (
  id,
  _order,
  _parent_id,
  text,
  is_correct,
  created_at,
  updated_at
) VALUES (
  gen_random_uuid(),
  3,
  '7fc60edc-3fdb-49f5-ae3c-872b0df30b3f',
  'They are typically in color',
  false,
  NOW(),
  NOW()
) ON CONFLICT DO NOTHING; -- Skip if the option already exists

-- Insert option 5 for question 3
INSERT INTO payload.quiz_questions_options (
  id,
  _order,
  _parent_id,
  text,
  is_correct,
  created_at,
  updated_at
) VALUES (
  gen_random_uuid(),
  4,
  '7fc60edc-3fdb-49f5-ae3c-872b0df30b3f',
  'Values are encoded as visual objects in relation to the axis',
  true,
  NOW(),
  NOW()
) ON CONFLICT DO NOTHING; -- Skip if the option already exists

-- Insert option 6 for question 3
INSERT INTO payload.quiz_questions_options (
  id,
  _order,
  _parent_id,
  text,
  is_correct,
  created_at,
  updated_at
) VALUES (
  gen_random_uuid(),
  5,
  '7fc60edc-3fdb-49f5-ae3c-872b0df30b3f',
  'Values are displayed within an area delineated by one or more axis',
  true,
  NOW(),
  NOW()
) ON CONFLICT DO NOTHING; -- Skip if the option already exists

-- Create relationship entry for the question to the quiz
INSERT INTO payload.quiz_questions_rels (
  id,
  _parent_id,
  field,
  value,
  created_at,
  updated_at
) VALUES (
  gen_random_uuid(),
  '7fc60edc-3fdb-49f5-ae3c-872b0df30b3f',
  'quiz_id',
  '49c996b1-9027-42be-8a08-10a555c34a31',
  NOW(),
  NOW()
) ON CONFLICT DO NOTHING; -- Skip if the relationship already exists

-- Create bidirectional relationship entry for the quiz to the question
INSERT INTO payload.course_quizzes_rels (
  id,
  _parent_id,
  field,
  value,
  created_at,
  updated_at
) VALUES (
  gen_random_uuid(),
  '49c996b1-9027-42be-8a08-10a555c34a31',
  'questions',
  '7fc60edc-3fdb-49f5-ae3c-872b0df30b3f',
  NOW(),
  NOW()
) ON CONFLICT DO NOTHING; -- Skip if the relationship already exists

-- Insert question 4 for quiz: Tables vs Graphs Quiz
INSERT INTO payload.quiz_questions (
  id,
  question,
  quiz_id,
  quiz_id_id, -- Duplicate field for compatibility
  type,
  explanation,
  "order",
  created_at,
  updated_at
) VALUES (
  '553ee5f6-0151-407b-a868-64cb8a233183', -- Generated UUID for the question
  'When should you use graphs?',
  '49c996b1-9027-42be-8a08-10a555c34a31', -- Quiz ID
  '49c996b1-9027-42be-8a08-10a555c34a31', -- Quiz ID (duplicate)
  'multi-answer',
  '',
  3,
  NOW(),
  NOW()
) ON CONFLICT (id) DO NOTHING; -- Skip if the question already exists

-- Insert option 1 for question 4
INSERT INTO payload.quiz_questions_options (
  id,
  _order,
  _parent_id,
  text,
  is_correct,
  created_at,
  updated_at
) VALUES (
  gen_random_uuid(),
  0,
  '553ee5f6-0151-407b-a868-64cb8a233183',
  'When the message or story is contained in the shape of the data',
  true,
  NOW(),
  NOW()
) ON CONFLICT DO NOTHING; -- Skip if the option already exists

-- Insert option 2 for question 4
INSERT INTO payload.quiz_questions_options (
  id,
  _order,
  _parent_id,
  text,
  is_correct,
  created_at,
  updated_at
) VALUES (
  gen_random_uuid(),
  1,
  '553ee5f6-0151-407b-a868-64cb8a233183',
  'When the display will be used to reveal relationships among whole sets of values',
  true,
  NOW(),
  NOW()
) ON CONFLICT DO NOTHING; -- Skip if the option already exists

-- Insert option 3 for question 4
INSERT INTO payload.quiz_questions_options (
  id,
  _order,
  _parent_id,
  text,
  is_correct,
  created_at,
  updated_at
) VALUES (
  gen_random_uuid(),
  2,
  '553ee5f6-0151-407b-a868-64cb8a233183',
  'When you need to ''sex-up'' a slide',
  false,
  NOW(),
  NOW()
) ON CONFLICT DO NOTHING; -- Skip if the option already exists

-- Insert option 4 for question 4
INSERT INTO payload.quiz_questions_options (
  id,
  _order,
  _parent_id,
  text,
  is_correct,
  created_at,
  updated_at
) VALUES (
  gen_random_uuid(),
  3,
  '553ee5f6-0151-407b-a868-64cb8a233183',
  'When you have production support and they can create the graph for you',
  false,
  NOW(),
  NOW()
) ON CONFLICT DO NOTHING; -- Skip if the option already exists

-- Create relationship entry for the question to the quiz
INSERT INTO payload.quiz_questions_rels (
  id,
  _parent_id,
  field,
  value,
  created_at,
  updated_at
) VALUES (
  gen_random_uuid(),
  '553ee5f6-0151-407b-a868-64cb8a233183',
  'quiz_id',
  '49c996b1-9027-42be-8a08-10a555c34a31',
  NOW(),
  NOW()
) ON CONFLICT DO NOTHING; -- Skip if the relationship already exists

-- Create bidirectional relationship entry for the quiz to the question
INSERT INTO payload.course_quizzes_rels (
  id,
  _parent_id,
  field,
  value,
  created_at,
  updated_at
) VALUES (
  gen_random_uuid(),
  '49c996b1-9027-42be-8a08-10a555c34a31',
  'questions',
  '553ee5f6-0151-407b-a868-64cb8a233183',
  NOW(),
  NOW()
) ON CONFLICT DO NOTHING; -- Skip if the relationship already exists

-- Questions for quiz: The Who Quiz (the-who-quiz, ID: 4518e213-719f-41f2-a20e-5a0f7f261493)
-- Insert question 1 for quiz: The Who Quiz
INSERT INTO payload.quiz_questions (
  id,
  question,
  quiz_id,
  quiz_id_id, -- Duplicate field for compatibility
  type,
  explanation,
  "order",
  created_at,
  updated_at
) VALUES (
  '59e31916-663e-4ea8-a999-57ea96ff550d', -- Generated UUID for the question
  'Who is the hero of our presentation?',
  '4518e213-719f-41f2-a20e-5a0f7f261493', -- Quiz ID
  '4518e213-719f-41f2-a20e-5a0f7f261493', -- Quiz ID (duplicate)
  'single-answer',
  '',
  0,
  NOW(),
  NOW()
) ON CONFLICT (id) DO NOTHING; -- Skip if the question already exists

-- Insert option 1 for question 1
INSERT INTO payload.quiz_questions_options (
  id,
  _order,
  _parent_id,
  text,
  is_correct,
  created_at,
  updated_at
) VALUES (
  gen_random_uuid(),
  0,
  '59e31916-663e-4ea8-a999-57ea96ff550d',
  'Batman baby!',
  false,
  NOW(),
  NOW()
) ON CONFLICT DO NOTHING; -- Skip if the option already exists

-- Insert option 2 for question 1
INSERT INTO payload.quiz_questions_options (
  id,
  _order,
  _parent_id,
  text,
  is_correct,
  created_at,
  updated_at
) VALUES (
  gen_random_uuid(),
  1,
  '59e31916-663e-4ea8-a999-57ea96ff550d',
  'I am dammit!',
  false,
  NOW(),
  NOW()
) ON CONFLICT DO NOTHING; -- Skip if the option already exists

-- Insert option 3 for question 1
INSERT INTO payload.quiz_questions_options (
  id,
  _order,
  _parent_id,
  text,
  is_correct,
  created_at,
  updated_at
) VALUES (
  gen_random_uuid(),
  2,
  '59e31916-663e-4ea8-a999-57ea96ff550d',
  'The audience',
  true,
  NOW(),
  NOW()
) ON CONFLICT DO NOTHING; -- Skip if the option already exists

-- Insert option 4 for question 1
INSERT INTO payload.quiz_questions_options (
  id,
  _order,
  _parent_id,
  text,
  is_correct,
  created_at,
  updated_at
) VALUES (
  gen_random_uuid(),
  3,
  '59e31916-663e-4ea8-a999-57ea96ff550d',
  'Superman owns Batman',
  false,
  NOW(),
  NOW()
) ON CONFLICT DO NOTHING; -- Skip if the option already exists

-- Create relationship entry for the question to the quiz
INSERT INTO payload.quiz_questions_rels (
  id,
  _parent_id,
  field,
  value,
  created_at,
  updated_at
) VALUES (
  gen_random_uuid(),
  '59e31916-663e-4ea8-a999-57ea96ff550d',
  'quiz_id',
  '4518e213-719f-41f2-a20e-5a0f7f261493',
  NOW(),
  NOW()
) ON CONFLICT DO NOTHING; -- Skip if the relationship already exists

-- Create bidirectional relationship entry for the quiz to the question
INSERT INTO payload.course_quizzes_rels (
  id,
  _parent_id,
  field,
  value,
  created_at,
  updated_at
) VALUES (
  gen_random_uuid(),
  '4518e213-719f-41f2-a20e-5a0f7f261493',
  'questions',
  '59e31916-663e-4ea8-a999-57ea96ff550d',
  NOW(),
  NOW()
) ON CONFLICT DO NOTHING; -- Skip if the relationship already exists

-- Insert question 2 for quiz: The Who Quiz
INSERT INTO payload.quiz_questions (
  id,
  question,
  quiz_id,
  quiz_id_id, -- Duplicate field for compatibility
  type,
  explanation,
  "order",
  created_at,
  updated_at
) VALUES (
  'ef6ad972-e72c-486b-afbd-b414a367bc72', -- Generated UUID for the question
  'What is the Audience Map used for?',
  '4518e213-719f-41f2-a20e-5a0f7f261493', -- Quiz ID
  '4518e213-719f-41f2-a20e-5a0f7f261493', -- Quiz ID (duplicate)
  'single-answer',
  '',
  1,
  NOW(),
  NOW()
) ON CONFLICT (id) DO NOTHING; -- Skip if the question already exists

-- Insert option 1 for question 2
INSERT INTO payload.quiz_questions_options (
  id,
  _order,
  _parent_id,
  text,
  is_correct,
  created_at,
  updated_at
) VALUES (
  gen_random_uuid(),
  0,
  'ef6ad972-e72c-486b-afbd-b414a367bc72',
  'To be used to find your presentation venue. X marks the spot.',
  false,
  NOW(),
  NOW()
) ON CONFLICT DO NOTHING; -- Skip if the option already exists

-- Insert option 2 for question 2
INSERT INTO payload.quiz_questions_options (
  id,
  _order,
  _parent_id,
  text,
  is_correct,
  created_at,
  updated_at
) VALUES (
  gen_random_uuid(),
  1,
  'ef6ad972-e72c-486b-afbd-b414a367bc72',
  'To help identify the main decision maker',
  false,
  NOW(),
  NOW()
) ON CONFLICT DO NOTHING; -- Skip if the option already exists

-- Insert option 3 for question 2
INSERT INTO payload.quiz_questions_options (
  id,
  _order,
  _parent_id,
  text,
  is_correct,
  created_at,
  updated_at
) VALUES (
  gen_random_uuid(),
  2,
  'ef6ad972-e72c-486b-afbd-b414a367bc72',
  'To develop a strategic approach for engaging with your ''room''',
  true,
  NOW(),
  NOW()
) ON CONFLICT DO NOTHING; -- Skip if the option already exists

-- Create relationship entry for the question to the quiz
INSERT INTO payload.quiz_questions_rels (
  id,
  _parent_id,
  field,
  value,
  created_at,
  updated_at
) VALUES (
  gen_random_uuid(),
  'ef6ad972-e72c-486b-afbd-b414a367bc72',
  'quiz_id',
  '4518e213-719f-41f2-a20e-5a0f7f261493',
  NOW(),
  NOW()
) ON CONFLICT DO NOTHING; -- Skip if the relationship already exists

-- Create bidirectional relationship entry for the quiz to the question
INSERT INTO payload.course_quizzes_rels (
  id,
  _parent_id,
  field,
  value,
  created_at,
  updated_at
) VALUES (
  gen_random_uuid(),
  '4518e213-719f-41f2-a20e-5a0f7f261493',
  'questions',
  'ef6ad972-e72c-486b-afbd-b414a367bc72',
  NOW(),
  NOW()
) ON CONFLICT DO NOTHING; -- Skip if the relationship already exists

-- Insert question 3 for quiz: The Who Quiz
INSERT INTO payload.quiz_questions (
  id,
  question,
  quiz_id,
  quiz_id_id, -- Duplicate field for compatibility
  type,
  explanation,
  "order",
  created_at,
  updated_at
) VALUES (
  '01612ab2-9e66-4210-8a16-3e64d7fe23d9', -- Generated UUID for the question
  'What are the 4 quadrants of the Audience Map?',
  '4518e213-719f-41f2-a20e-5a0f7f261493', -- Quiz ID
  '4518e213-719f-41f2-a20e-5a0f7f261493', -- Quiz ID (duplicate)
  'single-answer',
  '',
  2,
  NOW(),
  NOW()
) ON CONFLICT (id) DO NOTHING; -- Skip if the question already exists

-- Insert option 1 for question 3
INSERT INTO payload.quiz_questions_options (
  id,
  _order,
  _parent_id,
  text,
  is_correct,
  created_at,
  updated_at
) VALUES (
  gen_random_uuid(),
  0,
  '01612ab2-9e66-4210-8a16-3e64d7fe23d9',
  'Senior, Junior, Advocate, Foe',
  false,
  NOW(),
  NOW()
) ON CONFLICT DO NOTHING; -- Skip if the option already exists

-- Insert option 2 for question 3
INSERT INTO payload.quiz_questions_options (
  id,
  _order,
  _parent_id,
  text,
  is_correct,
  created_at,
  updated_at
) VALUES (
  gen_random_uuid(),
  1,
  '01612ab2-9e66-4210-8a16-3e64d7fe23d9',
  'Personality, Power, Access, Resistance',
  true,
  NOW(),
  NOW()
) ON CONFLICT DO NOTHING; -- Skip if the option already exists

-- Insert option 3 for question 3
INSERT INTO payload.quiz_questions_options (
  id,
  _order,
  _parent_id,
  text,
  is_correct,
  created_at,
  updated_at
) VALUES (
  gen_random_uuid(),
  2,
  '01612ab2-9e66-4210-8a16-3e64d7fe23d9',
  'Friend, Foe, Advocate, Neutral',
  false,
  NOW(),
  NOW()
) ON CONFLICT DO NOTHING; -- Skip if the option already exists

-- Insert option 4 for question 3
INSERT INTO payload.quiz_questions_options (
  id,
  _order,
  _parent_id,
  text,
  is_correct,
  created_at,
  updated_at
) VALUES (
  gen_random_uuid(),
  3,
  '01612ab2-9e66-4210-8a16-3e64d7fe23d9',
  'North, South East and West',
  false,
  NOW(),
  NOW()
) ON CONFLICT DO NOTHING; -- Skip if the option already exists

-- Create relationship entry for the question to the quiz
INSERT INTO payload.quiz_questions_rels (
  id,
  _parent_id,
  field,
  value,
  created_at,
  updated_at
) VALUES (
  gen_random_uuid(),
  '01612ab2-9e66-4210-8a16-3e64d7fe23d9',
  'quiz_id',
  '4518e213-719f-41f2-a20e-5a0f7f261493',
  NOW(),
  NOW()
) ON CONFLICT DO NOTHING; -- Skip if the relationship already exists

-- Create bidirectional relationship entry for the quiz to the question
INSERT INTO payload.course_quizzes_rels (
  id,
  _parent_id,
  field,
  value,
  created_at,
  updated_at
) VALUES (
  gen_random_uuid(),
  '4518e213-719f-41f2-a20e-5a0f7f261493',
  'questions',
  '01612ab2-9e66-4210-8a16-3e64d7fe23d9',
  NOW(),
  NOW()
) ON CONFLICT DO NOTHING; -- Skip if the relationship already exists

-- Insert question 4 for quiz: The Who Quiz
INSERT INTO payload.quiz_questions (
  id,
  question,
  quiz_id,
  quiz_id_id, -- Duplicate field for compatibility
  type,
  explanation,
  "order",
  created_at,
  updated_at
) VALUES (
  '2b5c485f-0c01-442b-8a48-00f0bc4d5447', -- Generated UUID for the question
  'Pick the question that corresponds with the ''Personality'' quadrant',
  '4518e213-719f-41f2-a20e-5a0f7f261493', -- Quiz ID
  '4518e213-719f-41f2-a20e-5a0f7f261493', -- Quiz ID (duplicate)
  'single-answer',
  '',
  3,
  NOW(),
  NOW()
) ON CONFLICT (id) DO NOTHING; -- Skip if the question already exists

-- Insert option 1 for question 4
INSERT INTO payload.quiz_questions_options (
  id,
  _order,
  _parent_id,
  text,
  is_correct,
  created_at,
  updated_at
) VALUES (
  gen_random_uuid(),
  0,
  '2b5c485f-0c01-442b-8a48-00f0bc4d5447',
  'How do decisions get made?',
  false,
  NOW(),
  NOW()
) ON CONFLICT DO NOTHING; -- Skip if the option already exists

-- Insert option 2 for question 4
INSERT INTO payload.quiz_questions_options (
  id,
  _order,
  _parent_id,
  text,
  is_correct,
  created_at,
  updated_at
) VALUES (
  gen_random_uuid(),
  1,
  '2b5c485f-0c01-442b-8a48-00f0bc4d5447',
  'What is their style, energy level, and emotional state?',
  true,
  NOW(),
  NOW()
) ON CONFLICT DO NOTHING; -- Skip if the option already exists

-- Insert option 3 for question 4
INSERT INTO payload.quiz_questions_options (
  id,
  _order,
  _parent_id,
  text,
  is_correct,
  created_at,
  updated_at
) VALUES (
  gen_random_uuid(),
  2,
  '2b5c485f-0c01-442b-8a48-00f0bc4d5447',
  'Who are your ''friends in court''?',
  false,
  NOW(),
  NOW()
) ON CONFLICT DO NOTHING; -- Skip if the option already exists

-- Insert option 4 for question 4
INSERT INTO payload.quiz_questions_options (
  id,
  _order,
  _parent_id,
  text,
  is_correct,
  created_at,
  updated_at
) VALUES (
  gen_random_uuid(),
  3,
  '2b5c485f-0c01-442b-8a48-00f0bc4d5447',
  'How does your audience like to consume information?',
  false,
  NOW(),
  NOW()
) ON CONFLICT DO NOTHING; -- Skip if the option already exists

-- Create relationship entry for the question to the quiz
INSERT INTO payload.quiz_questions_rels (
  id,
  _parent_id,
  field,
  value,
  created_at,
  updated_at
) VALUES (
  gen_random_uuid(),
  '2b5c485f-0c01-442b-8a48-00f0bc4d5447',
  'quiz_id',
  '4518e213-719f-41f2-a20e-5a0f7f261493',
  NOW(),
  NOW()
) ON CONFLICT DO NOTHING; -- Skip if the relationship already exists

-- Create bidirectional relationship entry for the quiz to the question
INSERT INTO payload.course_quizzes_rels (
  id,
  _parent_id,
  field,
  value,
  created_at,
  updated_at
) VALUES (
  gen_random_uuid(),
  '4518e213-719f-41f2-a20e-5a0f7f261493',
  'questions',
  '2b5c485f-0c01-442b-8a48-00f0bc4d5447',
  NOW(),
  NOW()
) ON CONFLICT DO NOTHING; -- Skip if the relationship already exists

-- Insert question 5 for quiz: The Who Quiz
INSERT INTO payload.quiz_questions (
  id,
  question,
  quiz_id,
  quiz_id_id, -- Duplicate field for compatibility
  type,
  explanation,
  "order",
  created_at,
  updated_at
) VALUES (
  '9430ab73-0e7a-4df9-a88b-5cd9c838740f', -- Generated UUID for the question
  'Pick the question that corresponds with the ''Access'' quadrant',
  '4518e213-719f-41f2-a20e-5a0f7f261493', -- Quiz ID
  '4518e213-719f-41f2-a20e-5a0f7f261493', -- Quiz ID (duplicate)
  'single-answer',
  '',
  4,
  NOW(),
  NOW()
) ON CONFLICT (id) DO NOTHING; -- Skip if the question already exists

-- Insert option 1 for question 5
INSERT INTO payload.quiz_questions_options (
  id,
  _order,
  _parent_id,
  text,
  is_correct,
  created_at,
  updated_at
) VALUES (
  gen_random_uuid(),
  0,
  '9430ab73-0e7a-4df9-a88b-5cd9c838740f',
  'How does your audience like to consume information?',
  true,
  NOW(),
  NOW()
) ON CONFLICT DO NOTHING; -- Skip if the option already exists

-- Insert option 2 for question 5
INSERT INTO payload.quiz_questions_options (
  id,
  _order,
  _parent_id,
  text,
  is_correct,
  created_at,
  updated_at
) VALUES (
  gen_random_uuid(),
  1,
  '9430ab73-0e7a-4df9-a88b-5cd9c838740f',
  'What is their style, energy level, and emotional state?',
  false,
  NOW(),
  NOW()
) ON CONFLICT DO NOTHING; -- Skip if the option already exists

-- Insert option 3 for question 5
INSERT INTO payload.quiz_questions_options (
  id,
  _order,
  _parent_id,
  text,
  is_correct,
  created_at,
  updated_at
) VALUES (
  gen_random_uuid(),
  2,
  '9430ab73-0e7a-4df9-a88b-5cd9c838740f',
  'How do decisions get made?',
  false,
  NOW(),
  NOW()
) ON CONFLICT DO NOTHING; -- Skip if the option already exists

-- Insert option 4 for question 5
INSERT INTO payload.quiz_questions_options (
  id,
  _order,
  _parent_id,
  text,
  is_correct,
  created_at,
  updated_at
) VALUES (
  gen_random_uuid(),
  3,
  '9430ab73-0e7a-4df9-a88b-5cd9c838740f',
  'Who are your ''friends in court''?',
  false,
  NOW(),
  NOW()
) ON CONFLICT DO NOTHING; -- Skip if the option already exists

-- Create relationship entry for the question to the quiz
INSERT INTO payload.quiz_questions_rels (
  id,
  _parent_id,
  field,
  value,
  created_at,
  updated_at
) VALUES (
  gen_random_uuid(),
  '9430ab73-0e7a-4df9-a88b-5cd9c838740f',
  'quiz_id',
  '4518e213-719f-41f2-a20e-5a0f7f261493',
  NOW(),
  NOW()
) ON CONFLICT DO NOTHING; -- Skip if the relationship already exists

-- Create bidirectional relationship entry for the quiz to the question
INSERT INTO payload.course_quizzes_rels (
  id,
  _parent_id,
  field,
  value,
  created_at,
  updated_at
) VALUES (
  gen_random_uuid(),
  '4518e213-719f-41f2-a20e-5a0f7f261493',
  'questions',
  '9430ab73-0e7a-4df9-a88b-5cd9c838740f',
  NOW(),
  NOW()
) ON CONFLICT DO NOTHING; -- Skip if the relationship already exists

-- Insert question 6 for quiz: The Who Quiz
INSERT INTO payload.quiz_questions (
  id,
  question,
  quiz_id,
  quiz_id_id, -- Duplicate field for compatibility
  type,
  explanation,
  "order",
  created_at,
  updated_at
) VALUES (
  'd52758b8-413f-47dd-9941-b9bcacd9ad7e', -- Generated UUID for the question
  'Pick the question that corresponds with the ''Power'' quadrant',
  '4518e213-719f-41f2-a20e-5a0f7f261493', -- Quiz ID
  '4518e213-719f-41f2-a20e-5a0f7f261493', -- Quiz ID (duplicate)
  'single-answer',
  '',
  5,
  NOW(),
  NOW()
) ON CONFLICT (id) DO NOTHING; -- Skip if the question already exists

-- Insert option 1 for question 6
INSERT INTO payload.quiz_questions_options (
  id,
  _order,
  _parent_id,
  text,
  is_correct,
  created_at,
  updated_at
) VALUES (
  gen_random_uuid(),
  0,
  'd52758b8-413f-47dd-9941-b9bcacd9ad7e',
  'How does your audience like to consume information?',
  false,
  NOW(),
  NOW()
) ON CONFLICT DO NOTHING; -- Skip if the option already exists

-- Insert option 2 for question 6
INSERT INTO payload.quiz_questions_options (
  id,
  _order,
  _parent_id,
  text,
  is_correct,
  created_at,
  updated_at
) VALUES (
  gen_random_uuid(),
  1,
  'd52758b8-413f-47dd-9941-b9bcacd9ad7e',
  'Who are your ''friends in court''?',
  false,
  NOW(),
  NOW()
) ON CONFLICT DO NOTHING; -- Skip if the option already exists

-- Insert option 3 for question 6
INSERT INTO payload.quiz_questions_options (
  id,
  _order,
  _parent_id,
  text,
  is_correct,
  created_at,
  updated_at
) VALUES (
  gen_random_uuid(),
  2,
  'd52758b8-413f-47dd-9941-b9bcacd9ad7e',
  'How do decisions get made?',
  true,
  NOW(),
  NOW()
) ON CONFLICT DO NOTHING; -- Skip if the option already exists

-- Insert option 4 for question 6
INSERT INTO payload.quiz_questions_options (
  id,
  _order,
  _parent_id,
  text,
  is_correct,
  created_at,
  updated_at
) VALUES (
  gen_random_uuid(),
  3,
  'd52758b8-413f-47dd-9941-b9bcacd9ad7e',
  'What is their style, energy level, and emotional state?',
  false,
  NOW(),
  NOW()
) ON CONFLICT DO NOTHING; -- Skip if the option already exists

-- Create relationship entry for the question to the quiz
INSERT INTO payload.quiz_questions_rels (
  id,
  _parent_id,
  field,
  value,
  created_at,
  updated_at
) VALUES (
  gen_random_uuid(),
  'd52758b8-413f-47dd-9941-b9bcacd9ad7e',
  'quiz_id',
  '4518e213-719f-41f2-a20e-5a0f7f261493',
  NOW(),
  NOW()
) ON CONFLICT DO NOTHING; -- Skip if the relationship already exists

-- Create bidirectional relationship entry for the quiz to the question
INSERT INTO payload.course_quizzes_rels (
  id,
  _parent_id,
  field,
  value,
  created_at,
  updated_at
) VALUES (
  gen_random_uuid(),
  '4518e213-719f-41f2-a20e-5a0f7f261493',
  'questions',
  'd52758b8-413f-47dd-9941-b9bcacd9ad7e',
  NOW(),
  NOW()
) ON CONFLICT DO NOTHING; -- Skip if the relationship already exists

-- Insert question 7 for quiz: The Who Quiz
INSERT INTO payload.quiz_questions (
  id,
  question,
  quiz_id,
  quiz_id_id, -- Duplicate field for compatibility
  type,
  explanation,
  "order",
  created_at,
  updated_at
) VALUES (
  'd79ec686-8adb-468a-a7b7-b7d37c51257d', -- Generated UUID for the question
  'Pick the question that corresponds with the ''Resistance'' quadrant',
  '4518e213-719f-41f2-a20e-5a0f7f261493', -- Quiz ID
  '4518e213-719f-41f2-a20e-5a0f7f261493', -- Quiz ID (duplicate)
  'single-answer',
  '',
  6,
  NOW(),
  NOW()
) ON CONFLICT (id) DO NOTHING; -- Skip if the question already exists

-- Insert option 1 for question 7
INSERT INTO payload.quiz_questions_options (
  id,
  _order,
  _parent_id,
  text,
  is_correct,
  created_at,
  updated_at
) VALUES (
  gen_random_uuid(),
  0,
  'd79ec686-8adb-468a-a7b7-b7d37c51257d',
  'How does your audience like to consume information?',
  false,
  NOW(),
  NOW()
) ON CONFLICT DO NOTHING; -- Skip if the option already exists

-- Insert option 2 for question 7
INSERT INTO payload.quiz_questions_options (
  id,
  _order,
  _parent_id,
  text,
  is_correct,
  created_at,
  updated_at
) VALUES (
  gen_random_uuid(),
  1,
  'd79ec686-8adb-468a-a7b7-b7d37c51257d',
  'Who are your ''friends in court''?',
  true,
  NOW(),
  NOW()
) ON CONFLICT DO NOTHING; -- Skip if the option already exists

-- Insert option 3 for question 7
INSERT INTO payload.quiz_questions_options (
  id,
  _order,
  _parent_id,
  text,
  is_correct,
  created_at,
  updated_at
) VALUES (
  gen_random_uuid(),
  2,
  'd79ec686-8adb-468a-a7b7-b7d37c51257d',
  'How do decisions get made?',
  false,
  NOW(),
  NOW()
) ON CONFLICT DO NOTHING; -- Skip if the option already exists

-- Insert option 4 for question 7
INSERT INTO payload.quiz_questions_options (
  id,
  _order,
  _parent_id,
  text,
  is_correct,
  created_at,
  updated_at
) VALUES (
  gen_random_uuid(),
  3,
  'd79ec686-8adb-468a-a7b7-b7d37c51257d',
  'What is their style, energy level, and emotional state?',
  false,
  NOW(),
  NOW()
) ON CONFLICT DO NOTHING; -- Skip if the option already exists

-- Create relationship entry for the question to the quiz
INSERT INTO payload.quiz_questions_rels (
  id,
  _parent_id,
  field,
  value,
  created_at,
  updated_at
) VALUES (
  gen_random_uuid(),
  'd79ec686-8adb-468a-a7b7-b7d37c51257d',
  'quiz_id',
  '4518e213-719f-41f2-a20e-5a0f7f261493',
  NOW(),
  NOW()
) ON CONFLICT DO NOTHING; -- Skip if the relationship already exists

-- Create bidirectional relationship entry for the quiz to the question
INSERT INTO payload.course_quizzes_rels (
  id,
  _parent_id,
  field,
  value,
  created_at,
  updated_at
) VALUES (
  gen_random_uuid(),
  '4518e213-719f-41f2-a20e-5a0f7f261493',
  'questions',
  'd79ec686-8adb-468a-a7b7-b7d37c51257d',
  NOW(),
  NOW()
) ON CONFLICT DO NOTHING; -- Skip if the relationship already exists

-- Questions for quiz: Using Stories Quiz (using-stories-quiz, ID: 96890710-1223-45aa-90d1-23a597ac4ef2)
-- Insert question 1 for quiz: Using Stories Quiz
INSERT INTO payload.quiz_questions (
  id,
  question,
  quiz_id,
  quiz_id_id, -- Duplicate field for compatibility
  type,
  explanation,
  "order",
  created_at,
  updated_at
) VALUES (
  'f4b2ef23-1347-4760-8b91-ce7103fd9434', -- Generated UUID for the question
  'Why are stories like a cup?',
  '96890710-1223-45aa-90d1-23a597ac4ef2', -- Quiz ID
  '96890710-1223-45aa-90d1-23a597ac4ef2', -- Quiz ID (duplicate)
  'single-answer',
  '',
  0,
  NOW(),
  NOW()
) ON CONFLICT (id) DO NOTHING; -- Skip if the question already exists

-- Insert option 1 for question 1
INSERT INTO payload.quiz_questions_options (
  id,
  _order,
  _parent_id,
  text,
  is_correct,
  created_at,
  updated_at
) VALUES (
  gen_random_uuid(),
  0,
  'f4b2ef23-1347-4760-8b91-ce7103fd9434',
  'Because they are the brain''s natural container for information',
  true,
  NOW(),
  NOW()
) ON CONFLICT DO NOTHING; -- Skip if the option already exists

-- Insert option 2 for question 1
INSERT INTO payload.quiz_questions_options (
  id,
  _order,
  _parent_id,
  text,
  is_correct,
  created_at,
  updated_at
) VALUES (
  gen_random_uuid(),
  1,
  'f4b2ef23-1347-4760-8b91-ce7103fd9434',
  'Because they are simple and straightforward',
  false,
  NOW(),
  NOW()
) ON CONFLICT DO NOTHING; -- Skip if the option already exists

-- Insert option 3 for question 1
INSERT INTO payload.quiz_questions_options (
  id,
  _order,
  _parent_id,
  text,
  is_correct,
  created_at,
  updated_at
) VALUES (
  gen_random_uuid(),
  2,
  'f4b2ef23-1347-4760-8b91-ce7103fd9434',
  'Because you can put in them whatever you like',
  false,
  NOW(),
  NOW()
) ON CONFLICT DO NOTHING; -- Skip if the option already exists

-- Insert option 4 for question 1
INSERT INTO payload.quiz_questions_options (
  id,
  _order,
  _parent_id,
  text,
  is_correct,
  created_at,
  updated_at
) VALUES (
  gen_random_uuid(),
  3,
  'f4b2ef23-1347-4760-8b91-ce7103fd9434',
  'Because they are delicate, and need to be handled carefully',
  false,
  NOW(),
  NOW()
) ON CONFLICT DO NOTHING; -- Skip if the option already exists

-- Create relationship entry for the question to the quiz
INSERT INTO payload.quiz_questions_rels (
  id,
  _parent_id,
  field,
  value,
  created_at,
  updated_at
) VALUES (
  gen_random_uuid(),
  'f4b2ef23-1347-4760-8b91-ce7103fd9434',
  'quiz_id',
  '96890710-1223-45aa-90d1-23a597ac4ef2',
  NOW(),
  NOW()
) ON CONFLICT DO NOTHING; -- Skip if the relationship already exists

-- Create bidirectional relationship entry for the quiz to the question
INSERT INTO payload.course_quizzes_rels (
  id,
  _parent_id,
  field,
  value,
  created_at,
  updated_at
) VALUES (
  gen_random_uuid(),
  '96890710-1223-45aa-90d1-23a597ac4ef2',
  'questions',
  'f4b2ef23-1347-4760-8b91-ce7103fd9434',
  NOW(),
  NOW()
) ON CONFLICT DO NOTHING; -- Skip if the relationship already exists

-- Insert question 2 for quiz: Using Stories Quiz
INSERT INTO payload.quiz_questions (
  id,
  question,
  quiz_id,
  quiz_id_id, -- Duplicate field for compatibility
  type,
  explanation,
  "order",
  created_at,
  updated_at
) VALUES (
  'a75af921-5723-4dfa-9860-228da0b39741', -- Generated UUID for the question
  'What do stories add to our presentations? Why should be use them?',
  '96890710-1223-45aa-90d1-23a597ac4ef2', -- Quiz ID
  '96890710-1223-45aa-90d1-23a597ac4ef2', -- Quiz ID (duplicate)
  'multi-answer',
  '',
  1,
  NOW(),
  NOW()
) ON CONFLICT (id) DO NOTHING; -- Skip if the question already exists

-- Insert option 1 for question 2
INSERT INTO payload.quiz_questions_options (
  id,
  _order,
  _parent_id,
  text,
  is_correct,
  created_at,
  updated_at
) VALUES (
  gen_random_uuid(),
  0,
  'a75af921-5723-4dfa-9860-228da0b39741',
  'Stories stop disagreement',
  true,
  NOW(),
  NOW()
) ON CONFLICT DO NOTHING; -- Skip if the option already exists

-- Insert option 2 for question 2
INSERT INTO payload.quiz_questions_options (
  id,
  _order,
  _parent_id,
  text,
  is_correct,
  created_at,
  updated_at
) VALUES (
  gen_random_uuid(),
  1,
  'a75af921-5723-4dfa-9860-228da0b39741',
  'Stories make people laugh',
  false,
  NOW(),
  NOW()
) ON CONFLICT DO NOTHING; -- Skip if the option already exists

-- Insert option 3 for question 2
INSERT INTO payload.quiz_questions_options (
  id,
  _order,
  _parent_id,
  text,
  is_correct,
  created_at,
  updated_at
) VALUES (
  gen_random_uuid(),
  2,
  'a75af921-5723-4dfa-9860-228da0b39741',
  'Stories lull your audience to sleep',
  false,
  NOW(),
  NOW()
) ON CONFLICT DO NOTHING; -- Skip if the option already exists

-- Insert option 4 for question 2
INSERT INTO payload.quiz_questions_options (
  id,
  _order,
  _parent_id,
  text,
  is_correct,
  created_at,
  updated_at
) VALUES (
  gen_random_uuid(),
  3,
  'a75af921-5723-4dfa-9860-228da0b39741',
  'Stories make your message more memorable',
  true,
  NOW(),
  NOW()
) ON CONFLICT DO NOTHING; -- Skip if the option already exists

-- Insert option 5 for question 2
INSERT INTO payload.quiz_questions_options (
  id,
  _order,
  _parent_id,
  text,
  is_correct,
  created_at,
  updated_at
) VALUES (
  gen_random_uuid(),
  4,
  'a75af921-5723-4dfa-9860-228da0b39741',
  'Stories increase trust',
  true,
  NOW(),
  NOW()
) ON CONFLICT DO NOTHING; -- Skip if the option already exists

-- Create relationship entry for the question to the quiz
INSERT INTO payload.quiz_questions_rels (
  id,
  _parent_id,
  field,
  value,
  created_at,
  updated_at
) VALUES (
  gen_random_uuid(),
  'a75af921-5723-4dfa-9860-228da0b39741',
  'quiz_id',
  '96890710-1223-45aa-90d1-23a597ac4ef2',
  NOW(),
  NOW()
) ON CONFLICT DO NOTHING; -- Skip if the relationship already exists

-- Create bidirectional relationship entry for the quiz to the question
INSERT INTO payload.course_quizzes_rels (
  id,
  _parent_id,
  field,
  value,
  created_at,
  updated_at
) VALUES (
  gen_random_uuid(),
  '96890710-1223-45aa-90d1-23a597ac4ef2',
  'questions',
  'a75af921-5723-4dfa-9860-228da0b39741',
  NOW(),
  NOW()
) ON CONFLICT DO NOTHING; -- Skip if the relationship already exists

-- Insert question 3 for quiz: Using Stories Quiz
INSERT INTO payload.quiz_questions (
  id,
  question,
  quiz_id,
  quiz_id_id, -- Duplicate field for compatibility
  type,
  explanation,
  "order",
  created_at,
  updated_at
) VALUES (
  '6f722a50-90df-43a4-9015-e6e696bcad84', -- Generated UUID for the question
  'What characteristics make stories memorable?',
  '96890710-1223-45aa-90d1-23a597ac4ef2', -- Quiz ID
  '96890710-1223-45aa-90d1-23a597ac4ef2', -- Quiz ID (duplicate)
  'multi-answer',
  '',
  2,
  NOW(),
  NOW()
) ON CONFLICT (id) DO NOTHING; -- Skip if the question already exists

-- Insert option 1 for question 3
INSERT INTO payload.quiz_questions_options (
  id,
  _order,
  _parent_id,
  text,
  is_correct,
  created_at,
  updated_at
) VALUES (
  gen_random_uuid(),
  0,
  '6f722a50-90df-43a4-9015-e6e696bcad84',
  'Concreteness',
  true,
  NOW(),
  NOW()
) ON CONFLICT DO NOTHING; -- Skip if the option already exists

-- Insert option 2 for question 3
INSERT INTO payload.quiz_questions_options (
  id,
  _order,
  _parent_id,
  text,
  is_correct,
  created_at,
  updated_at
) VALUES (
  gen_random_uuid(),
  1,
  '6f722a50-90df-43a4-9015-e6e696bcad84',
  'Unexpectedness',
  true,
  NOW(),
  NOW()
) ON CONFLICT DO NOTHING; -- Skip if the option already exists

-- Insert option 3 for question 3
INSERT INTO payload.quiz_questions_options (
  id,
  _order,
  _parent_id,
  text,
  is_correct,
  created_at,
  updated_at
) VALUES (
  gen_random_uuid(),
  2,
  '6f722a50-90df-43a4-9015-e6e696bcad84',
  'Credibility',
  true,
  NOW(),
  NOW()
) ON CONFLICT DO NOTHING; -- Skip if the option already exists

-- Insert option 4 for question 3
INSERT INTO payload.quiz_questions_options (
  id,
  _order,
  _parent_id,
  text,
  is_correct,
  created_at,
  updated_at
) VALUES (
  gen_random_uuid(),
  3,
  '6f722a50-90df-43a4-9015-e6e696bcad84',
  'Simplicity',
  true,
  NOW(),
  NOW()
) ON CONFLICT DO NOTHING; -- Skip if the option already exists

-- Insert option 5 for question 3
INSERT INTO payload.quiz_questions_options (
  id,
  _order,
  _parent_id,
  text,
  is_correct,
  created_at,
  updated_at
) VALUES (
  gen_random_uuid(),
  4,
  '6f722a50-90df-43a4-9015-e6e696bcad84',
  'Emotion',
  true,
  NOW(),
  NOW()
) ON CONFLICT DO NOTHING; -- Skip if the option already exists

-- Create relationship entry for the question to the quiz
INSERT INTO payload.quiz_questions_rels (
  id,
  _parent_id,
  field,
  value,
  created_at,
  updated_at
) VALUES (
  gen_random_uuid(),
  '6f722a50-90df-43a4-9015-e6e696bcad84',
  'quiz_id',
  '96890710-1223-45aa-90d1-23a597ac4ef2',
  NOW(),
  NOW()
) ON CONFLICT DO NOTHING; -- Skip if the relationship already exists

-- Create bidirectional relationship entry for the quiz to the question
INSERT INTO payload.course_quizzes_rels (
  id,
  _parent_id,
  field,
  value,
  created_at,
  updated_at
) VALUES (
  gen_random_uuid(),
  '96890710-1223-45aa-90d1-23a597ac4ef2',
  'questions',
  '6f722a50-90df-43a4-9015-e6e696bcad84',
  NOW(),
  NOW()
) ON CONFLICT DO NOTHING; -- Skip if the relationship already exists

-- Questions for quiz: Visual Perception and Communication Quiz (visual-perception-quiz, ID: df026814-9643-4e4c-b617-ef06d6ebc4c9)
-- Insert question 1 for quiz: Visual Perception and Communication Quiz
INSERT INTO payload.quiz_questions (
  id,
  question,
  quiz_id,
  quiz_id_id, -- Duplicate field for compatibility
  type,
  explanation,
  "order",
  created_at,
  updated_at
) VALUES (
  '24e83360-00c7-43c0-a3dd-e20e5d9c69f2', -- Generated UUID for the question
  'What is visual thinking?',
  'df026814-9643-4e4c-b617-ef06d6ebc4c9', -- Quiz ID
  'df026814-9643-4e4c-b617-ef06d6ebc4c9', -- Quiz ID (duplicate)
  'single-answer',
  '',
  0,
  NOW(),
  NOW()
) ON CONFLICT (id) DO NOTHING; -- Skip if the question already exists

-- Insert option 1 for question 1
INSERT INTO payload.quiz_questions_options (
  id,
  _order,
  _parent_id,
  text,
  is_correct,
  created_at,
  updated_at
) VALUES (
  gen_random_uuid(),
  0,
  '24e83360-00c7-43c0-a3dd-e20e5d9c69f2',
  'Doodling',
  false,
  NOW(),
  NOW()
) ON CONFLICT DO NOTHING; -- Skip if the option already exists

-- Insert option 2 for question 1
INSERT INTO payload.quiz_questions_options (
  id,
  _order,
  _parent_id,
  text,
  is_correct,
  created_at,
  updated_at
) VALUES (
  gen_random_uuid(),
  1,
  '24e83360-00c7-43c0-a3dd-e20e5d9c69f2',
  'The phenomenon of thinking through visual processing',
  true,
  NOW(),
  NOW()
) ON CONFLICT DO NOTHING; -- Skip if the option already exists

-- Insert option 3 for question 1
INSERT INTO payload.quiz_questions_options (
  id,
  _order,
  _parent_id,
  text,
  is_correct,
  created_at,
  updated_at
) VALUES (
  gen_random_uuid(),
  2,
  '24e83360-00c7-43c0-a3dd-e20e5d9c69f2',
  'A thought cloud',
  false,
  NOW(),
  NOW()
) ON CONFLICT DO NOTHING; -- Skip if the option already exists

-- Insert option 4 for question 1
INSERT INTO payload.quiz_questions_options (
  id,
  _order,
  _parent_id,
  text,
  is_correct,
  created_at,
  updated_at
) VALUES (
  gen_random_uuid(),
  3,
  '24e83360-00c7-43c0-a3dd-e20e5d9c69f2',
  'Complex visual charts',
  false,
  NOW(),
  NOW()
) ON CONFLICT DO NOTHING; -- Skip if the option already exists

-- Create relationship entry for the question to the quiz
INSERT INTO payload.quiz_questions_rels (
  id,
  _parent_id,
  field,
  value,
  created_at,
  updated_at
) VALUES (
  gen_random_uuid(),
  '24e83360-00c7-43c0-a3dd-e20e5d9c69f2',
  'quiz_id',
  'df026814-9643-4e4c-b617-ef06d6ebc4c9',
  NOW(),
  NOW()
) ON CONFLICT DO NOTHING; -- Skip if the relationship already exists

-- Create bidirectional relationship entry for the quiz to the question
INSERT INTO payload.course_quizzes_rels (
  id,
  _parent_id,
  field,
  value,
  created_at,
  updated_at
) VALUES (
  gen_random_uuid(),
  'df026814-9643-4e4c-b617-ef06d6ebc4c9',
  'questions',
  '24e83360-00c7-43c0-a3dd-e20e5d9c69f2',
  NOW(),
  NOW()
) ON CONFLICT DO NOTHING; -- Skip if the relationship already exists

-- Insert question 2 for quiz: Visual Perception and Communication Quiz
INSERT INTO payload.quiz_questions (
  id,
  question,
  quiz_id,
  quiz_id_id, -- Duplicate field for compatibility
  type,
  explanation,
  "order",
  created_at,
  updated_at
) VALUES (
  '5db5ec88-665e-4ff9-8f06-11d43f5cbf9f', -- Generated UUID for the question
  'Match the type of mental processing with the characteristic: ''Conscious, sequential, and slow/hard''',
  'df026814-9643-4e4c-b617-ef06d6ebc4c9', -- Quiz ID
  'df026814-9643-4e4c-b617-ef06d6ebc4c9', -- Quiz ID (duplicate)
  'single-answer',
  '',
  1,
  NOW(),
  NOW()
) ON CONFLICT (id) DO NOTHING; -- Skip if the question already exists

-- Insert option 1 for question 2
INSERT INTO payload.quiz_questions_options (
  id,
  _order,
  _parent_id,
  text,
  is_correct,
  created_at,
  updated_at
) VALUES (
  gen_random_uuid(),
  0,
  '5db5ec88-665e-4ff9-8f06-11d43f5cbf9f',
  'Attentive processing',
  true,
  NOW(),
  NOW()
) ON CONFLICT DO NOTHING; -- Skip if the option already exists

-- Insert option 2 for question 2
INSERT INTO payload.quiz_questions_options (
  id,
  _order,
  _parent_id,
  text,
  is_correct,
  created_at,
  updated_at
) VALUES (
  gen_random_uuid(),
  1,
  '5db5ec88-665e-4ff9-8f06-11d43f5cbf9f',
  'Pre-attentive processing',
  false,
  NOW(),
  NOW()
) ON CONFLICT DO NOTHING; -- Skip if the option already exists

-- Create relationship entry for the question to the quiz
INSERT INTO payload.quiz_questions_rels (
  id,
  _parent_id,
  field,
  value,
  created_at,
  updated_at
) VALUES (
  gen_random_uuid(),
  '5db5ec88-665e-4ff9-8f06-11d43f5cbf9f',
  'quiz_id',
  'df026814-9643-4e4c-b617-ef06d6ebc4c9',
  NOW(),
  NOW()
) ON CONFLICT DO NOTHING; -- Skip if the relationship already exists

-- Create bidirectional relationship entry for the quiz to the question
INSERT INTO payload.course_quizzes_rels (
  id,
  _parent_id,
  field,
  value,
  created_at,
  updated_at
) VALUES (
  gen_random_uuid(),
  'df026814-9643-4e4c-b617-ef06d6ebc4c9',
  'questions',
  '5db5ec88-665e-4ff9-8f06-11d43f5cbf9f',
  NOW(),
  NOW()
) ON CONFLICT DO NOTHING; -- Skip if the relationship already exists

-- Insert question 3 for quiz: Visual Perception and Communication Quiz
INSERT INTO payload.quiz_questions (
  id,
  question,
  quiz_id,
  quiz_id_id, -- Duplicate field for compatibility
  type,
  explanation,
  "order",
  created_at,
  updated_at
) VALUES (
  '24d478a1-baa9-4cbe-8564-565fb9dd71c0', -- Generated UUID for the question
  'Match the type of mental processing with the characteristic: ''Below the level of consciousness, very rapid''',
  'df026814-9643-4e4c-b617-ef06d6ebc4c9', -- Quiz ID
  'df026814-9643-4e4c-b617-ef06d6ebc4c9', -- Quiz ID (duplicate)
  'single-answer',
  '',
  2,
  NOW(),
  NOW()
) ON CONFLICT (id) DO NOTHING; -- Skip if the question already exists

-- Insert option 1 for question 3
INSERT INTO payload.quiz_questions_options (
  id,
  _order,
  _parent_id,
  text,
  is_correct,
  created_at,
  updated_at
) VALUES (
  gen_random_uuid(),
  0,
  '24d478a1-baa9-4cbe-8564-565fb9dd71c0',
  'Attentive processing',
  false,
  NOW(),
  NOW()
) ON CONFLICT DO NOTHING; -- Skip if the option already exists

-- Insert option 2 for question 3
INSERT INTO payload.quiz_questions_options (
  id,
  _order,
  _parent_id,
  text,
  is_correct,
  created_at,
  updated_at
) VALUES (
  gen_random_uuid(),
  1,
  '24d478a1-baa9-4cbe-8564-565fb9dd71c0',
  'Pre-attentive processing',
  true,
  NOW(),
  NOW()
) ON CONFLICT DO NOTHING; -- Skip if the option already exists

-- Create relationship entry for the question to the quiz
INSERT INTO payload.quiz_questions_rels (
  id,
  _parent_id,
  field,
  value,
  created_at,
  updated_at
) VALUES (
  gen_random_uuid(),
  '24d478a1-baa9-4cbe-8564-565fb9dd71c0',
  'quiz_id',
  'df026814-9643-4e4c-b617-ef06d6ebc4c9',
  NOW(),
  NOW()
) ON CONFLICT DO NOTHING; -- Skip if the relationship already exists

-- Create bidirectional relationship entry for the quiz to the question
INSERT INTO payload.course_quizzes_rels (
  id,
  _parent_id,
  field,
  value,
  created_at,
  updated_at
) VALUES (
  gen_random_uuid(),
  'df026814-9643-4e4c-b617-ef06d6ebc4c9',
  'questions',
  '24d478a1-baa9-4cbe-8564-565fb9dd71c0',
  NOW(),
  NOW()
) ON CONFLICT DO NOTHING; -- Skip if the relationship already exists

-- Insert question 4 for quiz: Visual Perception and Communication Quiz
INSERT INTO payload.quiz_questions (
  id,
  question,
  quiz_id,
  quiz_id_id, -- Duplicate field for compatibility
  type,
  explanation,
  "order",
  created_at,
  updated_at
) VALUES (
  'bfad77c3-b3ed-4a9d-b883-af778f7d0448', -- Generated UUID for the question
  'What are the visual attribute triggers of pre-attentive processing?',
  'df026814-9643-4e4c-b617-ef06d6ebc4c9', -- Quiz ID
  'df026814-9643-4e4c-b617-ef06d6ebc4c9', -- Quiz ID (duplicate)
  'multi-answer',
  '',
  3,
  NOW(),
  NOW()
) ON CONFLICT (id) DO NOTHING; -- Skip if the question already exists

-- Insert option 1 for question 4
INSERT INTO payload.quiz_questions_options (
  id,
  _order,
  _parent_id,
  text,
  is_correct,
  created_at,
  updated_at
) VALUES (
  gen_random_uuid(),
  0,
  'bfad77c3-b3ed-4a9d-b883-af778f7d0448',
  'Length',
  true,
  NOW(),
  NOW()
) ON CONFLICT DO NOTHING; -- Skip if the option already exists

-- Insert option 2 for question 4
INSERT INTO payload.quiz_questions_options (
  id,
  _order,
  _parent_id,
  text,
  is_correct,
  created_at,
  updated_at
) VALUES (
  gen_random_uuid(),
  1,
  'bfad77c3-b3ed-4a9d-b883-af778f7d0448',
  '3D position',
  false,
  NOW(),
  NOW()
) ON CONFLICT DO NOTHING; -- Skip if the option already exists

-- Insert option 3 for question 4
INSERT INTO payload.quiz_questions_options (
  id,
  _order,
  _parent_id,
  text,
  is_correct,
  created_at,
  updated_at
) VALUES (
  gen_random_uuid(),
  2,
  'bfad77c3-b3ed-4a9d-b883-af778f7d0448',
  'Color',
  false,
  NOW(),
  NOW()
) ON CONFLICT DO NOTHING; -- Skip if the option already exists

-- Insert option 4 for question 4
INSERT INTO payload.quiz_questions_options (
  id,
  _order,
  _parent_id,
  text,
  is_correct,
  created_at,
  updated_at
) VALUES (
  gen_random_uuid(),
  3,
  'bfad77c3-b3ed-4a9d-b883-af778f7d0448',
  'Size',
  true,
  NOW(),
  NOW()
) ON CONFLICT DO NOTHING; -- Skip if the option already exists

-- Insert option 5 for question 4
INSERT INTO payload.quiz_questions_options (
  id,
  _order,
  _parent_id,
  text,
  is_correct,
  created_at,
  updated_at
) VALUES (
  gen_random_uuid(),
  4,
  'bfad77c3-b3ed-4a9d-b883-af778f7d0448',
  'Motion',
  false,
  NOW(),
  NOW()
) ON CONFLICT DO NOTHING; -- Skip if the option already exists

-- Insert option 6 for question 4
INSERT INTO payload.quiz_questions_options (
  id,
  _order,
  _parent_id,
  text,
  is_correct,
  created_at,
  updated_at
) VALUES (
  gen_random_uuid(),
  5,
  'bfad77c3-b3ed-4a9d-b883-af778f7d0448',
  'Hue',
  true,
  NOW(),
  NOW()
) ON CONFLICT DO NOTHING; -- Skip if the option already exists

-- Insert option 7 for question 4
INSERT INTO payload.quiz_questions_options (
  id,
  _order,
  _parent_id,
  text,
  is_correct,
  created_at,
  updated_at
) VALUES (
  gen_random_uuid(),
  6,
  'bfad77c3-b3ed-4a9d-b883-af778f7d0448',
  'Texture',
  false,
  NOW(),
  NOW()
) ON CONFLICT DO NOTHING; -- Skip if the option already exists

-- Insert option 8 for question 4
INSERT INTO payload.quiz_questions_options (
  id,
  _order,
  _parent_id,
  text,
  is_correct,
  created_at,
  updated_at
) VALUES (
  gen_random_uuid(),
  7,
  'bfad77c3-b3ed-4a9d-b883-af778f7d0448',
  'Shape',
  true,
  NOW(),
  NOW()
) ON CONFLICT DO NOTHING; -- Skip if the option already exists

-- Insert option 9 for question 4
INSERT INTO payload.quiz_questions_options (
  id,
  _order,
  _parent_id,
  text,
  is_correct,
  created_at,
  updated_at
) VALUES (
  gen_random_uuid(),
  8,
  'bfad77c3-b3ed-4a9d-b883-af778f7d0448',
  'Width',
  true,
  NOW(),
  NOW()
) ON CONFLICT DO NOTHING; -- Skip if the option already exists

-- Insert option 10 for question 4
INSERT INTO payload.quiz_questions_options (
  id,
  _order,
  _parent_id,
  text,
  is_correct,
  created_at,
  updated_at
) VALUES (
  gen_random_uuid(),
  9,
  'bfad77c3-b3ed-4a9d-b883-af778f7d0448',
  'Orientation',
  true,
  NOW(),
  NOW()
) ON CONFLICT DO NOTHING; -- Skip if the option already exists

-- Insert option 11 for question 4
INSERT INTO payload.quiz_questions_options (
  id,
  _order,
  _parent_id,
  text,
  is_correct,
  created_at,
  updated_at
) VALUES (
  gen_random_uuid(),
  10,
  'bfad77c3-b3ed-4a9d-b883-af778f7d0448',
  'Enclosure',
  true,
  NOW(),
  NOW()
) ON CONFLICT DO NOTHING; -- Skip if the option already exists

-- Insert option 12 for question 4
INSERT INTO payload.quiz_questions_options (
  id,
  _order,
  _parent_id,
  text,
  is_correct,
  created_at,
  updated_at
) VALUES (
  gen_random_uuid(),
  11,
  'bfad77c3-b3ed-4a9d-b883-af778f7d0448',
  '2D position',
  true,
  NOW(),
  NOW()
) ON CONFLICT DO NOTHING; -- Skip if the option already exists

-- Insert option 13 for question 4
INSERT INTO payload.quiz_questions_options (
  id,
  _order,
  _parent_id,
  text,
  is_correct,
  created_at,
  updated_at
) VALUES (
  gen_random_uuid(),
  12,
  'bfad77c3-b3ed-4a9d-b883-af778f7d0448',
  'Intensity',
  true,
  NOW(),
  NOW()
) ON CONFLICT DO NOTHING; -- Skip if the option already exists

-- Create relationship entry for the question to the quiz
INSERT INTO payload.quiz_questions_rels (
  id,
  _parent_id,
  field,
  value,
  created_at,
  updated_at
) VALUES (
  gen_random_uuid(),
  'bfad77c3-b3ed-4a9d-b883-af778f7d0448',
  'quiz_id',
  'df026814-9643-4e4c-b617-ef06d6ebc4c9',
  NOW(),
  NOW()
) ON CONFLICT DO NOTHING; -- Skip if the relationship already exists

-- Create bidirectional relationship entry for the quiz to the question
INSERT INTO payload.course_quizzes_rels (
  id,
  _parent_id,
  field,
  value,
  created_at,
  updated_at
) VALUES (
  gen_random_uuid(),
  'df026814-9643-4e4c-b617-ef06d6ebc4c9',
  'questions',
  'bfad77c3-b3ed-4a9d-b883-af778f7d0448',
  NOW(),
  NOW()
) ON CONFLICT DO NOTHING; -- Skip if the relationship already exists

-- Questions for quiz: The Why (Next Steps) Quiz (why-next-steps-quiz, ID: 75fea058-238e-4776-af56-1bd70cf8ec53)
-- Insert question 1 for quiz: The Why (Next Steps) Quiz
INSERT INTO payload.quiz_questions (
  id,
  question,
  quiz_id,
  quiz_id_id, -- Duplicate field for compatibility
  type,
  explanation,
  "order",
  created_at,
  updated_at
) VALUES (
  'aedb8b44-591c-4a36-a2a5-3b4dea6f0c61', -- Generated UUID for the question
  'Who is Cicero?',
  '75fea058-238e-4776-af56-1bd70cf8ec53', -- Quiz ID
  '75fea058-238e-4776-af56-1bd70cf8ec53', -- Quiz ID (duplicate)
  'single-answer',
  '',
  0,
  NOW(),
  NOW()
) ON CONFLICT (id) DO NOTHING; -- Skip if the question already exists

-- Insert option 1 for question 1
INSERT INTO payload.quiz_questions_options (
  id,
  _order,
  _parent_id,
  text,
  is_correct,
  created_at,
  updated_at
) VALUES (
  gen_random_uuid(),
  0,
  'aedb8b44-591c-4a36-a2a5-3b4dea6f0c61',
  'A PowerPoint macro',
  false,
  NOW(),
  NOW()
) ON CONFLICT DO NOTHING; -- Skip if the option already exists

-- Insert option 2 for question 1
INSERT INTO payload.quiz_questions_options (
  id,
  _order,
  _parent_id,
  text,
  is_correct,
  created_at,
  updated_at
) VALUES (
  gen_random_uuid(),
  1,
  'aedb8b44-591c-4a36-a2a5-3b4dea6f0c61',
  'Some Italian dude who wasn''t nearly as effective as Demosthenes',
  true,
  NOW(),
  NOW()
) ON CONFLICT DO NOTHING; -- Skip if the option already exists

-- Insert option 3 for question 1
INSERT INTO payload.quiz_questions_options (
  id,
  _order,
  _parent_id,
  text,
  is_correct,
  created_at,
  updated_at
) VALUES (
  gen_random_uuid(),
  2,
  'aedb8b44-591c-4a36-a2a5-3b4dea6f0c61',
  'Drake''s blind brother',
  false,
  NOW(),
  NOW()
) ON CONFLICT DO NOTHING; -- Skip if the option already exists

-- Create relationship entry for the question to the quiz
INSERT INTO payload.quiz_questions_rels (
  id,
  _parent_id,
  field,
  value,
  created_at,
  updated_at
) VALUES (
  gen_random_uuid(),
  'aedb8b44-591c-4a36-a2a5-3b4dea6f0c61',
  'quiz_id',
  '75fea058-238e-4776-af56-1bd70cf8ec53',
  NOW(),
  NOW()
) ON CONFLICT DO NOTHING; -- Skip if the relationship already exists

-- Create bidirectional relationship entry for the quiz to the question
INSERT INTO payload.course_quizzes_rels (
  id,
  _parent_id,
  field,
  value,
  created_at,
  updated_at
) VALUES (
  gen_random_uuid(),
  '75fea058-238e-4776-af56-1bd70cf8ec53',
  'questions',
  'aedb8b44-591c-4a36-a2a5-3b4dea6f0c61',
  NOW(),
  NOW()
) ON CONFLICT DO NOTHING; -- Skip if the relationship already exists

-- Insert question 2 for quiz: The Why (Next Steps) Quiz
INSERT INTO payload.quiz_questions (
  id,
  question,
  quiz_id,
  quiz_id_id, -- Duplicate field for compatibility
  type,
  explanation,
  "order",
  created_at,
  updated_at
) VALUES (
  'a99d26cb-f155-4706-a7f7-058dad500915', -- Generated UUID for the question
  'What is the ultimate objective of our presentation?',
  '75fea058-238e-4776-af56-1bd70cf8ec53', -- Quiz ID
  '75fea058-238e-4776-af56-1bd70cf8ec53', -- Quiz ID (duplicate)
  'single-answer',
  '',
  1,
  NOW(),
  NOW()
) ON CONFLICT (id) DO NOTHING; -- Skip if the question already exists

-- Insert option 1 for question 2
INSERT INTO payload.quiz_questions_options (
  id,
  _order,
  _parent_id,
  text,
  is_correct,
  created_at,
  updated_at
) VALUES (
  gen_random_uuid(),
  0,
  'a99d26cb-f155-4706-a7f7-058dad500915',
  'To prompt action!',
  true,
  NOW(),
  NOW()
) ON CONFLICT DO NOTHING; -- Skip if the option already exists

-- Insert option 2 for question 2
INSERT INTO payload.quiz_questions_options (
  id,
  _order,
  _parent_id,
  text,
  is_correct,
  created_at,
  updated_at
) VALUES (
  gen_random_uuid(),
  1,
  'a99d26cb-f155-4706-a7f7-058dad500915',
  'To get it over with',
  false,
  NOW(),
  NOW()
) ON CONFLICT DO NOTHING; -- Skip if the option already exists

-- Insert option 3 for question 2
INSERT INTO payload.quiz_questions_options (
  id,
  _order,
  _parent_id,
  text,
  is_correct,
  created_at,
  updated_at
) VALUES (
  gen_random_uuid(),
  2,
  'a99d26cb-f155-4706-a7f7-058dad500915',
  'To get praise for our slick PowerPoint skills',
  false,
  NOW(),
  NOW()
) ON CONFLICT DO NOTHING; -- Skip if the option already exists

-- Create relationship entry for the question to the quiz
INSERT INTO payload.quiz_questions_rels (
  id,
  _parent_id,
  field,
  value,
  created_at,
  updated_at
) VALUES (
  gen_random_uuid(),
  'a99d26cb-f155-4706-a7f7-058dad500915',
  'quiz_id',
  '75fea058-238e-4776-af56-1bd70cf8ec53',
  NOW(),
  NOW()
) ON CONFLICT DO NOTHING; -- Skip if the relationship already exists

-- Create bidirectional relationship entry for the quiz to the question
INSERT INTO payload.course_quizzes_rels (
  id,
  _parent_id,
  field,
  value,
  created_at,
  updated_at
) VALUES (
  gen_random_uuid(),
  '75fea058-238e-4776-af56-1bd70cf8ec53',
  'questions',
  'a99d26cb-f155-4706-a7f7-058dad500915',
  NOW(),
  NOW()
) ON CONFLICT DO NOTHING; -- Skip if the relationship already exists

-- Insert question 3 for quiz: The Why (Next Steps) Quiz
INSERT INTO payload.quiz_questions (
  id,
  question,
  quiz_id,
  quiz_id_id, -- Duplicate field for compatibility
  type,
  explanation,
  "order",
  created_at,
  updated_at
) VALUES (
  '2aefc66b-fd6f-4abc-9e45-3b7e00948b30', -- Generated UUID for the question
  'Which of the following are reasonable next steps to follow your presentation?',
  '75fea058-238e-4776-af56-1bd70cf8ec53', -- Quiz ID
  '75fea058-238e-4776-af56-1bd70cf8ec53', -- Quiz ID (duplicate)
  'multi-answer',
  '',
  2,
  NOW(),
  NOW()
) ON CONFLICT (id) DO NOTHING; -- Skip if the question already exists

-- Insert option 1 for question 3
INSERT INTO payload.quiz_questions_options (
  id,
  _order,
  _parent_id,
  text,
  is_correct,
  created_at,
  updated_at
) VALUES (
  gen_random_uuid(),
  0,
  '2aefc66b-fd6f-4abc-9e45-3b7e00948b30',
  'For your to develop a full proposal for the customer',
  false,
  NOW(),
  NOW()
) ON CONFLICT DO NOTHING; -- Skip if the option already exists

-- Insert option 2 for question 3
INSERT INTO payload.quiz_questions_options (
  id,
  _order,
  _parent_id,
  text,
  is_correct,
  created_at,
  updated_at
) VALUES (
  gen_random_uuid(),
  1,
  '2aefc66b-fd6f-4abc-9e45-3b7e00948b30',
  'For the customer to test your software as part of a trial',
  true,
  NOW(),
  NOW()
) ON CONFLICT DO NOTHING; -- Skip if the option already exists

-- Insert option 3 for question 3
INSERT INTO payload.quiz_questions_options (
  id,
  _order,
  _parent_id,
  text,
  is_correct,
  created_at,
  updated_at
) VALUES (
  gen_random_uuid(),
  2,
  '2aefc66b-fd6f-4abc-9e45-3b7e00948b30',
  'For the customer to schedule a follow-up demo with field staff',
  true,
  NOW(),
  NOW()
) ON CONFLICT DO NOTHING; -- Skip if the option already exists

-- Create relationship entry for the question to the quiz
INSERT INTO payload.quiz_questions_rels (
  id,
  _parent_id,
  field,
  value,
  created_at,
  updated_at
) VALUES (
  gen_random_uuid(),
  '2aefc66b-fd6f-4abc-9e45-3b7e00948b30',
  'quiz_id',
  '75fea058-238e-4776-af56-1bd70cf8ec53',
  NOW(),
  NOW()
) ON CONFLICT DO NOTHING; -- Skip if the relationship already exists

-- Create bidirectional relationship entry for the quiz to the question
INSERT INTO payload.course_quizzes_rels (
  id,
  _parent_id,
  field,
  value,
  created_at,
  updated_at
) VALUES (
  gen_random_uuid(),
  '75fea058-238e-4776-af56-1bd70cf8ec53',
  'questions',
  '2aefc66b-fd6f-4abc-9e45-3b7e00948b30',
  NOW(),
  NOW()
) ON CONFLICT DO NOTHING; -- Skip if the relationship already exists

-- Insert question 4 for quiz: The Why (Next Steps) Quiz
INSERT INTO payload.quiz_questions (
  id,
  question,
  quiz_id,
  quiz_id_id, -- Duplicate field for compatibility
  type,
  explanation,
  "order",
  created_at,
  updated_at
) VALUES (
  '0974d380-46fd-4213-b378-7d8d569814ab', -- Generated UUID for the question
  'Where should the next steps go in your presentation?',
  '75fea058-238e-4776-af56-1bd70cf8ec53', -- Quiz ID
  '75fea058-238e-4776-af56-1bd70cf8ec53', -- Quiz ID (duplicate)
  'single-answer',
  '',
  3,
  NOW(),
  NOW()
) ON CONFLICT (id) DO NOTHING; -- Skip if the question already exists

-- Insert option 1 for question 4
INSERT INTO payload.quiz_questions_options (
  id,
  _order,
  _parent_id,
  text,
  is_correct,
  created_at,
  updated_at
) VALUES (
  gen_random_uuid(),
  0,
  '0974d380-46fd-4213-b378-7d8d569814ab',
  'In your introduction, that is why you need to identify them at the beginning',
  false,
  NOW(),
  NOW()
) ON CONFLICT DO NOTHING; -- Skip if the option already exists

-- Insert option 2 for question 4
INSERT INTO payload.quiz_questions_options (
  id,
  _order,
  _parent_id,
  text,
  is_correct,
  created_at,
  updated_at
) VALUES (
  gen_random_uuid(),
  1,
  '0974d380-46fd-4213-b378-7d8d569814ab',
  'In the footnotes',
  false,
  NOW(),
  NOW()
) ON CONFLICT DO NOTHING; -- Skip if the option already exists

-- Insert option 3 for question 4
INSERT INTO payload.quiz_questions_options (
  id,
  _order,
  _parent_id,
  text,
  is_correct,
  created_at,
  updated_at
) VALUES (
  gen_random_uuid(),
  2,
  '0974d380-46fd-4213-b378-7d8d569814ab',
  'In a follow-up email',
  false,
  NOW(),
  NOW()
) ON CONFLICT DO NOTHING; -- Skip if the option already exists

-- Insert option 4 for question 4
INSERT INTO payload.quiz_questions_options (
  id,
  _order,
  _parent_id,
  text,
  is_correct,
  created_at,
  updated_at
) VALUES (
  gen_random_uuid(),
  3,
  '0974d380-46fd-4213-b378-7d8d569814ab',
  'At the end of the presentation, but we need to identify their nature early as it might inform the development of the rest of the presentation',
  true,
  NOW(),
  NOW()
) ON CONFLICT DO NOTHING; -- Skip if the option already exists

-- Create relationship entry for the question to the quiz
INSERT INTO payload.quiz_questions_rels (
  id,
  _parent_id,
  field,
  value,
  created_at,
  updated_at
) VALUES (
  gen_random_uuid(),
  '0974d380-46fd-4213-b378-7d8d569814ab',
  'quiz_id',
  '75fea058-238e-4776-af56-1bd70cf8ec53',
  NOW(),
  NOW()
) ON CONFLICT DO NOTHING; -- Skip if the relationship already exists

-- Create bidirectional relationship entry for the quiz to the question
INSERT INTO payload.course_quizzes_rels (
  id,
  _parent_id,
  field,
  value,
  created_at,
  updated_at
) VALUES (
  gen_random_uuid(),
  '75fea058-238e-4776-af56-1bd70cf8ec53',
  'questions',
  '0974d380-46fd-4213-b378-7d8d569814ab',
  NOW(),
  NOW()
) ON CONFLICT DO NOTHING; -- Skip if the relationship already exists

-- Commit the transaction
COMMIT;
