-- Seed data for the quiz questions table
-- This file should be run after the quizzes seed file to ensure the quizzes exist

-- Start a transaction
BEGIN;

-- Questions for quiz: Standard Graphs Quiz (basic-graphs-quiz, ID: 470c447f-6885-49fe-9c84-249cb1c04480)
-- Insert question 1 for quiz: Standard Graphs Quiz
INSERT INTO payload.quiz_questions (
  id,
  question,
  quiz_id,
  quiz_id_id, -- Duplicate field for compatibility
  type,
  explanation,
  "order",
  created_at,
  updated_at
) VALUES (
  'dd5f8509-8236-4206-884d-9b3db30af39b', -- Generated UUID for the question
  'There are many types of relationships that we use graphs to display. What chart type best communicates the ''Part-to-Whole'' relationship?',
  '470c447f-6885-49fe-9c84-249cb1c04480', -- Quiz ID
  '470c447f-6885-49fe-9c84-249cb1c04480', -- Quiz ID (duplicate)
  'single-answer',
  '',
  0,
  NOW(),
  NOW()
) ON CONFLICT (id) DO NOTHING; -- Skip if the question already exists

-- Insert option 1 for question 1
INSERT INTO payload.quiz_questions_options (
  id,
  _order,
  _parent_id,
  text,
  is_correct,
  created_at,
  updated_at
) VALUES (
  gen_random_uuid(),
  0,
  'dd5f8509-8236-4206-884d-9b3db30af39b',
  'Line Charts',
  false,
  NOW(),
  NOW()
) ON CONFLICT DO NOTHING; -- Skip if the option already exists

-- Insert option 2 for question 1
INSERT INTO payload.quiz_questions_options (
  id,
  _order,
  _parent_id,
  text,
  is_correct,
  created_at,
  updated_at
) VALUES (
  gen_random_uuid(),
  1,
  'dd5f8509-8236-4206-884d-9b3db30af39b',
  'Scatter Plots',
  false,
  NOW(),
  NOW()
) ON CONFLICT DO NOTHING; -- Skip if the option already exists

-- Insert option 3 for question 1
INSERT INTO payload.quiz_questions_options (
  id,
  _order,
  _parent_id,
  text,
  is_correct,
  created_at,
  updated_at
) VALUES (
  gen_random_uuid(),
  2,
  'dd5f8509-8236-4206-884d-9b3db30af39b',
  'Maps',
  false,
  NOW(),
  NOW()
) ON CONFLICT DO NOTHING; -- Skip if the option already exists

-- Insert option 4 for question 1
INSERT INTO payload.quiz_questions_options (
  id,
  _order,
  _parent_id,
  text,
  is_correct,
  created_at,
  updated_at
) VALUES (
  gen_random_uuid(),
  3,
  'dd5f8509-8236-4206-884d-9b3db30af39b',
  'Box Plot',
  false,
  NOW(),
  NOW()
) ON CONFLICT DO NOTHING; -- Skip if the option already exists

-- Insert option 5 for question 1
INSERT INTO payload.quiz_questions_options (
  id,
  _order,
  _parent_id,
  text,
  is_correct,
  created_at,
  updated_at
) VALUES (
  gen_random_uuid(),
  4,
  'dd5f8509-8236-4206-884d-9b3db30af39b',
  'Bar charts',
  true,
  NOW(),
  NOW()
) ON CONFLICT DO NOTHING; -- Skip if the option already exists

-- Create relationship entry for the question to the quiz
INSERT INTO payload.quiz_questions_rels (
  id,
  _parent_id,
  field,
  value,
  created_at,
  updated_at
) VALUES (
  gen_random_uuid(),
  'dd5f8509-8236-4206-884d-9b3db30af39b',
  'quiz_id',
  '470c447f-6885-49fe-9c84-249cb1c04480',
  NOW(),
  NOW()
) ON CONFLICT DO NOTHING; -- Skip if the relationship already exists

-- Create bidirectional relationship entry for the quiz to the question
INSERT INTO payload.course_quizzes_rels (
  id,
  _parent_id,
  field,
  value,
  created_at,
  updated_at
) VALUES (
  gen_random_uuid(),
  '470c447f-6885-49fe-9c84-249cb1c04480',
  'questions',
  'dd5f8509-8236-4206-884d-9b3db30af39b',
  NOW(),
  NOW()
) ON CONFLICT DO NOTHING; -- Skip if the relationship already exists

-- Insert question 2 for quiz: Standard Graphs Quiz
INSERT INTO payload.quiz_questions (
  id,
  question,
  quiz_id,
  quiz_id_id, -- Duplicate field for compatibility
  type,
  explanation,
  "order",
  created_at,
  updated_at
) VALUES (
  '6fdb914d-3b0f-4a93-bf87-18787809f3dd', -- Generated UUID for the question
  'What chart type best communicates the ''Correlation'' relationship?',
  '470c447f-6885-49fe-9c84-249cb1c04480', -- Quiz ID
  '470c447f-6885-49fe-9c84-249cb1c04480', -- Quiz ID (duplicate)
  'single-answer',
  '',
  1,
  NOW(),
  NOW()
) ON CONFLICT (id) DO NOTHING; -- Skip if the question already exists

-- Insert option 1 for question 2
INSERT INTO payload.quiz_questions_options (
  id,
  _order,
  _parent_id,
  text,
  is_correct,
  created_at,
  updated_at
) VALUES (
  gen_random_uuid(),
  0,
  '6fdb914d-3b0f-4a93-bf87-18787809f3dd',
  'Line Charts',
  false,
  NOW(),
  NOW()
) ON CONFLICT DO NOTHING; -- Skip if the option already exists

-- Insert option 2 for question 2
INSERT INTO payload.quiz_questions_options (
  id,
  _order,
  _parent_id,
  text,
  is_correct,
  created_at,
  updated_at
) VALUES (
  gen_random_uuid(),
  1,
  '6fdb914d-3b0f-4a93-bf87-18787809f3dd',
  'Scatter Plots',
  true,
  NOW(),
  NOW()
) ON CONFLICT DO NOTHING; -- Skip if the option already exists

-- Insert option 3 for question 2
INSERT INTO payload.quiz_questions_options (
  id,
  _order,
  _parent_id,
  text,
  is_correct,
  created_at,
  updated_at
) VALUES (
  gen_random_uuid(),
  2,
  '6fdb914d-3b0f-4a93-bf87-18787809f3dd',
  'Maps',
  false,
  NOW(),
  NOW()
) ON CONFLICT DO NOTHING; -- Skip if the option already exists

-- Insert option 4 for question 2
INSERT INTO payload.quiz_questions_options (
  id,
  _order,
  _parent_id,
  text,
  is_correct,
  created_at,
  updated_at
) VALUES (
  gen_random_uuid(),
  3,
  '6fdb914d-3b0f-4a93-bf87-18787809f3dd',
  'Box Plot',
  false,
  NOW(),
  NOW()
) ON CONFLICT DO NOTHING; -- Skip if the option already exists

-- Insert option 5 for question 2
INSERT INTO payload.quiz_questions_options (
  id,
  _order,
  _parent_id,
  text,
  is_correct,
  created_at,
  updated_at
) VALUES (
  gen_random_uuid(),
  4,
  '6fdb914d-3b0f-4a93-bf87-18787809f3dd',
  'Bar Charts',
  false,
  NOW(),
  NOW()
) ON CONFLICT DO NOTHING; -- Skip if the option already exists

-- Create relationship entry for the question to the quiz
INSERT INTO payload.quiz_questions_rels (
  id,
  _parent_id,
  field,
  value,
  created_at,
  updated_at
) VALUES (
  gen_random_uuid(),
  '6fdb914d-3b0f-4a93-bf87-18787809f3dd',
  'quiz_id',
  '470c447f-6885-49fe-9c84-249cb1c04480',
  NOW(),
  NOW()
) ON CONFLICT DO NOTHING; -- Skip if the relationship already exists

-- Create bidirectional relationship entry for the quiz to the question
INSERT INTO payload.course_quizzes_rels (
  id,
  _parent_id,
  field,
  value,
  created_at,
  updated_at
) VALUES (
  gen_random_uuid(),
  '470c447f-6885-49fe-9c84-249cb1c04480',
  'questions',
  '6fdb914d-3b0f-4a93-bf87-18787809f3dd',
  NOW(),
  NOW()
) ON CONFLICT DO NOTHING; -- Skip if the relationship already exists

-- Insert question 3 for quiz: Standard Graphs Quiz
INSERT INTO payload.quiz_questions (
  id,
  question,
  quiz_id,
  quiz_id_id, -- Duplicate field for compatibility
  type,
  explanation,
  "order",
  created_at,
  updated_at
) VALUES (
  '2a2b6463-6e26-406d-836d-581d117ae7b2', -- Generated UUID for the question
  'What chart type best communicates the ''Time Series'' relationship?',
  '470c447f-6885-49fe-9c84-249cb1c04480', -- Quiz ID
  '470c447f-6885-49fe-9c84-249cb1c04480', -- Quiz ID (duplicate)
  'single-answer',
  '',
  2,
  NOW(),
  NOW()
) ON CONFLICT (id) DO NOTHING; -- Skip if the question already exists

-- Insert option 1 for question 3
INSERT INTO payload.quiz_questions_options (
  id,
  _order,
  _parent_id,
  text,
  is_correct,
  created_at,
  updated_at
) VALUES (
  gen_random_uuid(),
  0,
  '2a2b6463-6e26-406d-836d-581d117ae7b2',
  'Line Charts',
  true,
  NOW(),
  NOW()
) ON CONFLICT DO NOTHING; -- Skip if the option already exists

-- Insert option 2 for question 3
INSERT INTO payload.quiz_questions_options (
  id,
  _order,
  _parent_id,
  text,
  is_correct,
  created_at,
  updated_at
) VALUES (
  gen_random_uuid(),
  1,
  '2a2b6463-6e26-406d-836d-581d117ae7b2',
  'Scatter Plots',
  false,
  NOW(),
  NOW()
) ON CONFLICT DO NOTHING; -- Skip if the option already exists

-- Insert option 3 for question 3
INSERT INTO payload.quiz_questions_options (
  id,
  _order,
  _parent_id,
  text,
  is_correct,
  created_at,
  updated_at
) VALUES (
  gen_random_uuid(),
  2,
  '2a2b6463-6e26-406d-836d-581d117ae7b2',
  'Maps',
  false,
  NOW(),
  NOW()
) ON CONFLICT DO NOTHING; -- Skip if the option already exists

-- Insert option 4 for question 3
INSERT INTO payload.quiz_questions_options (
  id,
  _order,
  _parent_id,
  text,
  is_correct,
  created_at,
  updated_at
) VALUES (
  gen_random_uuid(),
  3,
  '2a2b6463-6e26-406d-836d-581d117ae7b2',
  'Box Plot',
  false,
  NOW(),
  NOW()
) ON CONFLICT DO NOTHING; -- Skip if the option already exists

-- Insert option 5 for question 3
INSERT INTO payload.quiz_questions_options (
  id,
  _order,
  _parent_id,
  text,
  is_correct,
  created_at,
  updated_at
) VALUES (
  gen_random_uuid(),
  4,
  '2a2b6463-6e26-406d-836d-581d117ae7b2',
  'Bar Charts',
  false,
  NOW(),
  NOW()
) ON CONFLICT DO NOTHING; -- Skip if the option already exists

-- Create relationship entry for the question to the quiz
INSERT INTO payload.quiz_questions_rels (
  id,
  _parent_id,
  field,
  value,
  created_at,
  updated_at
) VALUES (
  gen_random_uuid(),
  '2a2b6463-6e26-406d-836d-581d117ae7b2',
  'quiz_id',
  '470c447f-6885-49fe-9c84-249cb1c04480',
  NOW(),
  NOW()
) ON CONFLICT DO NOTHING; -- Skip if the relationship already exists

-- Create bidirectional relationship entry for the quiz to the question
INSERT INTO payload.course_quizzes_rels (
  id,
  _parent_id,
  field,
  value,
  created_at,
  updated_at
) VALUES (
  gen_random_uuid(),
  '470c447f-6885-49fe-9c84-249cb1c04480',
  'questions',
  '2a2b6463-6e26-406d-836d-581d117ae7b2',
  NOW(),
  NOW()
) ON CONFLICT DO NOTHING; -- Skip if the relationship already exists

-- Insert question 4 for quiz: Standard Graphs Quiz
INSERT INTO payload.quiz_questions (
  id,
  question,
  quiz_id,
  quiz_id_id, -- Duplicate field for compatibility
  type,
  explanation,
  "order",
  created_at,
  updated_at
) VALUES (
  '96305db8-6b17-4021-8323-faaea2615bc2', -- Generated UUID for the question
  'What chart types best communicates the ''Deviation'' relationship?',
  '470c447f-6885-49fe-9c84-249cb1c04480', -- Quiz ID
  '470c447f-6885-49fe-9c84-249cb1c04480', -- Quiz ID (duplicate)
  'multi-answer',
  '',
  3,
  NOW(),
  NOW()
) ON CONFLICT (id) DO NOTHING; -- Skip if the question already exists

-- Insert option 1 for question 4
INSERT INTO payload.quiz_questions_options (
  id,
  _order,
  _parent_id,
  text,
  is_correct,
  created_at,
  updated_at
) VALUES (
  gen_random_uuid(),
  0,
  '96305db8-6b17-4021-8323-faaea2615bc2',
  'Line Charts',
  true,
  NOW(),
  NOW()
) ON CONFLICT DO NOTHING; -- Skip if the option already exists

-- Insert option 2 for question 4
INSERT INTO payload.quiz_questions_options (
  id,
  _order,
  _parent_id,
  text,
  is_correct,
  created_at,
  updated_at
) VALUES (
  gen_random_uuid(),
  1,
  '96305db8-6b17-4021-8323-faaea2615bc2',
  'Scatter Plots',
  false,
  NOW(),
  NOW()
) ON CONFLICT DO NOTHING; -- Skip if the option already exists

-- Insert option 3 for question 4
INSERT INTO payload.quiz_questions_options (
  id,
  _order,
  _parent_id,
  text,
  is_correct,
  created_at,
  updated_at
) VALUES (
  gen_random_uuid(),
  2,
  '96305db8-6b17-4021-8323-faaea2615bc2',
  'Maps',
  false,
  NOW(),
  NOW()
) ON CONFLICT DO NOTHING; -- Skip if the option already exists

-- Insert option 4 for question 4
INSERT INTO payload.quiz_questions_options (
  id,
  _order,
  _parent_id,
  text,
  is_correct,
  created_at,
  updated_at
) VALUES (
  gen_random_uuid(),
  3,
  '96305db8-6b17-4021-8323-faaea2615bc2',
  'Box Plot',
  false,
  NOW(),
  NOW()
) ON CONFLICT DO NOTHING; -- Skip if the option already exists

-- Insert option 5 for question 4
INSERT INTO payload.quiz_questions_options (
  id,
  _order,
  _parent_id,
  text,
  is_correct,
  created_at,
  updated_at
) VALUES (
  gen_random_uuid(),
  4,
  '96305db8-6b17-4021-8323-faaea2615bc2',
  'Bar Charts',
  true,
  NOW(),
  NOW()
) ON CONFLICT DO NOTHING; -- Skip if the option already exists

-- Create relationship entry for the question to the quiz
INSERT INTO payload.quiz_questions_rels (
  id,
  _parent_id,
  field,
  value,
  created_at,
  updated_at
) VALUES (
  gen_random_uuid(),
  '96305db8-6b17-4021-8323-faaea2615bc2',
  'quiz_id',
  '470c447f-6885-49fe-9c84-249cb1c04480',
  NOW(),
  NOW()
) ON CONFLICT DO NOTHING; -- Skip if the relationship already exists

-- Create bidirectional relationship entry for the quiz to the question
INSERT INTO payload.course_quizzes_rels (
  id,
  _parent_id,
  field,
  value,
  created_at,
  updated_at
) VALUES (
  gen_random_uuid(),
  '470c447f-6885-49fe-9c84-249cb1c04480',
  'questions',
  '96305db8-6b17-4021-8323-faaea2615bc2',
  NOW(),
  NOW()
) ON CONFLICT DO NOTHING; -- Skip if the relationship already exists

-- Insert question 5 for quiz: Standard Graphs Quiz
INSERT INTO payload.quiz_questions (
  id,
  question,
  quiz_id,
  quiz_id_id, -- Duplicate field for compatibility
  type,
  explanation,
  "order",
  created_at,
  updated_at
) VALUES (
  '743789d4-1264-4d11-a4ff-0a78e5ff4c39', -- Generated UUID for the question
  'What chart type best communicates the ''Distribution'' relationship?',
  '470c447f-6885-49fe-9c84-249cb1c04480', -- Quiz ID
  '470c447f-6885-49fe-9c84-249cb1c04480', -- Quiz ID (duplicate)
  'single-answer',
  '',
  4,
  NOW(),
  NOW()
) ON CONFLICT (id) DO NOTHING; -- Skip if the question already exists

-- Insert option 1 for question 5
INSERT INTO payload.quiz_questions_options (
  id,
  _order,
  _parent_id,
  text,
  is_correct,
  created_at,
  updated_at
) VALUES (
  gen_random_uuid(),
  0,
  '743789d4-1264-4d11-a4ff-0a78e5ff4c39',
  'Line Charts',
  false,
  NOW(),
  NOW()
) ON CONFLICT DO NOTHING; -- Skip if the option already exists

-- Insert option 2 for question 5
INSERT INTO payload.quiz_questions_options (
  id,
  _order,
  _parent_id,
  text,
  is_correct,
  created_at,
  updated_at
) VALUES (
  gen_random_uuid(),
  1,
  '743789d4-1264-4d11-a4ff-0a78e5ff4c39',
  'Scatter Plots',
  false,
  NOW(),
  NOW()
) ON CONFLICT DO NOTHING; -- Skip if the option already exists

-- Insert option 3 for question 5
INSERT INTO payload.quiz_questions_options (
  id,
  _order,
  _parent_id,
  text,
  is_correct,
  created_at,
  updated_at
) VALUES (
  gen_random_uuid(),
  2,
  '743789d4-1264-4d11-a4ff-0a78e5ff4c39',
  'Maps',
  false,
  NOW(),
  NOW()
) ON CONFLICT DO NOTHING; -- Skip if the option already exists

-- Insert option 4 for question 5
INSERT INTO payload.quiz_questions_options (
  id,
  _order,
  _parent_id,
  text,
  is_correct,
  created_at,
  updated_at
) VALUES (
  gen_random_uuid(),
  3,
  '743789d4-1264-4d11-a4ff-0a78e5ff4c39',
  'Box Plot',
  true,
  NOW(),
  NOW()
) ON CONFLICT DO NOTHING; -- Skip if the option already exists

-- Insert option 5 for question 5
INSERT INTO payload.quiz_questions_options (
  id,
  _order,
  _parent_id,
  text,
  is_correct,
  created_at,
  updated_at
) VALUES (
  gen_random_uuid(),
  4,
  '743789d4-1264-4d11-a4ff-0a78e5ff4c39',
  'Bar Charts',
  false,
  NOW(),
  NOW()
) ON CONFLICT DO NOTHING; -- Skip if the option already exists

-- Create relationship entry for the question to the quiz
INSERT INTO payload.quiz_questions_rels (
  id,
  _parent_id,
  field,
  value,
  created_at,
  updated_at
) VALUES (
  gen_random_uuid(),
  '743789d4-1264-4d11-a4ff-0a78e5ff4c39',
  'quiz_id',
  '470c447f-6885-49fe-9c84-249cb1c04480',
  NOW(),
  NOW()
) ON CONFLICT DO NOTHING; -- Skip if the relationship already exists

-- Create bidirectional relationship entry for the quiz to the question
INSERT INTO payload.course_quizzes_rels (
  id,
  _parent_id,
  field,
  value,
  created_at,
  updated_at
) VALUES (
  gen_random_uuid(),
  '470c447f-6885-49fe-9c84-249cb1c04480',
  'questions',
  '743789d4-1264-4d11-a4ff-0a78e5ff4c39',
  NOW(),
  NOW()
) ON CONFLICT DO NOTHING; -- Skip if the relationship already exists

-- Insert question 6 for quiz: Standard Graphs Quiz
INSERT INTO payload.quiz_questions (
  id,
  question,
  quiz_id,
  quiz_id_id, -- Duplicate field for compatibility
  type,
  explanation,
  "order",
  created_at,
  updated_at
) VALUES (
  'f1983f30-6460-424c-92a7-519ea37608a6', -- Generated UUID for the question
  'What chart type best communicates the ''Nominal Comparison'' relationship',
  '470c447f-6885-49fe-9c84-249cb1c04480', -- Quiz ID
  '470c447f-6885-49fe-9c84-249cb1c04480', -- Quiz ID (duplicate)
  'single-answer',
  '',
  5,
  NOW(),
  NOW()
) ON CONFLICT (id) DO NOTHING; -- Skip if the question already exists

-- Insert option 1 for question 6
INSERT INTO payload.quiz_questions_options (
  id,
  _order,
  _parent_id,
  text,
  is_correct,
  created_at,
  updated_at
) VALUES (
  gen_random_uuid(),
  0,
  'f1983f30-6460-424c-92a7-519ea37608a6',
  'Line Chart',
  false,
  NOW(),
  NOW()
) ON CONFLICT DO NOTHING; -- Skip if the option already exists

-- Insert option 2 for question 6
INSERT INTO payload.quiz_questions_options (
  id,
  _order,
  _parent_id,
  text,
  is_correct,
  created_at,
  updated_at
) VALUES (
  gen_random_uuid(),
  1,
  'f1983f30-6460-424c-92a7-519ea37608a6',
  'Scatter Plot',
  false,
  NOW(),
  NOW()
) ON CONFLICT DO NOTHING; -- Skip if the option already exists

-- Insert option 3 for question 6
INSERT INTO payload.quiz_questions_options (
  id,
  _order,
  _parent_id,
  text,
  is_correct,
  created_at,
  updated_at
) VALUES (
  gen_random_uuid(),
  2,
  'f1983f30-6460-424c-92a7-519ea37608a6',
  'Map',
  false,
  NOW(),
  NOW()
) ON CONFLICT DO NOTHING; -- Skip if the option already exists

-- Insert option 4 for question 6
INSERT INTO payload.quiz_questions_options (
  id,
  _order,
  _parent_id,
  text,
  is_correct,
  created_at,
  updated_at
) VALUES (
  gen_random_uuid(),
  3,
  'f1983f30-6460-424c-92a7-519ea37608a6',
  'Box Plot',
  false,
  NOW(),
  NOW()
) ON CONFLICT DO NOTHING; -- Skip if the option already exists

-- Insert option 5 for question 6
INSERT INTO payload.quiz_questions_options (
  id,
  _order,
  _parent_id,
  text,
  is_correct,
  created_at,
  updated_at
) VALUES (
  gen_random_uuid(),
  4,
  'f1983f30-6460-424c-92a7-519ea37608a6',
  'Bar Chart',
  true,
  NOW(),
  NOW()
) ON CONFLICT DO NOTHING; -- Skip if the option already exists

-- Create relationship entry for the question to the quiz
INSERT INTO payload.quiz_questions_rels (
  id,
  _parent_id,
  field,
  value,
  created_at,
  updated_at
) VALUES (
  gen_random_uuid(),
  'f1983f30-6460-424c-92a7-519ea37608a6',
  'quiz_id',
  '470c447f-6885-49fe-9c84-249cb1c04480',
  NOW(),
  NOW()
) ON CONFLICT DO NOTHING; -- Skip if the relationship already exists

-- Create bidirectional relationship entry for the quiz to the question
INSERT INTO payload.course_quizzes_rels (
  id,
  _parent_id,
  field,
  value,
  created_at,
  updated_at
) VALUES (
  gen_random_uuid(),
  '470c447f-6885-49fe-9c84-249cb1c04480',
  'questions',
  'f1983f30-6460-424c-92a7-519ea37608a6',
  NOW(),
  NOW()
) ON CONFLICT DO NOTHING; -- Skip if the relationship already exists

-- Insert question 7 for quiz: Standard Graphs Quiz
INSERT INTO payload.quiz_questions (
  id,
  question,
  quiz_id,
  quiz_id_id, -- Duplicate field for compatibility
  type,
  explanation,
  "order",
  created_at,
  updated_at
) VALUES (
  '34581023-75bb-4e45-823e-7c569e958a14', -- Generated UUID for the question
  'What chart type best communicates the ''Geospatial'' relationship?',
  '470c447f-6885-49fe-9c84-249cb1c04480', -- Quiz ID
  '470c447f-6885-49fe-9c84-249cb1c04480', -- Quiz ID (duplicate)
  'single-answer',
  '',
  6,
  NOW(),
  NOW()
) ON CONFLICT (id) DO NOTHING; -- Skip if the question already exists

-- Insert option 1 for question 7
INSERT INTO payload.quiz_questions_options (
  id,
  _order,
  _parent_id,
  text,
  is_correct,
  created_at,
  updated_at
) VALUES (
  gen_random_uuid(),
  0,
  '34581023-75bb-4e45-823e-7c569e958a14',
  'Line Chart',
  false,
  NOW(),
  NOW()
) ON CONFLICT DO NOTHING; -- Skip if the option already exists

-- Insert option 2 for question 7
INSERT INTO payload.quiz_questions_options (
  id,
  _order,
  _parent_id,
  text,
  is_correct,
  created_at,
  updated_at
) VALUES (
  gen_random_uuid(),
  1,
  '34581023-75bb-4e45-823e-7c569e958a14',
  'Scatter Plot',
  false,
  NOW(),
  NOW()
) ON CONFLICT DO NOTHING; -- Skip if the option already exists

-- Insert option 3 for question 7
INSERT INTO payload.quiz_questions_options (
  id,
  _order,
  _parent_id,
  text,
  is_correct,
  created_at,
  updated_at
) VALUES (
  gen_random_uuid(),
  2,
  '34581023-75bb-4e45-823e-7c569e958a14',
  'Map',
  true,
  NOW(),
  NOW()
) ON CONFLICT DO NOTHING; -- Skip if the option already exists

-- Insert option 4 for question 7
INSERT INTO payload.quiz_questions_options (
  id,
  _order,
  _parent_id,
  text,
  is_correct,
  created_at,
  updated_at
) VALUES (
  gen_random_uuid(),
  3,
  '34581023-75bb-4e45-823e-7c569e958a14',
  'Box Plot',
  false,
  NOW(),
  NOW()
) ON CONFLICT DO NOTHING; -- Skip if the option already exists

-- Insert option 5 for question 7
INSERT INTO payload.quiz_questions_options (
  id,
  _order,
  _parent_id,
  text,
  is_correct,
  created_at,
  updated_at
) VALUES (
  gen_random_uuid(),
  4,
  '34581023-75bb-4e45-823e-7c569e958a14',
  'Bar Chart',
  false,
  NOW(),
  NOW()
) ON CONFLICT DO NOTHING; -- Skip if the option already exists

-- Create relationship entry for the question to the quiz
INSERT INTO payload.quiz_questions_rels (
  id,
  _parent_id,
  field,
  value,
  created_at,
  updated_at
) VALUES (
  gen_random_uuid(),
  '34581023-75bb-4e45-823e-7c569e958a14',
  'quiz_id',
  '470c447f-6885-49fe-9c84-249cb1c04480',
  NOW(),
  NOW()
) ON CONFLICT DO NOTHING; -- Skip if the relationship already exists

-- Create bidirectional relationship entry for the quiz to the question
INSERT INTO payload.course_quizzes_rels (
  id,
  _parent_id,
  field,
  value,
  created_at,
  updated_at
) VALUES (
  gen_random_uuid(),
  '470c447f-6885-49fe-9c84-249cb1c04480',
  'questions',
  '34581023-75bb-4e45-823e-7c569e958a14',
  NOW(),
  NOW()
) ON CONFLICT DO NOTHING; -- Skip if the relationship already exists

-- Insert question 8 for quiz: Standard Graphs Quiz
INSERT INTO payload.quiz_questions (
  id,
  question,
  quiz_id,
  quiz_id_id, -- Duplicate field for compatibility
  type,
  explanation,
  "order",
  created_at,
  updated_at
) VALUES (
  '6a4e6263-0985-4f4e-8f5f-5d0c5638bc75', -- Generated UUID for the question
  'When should we use Pie Charts?',
  '470c447f-6885-49fe-9c84-249cb1c04480', -- Quiz ID
  '470c447f-6885-49fe-9c84-249cb1c04480', -- Quiz ID (duplicate)
  'single-answer',
  '',
  7,
  NOW(),
  NOW()
) ON CONFLICT (id) DO NOTHING; -- Skip if the question already exists

-- Insert option 1 for question 8
INSERT INTO payload.quiz_questions_options (
  id,
  _order,
  _parent_id,
  text,
  is_correct,
  created_at,
  updated_at
) VALUES (
  gen_random_uuid(),
  0,
  '6a4e6263-0985-4f4e-8f5f-5d0c5638bc75',
  'For part-to-whole relationships.',
  false,
  NOW(),
  NOW()
) ON CONFLICT DO NOTHING; -- Skip if the option already exists

-- Insert option 2 for question 8
INSERT INTO payload.quiz_questions_options (
  id,
  _order,
  _parent_id,
  text,
  is_correct,
  created_at,
  updated_at
) VALUES (
  gen_random_uuid(),
  1,
  '6a4e6263-0985-4f4e-8f5f-5d0c5638bc75',
  'For time series relationships',
  false,
  NOW(),
  NOW()
) ON CONFLICT DO NOTHING; -- Skip if the option already exists

-- Insert option 3 for question 8
INSERT INTO payload.quiz_questions_options (
  id,
  _order,
  _parent_id,
  text,
  is_correct,
  created_at,
  updated_at
) VALUES (
  gen_random_uuid(),
  2,
  '6a4e6263-0985-4f4e-8f5f-5d0c5638bc75',
  'For nominal comparison relationships',
  false,
  NOW(),
  NOW()
) ON CONFLICT DO NOTHING; -- Skip if the option already exists

-- Insert option 4 for question 8
INSERT INTO payload.quiz_questions_options (
  id,
  _order,
  _parent_id,
  text,
  is_correct,
  created_at,
  updated_at
) VALUES (
  gen_random_uuid(),
  3,
  '6a4e6263-0985-4f4e-8f5f-5d0c5638bc75',
  'Never.',
  true,
  NOW(),
  NOW()
) ON CONFLICT DO NOTHING; -- Skip if the option already exists

-- Create relationship entry for the question to the quiz
INSERT INTO payload.quiz_questions_rels (
  id,
  _parent_id,
  field,
  value,
  created_at,
  updated_at
) VALUES (
  gen_random_uuid(),
  '6a4e6263-0985-4f4e-8f5f-5d0c5638bc75',
  'quiz_id',
  '470c447f-6885-49fe-9c84-249cb1c04480',
  NOW(),
  NOW()
) ON CONFLICT DO NOTHING; -- Skip if the relationship already exists

-- Create bidirectional relationship entry for the quiz to the question
INSERT INTO payload.course_quizzes_rels (
  id,
  _parent_id,
  field,
  value,
  created_at,
  updated_at
) VALUES (
  gen_random_uuid(),
  '470c447f-6885-49fe-9c84-249cb1c04480',
  'questions',
  '6a4e6263-0985-4f4e-8f5f-5d0c5638bc75',
  NOW(),
  NOW()
) ON CONFLICT DO NOTHING; -- Skip if the relationship already exists

-- Questions for quiz: The Fundamental Elements of Design in Detail Quiz (elements-of-design-detail-quiz, ID: 50b6b87a-bb92-4483-811c-d38b56d54de6)
-- Insert question 1 for quiz: The Fundamental Elements of Design in Detail Quiz
INSERT INTO payload.quiz_questions (
  id,
  question,
  quiz_id,
  quiz_id_id, -- Duplicate field for compatibility
  type,
  explanation,
  "order",
  created_at,
  updated_at
) VALUES (
  '44111ccc-3a80-4698-b166-f03be3cf552f', -- Generated UUID for the question
  'Why do we use contrast?',
  '50b6b87a-bb92-4483-811c-d38b56d54de6', -- Quiz ID
  '50b6b87a-bb92-4483-811c-d38b56d54de6', -- Quiz ID (duplicate)
  'single-answer',
  '',
  0,
  NOW(),
  NOW()
) ON CONFLICT (id) DO NOTHING; -- Skip if the question already exists

-- Insert option 1 for question 1
INSERT INTO payload.quiz_questions_options (
  id,
  _order,
  _parent_id,
  text,
  is_correct,
  created_at,
  updated_at
) VALUES (
  gen_random_uuid(),
  0,
  '44111ccc-3a80-4698-b166-f03be3cf552f',
  'To make our computer monitor easier to read',
  false,
  NOW(),
  NOW()
) ON CONFLICT DO NOTHING; -- Skip if the option already exists

-- Insert option 2 for question 1
INSERT INTO payload.quiz_questions_options (
  id,
  _order,
  _parent_id,
  text,
  is_correct,
  created_at,
  updated_at
) VALUES (
  gen_random_uuid(),
  1,
  '44111ccc-3a80-4698-b166-f03be3cf552f',
  'To fill up space',
  false,
  NOW(),
  NOW()
) ON CONFLICT DO NOTHING; -- Skip if the option already exists

-- Insert option 3 for question 1
INSERT INTO payload.quiz_questions_options (
  id,
  _order,
  _parent_id,
  text,
  is_correct,
  created_at,
  updated_at
) VALUES (
  gen_random_uuid(),
  2,
  '44111ccc-3a80-4698-b166-f03be3cf552f',
  'Our eyes like it. It looks good',
  true,
  NOW(),
  NOW()
) ON CONFLICT DO NOTHING; -- Skip if the option already exists

-- Create relationship entry for the question to the quiz
INSERT INTO payload.quiz_questions_rels (
  id,
  _parent_id,
  field,
  value,
  created_at,
  updated_at
) VALUES (
  gen_random_uuid(),
  '44111ccc-3a80-4698-b166-f03be3cf552f',
  'quiz_id',
  '50b6b87a-bb92-4483-811c-d38b56d54de6',
  NOW(),
  NOW()
) ON CONFLICT DO NOTHING; -- Skip if the relationship already exists

-- Create bidirectional relationship entry for the quiz to the question
INSERT INTO payload.course_quizzes_rels (
  id,
  _parent_id,
  field,
  value,
  created_at,
  updated_at
) VALUES (
  gen_random_uuid(),
  '50b6b87a-bb92-4483-811c-d38b56d54de6',
  'questions',
  '44111ccc-3a80-4698-b166-f03be3cf552f',
  NOW(),
  NOW()
) ON CONFLICT DO NOTHING; -- Skip if the relationship already exists

-- Insert question 2 for quiz: The Fundamental Elements of Design in Detail Quiz
INSERT INTO payload.quiz_questions (
  id,
  question,
  quiz_id,
  quiz_id_id, -- Duplicate field for compatibility
  type,
  explanation,
  "order",
  created_at,
  updated_at
) VALUES (
  '555633fe-13b6-454d-9f8e-e8d9b67c890f', -- Generated UUID for the question
  'How important is alignment?',
  '50b6b87a-bb92-4483-811c-d38b56d54de6', -- Quiz ID
  '50b6b87a-bb92-4483-811c-d38b56d54de6', -- Quiz ID (duplicate)
  'single-answer',
  '',
  1,
  NOW(),
  NOW()
) ON CONFLICT (id) DO NOTHING; -- Skip if the question already exists

-- Insert option 1 for question 2
INSERT INTO payload.quiz_questions_options (
  id,
  _order,
  _parent_id,
  text,
  is_correct,
  created_at,
  updated_at
) VALUES (
  gen_random_uuid(),
  0,
  '555633fe-13b6-454d-9f8e-e8d9b67c890f',
  'Critically important (make sure you have learned how to use PowerPoint''s alignment tools)',
  true,
  NOW(),
  NOW()
) ON CONFLICT DO NOTHING; -- Skip if the option already exists

-- Create relationship entry for the question to the quiz
INSERT INTO payload.quiz_questions_rels (
  id,
  _parent_id,
  field,
  value,
  created_at,
  updated_at
) VALUES (
  gen_random_uuid(),
  '555633fe-13b6-454d-9f8e-e8d9b67c890f',
  'quiz_id',
  '50b6b87a-bb92-4483-811c-d38b56d54de6',
  NOW(),
  NOW()
) ON CONFLICT DO NOTHING; -- Skip if the relationship already exists

-- Create bidirectional relationship entry for the quiz to the question
INSERT INTO payload.course_quizzes_rels (
  id,
  _parent_id,
  field,
  value,
  created_at,
  updated_at
) VALUES (
  gen_random_uuid(),
  '50b6b87a-bb92-4483-811c-d38b56d54de6',
  'questions',
  '555633fe-13b6-454d-9f8e-e8d9b67c890f',
  NOW(),
  NOW()
) ON CONFLICT DO NOTHING; -- Skip if the relationship already exists

-- Insert question 3 for quiz: The Fundamental Elements of Design in Detail Quiz
INSERT INTO payload.quiz_questions (
  id,
  question,
  quiz_id,
  quiz_id_id, -- Duplicate field for compatibility
  type,
  explanation,
  "order",
  created_at,
  updated_at
) VALUES (
  'd8049d1f-8a29-440a-8db4-7e47ec2874d2', -- Generated UUID for the question
  'How is the principle of proximity helpful?',
  '50b6b87a-bb92-4483-811c-d38b56d54de6', -- Quiz ID
  '50b6b87a-bb92-4483-811c-d38b56d54de6', -- Quiz ID (duplicate)
  'single-answer',
  '',
  2,
  NOW(),
  NOW()
) ON CONFLICT (id) DO NOTHING; -- Skip if the question already exists

-- Insert option 1 for question 3
INSERT INTO payload.quiz_questions_options (
  id,
  _order,
  _parent_id,
  text,
  is_correct,
  created_at,
  updated_at
) VALUES (
  gen_random_uuid(),
  0,
  'd8049d1f-8a29-440a-8db4-7e47ec2874d2',
  'Helps us understand how groups are created (intentionally or unintentionally)',
  true,
  NOW(),
  NOW()
) ON CONFLICT DO NOTHING; -- Skip if the option already exists

-- Insert option 2 for question 3
INSERT INTO payload.quiz_questions_options (
  id,
  _order,
  _parent_id,
  text,
  is_correct,
  created_at,
  updated_at
) VALUES (
  gen_random_uuid(),
  1,
  'd8049d1f-8a29-440a-8db4-7e47ec2874d2',
  'Allows us to squeeze more onto the page',
  false,
  NOW(),
  NOW()
) ON CONFLICT DO NOTHING; -- Skip if the option already exists

-- Insert option 3 for question 3
INSERT INTO payload.quiz_questions_options (
  id,
  _order,
  _parent_id,
  text,
  is_correct,
  created_at,
  updated_at
) VALUES (
  gen_random_uuid(),
  2,
  'd8049d1f-8a29-440a-8db4-7e47ec2874d2',
  'Helps us get to know people',
  false,
  NOW(),
  NOW()
) ON CONFLICT DO NOTHING; -- Skip if the option already exists

-- Create relationship entry for the question to the quiz
INSERT INTO payload.quiz_questions_rels (
  id,
  _parent_id,
  field,
  value,
  created_at,
  updated_at
) VALUES (
  gen_random_uuid(),
  'd8049d1f-8a29-440a-8db4-7e47ec2874d2',
  'quiz_id',
  '50b6b87a-bb92-4483-811c-d38b56d54de6',
  NOW(),
  NOW()
) ON CONFLICT DO NOTHING; -- Skip if the relationship already exists

-- Create bidirectional relationship entry for the quiz to the question
INSERT INTO payload.course_quizzes_rels (
  id,
  _parent_id,
  field,
  value,
  created_at,
  updated_at
) VALUES (
  gen_random_uuid(),
  '50b6b87a-bb92-4483-811c-d38b56d54de6',
  'questions',
  'd8049d1f-8a29-440a-8db4-7e47ec2874d2',
  NOW(),
  NOW()
) ON CONFLICT DO NOTHING; -- Skip if the relationship already exists

-- Insert question 4 for quiz: The Fundamental Elements of Design in Detail Quiz
INSERT INTO payload.quiz_questions (
  id,
  question,
  quiz_id,
  quiz_id_id, -- Duplicate field for compatibility
  type,
  explanation,
  "order",
  created_at,
  updated_at
) VALUES (
  '229bda97-9797-4c43-8321-c350553eab61', -- Generated UUID for the question
  'How many different font types should you use in a single presentation?',
  '50b6b87a-bb92-4483-811c-d38b56d54de6', -- Quiz ID
  '50b6b87a-bb92-4483-811c-d38b56d54de6', -- Quiz ID (duplicate)
  'single-answer',
  '',
  3,
  NOW(),
  NOW()
) ON CONFLICT (id) DO NOTHING; -- Skip if the question already exists

-- Insert option 1 for question 4
INSERT INTO payload.quiz_questions_options (
  id,
  _order,
  _parent_id,
  text,
  is_correct,
  created_at,
  updated_at
) VALUES (
  gen_random_uuid(),
  0,
  '229bda97-9797-4c43-8321-c350553eab61',
  'As many as you can',
  false,
  NOW(),
  NOW()
) ON CONFLICT DO NOTHING; -- Skip if the option already exists

-- Insert option 2 for question 4
INSERT INTO payload.quiz_questions_options (
  id,
  _order,
  _parent_id,
  text,
  is_correct,
  created_at,
  updated_at
) VALUES (
  gen_random_uuid(),
  1,
  '229bda97-9797-4c43-8321-c350553eab61',
  '4',
  false,
  NOW(),
  NOW()
) ON CONFLICT DO NOTHING; -- Skip if the option already exists

-- Insert option 3 for question 4
INSERT INTO payload.quiz_questions_options (
  id,
  _order,
  _parent_id,
  text,
  is_correct,
  created_at,
  updated_at
) VALUES (
  gen_random_uuid(),
  2,
  '229bda97-9797-4c43-8321-c350553eab61',
  '1',
  false,
  NOW(),
  NOW()
) ON CONFLICT DO NOTHING; -- Skip if the option already exists

-- Insert option 4 for question 4
INSERT INTO payload.quiz_questions_options (
  id,
  _order,
  _parent_id,
  text,
  is_correct,
  created_at,
  updated_at
) VALUES (
  gen_random_uuid(),
  3,
  '229bda97-9797-4c43-8321-c350553eab61',
  '2',
  true,
  NOW(),
  NOW()
) ON CONFLICT DO NOTHING; -- Skip if the option already exists

-- Insert option 5 for question 4
INSERT INTO payload.quiz_questions_options (
  id,
  _order,
  _parent_id,
  text,
  is_correct,
  created_at,
  updated_at
) VALUES (
  gen_random_uuid(),
  4,
  '229bda97-9797-4c43-8321-c350553eab61',
  '3',
  false,
  NOW(),
  NOW()
) ON CONFLICT DO NOTHING; -- Skip if the option already exists

-- Create relationship entry for the question to the quiz
INSERT INTO payload.quiz_questions_rels (
  id,
  _parent_id,
  field,
  value,
  created_at,
  updated_at
) VALUES (
  gen_random_uuid(),
  '229bda97-9797-4c43-8321-c350553eab61',
  'quiz_id',
  '50b6b87a-bb92-4483-811c-d38b56d54de6',
  NOW(),
  NOW()
) ON CONFLICT DO NOTHING; -- Skip if the relationship already exists

-- Create bidirectional relationship entry for the quiz to the question
INSERT INTO payload.course_quizzes_rels (
  id,
  _parent_id,
  field,
  value,
  created_at,
  updated_at
) VALUES (
  gen_random_uuid(),
  '50b6b87a-bb92-4483-811c-d38b56d54de6',
  'questions',
  '229bda97-9797-4c43-8321-c350553eab61',
  NOW(),
  NOW()
) ON CONFLICT DO NOTHING; -- Skip if the relationship already exists

-- Insert question 5 for quiz: The Fundamental Elements of Design in Detail Quiz
INSERT INTO payload.quiz_questions (
  id,
  question,
  quiz_id,
  quiz_id_id, -- Duplicate field for compatibility
  type,
  explanation,
  "order",
  created_at,
  updated_at
) VALUES (
  '6b6b4563-6be3-460e-84d7-80447adef1e9', -- Generated UUID for the question
  'How many colors should we use in a presentation?',
  '50b6b87a-bb92-4483-811c-d38b56d54de6', -- Quiz ID
  '50b6b87a-bb92-4483-811c-d38b56d54de6', -- Quiz ID (duplicate)
  'single-answer',
  '',
  4,
  NOW(),
  NOW()
) ON CONFLICT (id) DO NOTHING; -- Skip if the question already exists

-- Insert option 1 for question 5
INSERT INTO payload.quiz_questions_options (
  id,
  _order,
  _parent_id,
  text,
  is_correct,
  created_at,
  updated_at
) VALUES (
  gen_random_uuid(),
  0,
  '6b6b4563-6be3-460e-84d7-80447adef1e9',
  '2 more than the number of fonts',
  false,
  NOW(),
  NOW()
) ON CONFLICT DO NOTHING; -- Skip if the option already exists

-- Insert option 2 for question 5
INSERT INTO payload.quiz_questions_options (
  id,
  _order,
  _parent_id,
  text,
  is_correct,
  created_at,
  updated_at
) VALUES (
  gen_random_uuid(),
  1,
  '6b6b4563-6be3-460e-84d7-80447adef1e9',
  '7',
  false,
  NOW(),
  NOW()
) ON CONFLICT DO NOTHING; -- Skip if the option already exists

-- Insert option 3 for question 5
INSERT INTO payload.quiz_questions_options (
  id,
  _order,
  _parent_id,
  text,
  is_correct,
  created_at,
  updated_at
) VALUES (
  gen_random_uuid(),
  2,
  '6b6b4563-6be3-460e-84d7-80447adef1e9',
  '4 to 5',
  false,
  NOW(),
  NOW()
) ON CONFLICT DO NOTHING; -- Skip if the option already exists

-- Insert option 4 for question 5
INSERT INTO payload.quiz_questions_options (
  id,
  _order,
  _parent_id,
  text,
  is_correct,
  created_at,
  updated_at
) VALUES (
  gen_random_uuid(),
  3,
  '6b6b4563-6be3-460e-84d7-80447adef1e9',
  '2 to 3',
  true,
  NOW(),
  NOW()
) ON CONFLICT DO NOTHING; -- Skip if the option already exists

-- Insert option 5 for question 5
INSERT INTO payload.quiz_questions_options (
  id,
  _order,
  _parent_id,
  text,
  is_correct,
  created_at,
  updated_at
) VALUES (
  gen_random_uuid(),
  4,
  '6b6b4563-6be3-460e-84d7-80447adef1e9',
  '1',
  false,
  NOW(),
  NOW()
) ON CONFLICT DO NOTHING; -- Skip if the option already exists

-- Create relationship entry for the question to the quiz
INSERT INTO payload.quiz_questions_rels (
  id,
  _parent_id,
  field,
  value,
  created_at,
  updated_at
) VALUES (
  gen_random_uuid(),
  '6b6b4563-6be3-460e-84d7-80447adef1e9',
  'quiz_id',
  '50b6b87a-bb92-4483-811c-d38b56d54de6',
  NOW(),
  NOW()
) ON CONFLICT DO NOTHING; -- Skip if the relationship already exists

-- Create bidirectional relationship entry for the quiz to the question
INSERT INTO payload.course_quizzes_rels (
  id,
  _parent_id,
  field,
  value,
  created_at,
  updated_at
) VALUES (
  gen_random_uuid(),
  '50b6b87a-bb92-4483-811c-d38b56d54de6',
  'questions',
  '6b6b4563-6be3-460e-84d7-80447adef1e9',
  NOW(),
  NOW()
) ON CONFLICT DO NOTHING; -- Skip if the relationship already exists

-- Insert question 6 for quiz: The Fundamental Elements of Design in Detail Quiz
INSERT INTO payload.quiz_questions (
  id,
  question,
  quiz_id,
  quiz_id_id, -- Duplicate field for compatibility
  type,
  explanation,
  "order",
  created_at,
  updated_at
) VALUES (
  'fa51dc1c-37af-41f0-89b2-66cba44eba13', -- Generated UUID for the question
  'What should you do with whitespace?',
  '50b6b87a-bb92-4483-811c-d38b56d54de6', -- Quiz ID
  '50b6b87a-bb92-4483-811c-d38b56d54de6', -- Quiz ID (duplicate)
  'single-answer',
  '',
  5,
  NOW(),
  NOW()
) ON CONFLICT (id) DO NOTHING; -- Skip if the question already exists

-- Insert option 1 for question 6
INSERT INTO payload.quiz_questions_options (
  id,
  _order,
  _parent_id,
  text,
  is_correct,
  created_at,
  updated_at
) VALUES (
  gen_random_uuid(),
  0,
  'fa51dc1c-37af-41f0-89b2-66cba44eba13',
  'Ensure you are using enough of it',
  true,
  NOW(),
  NOW()
) ON CONFLICT DO NOTHING; -- Skip if the option already exists

-- Insert option 2 for question 6
INSERT INTO payload.quiz_questions_options (
  id,
  _order,
  _parent_id,
  text,
  is_correct,
  created_at,
  updated_at
) VALUES (
  gen_random_uuid(),
  1,
  'fa51dc1c-37af-41f0-89b2-66cba44eba13',
  'Color it blue, it is prettier',
  false,
  NOW(),
  NOW()
) ON CONFLICT DO NOTHING; -- Skip if the option already exists

-- Insert option 3 for question 6
INSERT INTO payload.quiz_questions_options (
  id,
  _order,
  _parent_id,
  text,
  is_correct,
  created_at,
  updated_at
) VALUES (
  gen_random_uuid(),
  2,
  'fa51dc1c-37af-41f0-89b2-66cba44eba13',
  'Fill it up with text!',
  false,
  NOW(),
  NOW()
) ON CONFLICT DO NOTHING; -- Skip if the option already exists

-- Create relationship entry for the question to the quiz
INSERT INTO payload.quiz_questions_rels (
  id,
  _parent_id,
  field,
  value,
  created_at,
  updated_at
) VALUES (
  gen_random_uuid(),
  'fa51dc1c-37af-41f0-89b2-66cba44eba13',
  'quiz_id',
  '50b6b87a-bb92-4483-811c-d38b56d54de6',
  NOW(),
  NOW()
) ON CONFLICT DO NOTHING; -- Skip if the relationship already exists

-- Create bidirectional relationship entry for the quiz to the question
INSERT INTO payload.course_quizzes_rels (
  id,
  _parent_id,
  field,
  value,
  created_at,
  updated_at
) VALUES (
  gen_random_uuid(),
  '50b6b87a-bb92-4483-811c-d38b56d54de6',
  'questions',
  'fa51dc1c-37af-41f0-89b2-66cba44eba13',
  NOW(),
  NOW()
) ON CONFLICT DO NOTHING; -- Skip if the relationship already exists

-- Questions for quiz: Overview of Fact-based Persuasion Quiz (fact-persuasion-quiz, ID: 2461cd85-f877-49f9-ab53-daab8c8f25b1)
-- Insert question 1 for quiz: Overview of Fact-based Persuasion Quiz
INSERT INTO payload.quiz_questions (
  id,
  question,
  quiz_id,
  quiz_id_id, -- Duplicate field for compatibility
  type,
  explanation,
  "order",
  created_at,
  updated_at
) VALUES (
  '62b3bcc5-9942-4c69-a78c-cac911b1a0c6', -- Generated UUID for the question
  'What is the bare assertion fallacy?',
  '2461cd85-f877-49f9-ab53-daab8c8f25b1', -- Quiz ID
  '2461cd85-f877-49f9-ab53-daab8c8f25b1', -- Quiz ID (duplicate)
  'multi-answer',
  '',
  0,
  NOW(),
  NOW()
) ON CONFLICT (id) DO NOTHING; -- Skip if the question already exists

-- Insert option 1 for question 1
INSERT INTO payload.quiz_questions_options (
  id,
  _order,
  _parent_id,
  text,
  is_correct,
  created_at,
  updated_at
) VALUES (
  gen_random_uuid(),
  0,
  '62b3bcc5-9942-4c69-a78c-cac911b1a0c6',
  'A premise in an argument that is assumed to be true merely because it says that it is true',
  true,
  NOW(),
  NOW()
) ON CONFLICT DO NOTHING; -- Skip if the option already exists

-- Insert option 2 for question 1
INSERT INTO payload.quiz_questions_options (
  id,
  _order,
  _parent_id,
  text,
  is_correct,
  created_at,
  updated_at
) VALUES (
  gen_random_uuid(),
  1,
  '62b3bcc5-9942-4c69-a78c-cac911b1a0c6',
  'A Dan Brown novel',
  false,
  NOW(),
  NOW()
) ON CONFLICT DO NOTHING; -- Skip if the option already exists

-- Insert option 3 for question 1
INSERT INTO payload.quiz_questions_options (
  id,
  _order,
  _parent_id,
  text,
  is_correct,
  created_at,
  updated_at
) VALUES (
  gen_random_uuid(),
  2,
  '62b3bcc5-9942-4c69-a78c-cac911b1a0c6',
  'Claiming to be right because you say you are right',
  true,
  NOW(),
  NOW()
) ON CONFLICT DO NOTHING; -- Skip if the option already exists

-- Insert option 4 for question 1
INSERT INTO payload.quiz_questions_options (
  id,
  _order,
  _parent_id,
  text,
  is_correct,
  created_at,
  updated_at
) VALUES (
  gen_random_uuid(),
  3,
  '62b3bcc5-9942-4c69-a78c-cac911b1a0c6',
  'A dream where you are presenting naked',
  false,
  NOW(),
  NOW()
) ON CONFLICT DO NOTHING; -- Skip if the option already exists

-- Create relationship entry for the question to the quiz
INSERT INTO payload.quiz_questions_rels (
  id,
  _parent_id,
  field,
  value,
  created_at,
  updated_at
) VALUES (
  gen_random_uuid(),
  '62b3bcc5-9942-4c69-a78c-cac911b1a0c6',
  'quiz_id',
  '2461cd85-f877-49f9-ab53-daab8c8f25b1',
  NOW(),
  NOW()
) ON CONFLICT DO NOTHING; -- Skip if the relationship already exists

-- Create bidirectional relationship entry for the quiz to the question
INSERT INTO payload.course_quizzes_rels (
  id,
  _parent_id,
  field,
  value,
  created_at,
  updated_at
) VALUES (
  gen_random_uuid(),
  '2461cd85-f877-49f9-ab53-daab8c8f25b1',
  'questions',
  '62b3bcc5-9942-4c69-a78c-cac911b1a0c6',
  NOW(),
  NOW()
) ON CONFLICT DO NOTHING; -- Skip if the relationship already exists

-- Insert question 2 for quiz: Overview of Fact-based Persuasion Quiz
INSERT INTO payload.quiz_questions (
  id,
  question,
  quiz_id,
  quiz_id_id, -- Duplicate field for compatibility
  type,
  explanation,
  "order",
  created_at,
  updated_at
) VALUES (
  '64a66ea4-7839-410f-a192-5af73e28b506', -- Generated UUID for the question
  'What is graphical excellence?',
  '2461cd85-f877-49f9-ab53-daab8c8f25b1', -- Quiz ID
  '2461cd85-f877-49f9-ab53-daab8c8f25b1', -- Quiz ID (duplicate)
  'multi-answer',
  '',
  1,
  NOW(),
  NOW()
) ON CONFLICT (id) DO NOTHING; -- Skip if the question already exists

-- Insert option 1 for question 2
INSERT INTO payload.quiz_questions_options (
  id,
  _order,
  _parent_id,
  text,
  is_correct,
  created_at,
  updated_at
) VALUES (
  gen_random_uuid(),
  0,
  '64a66ea4-7839-410f-a192-5af73e28b506',
  'Beautiful',
  false,
  NOW(),
  NOW()
) ON CONFLICT DO NOTHING; -- Skip if the option already exists

-- Insert option 2 for question 2
INSERT INTO payload.quiz_questions_options (
  id,
  _order,
  _parent_id,
  text,
  is_correct,
  created_at,
  updated_at
) VALUES (
  gen_random_uuid(),
  1,
  '64a66ea4-7839-410f-a192-5af73e28b506',
  'Honest',
  true,
  NOW(),
  NOW()
) ON CONFLICT DO NOTHING; -- Skip if the option already exists

-- Insert option 3 for question 2
INSERT INTO payload.quiz_questions_options (
  id,
  _order,
  _parent_id,
  text,
  is_correct,
  created_at,
  updated_at
) VALUES (
  gen_random_uuid(),
  2,
  '64a66ea4-7839-410f-a192-5af73e28b506',
  'Multivariate',
  true,
  NOW(),
  NOW()
) ON CONFLICT DO NOTHING; -- Skip if the option already exists

-- Insert option 4 for question 2
INSERT INTO payload.quiz_questions_options (
  id,
  _order,
  _parent_id,
  text,
  is_correct,
  created_at,
  updated_at
) VALUES (
  gen_random_uuid(),
  3,
  '64a66ea4-7839-410f-a192-5af73e28b506',
  'Efficient',
  true,
  NOW(),
  NOW()
) ON CONFLICT DO NOTHING; -- Skip if the option already exists

-- Insert option 5 for question 2
INSERT INTO payload.quiz_questions_options (
  id,
  _order,
  _parent_id,
  text,
  is_correct,
  created_at,
  updated_at
) VALUES (
  gen_random_uuid(),
  4,
  '64a66ea4-7839-410f-a192-5af73e28b506',
  'Complicated',
  false,
  NOW(),
  NOW()
) ON CONFLICT DO NOTHING; -- Skip if the option already exists

-- Insert option 6 for question 2
INSERT INTO payload.quiz_questions_options (
  id,
  _order,
  _parent_id,
  text,
  is_correct,
  created_at,
  updated_at
) VALUES (
  gen_random_uuid(),
  5,
  '64a66ea4-7839-410f-a192-5af73e28b506',
  'Curved',
  false,
  NOW(),
  NOW()
) ON CONFLICT DO NOTHING; -- Skip if the option already exists

-- Create relationship entry for the question to the quiz
INSERT INTO payload.quiz_questions_rels (
  id,
  _parent_id,
  field,
  value,
  created_at,
  updated_at
) VALUES (
  gen_random_uuid(),
  '64a66ea4-7839-410f-a192-5af73e28b506',
  'quiz_id',
  '2461cd85-f877-49f9-ab53-daab8c8f25b1',
  NOW(),
  NOW()
) ON CONFLICT DO NOTHING; -- Skip if the relationship already exists

-- Create bidirectional relationship entry for the quiz to the question
INSERT INTO payload.course_quizzes_rels (
  id,
  _parent_id,
  field,
  value,
  created_at,
  updated_at
) VALUES (
  gen_random_uuid(),
  '2461cd85-f877-49f9-ab53-daab8c8f25b1',
  'questions',
  '64a66ea4-7839-410f-a192-5af73e28b506',
  NOW(),
  NOW()
) ON CONFLICT DO NOTHING; -- Skip if the relationship already exists

-- Questions for quiz: Gestalt Principles of Visual Perception Quiz (gestalt-principles-quiz, ID: 135545c9-fe92-453c-9e60-25f4c72509fe)
-- Insert question 1 for quiz: Gestalt Principles of Visual Perception Quiz
INSERT INTO payload.quiz_questions (
  id,
  question,
  quiz_id,
  quiz_id_id, -- Duplicate field for compatibility
  type,
  explanation,
  "order",
  created_at,
  updated_at
) VALUES (
  '8f6cce90-f4bf-48a4-83d9-52e4c3008cda', -- Generated UUID for the question
  'Why have we repeated the principle of proximity in this lesson and the previous lesson?',
  '135545c9-fe92-453c-9e60-25f4c72509fe', -- Quiz ID
  '135545c9-fe92-453c-9e60-25f4c72509fe', -- Quiz ID (duplicate)
  'single-answer',
  '',
  0,
  NOW(),
  NOW()
) ON CONFLICT (id) DO NOTHING; -- Skip if the question already exists

-- Insert option 1 for question 1
INSERT INTO payload.quiz_questions_options (
  id,
  _order,
  _parent_id,
  text,
  is_correct,
  created_at,
  updated_at
) VALUES (
  gen_random_uuid(),
  0,
  '8f6cce90-f4bf-48a4-83d9-52e4c3008cda',
  'Didn''t notice. The course is brilliant. Carry on!',
  true,
  NOW(),
  NOW()
) ON CONFLICT DO NOTHING; -- Skip if the option already exists

-- Insert option 2 for question 1
INSERT INTO payload.quiz_questions_options (
  id,
  _order,
  _parent_id,
  text,
  is_correct,
  created_at,
  updated_at
) VALUES (
  gen_random_uuid(),
  1,
  '8f6cce90-f4bf-48a4-83d9-52e4c3008cda',
  'Because repetition ad nauseum helps me learn?...',
  false,
  NOW(),
  NOW()
) ON CONFLICT DO NOTHING; -- Skip if the option already exists

-- Insert option 3 for question 1
INSERT INTO payload.quiz_questions_options (
  id,
  _order,
  _parent_id,
  text,
  is_correct,
  created_at,
  updated_at
) VALUES (
  gen_random_uuid(),
  2,
  '8f6cce90-f4bf-48a4-83d9-52e4c3008cda',
  'Yo lazy',
  false,
  NOW(),
  NOW()
) ON CONFLICT DO NOTHING; -- Skip if the option already exists

-- Create relationship entry for the question to the quiz
INSERT INTO payload.quiz_questions_rels (
  id,
  _parent_id,
  field,
  value,
  created_at,
  updated_at
) VALUES (
  gen_random_uuid(),
  '8f6cce90-f4bf-48a4-83d9-52e4c3008cda',
  'quiz_id',
  '135545c9-fe92-453c-9e60-25f4c72509fe',
  NOW(),
  NOW()
) ON CONFLICT DO NOTHING; -- Skip if the relationship already exists

-- Create bidirectional relationship entry for the quiz to the question
INSERT INTO payload.course_quizzes_rels (
  id,
  _parent_id,
  field,
  value,
  created_at,
  updated_at
) VALUES (
  gen_random_uuid(),
  '135545c9-fe92-453c-9e60-25f4c72509fe',
  'questions',
  '8f6cce90-f4bf-48a4-83d9-52e4c3008cda',
  NOW(),
  NOW()
) ON CONFLICT DO NOTHING; -- Skip if the relationship already exists

-- Insert question 2 for quiz: Gestalt Principles of Visual Perception Quiz
INSERT INTO payload.quiz_questions (
  id,
  question,
  quiz_id,
  quiz_id_id, -- Duplicate field for compatibility
  type,
  explanation,
  "order",
  created_at,
  updated_at
) VALUES (
  '51b43d33-72ba-413e-a362-6e6f4d4f830e', -- Generated UUID for the question
  'The principle of similarity states that we tend to group things which share visual characteristics such as:',
  '135545c9-fe92-453c-9e60-25f4c72509fe', -- Quiz ID
  '135545c9-fe92-453c-9e60-25f4c72509fe', -- Quiz ID (duplicate)
  'multi-answer',
  '',
  1,
  NOW(),
  NOW()
) ON CONFLICT (id) DO NOTHING; -- Skip if the question already exists

-- Insert option 1 for question 2
INSERT INTO payload.quiz_questions_options (
  id,
  _order,
  _parent_id,
  text,
  is_correct,
  created_at,
  updated_at
) VALUES (
  gen_random_uuid(),
  0,
  '51b43d33-72ba-413e-a362-6e6f4d4f830e',
  'Size',
  true,
  NOW(),
  NOW()
) ON CONFLICT DO NOTHING; -- Skip if the option already exists

-- Insert option 2 for question 2
INSERT INTO payload.quiz_questions_options (
  id,
  _order,
  _parent_id,
  text,
  is_correct,
  created_at,
  updated_at
) VALUES (
  gen_random_uuid(),
  1,
  '51b43d33-72ba-413e-a362-6e6f4d4f830e',
  'Shape',
  true,
  NOW(),
  NOW()
) ON CONFLICT DO NOTHING; -- Skip if the option already exists

-- Insert option 3 for question 2
INSERT INTO payload.quiz_questions_options (
  id,
  _order,
  _parent_id,
  text,
  is_correct,
  created_at,
  updated_at
) VALUES (
  gen_random_uuid(),
  2,
  '51b43d33-72ba-413e-a362-6e6f4d4f830e',
  'Color',
  true,
  NOW(),
  NOW()
) ON CONFLICT DO NOTHING; -- Skip if the option already exists

-- Insert option 4 for question 2
INSERT INTO payload.quiz_questions_options (
  id,
  _order,
  _parent_id,
  text,
  is_correct,
  created_at,
  updated_at
) VALUES (
  gen_random_uuid(),
  3,
  '51b43d33-72ba-413e-a362-6e6f4d4f830e',
  'Orientation',
  true,
  NOW(),
  NOW()
) ON CONFLICT DO NOTHING; -- Skip if the option already exists

-- Insert option 5 for question 2
INSERT INTO payload.quiz_questions_options (
  id,
  _order,
  _parent_id,
  text,
  is_correct,
  created_at,
  updated_at
) VALUES (
  gen_random_uuid(),
  4,
  '51b43d33-72ba-413e-a362-6e6f4d4f830e',
  'Sound',
  false,
  NOW(),
  NOW()
) ON CONFLICT DO NOTHING; -- Skip if the option already exists

-- Insert option 6 for question 2
INSERT INTO payload.quiz_questions_options (
  id,
  _order,
  _parent_id,
  text,
  is_correct,
  created_at,
  updated_at
) VALUES (
  gen_random_uuid(),
  5,
  '51b43d33-72ba-413e-a362-6e6f4d4f830e',
  'Length',
  false,
  NOW(),
  NOW()
) ON CONFLICT DO NOTHING; -- Skip if the option already exists

-- Insert option 7 for question 2
INSERT INTO payload.quiz_questions_options (
  id,
  _order,
  _parent_id,
  text,
  is_correct,
  created_at,
  updated_at
) VALUES (
  gen_random_uuid(),
  6,
  '51b43d33-72ba-413e-a362-6e6f4d4f830e',
  'Distance',
  false,
  NOW(),
  NOW()
) ON CONFLICT DO NOTHING; -- Skip if the option already exists

-- Create relationship entry for the question to the quiz
INSERT INTO payload.quiz_questions_rels (
  id,
  _parent_id,
  field,
  value,
  created_at,
  updated_at
) VALUES (
  gen_random_uuid(),
  '51b43d33-72ba-413e-a362-6e6f4d4f830e',
  'quiz_id',
  '135545c9-fe92-453c-9e60-25f4c72509fe',
  NOW(),
  NOW()
) ON CONFLICT DO NOTHING; -- Skip if the relationship already exists

-- Create bidirectional relationship entry for the quiz to the question
INSERT INTO payload.course_quizzes_rels (
  id,
  _parent_id,
  field,
  value,
  created_at,
  updated_at
) VALUES (
  gen_random_uuid(),
  '135545c9-fe92-453c-9e60-25f4c72509fe',
  'questions',
  '51b43d33-72ba-413e-a362-6e6f4d4f830e',
  NOW(),
  NOW()
) ON CONFLICT DO NOTHING; -- Skip if the relationship already exists

-- Insert question 3 for quiz: Gestalt Principles of Visual Perception Quiz
INSERT INTO payload.quiz_questions (
  id,
  question,
  quiz_id,
  quiz_id_id, -- Duplicate field for compatibility
  type,
  explanation,
  "order",
  created_at,
  updated_at
) VALUES (
  '16afa976-f131-48c5-8460-a43a997b7df1', -- Generated UUID for the question
  'What is symmetry associated with?',
  '135545c9-fe92-453c-9e60-25f4c72509fe', -- Quiz ID
  '135545c9-fe92-453c-9e60-25f4c72509fe', -- Quiz ID (duplicate)
  'multi-answer',
  '',
  2,
  NOW(),
  NOW()
) ON CONFLICT (id) DO NOTHING; -- Skip if the question already exists

-- Insert option 1 for question 3
INSERT INTO payload.quiz_questions_options (
  id,
  _order,
  _parent_id,
  text,
  is_correct,
  created_at,
  updated_at
) VALUES (
  gen_random_uuid(),
  0,
  '16afa976-f131-48c5-8460-a43a997b7df1',
  'Stability',
  true,
  NOW(),
  NOW()
) ON CONFLICT DO NOTHING; -- Skip if the option already exists

-- Insert option 2 for question 3
INSERT INTO payload.quiz_questions_options (
  id,
  _order,
  _parent_id,
  text,
  is_correct,
  created_at,
  updated_at
) VALUES (
  gen_random_uuid(),
  1,
  '16afa976-f131-48c5-8460-a43a997b7df1',
  'Consistency',
  true,
  NOW(),
  NOW()
) ON CONFLICT DO NOTHING; -- Skip if the option already exists

-- Insert option 3 for question 3
INSERT INTO payload.quiz_questions_options (
  id,
  _order,
  _parent_id,
  text,
  is_correct,
  created_at,
  updated_at
) VALUES (
  gen_random_uuid(),
  2,
  '16afa976-f131-48c5-8460-a43a997b7df1',
  'Structure',
  true,
  NOW(),
  NOW()
) ON CONFLICT DO NOTHING; -- Skip if the option already exists

-- Insert option 4 for question 3
INSERT INTO payload.quiz_questions_options (
  id,
  _order,
  _parent_id,
  text,
  is_correct,
  created_at,
  updated_at
) VALUES (
  gen_random_uuid(),
  3,
  '16afa976-f131-48c5-8460-a43a997b7df1',
  'Rhythm',
  false,
  NOW(),
  NOW()
) ON CONFLICT DO NOTHING; -- Skip if the option already exists

-- Insert option 5 for question 3
INSERT INTO payload.quiz_questions_options (
  id,
  _order,
  _parent_id,
  text,
  is_correct,
  created_at,
  updated_at
) VALUES (
  gen_random_uuid(),
  4,
  '16afa976-f131-48c5-8460-a43a997b7df1',
  'Twins',
  false,
  NOW(),
  NOW()
) ON CONFLICT DO NOTHING; -- Skip if the option already exists

-- Insert option 6 for question 3
INSERT INTO payload.quiz_questions_options (
  id,
  _order,
  _parent_id,
  text,
  is_correct,
  created_at,
  updated_at
) VALUES (
  gen_random_uuid(),
  5,
  '16afa976-f131-48c5-8460-a43a997b7df1',
  'Music',
  false,
  NOW(),
  NOW()
) ON CONFLICT DO NOTHING; -- Skip if the option already exists

-- Create relationship entry for the question to the quiz
INSERT INTO payload.quiz_questions_rels (
  id,
  _parent_id,
  field,
  value,
  created_at,
  updated_at
) VALUES (
  gen_random_uuid(),
  '16afa976-f131-48c5-8460-a43a997b7df1',
  'quiz_id',
  '135545c9-fe92-453c-9e60-25f4c72509fe',
  NOW(),
  NOW()
) ON CONFLICT DO NOTHING; -- Skip if the relationship already exists

-- Create bidirectional relationship entry for the quiz to the question
INSERT INTO payload.course_quizzes_rels (
  id,
  _parent_id,
  field,
  value,
  created_at,
  updated_at
) VALUES (
  gen_random_uuid(),
  '135545c9-fe92-453c-9e60-25f4c72509fe',
  'questions',
  '16afa976-f131-48c5-8460-a43a997b7df1',
  NOW(),
  NOW()
) ON CONFLICT DO NOTHING; -- Skip if the relationship already exists

-- Insert question 4 for quiz: Gestalt Principles of Visual Perception Quiz
INSERT INTO payload.quiz_questions (
  id,
  question,
  quiz_id,
  quiz_id_id, -- Duplicate field for compatibility
  type,
  explanation,
  "order",
  created_at,
  updated_at
) VALUES (
  'e38a95dc-5720-431d-81fb-b7427b2015c5', -- Generated UUID for the question
  'What does the principle of connection state?',
  '135545c9-fe92-453c-9e60-25f4c72509fe', -- Quiz ID
  '135545c9-fe92-453c-9e60-25f4c72509fe', -- Quiz ID (duplicate)
  'single-answer',
  '',
  3,
  NOW(),
  NOW()
) ON CONFLICT (id) DO NOTHING; -- Skip if the question already exists

-- Insert option 1 for question 4
INSERT INTO payload.quiz_questions_options (
  id,
  _order,
  _parent_id,
  text,
  is_correct,
  created_at,
  updated_at
) VALUES (
  gen_random_uuid(),
  0,
  'e38a95dc-5720-431d-81fb-b7427b2015c5',
  'Elements that are visually connected are perceived as more related than elements with no connection',
  true,
  NOW(),
  NOW()
) ON CONFLICT DO NOTHING; -- Skip if the option already exists

-- Insert option 2 for question 4
INSERT INTO payload.quiz_questions_options (
  id,
  _order,
  _parent_id,
  text,
  is_correct,
  created_at,
  updated_at
) VALUES (
  gen_random_uuid(),
  1,
  'e38a95dc-5720-431d-81fb-b7427b2015c5',
  'We need to connect our most important ideas',
  false,
  NOW(),
  NOW()
) ON CONFLICT DO NOTHING; -- Skip if the option already exists

-- Insert option 3 for question 4
INSERT INTO payload.quiz_questions_options (
  id,
  _order,
  _parent_id,
  text,
  is_correct,
  created_at,
  updated_at
) VALUES (
  gen_random_uuid(),
  2,
  'e38a95dc-5720-431d-81fb-b7427b2015c5',
  'I just can''t make no connection',
  false,
  NOW(),
  NOW()
) ON CONFLICT DO NOTHING; -- Skip if the option already exists

-- Create relationship entry for the question to the quiz
INSERT INTO payload.quiz_questions_rels (
  id,
  _parent_id,
  field,
  value,
  created_at,
  updated_at
) VALUES (
  gen_random_uuid(),
  'e38a95dc-5720-431d-81fb-b7427b2015c5',
  'quiz_id',
  '135545c9-fe92-453c-9e60-25f4c72509fe',
  NOW(),
  NOW()
) ON CONFLICT DO NOTHING; -- Skip if the relationship already exists

-- Create bidirectional relationship entry for the quiz to the question
INSERT INTO payload.course_quizzes_rels (
  id,
  _parent_id,
  field,
  value,
  created_at,
  updated_at
) VALUES (
  gen_random_uuid(),
  '135545c9-fe92-453c-9e60-25f4c72509fe',
  'questions',
  'e38a95dc-5720-431d-81fb-b7427b2015c5',
  NOW(),
  NOW()
) ON CONFLICT DO NOTHING; -- Skip if the relationship already exists

-- Questions for quiz: Idea Generation Quiz (idea-generation-quiz, ID: 75a70a13-f2e4-4b5c-9a1a-757ab2ef1cc7)
-- Insert question 1 for quiz: Idea Generation Quiz
INSERT INTO payload.quiz_questions (
  id,
  question,
  quiz_id,
  quiz_id_id, -- Duplicate field for compatibility
  type,
  explanation,
  "order",
  created_at,
  updated_at
) VALUES (
  '3e4bf54d-e39b-4163-a101-11e0f8ab61fb', -- Generated UUID for the question
  'What is the key to making brainstorming as effective as possible?',
  '75a70a13-f2e4-4b5c-9a1a-757ab2ef1cc7', -- Quiz ID
  '75a70a13-f2e4-4b5c-9a1a-757ab2ef1cc7', -- Quiz ID (duplicate)
  'single-answer',
  '',
  0,
  NOW(),
  NOW()
) ON CONFLICT (id) DO NOTHING; -- Skip if the question already exists

-- Insert option 1 for question 1
INSERT INTO payload.quiz_questions_options (
  id,
  _order,
  _parent_id,
  text,
  is_correct,
  created_at,
  updated_at
) VALUES (
  gen_random_uuid(),
  0,
  '3e4bf54d-e39b-4163-a101-11e0f8ab61fb',
  'Conduct brainstorming sessions early in the day',
  false,
  NOW(),
  NOW()
) ON CONFLICT DO NOTHING; -- Skip if the option already exists

-- Insert option 2 for question 1
INSERT INTO payload.quiz_questions_options (
  id,
  _order,
  _parent_id,
  text,
  is_correct,
  created_at,
  updated_at
) VALUES (
  gen_random_uuid(),
  1,
  '3e4bf54d-e39b-4163-a101-11e0f8ab61fb',
  'Eat lots of sugar',
  false,
  NOW(),
  NOW()
) ON CONFLICT DO NOTHING; -- Skip if the option already exists

-- Insert option 3 for question 1
INSERT INTO payload.quiz_questions_options (
  id,
  _order,
  _parent_id,
  text,
  is_correct,
  created_at,
  updated_at
) VALUES (
  gen_random_uuid(),
  2,
  '3e4bf54d-e39b-4163-a101-11e0f8ab61fb',
  'Don''t use brainstorming, it doesn''t work',
  false,
  NOW(),
  NOW()
) ON CONFLICT DO NOTHING; -- Skip if the option already exists

-- Insert option 4 for question 1
INSERT INTO payload.quiz_questions_options (
  id,
  _order,
  _parent_id,
  text,
  is_correct,
  created_at,
  updated_at
) VALUES (
  gen_random_uuid(),
  3,
  '3e4bf54d-e39b-4163-a101-11e0f8ab61fb',
  'Engage in debate and dissent',
  true,
  NOW(),
  NOW()
) ON CONFLICT DO NOTHING; -- Skip if the option already exists

-- Create relationship entry for the question to the quiz
INSERT INTO payload.quiz_questions_rels (
  id,
  _parent_id,
  field,
  value,
  created_at,
  updated_at
) VALUES (
  gen_random_uuid(),
  '3e4bf54d-e39b-4163-a101-11e0f8ab61fb',
  'quiz_id',
  '75a70a13-f2e4-4b5c-9a1a-757ab2ef1cc7',
  NOW(),
  NOW()
) ON CONFLICT DO NOTHING; -- Skip if the relationship already exists

-- Create bidirectional relationship entry for the quiz to the question
INSERT INTO payload.course_quizzes_rels (
  id,
  _parent_id,
  field,
  value,
  created_at,
  updated_at
) VALUES (
  gen_random_uuid(),
  '75a70a13-f2e4-4b5c-9a1a-757ab2ef1cc7',
  'questions',
  '3e4bf54d-e39b-4163-a101-11e0f8ab61fb',
  NOW(),
  NOW()
) ON CONFLICT DO NOTHING; -- Skip if the relationship already exists

-- Insert question 2 for quiz: Idea Generation Quiz
INSERT INTO payload.quiz_questions (
  id,
  question,
  quiz_id,
  quiz_id_id, -- Duplicate field for compatibility
  type,
  explanation,
  "order",
  created_at,
  updated_at
) VALUES (
  '1b2bfa3d-216f-4d18-96b6-1837ab0d98fb', -- Generated UUID for the question
  'What are our Cardinal Rules of brainstorming?',
  '75a70a13-f2e4-4b5c-9a1a-757ab2ef1cc7', -- Quiz ID
  '75a70a13-f2e4-4b5c-9a1a-757ab2ef1cc7', -- Quiz ID (duplicate)
  'multi-answer',
  '',
  1,
  NOW(),
  NOW()
) ON CONFLICT (id) DO NOTHING; -- Skip if the question already exists

-- Insert option 1 for question 2
INSERT INTO payload.quiz_questions_options (
  id,
  _order,
  _parent_id,
  text,
  is_correct,
  created_at,
  updated_at
) VALUES (
  gen_random_uuid(),
  0,
  '1b2bfa3d-216f-4d18-96b6-1837ab0d98fb',
  'Plan your participants',
  true,
  NOW(),
  NOW()
) ON CONFLICT DO NOTHING; -- Skip if the option already exists

-- Insert option 2 for question 2
INSERT INTO payload.quiz_questions_options (
  id,
  _order,
  _parent_id,
  text,
  is_correct,
  created_at,
  updated_at
) VALUES (
  gen_random_uuid(),
  1,
  '1b2bfa3d-216f-4d18-96b6-1837ab0d98fb',
  'Focus on ideas',
  true,
  NOW(),
  NOW()
) ON CONFLICT DO NOTHING; -- Skip if the option already exists

-- Insert option 3 for question 2
INSERT INTO payload.quiz_questions_options (
  id,
  _order,
  _parent_id,
  text,
  is_correct,
  created_at,
  updated_at
) VALUES (
  gen_random_uuid(),
  2,
  '1b2bfa3d-216f-4d18-96b6-1837ab0d98fb',
  'Structure the session',
  true,
  NOW(),
  NOW()
) ON CONFLICT DO NOTHING; -- Skip if the option already exists

-- Insert option 4 for question 2
INSERT INTO payload.quiz_questions_options (
  id,
  _order,
  _parent_id,
  text,
  is_correct,
  created_at,
  updated_at
) VALUES (
  gen_random_uuid(),
  3,
  '1b2bfa3d-216f-4d18-96b6-1837ab0d98fb',
  'Establish rules in advance',
  true,
  NOW(),
  NOW()
) ON CONFLICT DO NOTHING; -- Skip if the option already exists

-- Insert option 5 for question 2
INSERT INTO payload.quiz_questions_options (
  id,
  _order,
  _parent_id,
  text,
  is_correct,
  created_at,
  updated_at
) VALUES (
  gen_random_uuid(),
  4,
  '1b2bfa3d-216f-4d18-96b6-1837ab0d98fb',
  'Free associate',
  false,
  NOW(),
  NOW()
) ON CONFLICT DO NOTHING; -- Skip if the option already exists

-- Insert option 6 for question 2
INSERT INTO payload.quiz_questions_options (
  id,
  _order,
  _parent_id,
  text,
  is_correct,
  created_at,
  updated_at
) VALUES (
  gen_random_uuid(),
  5,
  '1b2bfa3d-216f-4d18-96b6-1837ab0d98fb',
  'Only invite the single people',
  false,
  NOW(),
  NOW()
) ON CONFLICT DO NOTHING; -- Skip if the option already exists

-- Insert option 7 for question 2
INSERT INTO payload.quiz_questions_options (
  id,
  _order,
  _parent_id,
  text,
  is_correct,
  created_at,
  updated_at
) VALUES (
  gen_random_uuid(),
  6,
  '1b2bfa3d-216f-4d18-96b6-1837ab0d98fb',
  'Focus on having fun',
  false,
  NOW(),
  NOW()
) ON CONFLICT DO NOTHING; -- Skip if the option already exists

-- Insert option 8 for question 2
INSERT INTO payload.quiz_questions_options (
  id,
  _order,
  _parent_id,
  text,
  is_correct,
  created_at,
  updated_at
) VALUES (
  gen_random_uuid(),
  7,
  '1b2bfa3d-216f-4d18-96b6-1837ab0d98fb',
  'Eat, drink, and be merry',
  false,
  NOW(),
  NOW()
) ON CONFLICT DO NOTHING; -- Skip if the option already exists

-- Insert option 9 for question 2
INSERT INTO payload.quiz_questions_options (
  id,
  _order,
  _parent_id,
  text,
  is_correct,
  created_at,
  updated_at
) VALUES (
  gen_random_uuid(),
  8,
  '1b2bfa3d-216f-4d18-96b6-1837ab0d98fb',
  'Conduct sessions on a Friday',
  false,
  NOW(),
  NOW()
) ON CONFLICT DO NOTHING; -- Skip if the option already exists

-- Create relationship entry for the question to the quiz
INSERT INTO payload.quiz_questions_rels (
  id,
  _parent_id,
  field,
  value,
  created_at,
  updated_at
) VALUES (
  gen_random_uuid(),
  '1b2bfa3d-216f-4d18-96b6-1837ab0d98fb',
  'quiz_id',
  '75a70a13-f2e4-4b5c-9a1a-757ab2ef1cc7',
  NOW(),
  NOW()
) ON CONFLICT DO NOTHING; -- Skip if the relationship already exists

-- Create bidirectional relationship entry for the quiz to the question
INSERT INTO payload.course_quizzes_rels (
  id,
  _parent_id,
  field,
  value,
  created_at,
  updated_at
) VALUES (
  gen_random_uuid(),
  '75a70a13-f2e4-4b5c-9a1a-757ab2ef1cc7',
  'questions',
  '1b2bfa3d-216f-4d18-96b6-1837ab0d98fb',
  NOW(),
  NOW()
) ON CONFLICT DO NOTHING; -- Skip if the relationship already exists

-- Insert question 3 for quiz: Idea Generation Quiz
INSERT INTO payload.quiz_questions (
  id,
  question,
  quiz_id,
  quiz_id_id, -- Duplicate field for compatibility
  type,
  explanation,
  "order",
  created_at,
  updated_at
) VALUES (
  '9174297e-a152-4504-a912-d597dc8dc47d', -- Generated UUID for the question
  'What was the golden rule talked about in this lesson?',
  '75a70a13-f2e4-4b5c-9a1a-757ab2ef1cc7', -- Quiz ID
  '75a70a13-f2e4-4b5c-9a1a-757ab2ef1cc7', -- Quiz ID (duplicate)
  'single-answer',
  '',
  2,
  NOW(),
  NOW()
) ON CONFLICT (id) DO NOTHING; -- Skip if the question already exists

-- Insert option 1 for question 3
INSERT INTO payload.quiz_questions_options (
  id,
  _order,
  _parent_id,
  text,
  is_correct,
  created_at,
  updated_at
) VALUES (
  gen_random_uuid(),
  0,
  '9174297e-a152-4504-a912-d597dc8dc47d',
  'Facts known by the audience go in the Introduction',
  false,
  NOW(),
  NOW()
) ON CONFLICT DO NOTHING; -- Skip if the option already exists

-- Insert option 2 for question 3
INSERT INTO payload.quiz_questions_options (
  id,
  _order,
  _parent_id,
  text,
  is_correct,
  created_at,
  updated_at
) VALUES (
  gen_random_uuid(),
  1,
  '9174297e-a152-4504-a912-d597dc8dc47d',
  'We are creating our presentation to answer a question in the mind of our audience',
  false,
  NOW(),
  NOW()
) ON CONFLICT DO NOTHING; -- Skip if the option already exists

-- Insert option 3 for question 3
INSERT INTO payload.quiz_questions_options (
  id,
  _order,
  _parent_id,
  text,
  is_correct,
  created_at,
  updated_at
) VALUES (
  gen_random_uuid(),
  2,
  '9174297e-a152-4504-a912-d597dc8dc47d',
  'Our audience is the hero',
  false,
  NOW(),
  NOW()
) ON CONFLICT DO NOTHING; -- Skip if the option already exists

-- Insert option 4 for question 3
INSERT INTO payload.quiz_questions_options (
  id,
  _order,
  _parent_id,
  text,
  is_correct,
  created_at,
  updated_at
) VALUES (
  gen_random_uuid(),
  3,
  '9174297e-a152-4504-a912-d597dc8dc47d',
  'Our objective is to compel our audience to do something',
  false,
  NOW(),
  NOW()
) ON CONFLICT DO NOTHING; -- Skip if the option already exists

-- Insert option 5 for question 3
INSERT INTO payload.quiz_questions_options (
  id,
  _order,
  _parent_id,
  text,
  is_correct,
  created_at,
  updated_at
) VALUES (
  gen_random_uuid(),
  4,
  '9174297e-a152-4504-a912-d597dc8dc47d',
  'Follow a process',
  false,
  NOW(),
  NOW()
) ON CONFLICT DO NOTHING; -- Skip if the option already exists

-- Insert option 6 for question 3
INSERT INTO payload.quiz_questions_options (
  id,
  _order,
  _parent_id,
  text,
  is_correct,
  created_at,
  updated_at
) VALUES (
  gen_random_uuid(),
  5,
  '9174297e-a152-4504-a912-d597dc8dc47d',
  'Create ideas first, slides second',
  true,
  NOW(),
  NOW()
) ON CONFLICT DO NOTHING; -- Skip if the option already exists

-- Create relationship entry for the question to the quiz
INSERT INTO payload.quiz_questions_rels (
  id,
  _parent_id,
  field,
  value,
  created_at,
  updated_at
) VALUES (
  gen_random_uuid(),
  '9174297e-a152-4504-a912-d597dc8dc47d',
  'quiz_id',
  '75a70a13-f2e4-4b5c-9a1a-757ab2ef1cc7',
  NOW(),
  NOW()
) ON CONFLICT DO NOTHING; -- Skip if the relationship already exists

-- Create bidirectional relationship entry for the quiz to the question
INSERT INTO payload.course_quizzes_rels (
  id,
  _parent_id,
  field,
  value,
  created_at,
  updated_at
) VALUES (
  gen_random_uuid(),
  '75a70a13-f2e4-4b5c-9a1a-757ab2ef1cc7',
  'questions',
  '9174297e-a152-4504-a912-d597dc8dc47d',
  NOW(),
  NOW()
) ON CONFLICT DO NOTHING; -- Skip if the relationship already exists

-- Questions for quiz: The Why (Introductions) Quiz (introductions-quiz, ID: 92014dd4-e161-4f1f-94b8-a2c54e25da90)
-- Insert question 1 for quiz: The Why (Introductions) Quiz
INSERT INTO payload.quiz_questions (
  id,
  question,
  quiz_id,
  quiz_id_id, -- Duplicate field for compatibility
  type,
  explanation,
  "order",
  created_at,
  updated_at
) VALUES (
  '0be7e475-46be-4977-93ba-ddcb68035a6a', -- Generated UUID for the question
  'Hypothetical example: We are in the finance department and are giving an update. What is the best way for us to frame our presentation?',
  '92014dd4-e161-4f1f-94b8-a2c54e25da90', -- Quiz ID
  '92014dd4-e161-4f1f-94b8-a2c54e25da90', -- Quiz ID (duplicate)
  'single-answer',
  '',
  0,
  NOW(),
  NOW()
) ON CONFLICT (id) DO NOTHING; -- Skip if the question already exists

-- Insert option 1 for question 1
INSERT INTO payload.quiz_questions_options (
  id,
  _order,
  _parent_id,
  text,
  is_correct,
  created_at,
  updated_at
) VALUES (
  gen_random_uuid(),
  0,
  '0be7e475-46be-4977-93ba-ddcb68035a6a',
  'Finance update',
  false,
  NOW(),
  NOW()
) ON CONFLICT DO NOTHING; -- Skip if the option already exists

-- Insert option 2 for question 1
INSERT INTO payload.quiz_questions_options (
  id,
  _order,
  _parent_id,
  text,
  is_correct,
  created_at,
  updated_at
) VALUES (
  gen_random_uuid(),
  1,
  '0be7e475-46be-4977-93ba-ddcb68035a6a',
  'Cost cutting recommendations',
  false,
  NOW(),
  NOW()
) ON CONFLICT DO NOTHING; -- Skip if the option already exists

-- Insert option 3 for question 1
INSERT INTO payload.quiz_questions_options (
  id,
  _order,
  _parent_id,
  text,
  is_correct,
  created_at,
  updated_at
) VALUES (
  gen_random_uuid(),
  2,
  '0be7e475-46be-4977-93ba-ddcb68035a6a',
  'Quarterly review',
  false,
  NOW(),
  NOW()
) ON CONFLICT DO NOTHING; -- Skip if the option already exists

-- Insert option 4 for question 1
INSERT INTO payload.quiz_questions_options (
  id,
  _order,
  _parent_id,
  text,
  is_correct,
  created_at,
  updated_at
) VALUES (
  gen_random_uuid(),
  3,
  '0be7e475-46be-4977-93ba-ddcb68035a6a',
  'How did we perform last quarter, and what do we need to do differently?',
  true,
  NOW(),
  NOW()
) ON CONFLICT DO NOTHING; -- Skip if the option already exists

-- Create relationship entry for the question to the quiz
INSERT INTO payload.quiz_questions_rels (
  id,
  _parent_id,
  field,
  value,
  created_at,
  updated_at
) VALUES (
  gen_random_uuid(),
  '0be7e475-46be-4977-93ba-ddcb68035a6a',
  'quiz_id',
  '92014dd4-e161-4f1f-94b8-a2c54e25da90',
  NOW(),
  NOW()
) ON CONFLICT DO NOTHING; -- Skip if the relationship already exists

-- Create bidirectional relationship entry for the quiz to the question
INSERT INTO payload.course_quizzes_rels (
  id,
  _parent_id,
  field,
  value,
  created_at,
  updated_at
) VALUES (
  gen_random_uuid(),
  '92014dd4-e161-4f1f-94b8-a2c54e25da90',
  'questions',
  '0be7e475-46be-4977-93ba-ddcb68035a6a',
  NOW(),
  NOW()
) ON CONFLICT DO NOTHING; -- Skip if the relationship already exists

-- Insert question 2 for quiz: The Why (Introductions) Quiz
INSERT INTO payload.quiz_questions (
  id,
  question,
  quiz_id,
  quiz_id_id, -- Duplicate field for compatibility
  type,
  explanation,
  "order",
  created_at,
  updated_at
) VALUES (
  '93a0606f-402c-4231-90e1-85ae40536266', -- Generated UUID for the question
  'Why are we creating our presentation?',
  '92014dd4-e161-4f1f-94b8-a2c54e25da90', -- Quiz ID
  '92014dd4-e161-4f1f-94b8-a2c54e25da90', -- Quiz ID (duplicate)
  'single-answer',
  '',
  1,
  NOW(),
  NOW()
) ON CONFLICT (id) DO NOTHING; -- Skip if the question already exists

-- Insert option 1 for question 2
INSERT INTO payload.quiz_questions_options (
  id,
  _order,
  _parent_id,
  text,
  is_correct,
  created_at,
  updated_at
) VALUES (
  gen_random_uuid(),
  0,
  '93a0606f-402c-4231-90e1-85ae40536266',
  'To sell our product to a customer',
  false,
  NOW(),
  NOW()
) ON CONFLICT DO NOTHING; -- Skip if the option already exists

-- Insert option 2 for question 2
INSERT INTO payload.quiz_questions_options (
  id,
  _order,
  _parent_id,
  text,
  is_correct,
  created_at,
  updated_at
) VALUES (
  gen_random_uuid(),
  1,
  '93a0606f-402c-4231-90e1-85ae40536266',
  'To answer a question in the mind of our audience',
  true,
  NOW(),
  NOW()
) ON CONFLICT DO NOTHING; -- Skip if the option already exists

-- Insert option 3 for question 2
INSERT INTO payload.quiz_questions_options (
  id,
  _order,
  _parent_id,
  text,
  is_correct,
  created_at,
  updated_at
) VALUES (
  gen_random_uuid(),
  2,
  '93a0606f-402c-4231-90e1-85ae40536266',
  'To practice our PowerPoint skills',
  false,
  NOW(),
  NOW()
) ON CONFLICT DO NOTHING; -- Skip if the option already exists

-- Insert option 4 for question 2
INSERT INTO payload.quiz_questions_options (
  id,
  _order,
  _parent_id,
  text,
  is_correct,
  created_at,
  updated_at
) VALUES (
  gen_random_uuid(),
  3,
  '93a0606f-402c-4231-90e1-85ae40536266',
  'To raise money for our start-up',
  false,
  NOW(),
  NOW()
) ON CONFLICT DO NOTHING; -- Skip if the option already exists

-- Insert option 5 for question 2
INSERT INTO payload.quiz_questions_options (
  id,
  _order,
  _parent_id,
  text,
  is_correct,
  created_at,
  updated_at
) VALUES (
  gen_random_uuid(),
  4,
  '93a0606f-402c-4231-90e1-85ae40536266',
  'Becuase we have been asked to by our boss',
  false,
  NOW(),
  NOW()
) ON CONFLICT DO NOTHING; -- Skip if the option already exists

-- Create relationship entry for the question to the quiz
INSERT INTO payload.quiz_questions_rels (
  id,
  _parent_id,
  field,
  value,
  created_at,
  updated_at
) VALUES (
  gen_random_uuid(),
  '93a0606f-402c-4231-90e1-85ae40536266',
  'quiz_id',
  '92014dd4-e161-4f1f-94b8-a2c54e25da90',
  NOW(),
  NOW()
) ON CONFLICT DO NOTHING; -- Skip if the relationship already exists

-- Create bidirectional relationship entry for the quiz to the question
INSERT INTO payload.course_quizzes_rels (
  id,
  _parent_id,
  field,
  value,
  created_at,
  updated_at
) VALUES (
  gen_random_uuid(),
  '92014dd4-e161-4f1f-94b8-a2c54e25da90',
  'questions',
  '93a0606f-402c-4231-90e1-85ae40536266',
  NOW(),
  NOW()
) ON CONFLICT DO NOTHING; -- Skip if the relationship already exists

-- Insert question 3 for quiz: The Why (Introductions) Quiz
INSERT INTO payload.quiz_questions (
  id,
  question,
  quiz_id,
  quiz_id_id, -- Duplicate field for compatibility
  type,
  explanation,
  "order",
  created_at,
  updated_at
) VALUES (
  'a23fe7fd-c434-428e-be58-cc698ad803a6', -- Generated UUID for the question
  'What are they four parts to our introduction?',
  '92014dd4-e161-4f1f-94b8-a2c54e25da90', -- Quiz ID
  '92014dd4-e161-4f1f-94b8-a2c54e25da90', -- Quiz ID (duplicate)
  'multi-answer',
  '',
  2,
  NOW(),
  NOW()
) ON CONFLICT (id) DO NOTHING; -- Skip if the question already exists

-- Insert option 1 for question 3
INSERT INTO payload.quiz_questions_options (
  id,
  _order,
  _parent_id,
  text,
  is_correct,
  created_at,
  updated_at
) VALUES (
  gen_random_uuid(),
  0,
  'a23fe7fd-c434-428e-be58-cc698ad803a6',
  'Context',
  true,
  NOW(),
  NOW()
) ON CONFLICT DO NOTHING; -- Skip if the option already exists

-- Insert option 2 for question 3
INSERT INTO payload.quiz_questions_options (
  id,
  _order,
  _parent_id,
  text,
  is_correct,
  created_at,
  updated_at
) VALUES (
  gen_random_uuid(),
  1,
  'a23fe7fd-c434-428e-be58-cc698ad803a6',
  'Catalyst',
  true,
  NOW(),
  NOW()
) ON CONFLICT DO NOTHING; -- Skip if the option already exists

-- Insert option 3 for question 3
INSERT INTO payload.quiz_questions_options (
  id,
  _order,
  _parent_id,
  text,
  is_correct,
  created_at,
  updated_at
) VALUES (
  gen_random_uuid(),
  2,
  'a23fe7fd-c434-428e-be58-cc698ad803a6',
  'Beginning',
  false,
  NOW(),
  NOW()
) ON CONFLICT DO NOTHING; -- Skip if the option already exists

-- Insert option 4 for question 3
INSERT INTO payload.quiz_questions_options (
  id,
  _order,
  _parent_id,
  text,
  is_correct,
  created_at,
  updated_at
) VALUES (
  gen_random_uuid(),
  3,
  'a23fe7fd-c434-428e-be58-cc698ad803a6',
  'End',
  false,
  NOW(),
  NOW()
) ON CONFLICT DO NOTHING; -- Skip if the option already exists

-- Insert option 5 for question 3
INSERT INTO payload.quiz_questions_options (
  id,
  _order,
  _parent_id,
  text,
  is_correct,
  created_at,
  updated_at
) VALUES (
  gen_random_uuid(),
  4,
  'a23fe7fd-c434-428e-be58-cc698ad803a6',
  'Middle',
  false,
  NOW(),
  NOW()
) ON CONFLICT DO NOTHING; -- Skip if the option already exists

-- Insert option 6 for question 3
INSERT INTO payload.quiz_questions_options (
  id,
  _order,
  _parent_id,
  text,
  is_correct,
  created_at,
  updated_at
) VALUES (
  gen_random_uuid(),
  5,
  'a23fe7fd-c434-428e-be58-cc698ad803a6',
  'The Why',
  false,
  NOW(),
  NOW()
) ON CONFLICT DO NOTHING; -- Skip if the option already exists

-- Insert option 7 for question 3
INSERT INTO payload.quiz_questions_options (
  id,
  _order,
  _parent_id,
  text,
  is_correct,
  created_at,
  updated_at
) VALUES (
  gen_random_uuid(),
  6,
  'a23fe7fd-c434-428e-be58-cc698ad803a6',
  'Answer',
  true,
  NOW(),
  NOW()
) ON CONFLICT DO NOTHING; -- Skip if the option already exists

-- Insert option 8 for question 3
INSERT INTO payload.quiz_questions_options (
  id,
  _order,
  _parent_id,
  text,
  is_correct,
  created_at,
  updated_at
) VALUES (
  gen_random_uuid(),
  7,
  'a23fe7fd-c434-428e-be58-cc698ad803a6',
  'Question',
  true,
  NOW(),
  NOW()
) ON CONFLICT DO NOTHING; -- Skip if the option already exists

-- Create relationship entry for the question to the quiz
INSERT INTO payload.quiz_questions_rels (
  id,
  _parent_id,
  field,
  value,
  created_at,
  updated_at
) VALUES (
  gen_random_uuid(),
  'a23fe7fd-c434-428e-be58-cc698ad803a6',
  'quiz_id',
  '92014dd4-e161-4f1f-94b8-a2c54e25da90',
  NOW(),
  NOW()
) ON CONFLICT DO NOTHING; -- Skip if the relationship already exists

-- Create bidirectional relationship entry for the quiz to the question
INSERT INTO payload.course_quizzes_rels (
  id,
  _parent_id,
  field,
  value,
  created_at,
  updated_at
) VALUES (
  gen_random_uuid(),
  '92014dd4-e161-4f1f-94b8-a2c54e25da90',
  'questions',
  'a23fe7fd-c434-428e-be58-cc698ad803a6',
  NOW(),
  NOW()
) ON CONFLICT DO NOTHING; -- Skip if the relationship already exists

-- Insert question 4 for quiz: The Why (Introductions) Quiz
INSERT INTO payload.quiz_questions (
  id,
  question,
  quiz_id,
  quiz_id_id, -- Duplicate field for compatibility
  type,
  explanation,
  "order",
  created_at,
  updated_at
) VALUES (
  'd53dfa1f-47f4-4ba7-95b0-a2c6f96ca1d9', -- Generated UUID for the question
  'What is the Context part of the Introduction?',
  '92014dd4-e161-4f1f-94b8-a2c54e25da90', -- Quiz ID
  '92014dd4-e161-4f1f-94b8-a2c54e25da90', -- Quiz ID (duplicate)
  'single-answer',
  '',
  3,
  NOW(),
  NOW()
) ON CONFLICT (id) DO NOTHING; -- Skip if the question already exists

-- Insert option 1 for question 4
INSERT INTO payload.quiz_questions_options (
  id,
  _order,
  _parent_id,
  text,
  is_correct,
  created_at,
  updated_at
) VALUES (
  gen_random_uuid(),
  0,
  'd53dfa1f-47f4-4ba7-95b0-a2c6f96ca1d9',
  'The objective of the presentation',
  false,
  NOW(),
  NOW()
) ON CONFLICT DO NOTHING; -- Skip if the option already exists

-- Insert option 2 for question 4
INSERT INTO payload.quiz_questions_options (
  id,
  _order,
  _parent_id,
  text,
  is_correct,
  created_at,
  updated_at
) VALUES (
  gen_random_uuid(),
  1,
  'd53dfa1f-47f4-4ba7-95b0-a2c6f96ca1d9',
  'The background to the presentation that includes facts already known to your audience',
  true,
  NOW(),
  NOW()
) ON CONFLICT DO NOTHING; -- Skip if the option already exists

-- Insert option 3 for question 4
INSERT INTO payload.quiz_questions_options (
  id,
  _order,
  _parent_id,
  text,
  is_correct,
  created_at,
  updated_at
) VALUES (
  gen_random_uuid(),
  2,
  'd53dfa1f-47f4-4ba7-95b0-a2c6f96ca1d9',
  'The answer to the question',
  false,
  NOW(),
  NOW()
) ON CONFLICT DO NOTHING; -- Skip if the option already exists

-- Create relationship entry for the question to the quiz
INSERT INTO payload.quiz_questions_rels (
  id,
  _parent_id,
  field,
  value,
  created_at,
  updated_at
) VALUES (
  gen_random_uuid(),
  'd53dfa1f-47f4-4ba7-95b0-a2c6f96ca1d9',
  'quiz_id',
  '92014dd4-e161-4f1f-94b8-a2c54e25da90',
  NOW(),
  NOW()
) ON CONFLICT DO NOTHING; -- Skip if the relationship already exists

-- Create bidirectional relationship entry for the quiz to the question
INSERT INTO payload.course_quizzes_rels (
  id,
  _parent_id,
  field,
  value,
  created_at,
  updated_at
) VALUES (
  gen_random_uuid(),
  '92014dd4-e161-4f1f-94b8-a2c54e25da90',
  'questions',
  'd53dfa1f-47f4-4ba7-95b0-a2c6f96ca1d9',
  NOW(),
  NOW()
) ON CONFLICT DO NOTHING; -- Skip if the relationship already exists

-- Insert question 5 for quiz: The Why (Introductions) Quiz
INSERT INTO payload.quiz_questions (
  id,
  question,
  quiz_id,
  quiz_id_id, -- Duplicate field for compatibility
  type,
  explanation,
  "order",
  created_at,
  updated_at
) VALUES (
  '1a30b33c-8c88-46cf-96f7-63ff8a2d7a56', -- Generated UUID for the question
  'What is the Catalyst portion of the Introduction?',
  '92014dd4-e161-4f1f-94b8-a2c54e25da90', -- Quiz ID
  '92014dd4-e161-4f1f-94b8-a2c54e25da90', -- Quiz ID (duplicate)
  'multi-answer',
  '',
  4,
  NOW(),
  NOW()
) ON CONFLICT (id) DO NOTHING; -- Skip if the question already exists

-- Insert option 1 for question 5
INSERT INTO payload.quiz_questions_options (
  id,
  _order,
  _parent_id,
  text,
  is_correct,
  created_at,
  updated_at
) VALUES (
  gen_random_uuid(),
  0,
  '1a30b33c-8c88-46cf-96f7-63ff8a2d7a56',
  'An event or trigger, sometimes referred to as the complication',
  true,
  NOW(),
  NOW()
) ON CONFLICT DO NOTHING; -- Skip if the option already exists

-- Insert option 2 for question 5
INSERT INTO payload.quiz_questions_options (
  id,
  _order,
  _parent_id,
  text,
  is_correct,
  created_at,
  updated_at
) VALUES (
  gen_random_uuid(),
  1,
  '1a30b33c-8c88-46cf-96f7-63ff8a2d7a56',
  'The techniques that speed-up the development of a presentation',
  false,
  NOW(),
  NOW()
) ON CONFLICT DO NOTHING; -- Skip if the option already exists

-- Insert option 3 for question 5
INSERT INTO payload.quiz_questions_options (
  id,
  _order,
  _parent_id,
  text,
  is_correct,
  created_at,
  updated_at
) VALUES (
  gen_random_uuid(),
  2,
  '1a30b33c-8c88-46cf-96f7-63ff8a2d7a56',
  'A leading presentation development platform',
  false,
  NOW(),
  NOW()
) ON CONFLICT DO NOTHING; -- Skip if the option already exists

-- Insert option 4 for question 5
INSERT INTO payload.quiz_questions_options (
  id,
  _order,
  _parent_id,
  text,
  is_correct,
  created_at,
  updated_at
) VALUES (
  gen_random_uuid(),
  3,
  '1a30b33c-8c88-46cf-96f7-63ff8a2d7a56',
  'What happened or changed that created the need for you to write this presentation',
  true,
  NOW(),
  NOW()
) ON CONFLICT DO NOTHING; -- Skip if the option already exists

-- Create relationship entry for the question to the quiz
INSERT INTO payload.quiz_questions_rels (
  id,
  _parent_id,
  field,
  value,
  created_at,
  updated_at
) VALUES (
  gen_random_uuid(),
  '1a30b33c-8c88-46cf-96f7-63ff8a2d7a56',
  'quiz_id',
  '92014dd4-e161-4f1f-94b8-a2c54e25da90',
  NOW(),
  NOW()
) ON CONFLICT DO NOTHING; -- Skip if the relationship already exists

-- Create bidirectional relationship entry for the quiz to the question
INSERT INTO payload.course_quizzes_rels (
  id,
  _parent_id,
  field,
  value,
  created_at,
  updated_at
) VALUES (
  gen_random_uuid(),
  '92014dd4-e161-4f1f-94b8-a2c54e25da90',
  'questions',
  '1a30b33c-8c88-46cf-96f7-63ff8a2d7a56',
  NOW(),
  NOW()
) ON CONFLICT DO NOTHING; -- Skip if the relationship already exists

-- Insert question 6 for quiz: The Why (Introductions) Quiz
INSERT INTO payload.quiz_questions (
  id,
  question,
  quiz_id,
  quiz_id_id, -- Duplicate field for compatibility
  type,
  explanation,
  "order",
  created_at,
  updated_at
) VALUES (
  'd0aca047-54bd-482f-901d-8beab5684bcc', -- Generated UUID for the question
  'What is the Question portion of the Introduction?',
  '92014dd4-e161-4f1f-94b8-a2c54e25da90', -- Quiz ID
  '92014dd4-e161-4f1f-94b8-a2c54e25da90', -- Quiz ID (duplicate)
  'multi-answer',
  '',
  5,
  NOW(),
  NOW()
) ON CONFLICT (id) DO NOTHING; -- Skip if the question already exists

-- Insert option 1 for question 6
INSERT INTO payload.quiz_questions_options (
  id,
  _order,
  _parent_id,
  text,
  is_correct,
  created_at,
  updated_at
) VALUES (
  gen_random_uuid(),
  0,
  'd0aca047-54bd-482f-901d-8beab5684bcc',
  'What we are trying to plant in the mind of the audience with the context and catalyst portions of the Introduction',
  true,
  NOW(),
  NOW()
) ON CONFLICT DO NOTHING; -- Skip if the option already exists

-- Insert option 2 for question 6
INSERT INTO payload.quiz_questions_options (
  id,
  _order,
  _parent_id,
  text,
  is_correct,
  created_at,
  updated_at
) VALUES (
  gen_random_uuid(),
  1,
  'd0aca047-54bd-482f-901d-8beab5684bcc',
  'The natural question that arises in the mind of the audience',
  true,
  NOW(),
  NOW()
) ON CONFLICT DO NOTHING; -- Skip if the option already exists

-- Insert option 3 for question 6
INSERT INTO payload.quiz_questions_options (
  id,
  _order,
  _parent_id,
  text,
  is_correct,
  created_at,
  updated_at
) VALUES (
  gen_random_uuid(),
  2,
  'd0aca047-54bd-482f-901d-8beab5684bcc',
  'The ''topic'' of the presentation',
  true,
  NOW(),
  NOW()
) ON CONFLICT DO NOTHING; -- Skip if the option already exists

-- Create relationship entry for the question to the quiz
INSERT INTO payload.quiz_questions_rels (
  id,
  _parent_id,
  field,
  value,
  created_at,
  updated_at
) VALUES (
  gen_random_uuid(),
  'd0aca047-54bd-482f-901d-8beab5684bcc',
  'quiz_id',
  '92014dd4-e161-4f1f-94b8-a2c54e25da90',
  NOW(),
  NOW()
) ON CONFLICT DO NOTHING; -- Skip if the relationship already exists

-- Create bidirectional relationship entry for the quiz to the question
INSERT INTO payload.course_quizzes_rels (
  id,
  _parent_id,
  field,
  value,
  created_at,
  updated_at
) VALUES (
  gen_random_uuid(),
  '92014dd4-e161-4f1f-94b8-a2c54e25da90',
  'questions',
  'd0aca047-54bd-482f-901d-8beab5684bcc',
  NOW(),
  NOW()
) ON CONFLICT DO NOTHING; -- Skip if the relationship already exists

-- Questions for quiz: Our Process Quiz (our-process-quiz, ID: 9cfa29a8-9c66-4b08-8b2c-593473ddaa8b)
-- Insert question 1 for quiz: Our Process Quiz
INSERT INTO payload.quiz_questions (
  id,
  question,
  quiz_id,
  quiz_id_id, -- Duplicate field for compatibility
  type,
  explanation,
  "order",
  created_at,
  updated_at
) VALUES (
  'eea4601d-f527-4033-b4eb-09fc12f1b686', -- Generated UUID for the question
  'Why is it important to follow a process to develop a presentation?',
  '9cfa29a8-9c66-4b08-8b2c-593473ddaa8b', -- Quiz ID
  '9cfa29a8-9c66-4b08-8b2c-593473ddaa8b', -- Quiz ID (duplicate)
  'single-answer',
  '',
  0,
  NOW(),
  NOW()
) ON CONFLICT (id) DO NOTHING; -- Skip if the question already exists

-- Insert option 1 for question 1
INSERT INTO payload.quiz_questions_options (
  id,
  _order,
  _parent_id,
  text,
  is_correct,
  created_at,
  updated_at
) VALUES (
  gen_random_uuid(),
  0,
  'eea4601d-f527-4033-b4eb-09fc12f1b686',
  'If you are really good, you don''t need to follow a process!',
  false,
  NOW(),
  NOW()
) ON CONFLICT DO NOTHING; -- Skip if the option already exists

-- Insert option 2 for question 1
INSERT INTO payload.quiz_questions_options (
  id,
  _order,
  _parent_id,
  text,
  is_correct,
  created_at,
  updated_at
) VALUES (
  gen_random_uuid(),
  1,
  'eea4601d-f527-4033-b4eb-09fc12f1b686',
  'Because creating presentations is all about left brain thinking',
  false,
  NOW(),
  NOW()
) ON CONFLICT DO NOTHING; -- Skip if the option already exists

-- Insert option 3 for question 1
INSERT INTO payload.quiz_questions_options (
  id,
  _order,
  _parent_id,
  text,
  is_correct,
  created_at,
  updated_at
) VALUES (
  gen_random_uuid(),
  2,
  'eea4601d-f527-4033-b4eb-09fc12f1b686',
  'Because there is not such thing as creativity',
  false,
  NOW(),
  NOW()
) ON CONFLICT DO NOTHING; -- Skip if the option already exists

-- Insert option 4 for question 1
INSERT INTO payload.quiz_questions_options (
  id,
  _order,
  _parent_id,
  text,
  is_correct,
  created_at,
  updated_at
) VALUES (
  gen_random_uuid(),
  3,
  'eea4601d-f527-4033-b4eb-09fc12f1b686',
  'Because it is very easy to focus on the wrong thing, and be led astray',
  true,
  NOW(),
  NOW()
) ON CONFLICT DO NOTHING; -- Skip if the option already exists

-- Create relationship entry for the question to the quiz
INSERT INTO payload.quiz_questions_rels (
  id,
  _parent_id,
  field,
  value,
  created_at,
  updated_at
) VALUES (
  gen_random_uuid(),
  'eea4601d-f527-4033-b4eb-09fc12f1b686',
  'quiz_id',
  '9cfa29a8-9c66-4b08-8b2c-593473ddaa8b',
  NOW(),
  NOW()
) ON CONFLICT DO NOTHING; -- Skip if the relationship already exists

-- Create bidirectional relationship entry for the quiz to the question
INSERT INTO payload.course_quizzes_rels (
  id,
  _parent_id,
  field,
  value,
  created_at,
  updated_at
) VALUES (
  gen_random_uuid(),
  '9cfa29a8-9c66-4b08-8b2c-593473ddaa8b',
  'questions',
  'eea4601d-f527-4033-b4eb-09fc12f1b686',
  NOW(),
  NOW()
) ON CONFLICT DO NOTHING; -- Skip if the relationship already exists

-- Insert question 2 for quiz: Our Process Quiz
INSERT INTO payload.quiz_questions (
  id,
  question,
  quiz_id,
  quiz_id_id, -- Duplicate field for compatibility
  type,
  explanation,
  "order",
  created_at,
  updated_at
) VALUES (
  '9bf476c9-b7da-42ac-8d2b-0a422db9c413', -- Generated UUID for the question
  'What is the 1st step of our process?',
  '9cfa29a8-9c66-4b08-8b2c-593473ddaa8b', -- Quiz ID
  '9cfa29a8-9c66-4b08-8b2c-593473ddaa8b', -- Quiz ID (duplicate)
  'single-answer',
  '',
  1,
  NOW(),
  NOW()
) ON CONFLICT (id) DO NOTHING; -- Skip if the question already exists

-- Insert option 1 for question 2
INSERT INTO payload.quiz_questions_options (
  id,
  _order,
  _parent_id,
  text,
  is_correct,
  created_at,
  updated_at
) VALUES (
  gen_random_uuid(),
  0,
  '9bf476c9-b7da-42ac-8d2b-0a422db9c413',
  'Who is our audience?',
  true,
  NOW(),
  NOW()
) ON CONFLICT DO NOTHING; -- Skip if the option already exists

-- Insert option 2 for question 2
INSERT INTO payload.quiz_questions_options (
  id,
  _order,
  _parent_id,
  text,
  is_correct,
  created_at,
  updated_at
) VALUES (
  gen_random_uuid(),
  1,
  '9bf476c9-b7da-42ac-8d2b-0a422db9c413',
  'Why are we speaking to our audience (identify their question)?',
  false,
  NOW(),
  NOW()
) ON CONFLICT DO NOTHING; -- Skip if the option already exists

-- Insert option 3 for question 2
INSERT INTO payload.quiz_questions_options (
  id,
  _order,
  _parent_id,
  text,
  is_correct,
  created_at,
  updated_at
) VALUES (
  gen_random_uuid(),
  2,
  '9bf476c9-b7da-42ac-8d2b-0a422db9c413',
  'What is our answer?',
  false,
  NOW(),
  NOW()
) ON CONFLICT DO NOTHING; -- Skip if the option already exists

-- Insert option 4 for question 2
INSERT INTO payload.quiz_questions_options (
  id,
  _order,
  _parent_id,
  text,
  is_correct,
  created_at,
  updated_at
) VALUES (
  gen_random_uuid(),
  3,
  '9bf476c9-b7da-42ac-8d2b-0a422db9c413',
  'How will we deliver this presentation?',
  false,
  NOW(),
  NOW()
) ON CONFLICT DO NOTHING; -- Skip if the option already exists

-- Create relationship entry for the question to the quiz
INSERT INTO payload.quiz_questions_rels (
  id,
  _parent_id,
  field,
  value,
  created_at,
  updated_at
) VALUES (
  gen_random_uuid(),
  '9bf476c9-b7da-42ac-8d2b-0a422db9c413',
  'quiz_id',
  '9cfa29a8-9c66-4b08-8b2c-593473ddaa8b',
  NOW(),
  NOW()
) ON CONFLICT DO NOTHING; -- Skip if the relationship already exists

-- Create bidirectional relationship entry for the quiz to the question
INSERT INTO payload.course_quizzes_rels (
  id,
  _parent_id,
  field,
  value,
  created_at,
  updated_at
) VALUES (
  gen_random_uuid(),
  '9cfa29a8-9c66-4b08-8b2c-593473ddaa8b',
  'questions',
  '9bf476c9-b7da-42ac-8d2b-0a422db9c413',
  NOW(),
  NOW()
) ON CONFLICT DO NOTHING; -- Skip if the relationship already exists

-- Insert question 3 for quiz: Our Process Quiz
INSERT INTO payload.quiz_questions (
  id,
  question,
  quiz_id,
  quiz_id_id, -- Duplicate field for compatibility
  type,
  explanation,
  "order",
  created_at,
  updated_at
) VALUES (
  'e0278cf4-ac48-4253-b9c7-4696178d614a', -- Generated UUID for the question
  'What is the 2nd step of our process?',
  '9cfa29a8-9c66-4b08-8b2c-593473ddaa8b', -- Quiz ID
  '9cfa29a8-9c66-4b08-8b2c-593473ddaa8b', -- Quiz ID (duplicate)
  'single-answer',
  '',
  2,
  NOW(),
  NOW()
) ON CONFLICT (id) DO NOTHING; -- Skip if the question already exists

-- Insert option 1 for question 3
INSERT INTO payload.quiz_questions_options (
  id,
  _order,
  _parent_id,
  text,
  is_correct,
  created_at,
  updated_at
) VALUES (
  gen_random_uuid(),
  0,
  'e0278cf4-ac48-4253-b9c7-4696178d614a',
  'Who is our audience?',
  false,
  NOW(),
  NOW()
) ON CONFLICT DO NOTHING; -- Skip if the option already exists

-- Insert option 2 for question 3
INSERT INTO payload.quiz_questions_options (
  id,
  _order,
  _parent_id,
  text,
  is_correct,
  created_at,
  updated_at
) VALUES (
  gen_random_uuid(),
  1,
  'e0278cf4-ac48-4253-b9c7-4696178d614a',
  'Why are we speaking to our audience (identify their question)?',
  true,
  NOW(),
  NOW()
) ON CONFLICT DO NOTHING; -- Skip if the option already exists

-- Insert option 3 for question 3
INSERT INTO payload.quiz_questions_options (
  id,
  _order,
  _parent_id,
  text,
  is_correct,
  created_at,
  updated_at
) VALUES (
  gen_random_uuid(),
  2,
  'e0278cf4-ac48-4253-b9c7-4696178d614a',
  'What is our answer?',
  false,
  NOW(),
  NOW()
) ON CONFLICT DO NOTHING; -- Skip if the option already exists

-- Insert option 4 for question 3
INSERT INTO payload.quiz_questions_options (
  id,
  _order,
  _parent_id,
  text,
  is_correct,
  created_at,
  updated_at
) VALUES (
  gen_random_uuid(),
  3,
  'e0278cf4-ac48-4253-b9c7-4696178d614a',
  'How will we deliver this presentation?',
  false,
  NOW(),
  NOW()
) ON CONFLICT DO NOTHING; -- Skip if the option already exists

-- Create relationship entry for the question to the quiz
INSERT INTO payload.quiz_questions_rels (
  id,
  _parent_id,
  field,
  value,
  created_at,
  updated_at
) VALUES (
  gen_random_uuid(),
  'e0278cf4-ac48-4253-b9c7-4696178d614a',
  'quiz_id',
  '9cfa29a8-9c66-4b08-8b2c-593473ddaa8b',
  NOW(),
  NOW()
) ON CONFLICT DO NOTHING; -- Skip if the relationship already exists

-- Create bidirectional relationship entry for the quiz to the question
INSERT INTO payload.course_quizzes_rels (
  id,
  _parent_id,
  field,
  value,
  created_at,
  updated_at
) VALUES (
  gen_random_uuid(),
  '9cfa29a8-9c66-4b08-8b2c-593473ddaa8b',
  'questions',
  'e0278cf4-ac48-4253-b9c7-4696178d614a',
  NOW(),
  NOW()
) ON CONFLICT DO NOTHING; -- Skip if the relationship already exists

-- Insert question 4 for quiz: Our Process Quiz
INSERT INTO payload.quiz_questions (
  id,
  question,
  quiz_id,
  quiz_id_id, -- Duplicate field for compatibility
  type,
  explanation,
  "order",
  created_at,
  updated_at
) VALUES (
  'a8ac6314-4242-4c99-9526-598bd868146b', -- Generated UUID for the question
  'What is the 3rd step of our process?',
  '9cfa29a8-9c66-4b08-8b2c-593473ddaa8b', -- Quiz ID
  '9cfa29a8-9c66-4b08-8b2c-593473ddaa8b', -- Quiz ID (duplicate)
  'single-answer',
  '',
  3,
  NOW(),
  NOW()
) ON CONFLICT (id) DO NOTHING; -- Skip if the question already exists

-- Insert option 1 for question 4
INSERT INTO payload.quiz_questions_options (
  id,
  _order,
  _parent_id,
  text,
  is_correct,
  created_at,
  updated_at
) VALUES (
  gen_random_uuid(),
  0,
  'a8ac6314-4242-4c99-9526-598bd868146b',
  'Who is our audience?',
  false,
  NOW(),
  NOW()
) ON CONFLICT DO NOTHING; -- Skip if the option already exists

-- Insert option 2 for question 4
INSERT INTO payload.quiz_questions_options (
  id,
  _order,
  _parent_id,
  text,
  is_correct,
  created_at,
  updated_at
) VALUES (
  gen_random_uuid(),
  1,
  'a8ac6314-4242-4c99-9526-598bd868146b',
  'Why are we speaking to our audience (identify their question)?',
  false,
  NOW(),
  NOW()
) ON CONFLICT DO NOTHING; -- Skip if the option already exists

-- Insert option 3 for question 4
INSERT INTO payload.quiz_questions_options (
  id,
  _order,
  _parent_id,
  text,
  is_correct,
  created_at,
  updated_at
) VALUES (
  gen_random_uuid(),
  2,
  'a8ac6314-4242-4c99-9526-598bd868146b',
  'What is our answer?',
  true,
  NOW(),
  NOW()
) ON CONFLICT DO NOTHING; -- Skip if the option already exists

-- Insert option 4 for question 4
INSERT INTO payload.quiz_questions_options (
  id,
  _order,
  _parent_id,
  text,
  is_correct,
  created_at,
  updated_at
) VALUES (
  gen_random_uuid(),
  3,
  'a8ac6314-4242-4c99-9526-598bd868146b',
  'How will we deliver this presentation?',
  false,
  NOW(),
  NOW()
) ON CONFLICT DO NOTHING; -- Skip if the option already exists

-- Create relationship entry for the question to the quiz
INSERT INTO payload.quiz_questions_rels (
  id,
  _parent_id,
  field,
  value,
  created_at,
  updated_at
) VALUES (
  gen_random_uuid(),
  'a8ac6314-4242-4c99-9526-598bd868146b',
  'quiz_id',
  '9cfa29a8-9c66-4b08-8b2c-593473ddaa8b',
  NOW(),
  NOW()
) ON CONFLICT DO NOTHING; -- Skip if the relationship already exists

-- Create bidirectional relationship entry for the quiz to the question
INSERT INTO payload.course_quizzes_rels (
  id,
  _parent_id,
  field,
  value,
  created_at,
  updated_at
) VALUES (
  gen_random_uuid(),
  '9cfa29a8-9c66-4b08-8b2c-593473ddaa8b',
  'questions',
  'a8ac6314-4242-4c99-9526-598bd868146b',
  NOW(),
  NOW()
) ON CONFLICT DO NOTHING; -- Skip if the relationship already exists

-- Insert question 5 for quiz: Our Process Quiz
INSERT INTO payload.quiz_questions (
  id,
  question,
  quiz_id,
  quiz_id_id, -- Duplicate field for compatibility
  type,
  explanation,
  "order",
  created_at,
  updated_at
) VALUES (
  'e44e6981-c876-4dce-99f1-ab28a6697cbf', -- Generated UUID for the question
  'What is the 4th step of our process?',
  '9cfa29a8-9c66-4b08-8b2c-593473ddaa8b', -- Quiz ID
  '9cfa29a8-9c66-4b08-8b2c-593473ddaa8b', -- Quiz ID (duplicate)
  'single-answer',
  '',
  4,
  NOW(),
  NOW()
) ON CONFLICT (id) DO NOTHING; -- Skip if the question already exists

-- Insert option 1 for question 5
INSERT INTO payload.quiz_questions_options (
  id,
  _order,
  _parent_id,
  text,
  is_correct,
  created_at,
  updated_at
) VALUES (
  gen_random_uuid(),
  0,
  'e44e6981-c876-4dce-99f1-ab28a6697cbf',
  'Who is our audience?',
  false,
  NOW(),
  NOW()
) ON CONFLICT DO NOTHING; -- Skip if the option already exists

-- Insert option 2 for question 5
INSERT INTO payload.quiz_questions_options (
  id,
  _order,
  _parent_id,
  text,
  is_correct,
  created_at,
  updated_at
) VALUES (
  gen_random_uuid(),
  1,
  'e44e6981-c876-4dce-99f1-ab28a6697cbf',
  'Why are we speaking to our audience (identify their question)?',
  false,
  NOW(),
  NOW()
) ON CONFLICT DO NOTHING; -- Skip if the option already exists

-- Insert option 3 for question 5
INSERT INTO payload.quiz_questions_options (
  id,
  _order,
  _parent_id,
  text,
  is_correct,
  created_at,
  updated_at
) VALUES (
  gen_random_uuid(),
  2,
  'e44e6981-c876-4dce-99f1-ab28a6697cbf',
  'What is our answer?',
  false,
  NOW(),
  NOW()
) ON CONFLICT DO NOTHING; -- Skip if the option already exists

-- Insert option 4 for question 5
INSERT INTO payload.quiz_questions_options (
  id,
  _order,
  _parent_id,
  text,
  is_correct,
  created_at,
  updated_at
) VALUES (
  gen_random_uuid(),
  3,
  'e44e6981-c876-4dce-99f1-ab28a6697cbf',
  'How will we deliver this presentation?',
  true,
  NOW(),
  NOW()
) ON CONFLICT DO NOTHING; -- Skip if the option already exists

-- Create relationship entry for the question to the quiz
INSERT INTO payload.quiz_questions_rels (
  id,
  _parent_id,
  field,
  value,
  created_at,
  updated_at
) VALUES (
  gen_random_uuid(),
  'e44e6981-c876-4dce-99f1-ab28a6697cbf',
  'quiz_id',
  '9cfa29a8-9c66-4b08-8b2c-593473ddaa8b',
  NOW(),
  NOW()
) ON CONFLICT DO NOTHING; -- Skip if the relationship already exists

-- Create bidirectional relationship entry for the quiz to the question
INSERT INTO payload.course_quizzes_rels (
  id,
  _parent_id,
  field,
  value,
  created_at,
  updated_at
) VALUES (
  gen_random_uuid(),
  '9cfa29a8-9c66-4b08-8b2c-593473ddaa8b',
  'questions',
  'e44e6981-c876-4dce-99f1-ab28a6697cbf',
  NOW(),
  NOW()
) ON CONFLICT DO NOTHING; -- Skip if the relationship already exists

-- Insert question 6 for quiz: Our Process Quiz
INSERT INTO payload.quiz_questions (
  id,
  question,
  quiz_id,
  quiz_id_id, -- Duplicate field for compatibility
  type,
  explanation,
  "order",
  created_at,
  updated_at
) VALUES (
  '4a39d946-8eca-4559-9bf3-cba58ad1fd1d', -- Generated UUID for the question
  'Our first step is ''The Who''. What do we mean by this?',
  '9cfa29a8-9c66-4b08-8b2c-593473ddaa8b', -- Quiz ID
  '9cfa29a8-9c66-4b08-8b2c-593473ddaa8b', -- Quiz ID (duplicate)
  'single-answer',
  '',
  5,
  NOW(),
  NOW()
) ON CONFLICT (id) DO NOTHING; -- Skip if the question already exists

-- Insert option 1 for question 6
INSERT INTO payload.quiz_questions_options (
  id,
  _order,
  _parent_id,
  text,
  is_correct,
  created_at,
  updated_at
) VALUES (
  gen_random_uuid(),
  0,
  '4a39d946-8eca-4559-9bf3-cba58ad1fd1d',
  'Determine who your audience truly is. Who are you speaking to?',
  true,
  NOW(),
  NOW()
) ON CONFLICT DO NOTHING; -- Skip if the option already exists

-- Insert option 2 for question 6
INSERT INTO payload.quiz_questions_options (
  id,
  _order,
  _parent_id,
  text,
  is_correct,
  created_at,
  updated_at
) VALUES (
  gen_random_uuid(),
  1,
  '4a39d946-8eca-4559-9bf3-cba58ad1fd1d',
  'The Who is a famous English rock band',
  false,
  NOW(),
  NOW()
) ON CONFLICT DO NOTHING; -- Skip if the option already exists

-- Insert option 3 for question 6
INSERT INTO payload.quiz_questions_options (
  id,
  _order,
  _parent_id,
  text,
  is_correct,
  created_at,
  updated_at
) VALUES (
  gen_random_uuid(),
  2,
  '4a39d946-8eca-4559-9bf3-cba58ad1fd1d',
  'Determining our answer to a key question',
  false,
  NOW(),
  NOW()
) ON CONFLICT DO NOTHING; -- Skip if the option already exists

-- Create relationship entry for the question to the quiz
INSERT INTO payload.quiz_questions_rels (
  id,
  _parent_id,
  field,
  value,
  created_at,
  updated_at
) VALUES (
  gen_random_uuid(),
  '4a39d946-8eca-4559-9bf3-cba58ad1fd1d',
  'quiz_id',
  '9cfa29a8-9c66-4b08-8b2c-593473ddaa8b',
  NOW(),
  NOW()
) ON CONFLICT DO NOTHING; -- Skip if the relationship already exists

-- Create bidirectional relationship entry for the quiz to the question
INSERT INTO payload.course_quizzes_rels (
  id,
  _parent_id,
  field,
  value,
  created_at,
  updated_at
) VALUES (
  gen_random_uuid(),
  '9cfa29a8-9c66-4b08-8b2c-593473ddaa8b',
  'questions',
  '4a39d946-8eca-4559-9bf3-cba58ad1fd1d',
  NOW(),
  NOW()
) ON CONFLICT DO NOTHING; -- Skip if the relationship already exists

-- Insert question 7 for quiz: Our Process Quiz
INSERT INTO payload.quiz_questions (
  id,
  question,
  quiz_id,
  quiz_id_id, -- Duplicate field for compatibility
  type,
  explanation,
  "order",
  created_at,
  updated_at
) VALUES (
  '78ae8f3d-47d5-4266-97ab-e2f923a6e8ce', -- Generated UUID for the question
  'The second step in our process is ''The Why''. What do we mean by this?',
  '9cfa29a8-9c66-4b08-8b2c-593473ddaa8b', -- Quiz ID
  '9cfa29a8-9c66-4b08-8b2c-593473ddaa8b', -- Quiz ID (duplicate)
  'single-answer',
  '',
  6,
  NOW(),
  NOW()
) ON CONFLICT (id) DO NOTHING; -- Skip if the question already exists

-- Insert option 1 for question 7
INSERT INTO payload.quiz_questions_options (
  id,
  _order,
  _parent_id,
  text,
  is_correct,
  created_at,
  updated_at
) VALUES (
  gen_random_uuid(),
  0,
  '78ae8f3d-47d5-4266-97ab-e2f923a6e8ce',
  'Determine the question inside the mind of our audience and what we want the audience to do a the end',
  true,
  NOW(),
  NOW()
) ON CONFLICT DO NOTHING; -- Skip if the option already exists

-- Insert option 2 for question 7
INSERT INTO payload.quiz_questions_options (
  id,
  _order,
  _parent_id,
  text,
  is_correct,
  created_at,
  updated_at
) VALUES (
  gen_random_uuid(),
  1,
  '78ae8f3d-47d5-4266-97ab-e2f923a6e8ce',
  'Determine our personal objective from creating the presentation',
  false,
  NOW(),
  NOW()
) ON CONFLICT DO NOTHING; -- Skip if the option already exists

-- Insert option 3 for question 7
INSERT INTO payload.quiz_questions_options (
  id,
  _order,
  _parent_id,
  text,
  is_correct,
  created_at,
  updated_at
) VALUES (
  gen_random_uuid(),
  2,
  '78ae8f3d-47d5-4266-97ab-e2f923a6e8ce',
  'A process of deep existential soul searching to ensure you are a confident speaker',
  false,
  NOW(),
  NOW()
) ON CONFLICT DO NOTHING; -- Skip if the option already exists

-- Create relationship entry for the question to the quiz
INSERT INTO payload.quiz_questions_rels (
  id,
  _parent_id,
  field,
  value,
  created_at,
  updated_at
) VALUES (
  gen_random_uuid(),
  '78ae8f3d-47d5-4266-97ab-e2f923a6e8ce',
  'quiz_id',
  '9cfa29a8-9c66-4b08-8b2c-593473ddaa8b',
  NOW(),
  NOW()
) ON CONFLICT DO NOTHING; -- Skip if the relationship already exists

-- Create bidirectional relationship entry for the quiz to the question
INSERT INTO payload.course_quizzes_rels (
  id,
  _parent_id,
  field,
  value,
  created_at,
  updated_at
) VALUES (
  gen_random_uuid(),
  '9cfa29a8-9c66-4b08-8b2c-593473ddaa8b',
  'questions',
  '78ae8f3d-47d5-4266-97ab-e2f923a6e8ce',
  NOW(),
  NOW()
) ON CONFLICT DO NOTHING; -- Skip if the relationship already exists

-- Insert question 8 for quiz: Our Process Quiz
INSERT INTO payload.quiz_questions (
  id,
  question,
  quiz_id,
  quiz_id_id, -- Duplicate field for compatibility
  type,
  explanation,
  "order",
  created_at,
  updated_at
) VALUES (
  '1eff3c04-1995-4b6a-8715-234f23ba7135', -- Generated UUID for the question
  'The third step in our process is ''The What''. What does ''The What'' focus on?',
  '9cfa29a8-9c66-4b08-8b2c-593473ddaa8b', -- Quiz ID
  '9cfa29a8-9c66-4b08-8b2c-593473ddaa8b', -- Quiz ID (duplicate)
  'single-answer',
  '',
  7,
  NOW(),
  NOW()
) ON CONFLICT (id) DO NOTHING; -- Skip if the question already exists

-- Insert option 1 for question 8
INSERT INTO payload.quiz_questions_options (
  id,
  _order,
  _parent_id,
  text,
  is_correct,
  created_at,
  updated_at
) VALUES (
  gen_random_uuid(),
  0,
  '1eff3c04-1995-4b6a-8715-234f23ba7135',
  'Themes from Biggie Smalls'' debut album ''Ready to Die'' which featured ''The What'' on track 9',
  false,
  NOW(),
  NOW()
) ON CONFLICT DO NOTHING; -- Skip if the option already exists

-- Insert option 2 for question 8
INSERT INTO payload.quiz_questions_options (
  id,
  _order,
  _parent_id,
  text,
  is_correct,
  created_at,
  updated_at
) VALUES (
  gen_random_uuid(),
  1,
  '1eff3c04-1995-4b6a-8715-234f23ba7135',
  'Determining what types of slides we need to create',
  false,
  NOW(),
  NOW()
) ON CONFLICT DO NOTHING; -- Skip if the option already exists

-- Insert option 3 for question 8
INSERT INTO payload.quiz_questions_options (
  id,
  _order,
  _parent_id,
  text,
  is_correct,
  created_at,
  updated_at
) VALUES (
  gen_random_uuid(),
  2,
  '1eff3c04-1995-4b6a-8715-234f23ba7135',
  'Determining what it is we want our Audience to do as a result of the presentation',
  false,
  NOW(),
  NOW()
) ON CONFLICT DO NOTHING; -- Skip if the option already exists

-- Insert option 4 for question 8
INSERT INTO payload.quiz_questions_options (
  id,
  _order,
  _parent_id,
  text,
  is_correct,
  created_at,
  updated_at
) VALUES (
  gen_random_uuid(),
  3,
  '1eff3c04-1995-4b6a-8715-234f23ba7135',
  'Determining the answer to the question that has been planted in the mind of the audience',
  true,
  NOW(),
  NOW()
) ON CONFLICT DO NOTHING; -- Skip if the option already exists

-- Create relationship entry for the question to the quiz
INSERT INTO payload.quiz_questions_rels (
  id,
  _parent_id,
  field,
  value,
  created_at,
  updated_at
) VALUES (
  gen_random_uuid(),
  '1eff3c04-1995-4b6a-8715-234f23ba7135',
  'quiz_id',
  '9cfa29a8-9c66-4b08-8b2c-593473ddaa8b',
  NOW(),
  NOW()
) ON CONFLICT DO NOTHING; -- Skip if the relationship already exists

-- Create bidirectional relationship entry for the quiz to the question
INSERT INTO payload.course_quizzes_rels (
  id,
  _parent_id,
  field,
  value,
  created_at,
  updated_at
) VALUES (
  gen_random_uuid(),
  '9cfa29a8-9c66-4b08-8b2c-593473ddaa8b',
  'questions',
  '1eff3c04-1995-4b6a-8715-234f23ba7135',
  NOW(),
  NOW()
) ON CONFLICT DO NOTHING; -- Skip if the relationship already exists

-- Insert question 9 for quiz: Our Process Quiz
INSERT INTO payload.quiz_questions (
  id,
  question,
  quiz_id,
  quiz_id_id, -- Duplicate field for compatibility
  type,
  explanation,
  "order",
  created_at,
  updated_at
) VALUES (
  'a36fbe38-ccc8-467e-a5da-3a165de75d47', -- Generated UUID for the question
  'The final step in our process is ''The How''. What is the focus of ''The How''?',
  '9cfa29a8-9c66-4b08-8b2c-593473ddaa8b', -- Quiz ID
  '9cfa29a8-9c66-4b08-8b2c-593473ddaa8b', -- Quiz ID (duplicate)
  'single-answer',
  '',
  8,
  NOW(),
  NOW()
) ON CONFLICT (id) DO NOTHING; -- Skip if the question already exists

-- Insert option 1 for question 9
INSERT INTO payload.quiz_questions_options (
  id,
  _order,
  _parent_id,
  text,
  is_correct,
  created_at,
  updated_at
) VALUES (
  gen_random_uuid(),
  0,
  'a36fbe38-ccc8-467e-a5da-3a165de75d47',
  'How to create beautiful slides',
  false,
  NOW(),
  NOW()
) ON CONFLICT DO NOTHING; -- Skip if the option already exists

-- Insert option 2 for question 9
INSERT INTO payload.quiz_questions_options (
  id,
  _order,
  _parent_id,
  text,
  is_correct,
  created_at,
  updated_at
) VALUES (
  gen_random_uuid(),
  1,
  'a36fbe38-ccc8-467e-a5da-3a165de75d47',
  'How to answer our audience''s question',
  false,
  NOW(),
  NOW()
) ON CONFLICT DO NOTHING; -- Skip if the option already exists

-- Insert option 3 for question 9
INSERT INTO payload.quiz_questions_options (
  id,
  _order,
  _parent_id,
  text,
  is_correct,
  created_at,
  updated_at
) VALUES (
  gen_random_uuid(),
  2,
  'a36fbe38-ccc8-467e-a5da-3a165de75d47',
  'This is how we do it!',
  false,
  NOW(),
  NOW()
) ON CONFLICT DO NOTHING; -- Skip if the option already exists

-- Insert option 4 for question 9
INSERT INTO payload.quiz_questions_options (
  id,
  _order,
  _parent_id,
  text,
  is_correct,
  created_at,
  updated_at
) VALUES (
  gen_random_uuid(),
  3,
  'a36fbe38-ccc8-467e-a5da-3a165de75d47',
  'How we will deliver the presentation',
  true,
  NOW(),
  NOW()
) ON CONFLICT DO NOTHING; -- Skip if the option already exists

-- Create relationship entry for the question to the quiz
INSERT INTO payload.quiz_questions_rels (
  id,
  _parent_id,
  field,
  value,
  created_at,
  updated_at
) VALUES (
  gen_random_uuid(),
  'a36fbe38-ccc8-467e-a5da-3a165de75d47',
  'quiz_id',
  '9cfa29a8-9c66-4b08-8b2c-593473ddaa8b',
  NOW(),
  NOW()
) ON CONFLICT DO NOTHING; -- Skip if the relationship already exists

-- Create bidirectional relationship entry for the quiz to the question
INSERT INTO payload.course_quizzes_rels (
  id,
  _parent_id,
  field,
  value,
  created_at,
  updated_at
) VALUES (
  gen_random_uuid(),
  '9cfa29a8-9c66-4b08-8b2c-593473ddaa8b',
  'questions',
  'a36fbe38-ccc8-467e-a5da-3a165de75d47',
  NOW(),
  NOW()
) ON CONFLICT DO NOTHING; -- Skip if the relationship already exists

-- Questions for quiz: Overview of the Fundamental Elements of Design Quiz (overview-elements-of-design-quiz, ID: 9e1bada1-c827-479d-a282-23fd13be9eb3)
-- Insert question 1 for quiz: Overview of the Fundamental Elements of Design Quiz
INSERT INTO payload.quiz_questions (
  id,
  question,
  quiz_id,
  quiz_id_id, -- Duplicate field for compatibility
  type,
  explanation,
  "order",
  created_at,
  updated_at
) VALUES (
  'fd309c73-6709-4821-92be-0414cdd6407d', -- Generated UUID for the question
  'What are some of the fundamental elements and principles of design?',
  '9e1bada1-c827-479d-a282-23fd13be9eb3', -- Quiz ID
  '9e1bada1-c827-479d-a282-23fd13be9eb3', -- Quiz ID (duplicate)
  'multi-answer',
  '',
  0,
  NOW(),
  NOW()
) ON CONFLICT (id) DO NOTHING; -- Skip if the question already exists

-- Insert option 1 for question 1
INSERT INTO payload.quiz_questions_options (
  id,
  _order,
  _parent_id,
  text,
  is_correct,
  created_at,
  updated_at
) VALUES (
  gen_random_uuid(),
  0,
  'fd309c73-6709-4821-92be-0414cdd6407d',
  'Shape & Form',
  true,
  NOW(),
  NOW()
) ON CONFLICT DO NOTHING; -- Skip if the option already exists

-- Insert option 2 for question 1
INSERT INTO payload.quiz_questions_options (
  id,
  _order,
  _parent_id,
  text,
  is_correct,
  created_at,
  updated_at
) VALUES (
  gen_random_uuid(),
  1,
  'fd309c73-6709-4821-92be-0414cdd6407d',
  'Rick Astley',
  false,
  NOW(),
  NOW()
) ON CONFLICT DO NOTHING; -- Skip if the option already exists

-- Insert option 3 for question 1
INSERT INTO payload.quiz_questions_options (
  id,
  _order,
  _parent_id,
  text,
  is_correct,
  created_at,
  updated_at
) VALUES (
  gen_random_uuid(),
  2,
  'fd309c73-6709-4821-92be-0414cdd6407d',
  'Color',
  true,
  NOW(),
  NOW()
) ON CONFLICT DO NOTHING; -- Skip if the option already exists

-- Insert option 4 for question 1
INSERT INTO payload.quiz_questions_options (
  id,
  _order,
  _parent_id,
  text,
  is_correct,
  created_at,
  updated_at
) VALUES (
  gen_random_uuid(),
  3,
  'fd309c73-6709-4821-92be-0414cdd6407d',
  'Composition',
  true,
  NOW(),
  NOW()
) ON CONFLICT DO NOTHING; -- Skip if the option already exists

-- Insert option 5 for question 1
INSERT INTO payload.quiz_questions_options (
  id,
  _order,
  _parent_id,
  text,
  is_correct,
  created_at,
  updated_at
) VALUES (
  gen_random_uuid(),
  4,
  'fd309c73-6709-4821-92be-0414cdd6407d',
  'Contrast',
  true,
  NOW(),
  NOW()
) ON CONFLICT DO NOTHING; -- Skip if the option already exists

-- Insert option 6 for question 1
INSERT INTO payload.quiz_questions_options (
  id,
  _order,
  _parent_id,
  text,
  is_correct,
  created_at,
  updated_at
) VALUES (
  gen_random_uuid(),
  5,
  'fd309c73-6709-4821-92be-0414cdd6407d',
  'Line',
  true,
  NOW(),
  NOW()
) ON CONFLICT DO NOTHING; -- Skip if the option already exists

-- Insert option 7 for question 1
INSERT INTO payload.quiz_questions_options (
  id,
  _order,
  _parent_id,
  text,
  is_correct,
  created_at,
  updated_at
) VALUES (
  gen_random_uuid(),
  6,
  'fd309c73-6709-4821-92be-0414cdd6407d',
  'Point',
  true,
  NOW(),
  NOW()
) ON CONFLICT DO NOTHING; -- Skip if the option already exists

-- Insert option 8 for question 1
INSERT INTO payload.quiz_questions_options (
  id,
  _order,
  _parent_id,
  text,
  is_correct,
  created_at,
  updated_at
) VALUES (
  gen_random_uuid(),
  7,
  'fd309c73-6709-4821-92be-0414cdd6407d',
  'Negative Space',
  true,
  NOW(),
  NOW()
) ON CONFLICT DO NOTHING; -- Skip if the option already exists

-- Create relationship entry for the question to the quiz
INSERT INTO payload.quiz_questions_rels (
  id,
  _parent_id,
  field,
  value,
  created_at,
  updated_at
) VALUES (
  gen_random_uuid(),
  'fd309c73-6709-4821-92be-0414cdd6407d',
  'quiz_id',
  '9e1bada1-c827-479d-a282-23fd13be9eb3',
  NOW(),
  NOW()
) ON CONFLICT DO NOTHING; -- Skip if the relationship already exists

-- Create bidirectional relationship entry for the quiz to the question
INSERT INTO payload.course_quizzes_rels (
  id,
  _parent_id,
  field,
  value,
  created_at,
  updated_at
) VALUES (
  gen_random_uuid(),
  '9e1bada1-c827-479d-a282-23fd13be9eb3',
  'questions',
  'fd309c73-6709-4821-92be-0414cdd6407d',
  NOW(),
  NOW()
) ON CONFLICT DO NOTHING; -- Skip if the relationship already exists

-- Questions for quiz: Performance Quiz (performance-quiz, ID: dacacdd9-bf8c-4eb5-a115-7d158483dc4d)
-- Insert question 1 for quiz: Performance Quiz
INSERT INTO payload.quiz_questions (
  id,
  question,
  quiz_id,
  quiz_id_id, -- Duplicate field for compatibility
  type,
  explanation,
  "order",
  created_at,
  updated_at
) VALUES (
  'de482478-4b99-469e-b833-1209122dca4b', -- Generated UUID for the question
  'What can we do to try and set the right tone?',
  'dacacdd9-bf8c-4eb5-a115-7d158483dc4d', -- Quiz ID
  'dacacdd9-bf8c-4eb5-a115-7d158483dc4d', -- Quiz ID (duplicate)
  'multi-answer',
  '',
  0,
  NOW(),
  NOW()
) ON CONFLICT (id) DO NOTHING; -- Skip if the question already exists

-- Insert option 1 for question 1
INSERT INTO payload.quiz_questions_options (
  id,
  _order,
  _parent_id,
  text,
  is_correct,
  created_at,
  updated_at
) VALUES (
  gen_random_uuid(),
  0,
  'de482478-4b99-469e-b833-1209122dca4b',
  'Send a well prepared agenda in advance',
  true,
  NOW(),
  NOW()
) ON CONFLICT DO NOTHING; -- Skip if the option already exists

-- Insert option 2 for question 1
INSERT INTO payload.quiz_questions_options (
  id,
  _order,
  _parent_id,
  text,
  is_correct,
  created_at,
  updated_at
) VALUES (
  gen_random_uuid(),
  1,
  'de482478-4b99-469e-b833-1209122dca4b',
  'Dress appropriately',
  true,
  NOW(),
  NOW()
) ON CONFLICT DO NOTHING; -- Skip if the option already exists

-- Insert option 3 for question 1
INSERT INTO payload.quiz_questions_options (
  id,
  _order,
  _parent_id,
  text,
  is_correct,
  created_at,
  updated_at
) VALUES (
  gen_random_uuid(),
  2,
  'de482478-4b99-469e-b833-1209122dca4b',
  'Adopt the appropriate disposition for the meeting',
  true,
  NOW(),
  NOW()
) ON CONFLICT DO NOTHING; -- Skip if the option already exists

-- Insert option 4 for question 1
INSERT INTO payload.quiz_questions_options (
  id,
  _order,
  _parent_id,
  text,
  is_correct,
  created_at,
  updated_at
) VALUES (
  gen_random_uuid(),
  3,
  'de482478-4b99-469e-b833-1209122dca4b',
  'Tell a joke',
  false,
  NOW(),
  NOW()
) ON CONFLICT DO NOTHING; -- Skip if the option already exists

-- Insert option 5 for question 1
INSERT INTO payload.quiz_questions_options (
  id,
  _order,
  _parent_id,
  text,
  is_correct,
  created_at,
  updated_at
) VALUES (
  gen_random_uuid(),
  4,
  'de482478-4b99-469e-b833-1209122dca4b',
  'Lead the group in song',
  false,
  NOW(),
  NOW()
) ON CONFLICT DO NOTHING; -- Skip if the option already exists

-- Create relationship entry for the question to the quiz
INSERT INTO payload.quiz_questions_rels (
  id,
  _parent_id,
  field,
  value,
  created_at,
  updated_at
) VALUES (
  gen_random_uuid(),
  'de482478-4b99-469e-b833-1209122dca4b',
  'quiz_id',
  'dacacdd9-bf8c-4eb5-a115-7d158483dc4d',
  NOW(),
  NOW()
) ON CONFLICT DO NOTHING; -- Skip if the relationship already exists

-- Create bidirectional relationship entry for the quiz to the question
INSERT INTO payload.course_quizzes_rels (
  id,
  _parent_id,
  field,
  value,
  created_at,
  updated_at
) VALUES (
  gen_random_uuid(),
  'dacacdd9-bf8c-4eb5-a115-7d158483dc4d',
  'questions',
  'de482478-4b99-469e-b833-1209122dca4b',
  NOW(),
  NOW()
) ON CONFLICT DO NOTHING; -- Skip if the relationship already exists

-- Insert question 2 for quiz: Performance Quiz
INSERT INTO payload.quiz_questions (
  id,
  question,
  quiz_id,
  quiz_id_id, -- Duplicate field for compatibility
  type,
  explanation,
  "order",
  created_at,
  updated_at
) VALUES (
  'a46c94fc-ff5c-44db-8016-3f2b5581dd7d', -- Generated UUID for the question
  'What are some things you can do to manage stress?',
  'dacacdd9-bf8c-4eb5-a115-7d158483dc4d', -- Quiz ID
  'dacacdd9-bf8c-4eb5-a115-7d158483dc4d', -- Quiz ID (duplicate)
  'multi-answer',
  '',
  1,
  NOW(),
  NOW()
) ON CONFLICT (id) DO NOTHING; -- Skip if the question already exists

-- Insert option 1 for question 2
INSERT INTO payload.quiz_questions_options (
  id,
  _order,
  _parent_id,
  text,
  is_correct,
  created_at,
  updated_at
) VALUES (
  gen_random_uuid(),
  0,
  'a46c94fc-ff5c-44db-8016-3f2b5581dd7d',
  'Quite your mind',
  true,
  NOW(),
  NOW()
) ON CONFLICT DO NOTHING; -- Skip if the option already exists

-- Insert option 2 for question 2
INSERT INTO payload.quiz_questions_options (
  id,
  _order,
  _parent_id,
  text,
  is_correct,
  created_at,
  updated_at
) VALUES (
  gen_random_uuid(),
  1,
  'a46c94fc-ff5c-44db-8016-3f2b5581dd7d',
  'Laugh',
  true,
  NOW(),
  NOW()
) ON CONFLICT DO NOTHING; -- Skip if the option already exists

-- Insert option 3 for question 2
INSERT INTO payload.quiz_questions_options (
  id,
  _order,
  _parent_id,
  text,
  is_correct,
  created_at,
  updated_at
) VALUES (
  gen_random_uuid(),
  2,
  'a46c94fc-ff5c-44db-8016-3f2b5581dd7d',
  'Primal therapy',
  false,
  NOW(),
  NOW()
) ON CONFLICT DO NOTHING; -- Skip if the option already exists

-- Insert option 4 for question 2
INSERT INTO payload.quiz_questions_options (
  id,
  _order,
  _parent_id,
  text,
  is_correct,
  created_at,
  updated_at
) VALUES (
  gen_random_uuid(),
  3,
  'a46c94fc-ff5c-44db-8016-3f2b5581dd7d',
  'Prepare',
  true,
  NOW(),
  NOW()
) ON CONFLICT DO NOTHING; -- Skip if the option already exists

-- Insert option 5 for question 2
INSERT INTO payload.quiz_questions_options (
  id,
  _order,
  _parent_id,
  text,
  is_correct,
  created_at,
  updated_at
) VALUES (
  gen_random_uuid(),
  4,
  'a46c94fc-ff5c-44db-8016-3f2b5581dd7d',
  'Breathe',
  true,
  NOW(),
  NOW()
) ON CONFLICT DO NOTHING; -- Skip if the option already exists

-- Insert option 6 for question 2
INSERT INTO payload.quiz_questions_options (
  id,
  _order,
  _parent_id,
  text,
  is_correct,
  created_at,
  updated_at
) VALUES (
  gen_random_uuid(),
  5,
  'a46c94fc-ff5c-44db-8016-3f2b5581dd7d',
  'Don''t worry about the presentation until the last minute',
  false,
  NOW(),
  NOW()
) ON CONFLICT DO NOTHING; -- Skip if the option already exists

-- Insert option 7 for question 2
INSERT INTO payload.quiz_questions_options (
  id,
  _order,
  _parent_id,
  text,
  is_correct,
  created_at,
  updated_at
) VALUES (
  gen_random_uuid(),
  6,
  'a46c94fc-ff5c-44db-8016-3f2b5581dd7d',
  'Talk to yourself like a crazy person',
  false,
  NOW(),
  NOW()
) ON CONFLICT DO NOTHING; -- Skip if the option already exists

-- Create relationship entry for the question to the quiz
INSERT INTO payload.quiz_questions_rels (
  id,
  _parent_id,
  field,
  value,
  created_at,
  updated_at
) VALUES (
  gen_random_uuid(),
  'a46c94fc-ff5c-44db-8016-3f2b5581dd7d',
  'quiz_id',
  'dacacdd9-bf8c-4eb5-a115-7d158483dc4d',
  NOW(),
  NOW()
) ON CONFLICT DO NOTHING; -- Skip if the relationship already exists

-- Create bidirectional relationship entry for the quiz to the question
INSERT INTO payload.course_quizzes_rels (
  id,
  _parent_id,
  field,
  value,
  created_at,
  updated_at
) VALUES (
  gen_random_uuid(),
  'dacacdd9-bf8c-4eb5-a115-7d158483dc4d',
  'questions',
  'a46c94fc-ff5c-44db-8016-3f2b5581dd7d',
  NOW(),
  NOW()
) ON CONFLICT DO NOTHING; -- Skip if the relationship already exists

-- Insert question 3 for quiz: Performance Quiz
INSERT INTO payload.quiz_questions (
  id,
  question,
  quiz_id,
  quiz_id_id, -- Duplicate field for compatibility
  type,
  explanation,
  "order",
  created_at,
  updated_at
) VALUES (
  'a060b827-73de-4916-8ab2-6607281c7c39', -- Generated UUID for the question
  'What body language and delivery mistakes should you be on the lookout for?',
  'dacacdd9-bf8c-4eb5-a115-7d158483dc4d', -- Quiz ID
  'dacacdd9-bf8c-4eb5-a115-7d158483dc4d', -- Quiz ID (duplicate)
  'multi-answer',
  '',
  2,
  NOW(),
  NOW()
) ON CONFLICT (id) DO NOTHING; -- Skip if the question already exists

-- Insert option 1 for question 3
INSERT INTO payload.quiz_questions_options (
  id,
  _order,
  _parent_id,
  text,
  is_correct,
  created_at,
  updated_at
) VALUES (
  gen_random_uuid(),
  0,
  'a060b827-73de-4916-8ab2-6607281c7c39',
  'Verbal ticks',
  true,
  NOW(),
  NOW()
) ON CONFLICT DO NOTHING; -- Skip if the option already exists

-- Insert option 2 for question 3
INSERT INTO payload.quiz_questions_options (
  id,
  _order,
  _parent_id,
  text,
  is_correct,
  created_at,
  updated_at
) VALUES (
  gen_random_uuid(),
  1,
  'a060b827-73de-4916-8ab2-6607281c7c39',
  'Talking to the screen',
  true,
  NOW(),
  NOW()
) ON CONFLICT DO NOTHING; -- Skip if the option already exists

-- Insert option 3 for question 3
INSERT INTO payload.quiz_questions_options (
  id,
  _order,
  _parent_id,
  text,
  is_correct,
  created_at,
  updated_at
) VALUES (
  gen_random_uuid(),
  2,
  'a060b827-73de-4916-8ab2-6607281c7c39',
  'Closed posture',
  true,
  NOW(),
  NOW()
) ON CONFLICT DO NOTHING; -- Skip if the option already exists

-- Insert option 4 for question 3
INSERT INTO payload.quiz_questions_options (
  id,
  _order,
  _parent_id,
  text,
  is_correct,
  created_at,
  updated_at
) VALUES (
  gen_random_uuid(),
  3,
  'a060b827-73de-4916-8ab2-6607281c7c39',
  'Being over prepared',
  false,
  NOW(),
  NOW()
) ON CONFLICT DO NOTHING; -- Skip if the option already exists

-- Insert option 5 for question 3
INSERT INTO payload.quiz_questions_options (
  id,
  _order,
  _parent_id,
  text,
  is_correct,
  created_at,
  updated_at
) VALUES (
  gen_random_uuid(),
  4,
  'a060b827-73de-4916-8ab2-6607281c7c39',
  'Not displaying any emotion',
  true,
  NOW(),
  NOW()
) ON CONFLICT DO NOTHING; -- Skip if the option already exists

-- Create relationship entry for the question to the quiz
INSERT INTO payload.quiz_questions_rels (
  id,
  _parent_id,
  field,
  value,
  created_at,
  updated_at
) VALUES (
  gen_random_uuid(),
  'a060b827-73de-4916-8ab2-6607281c7c39',
  'quiz_id',
  'dacacdd9-bf8c-4eb5-a115-7d158483dc4d',
  NOW(),
  NOW()
) ON CONFLICT DO NOTHING; -- Skip if the relationship already exists

-- Create bidirectional relationship entry for the quiz to the question
INSERT INTO payload.course_quizzes_rels (
  id,
  _parent_id,
  field,
  value,
  created_at,
  updated_at
) VALUES (
  gen_random_uuid(),
  'dacacdd9-bf8c-4eb5-a115-7d158483dc4d',
  'questions',
  'a060b827-73de-4916-8ab2-6607281c7c39',
  NOW(),
  NOW()
) ON CONFLICT DO NOTHING; -- Skip if the relationship already exists

-- Questions for quiz: Perparation & Practice Quiz (preparation-practice-quiz, ID: 909a146e-9333-4f1e-b4c4-4d4cb06089ae)
-- Insert question 1 for quiz: Perparation & Practice Quiz
INSERT INTO payload.quiz_questions (
  id,
  question,
  quiz_id,
  quiz_id_id, -- Duplicate field for compatibility
  type,
  explanation,
  "order",
  created_at,
  updated_at
) VALUES (
  '4577adcf-20db-49c5-90d5-dfe9a162b153', -- Generated UUID for the question
  'When preparing and practicing the delivery of your presentation, what four factors should you focus on?',
  '909a146e-9333-4f1e-b4c4-4d4cb06089ae', -- Quiz ID
  '909a146e-9333-4f1e-b4c4-4d4cb06089ae', -- Quiz ID (duplicate)
  'multi-answer',
  '',
  0,
  NOW(),
  NOW()
) ON CONFLICT (id) DO NOTHING; -- Skip if the question already exists

-- Insert option 1 for question 1
INSERT INTO payload.quiz_questions_options (
  id,
  _order,
  _parent_id,
  text,
  is_correct,
  created_at,
  updated_at
) VALUES (
  gen_random_uuid(),
  0,
  '4577adcf-20db-49c5-90d5-dfe9a162b153',
  'Timing of your jokes',
  false,
  NOW(),
  NOW()
) ON CONFLICT DO NOTHING; -- Skip if the option already exists

-- Insert option 2 for question 1
INSERT INTO payload.quiz_questions_options (
  id,
  _order,
  _parent_id,
  text,
  is_correct,
  created_at,
  updated_at
) VALUES (
  gen_random_uuid(),
  1,
  '4577adcf-20db-49c5-90d5-dfe9a162b153',
  'Clarity',
  true,
  NOW(),
  NOW()
) ON CONFLICT DO NOTHING; -- Skip if the option already exists

-- Insert option 3 for question 1
INSERT INTO payload.quiz_questions_options (
  id,
  _order,
  _parent_id,
  text,
  is_correct,
  created_at,
  updated_at
) VALUES (
  gen_random_uuid(),
  2,
  '4577adcf-20db-49c5-90d5-dfe9a162b153',
  'Hair, make-up and clothes',
  false,
  NOW(),
  NOW()
) ON CONFLICT DO NOTHING; -- Skip if the option already exists

-- Insert option 4 for question 1
INSERT INTO payload.quiz_questions_options (
  id,
  _order,
  _parent_id,
  text,
  is_correct,
  created_at,
  updated_at
) VALUES (
  gen_random_uuid(),
  3,
  '4577adcf-20db-49c5-90d5-dfe9a162b153',
  'Pace',
  true,
  NOW(),
  NOW()
) ON CONFLICT DO NOTHING; -- Skip if the option already exists

-- Insert option 5 for question 1
INSERT INTO payload.quiz_questions_options (
  id,
  _order,
  _parent_id,
  text,
  is_correct,
  created_at,
  updated_at
) VALUES (
  gen_random_uuid(),
  4,
  '4577adcf-20db-49c5-90d5-dfe9a162b153',
  'Engaging with the audience',
  true,
  NOW(),
  NOW()
) ON CONFLICT DO NOTHING; -- Skip if the option already exists

-- Insert option 6 for question 1
INSERT INTO payload.quiz_questions_options (
  id,
  _order,
  _parent_id,
  text,
  is_correct,
  created_at,
  updated_at
) VALUES (
  gen_random_uuid(),
  5,
  '4577adcf-20db-49c5-90d5-dfe9a162b153',
  'Timbre of your voice',
  false,
  NOW(),
  NOW()
) ON CONFLICT DO NOTHING; -- Skip if the option already exists

-- Insert option 7 for question 1
INSERT INTO payload.quiz_questions_options (
  id,
  _order,
  _parent_id,
  text,
  is_correct,
  created_at,
  updated_at
) VALUES (
  gen_random_uuid(),
  6,
  '4577adcf-20db-49c5-90d5-dfe9a162b153',
  'Smiling and making eye contact',
  true,
  NOW(),
  NOW()
) ON CONFLICT DO NOTHING; -- Skip if the option already exists

-- Create relationship entry for the question to the quiz
INSERT INTO payload.quiz_questions_rels (
  id,
  _parent_id,
  field,
  value,
  created_at,
  updated_at
) VALUES (
  gen_random_uuid(),
  '4577adcf-20db-49c5-90d5-dfe9a162b153',
  'quiz_id',
  '909a146e-9333-4f1e-b4c4-4d4cb06089ae',
  NOW(),
  NOW()
) ON CONFLICT DO NOTHING; -- Skip if the relationship already exists

-- Create bidirectional relationship entry for the quiz to the question
INSERT INTO payload.course_quizzes_rels (
  id,
  _parent_id,
  field,
  value,
  created_at,
  updated_at
) VALUES (
  gen_random_uuid(),
  '909a146e-9333-4f1e-b4c4-4d4cb06089ae',
  'questions',
  '4577adcf-20db-49c5-90d5-dfe9a162b153',
  NOW(),
  NOW()
) ON CONFLICT DO NOTHING; -- Skip if the relationship already exists

-- Insert question 2 for quiz: Perparation & Practice Quiz
INSERT INTO payload.quiz_questions (
  id,
  question,
  quiz_id,
  quiz_id_id, -- Duplicate field for compatibility
  type,
  explanation,
  "order",
  created_at,
  updated_at
) VALUES (
  'cb93fe3f-9ed9-4449-ab4a-e937168a8f6e', -- Generated UUID for the question
  'What is the first step of the recommended preparation process?',
  '909a146e-9333-4f1e-b4c4-4d4cb06089ae', -- Quiz ID
  '909a146e-9333-4f1e-b4c4-4d4cb06089ae', -- Quiz ID (duplicate)
  'single-answer',
  '',
  1,
  NOW(),
  NOW()
) ON CONFLICT (id) DO NOTHING; -- Skip if the question already exists

-- Insert option 1 for question 2
INSERT INTO payload.quiz_questions_options (
  id,
  _order,
  _parent_id,
  text,
  is_correct,
  created_at,
  updated_at
) VALUES (
  gen_random_uuid(),
  0,
  'cb93fe3f-9ed9-4449-ab4a-e937168a8f6e',
  'Get a good night sleep and review the script once, maybe twice before the presentation',
  false,
  NOW(),
  NOW()
) ON CONFLICT DO NOTHING; -- Skip if the option already exists

-- Insert option 2 for question 2
INSERT INTO payload.quiz_questions_options (
  id,
  _order,
  _parent_id,
  text,
  is_correct,
  created_at,
  updated_at
) VALUES (
  gen_random_uuid(),
  1,
  'cb93fe3f-9ed9-4449-ab4a-e937168a8f6e',
  'Present to someone else. Get feedback',
  false,
  NOW(),
  NOW()
) ON CONFLICT DO NOTHING; -- Skip if the option already exists

-- Insert option 3 for question 2
INSERT INTO payload.quiz_questions_options (
  id,
  _order,
  _parent_id,
  text,
  is_correct,
  created_at,
  updated_at
) VALUES (
  gen_random_uuid(),
  2,
  'cb93fe3f-9ed9-4449-ab4a-e937168a8f6e',
  'Run through the presentation two or three time working on length, simplifying language, and identifying likely questions',
  false,
  NOW(),
  NOW()
) ON CONFLICT DO NOTHING; -- Skip if the option already exists

-- Insert option 4 for question 2
INSERT INTO payload.quiz_questions_options (
  id,
  _order,
  _parent_id,
  text,
  is_correct,
  created_at,
  updated_at
) VALUES (
  gen_random_uuid(),
  3,
  'cb93fe3f-9ed9-4449-ab4a-e937168a8f6e',
  'Speak the presentation out loud and improvise. Test turns of phrases, identify key points that you want to make for each phrase',
  true,
  NOW(),
  NOW()
) ON CONFLICT DO NOTHING; -- Skip if the option already exists

-- Insert option 5 for question 2
INSERT INTO payload.quiz_questions_options (
  id,
  _order,
  _parent_id,
  text,
  is_correct,
  created_at,
  updated_at
) VALUES (
  gen_random_uuid(),
  4,
  'cb93fe3f-9ed9-4449-ab4a-e937168a8f6e',
  'Write down the verbal voice over and create a formal script',
  false,
  NOW(),
  NOW()
) ON CONFLICT DO NOTHING; -- Skip if the option already exists

-- Insert option 6 for question 2
INSERT INTO payload.quiz_questions_options (
  id,
  _order,
  _parent_id,
  text,
  is_correct,
  created_at,
  updated_at
) VALUES (
  gen_random_uuid(),
  5,
  'cb93fe3f-9ed9-4449-ab4a-e937168a8f6e',
  'Test the length of the presentation. Revise the deck, eliminating or combining slide ideas',
  false,
  NOW(),
  NOW()
) ON CONFLICT DO NOTHING; -- Skip if the option already exists

-- Insert option 7 for question 2
INSERT INTO payload.quiz_questions_options (
  id,
  _order,
  _parent_id,
  text,
  is_correct,
  created_at,
  updated_at
) VALUES (
  gen_random_uuid(),
  6,
  'cb93fe3f-9ed9-4449-ab4a-e937168a8f6e',
  'Run through the script a few more times and the put it aside',
  false,
  NOW(),
  NOW()
) ON CONFLICT DO NOTHING; -- Skip if the option already exists

-- Create relationship entry for the question to the quiz
INSERT INTO payload.quiz_questions_rels (
  id,
  _parent_id,
  field,
  value,
  created_at,
  updated_at
) VALUES (
  gen_random_uuid(),
  'cb93fe3f-9ed9-4449-ab4a-e937168a8f6e',
  'quiz_id',
  '909a146e-9333-4f1e-b4c4-4d4cb06089ae',
  NOW(),
  NOW()
) ON CONFLICT DO NOTHING; -- Skip if the relationship already exists

-- Create bidirectional relationship entry for the quiz to the question
INSERT INTO payload.course_quizzes_rels (
  id,
  _parent_id,
  field,
  value,
  created_at,
  updated_at
) VALUES (
  gen_random_uuid(),
  '909a146e-9333-4f1e-b4c4-4d4cb06089ae',
  'questions',
  'cb93fe3f-9ed9-4449-ab4a-e937168a8f6e',
  NOW(),
  NOW()
) ON CONFLICT DO NOTHING; -- Skip if the relationship already exists

-- Insert question 3 for quiz: Perparation & Practice Quiz
INSERT INTO payload.quiz_questions (
  id,
  question,
  quiz_id,
  quiz_id_id, -- Duplicate field for compatibility
  type,
  explanation,
  "order",
  created_at,
  updated_at
) VALUES (
  '674b680e-a7bc-47e1-8985-11ec8178bf13', -- Generated UUID for the question
  'What is the second step of the recommended preparation process?',
  '909a146e-9333-4f1e-b4c4-4d4cb06089ae', -- Quiz ID
  '909a146e-9333-4f1e-b4c4-4d4cb06089ae', -- Quiz ID (duplicate)
  'single-answer',
  '',
  2,
  NOW(),
  NOW()
) ON CONFLICT (id) DO NOTHING; -- Skip if the question already exists

-- Insert option 1 for question 3
INSERT INTO payload.quiz_questions_options (
  id,
  _order,
  _parent_id,
  text,
  is_correct,
  created_at,
  updated_at
) VALUES (
  gen_random_uuid(),
  0,
  '674b680e-a7bc-47e1-8985-11ec8178bf13',
  'Get a good night sleep and review the script once, maybe twice before the presentation',
  false,
  NOW(),
  NOW()
) ON CONFLICT DO NOTHING; -- Skip if the option already exists

-- Insert option 2 for question 3
INSERT INTO payload.quiz_questions_options (
  id,
  _order,
  _parent_id,
  text,
  is_correct,
  created_at,
  updated_at
) VALUES (
  gen_random_uuid(),
  1,
  '674b680e-a7bc-47e1-8985-11ec8178bf13',
  'Present to someone else. Get feedback',
  false,
  NOW(),
  NOW()
) ON CONFLICT DO NOTHING; -- Skip if the option already exists

-- Insert option 3 for question 3
INSERT INTO payload.quiz_questions_options (
  id,
  _order,
  _parent_id,
  text,
  is_correct,
  created_at,
  updated_at
) VALUES (
  gen_random_uuid(),
  2,
  '674b680e-a7bc-47e1-8985-11ec8178bf13',
  'Run through the presentation two or three time working on length, simplifying language, and identifying likely questions',
  false,
  NOW(),
  NOW()
) ON CONFLICT DO NOTHING; -- Skip if the option already exists

-- Insert option 4 for question 3
INSERT INTO payload.quiz_questions_options (
  id,
  _order,
  _parent_id,
  text,
  is_correct,
  created_at,
  updated_at
) VALUES (
  gen_random_uuid(),
  3,
  '674b680e-a7bc-47e1-8985-11ec8178bf13',
  'Speak the presentation out loud and improvise. Test turns of phrases, identify key points that you want to make for each phrase',
  false,
  NOW(),
  NOW()
) ON CONFLICT DO NOTHING; -- Skip if the option already exists

-- Insert option 5 for question 3
INSERT INTO payload.quiz_questions_options (
  id,
  _order,
  _parent_id,
  text,
  is_correct,
  created_at,
  updated_at
) VALUES (
  gen_random_uuid(),
  4,
  '674b680e-a7bc-47e1-8985-11ec8178bf13',
  'Write down the verbal voice over and create a formal script',
  true,
  NOW(),
  NOW()
) ON CONFLICT DO NOTHING; -- Skip if the option already exists

-- Insert option 6 for question 3
INSERT INTO payload.quiz_questions_options (
  id,
  _order,
  _parent_id,
  text,
  is_correct,
  created_at,
  updated_at
) VALUES (
  gen_random_uuid(),
  5,
  '674b680e-a7bc-47e1-8985-11ec8178bf13',
  'Test the length of the presentation. Revise the deck, eliminating or combining slide ideas',
  false,
  NOW(),
  NOW()
) ON CONFLICT DO NOTHING; -- Skip if the option already exists

-- Insert option 7 for question 3
INSERT INTO payload.quiz_questions_options (
  id,
  _order,
  _parent_id,
  text,
  is_correct,
  created_at,
  updated_at
) VALUES (
  gen_random_uuid(),
  6,
  '674b680e-a7bc-47e1-8985-11ec8178bf13',
  'Run through the script a few more times and the put it aside',
  false,
  NOW(),
  NOW()
) ON CONFLICT DO NOTHING; -- Skip if the option already exists

-- Create relationship entry for the question to the quiz
INSERT INTO payload.quiz_questions_rels (
  id,
  _parent_id,
  field,
  value,
  created_at,
  updated_at
) VALUES (
  gen_random_uuid(),
  '674b680e-a7bc-47e1-8985-11ec8178bf13',
  'quiz_id',
  '909a146e-9333-4f1e-b4c4-4d4cb06089ae',
  NOW(),
  NOW()
) ON CONFLICT DO NOTHING; -- Skip if the relationship already exists

-- Create bidirectional relationship entry for the quiz to the question
INSERT INTO payload.course_quizzes_rels (
  id,
  _parent_id,
  field,
  value,
  created_at,
  updated_at
) VALUES (
  gen_random_uuid(),
  '909a146e-9333-4f1e-b4c4-4d4cb06089ae',
  'questions',
  '674b680e-a7bc-47e1-8985-11ec8178bf13',
  NOW(),
  NOW()
) ON CONFLICT DO NOTHING; -- Skip if the relationship already exists

-- Insert question 4 for quiz: Perparation & Practice Quiz
INSERT INTO payload.quiz_questions (
  id,
  question,
  quiz_id,
  quiz_id_id, -- Duplicate field for compatibility
  type,
  explanation,
  "order",
  created_at,
  updated_at
) VALUES (
  '84ff5d8d-8082-4cba-98d6-a1201263219a', -- Generated UUID for the question
  'What is the third step of the recommended preparation process?',
  '909a146e-9333-4f1e-b4c4-4d4cb06089ae', -- Quiz ID
  '909a146e-9333-4f1e-b4c4-4d4cb06089ae', -- Quiz ID (duplicate)
  'single-answer',
  '',
  3,
  NOW(),
  NOW()
) ON CONFLICT (id) DO NOTHING; -- Skip if the question already exists

-- Insert option 1 for question 4
INSERT INTO payload.quiz_questions_options (
  id,
  _order,
  _parent_id,
  text,
  is_correct,
  created_at,
  updated_at
) VALUES (
  gen_random_uuid(),
  0,
  '84ff5d8d-8082-4cba-98d6-a1201263219a',
  'Get a good night sleep and review the script once, maybe twice before the presentation',
  false,
  NOW(),
  NOW()
) ON CONFLICT DO NOTHING; -- Skip if the option already exists

-- Insert option 2 for question 4
INSERT INTO payload.quiz_questions_options (
  id,
  _order,
  _parent_id,
  text,
  is_correct,
  created_at,
  updated_at
) VALUES (
  gen_random_uuid(),
  1,
  '84ff5d8d-8082-4cba-98d6-a1201263219a',
  'Present to someone else. Get feedback',
  false,
  NOW(),
  NOW()
) ON CONFLICT DO NOTHING; -- Skip if the option already exists

-- Insert option 3 for question 4
INSERT INTO payload.quiz_questions_options (
  id,
  _order,
  _parent_id,
  text,
  is_correct,
  created_at,
  updated_at
) VALUES (
  gen_random_uuid(),
  2,
  '84ff5d8d-8082-4cba-98d6-a1201263219a',
  'Run through the presentation two or three time working on length, simplifying language, and identifying likely questions',
  true,
  NOW(),
  NOW()
) ON CONFLICT DO NOTHING; -- Skip if the option already exists

-- Insert option 4 for question 4
INSERT INTO payload.quiz_questions_options (
  id,
  _order,
  _parent_id,
  text,
  is_correct,
  created_at,
  updated_at
) VALUES (
  gen_random_uuid(),
  3,
  '84ff5d8d-8082-4cba-98d6-a1201263219a',
  'Speak the presentation out loud and improvise. Test turns of phrases, identify key points that you want to make for each phrase',
  false,
  NOW(),
  NOW()
) ON CONFLICT DO NOTHING; -- Skip if the option already exists

-- Insert option 5 for question 4
INSERT INTO payload.quiz_questions_options (
  id,
  _order,
  _parent_id,
  text,
  is_correct,
  created_at,
  updated_at
) VALUES (
  gen_random_uuid(),
  4,
  '84ff5d8d-8082-4cba-98d6-a1201263219a',
  'Write down the verbal voice over and create a formal script',
  false,
  NOW(),
  NOW()
) ON CONFLICT DO NOTHING; -- Skip if the option already exists

-- Insert option 6 for question 4
INSERT INTO payload.quiz_questions_options (
  id,
  _order,
  _parent_id,
  text,
  is_correct,
  created_at,
  updated_at
) VALUES (
  gen_random_uuid(),
  5,
  '84ff5d8d-8082-4cba-98d6-a1201263219a',
  'Test the length of the presentation. Revise the deck, eliminating or combining slide ideas',
  false,
  NOW(),
  NOW()
) ON CONFLICT DO NOTHING; -- Skip if the option already exists

-- Insert option 7 for question 4
INSERT INTO payload.quiz_questions_options (
  id,
  _order,
  _parent_id,
  text,
  is_correct,
  created_at,
  updated_at
) VALUES (
  gen_random_uuid(),
  6,
  '84ff5d8d-8082-4cba-98d6-a1201263219a',
  'Run through the script a few more times and the put it aside',
  false,
  NOW(),
  NOW()
) ON CONFLICT DO NOTHING; -- Skip if the option already exists

-- Create relationship entry for the question to the quiz
INSERT INTO payload.quiz_questions_rels (
  id,
  _parent_id,
  field,
  value,
  created_at,
  updated_at
) VALUES (
  gen_random_uuid(),
  '84ff5d8d-8082-4cba-98d6-a1201263219a',
  'quiz_id',
  '909a146e-9333-4f1e-b4c4-4d4cb06089ae',
  NOW(),
  NOW()
) ON CONFLICT DO NOTHING; -- Skip if the relationship already exists

-- Create bidirectional relationship entry for the quiz to the question
INSERT INTO payload.course_quizzes_rels (
  id,
  _parent_id,
  field,
  value,
  created_at,
  updated_at
) VALUES (
  gen_random_uuid(),
  '909a146e-9333-4f1e-b4c4-4d4cb06089ae',
  'questions',
  '84ff5d8d-8082-4cba-98d6-a1201263219a',
  NOW(),
  NOW()
) ON CONFLICT DO NOTHING; -- Skip if the relationship already exists

-- Insert question 5 for quiz: Perparation & Practice Quiz
INSERT INTO payload.quiz_questions (
  id,
  question,
  quiz_id,
  quiz_id_id, -- Duplicate field for compatibility
  type,
  explanation,
  "order",
  created_at,
  updated_at
) VALUES (
  '49d09e32-0367-46ac-a969-54b2868a376d', -- Generated UUID for the question
  'What is the fourth step of the recommended preparation process?',
  '909a146e-9333-4f1e-b4c4-4d4cb06089ae', -- Quiz ID
  '909a146e-9333-4f1e-b4c4-4d4cb06089ae', -- Quiz ID (duplicate)
  'single-answer',
  '',
  4,
  NOW(),
  NOW()
) ON CONFLICT (id) DO NOTHING; -- Skip if the question already exists

-- Insert option 1 for question 5
INSERT INTO payload.quiz_questions_options (
  id,
  _order,
  _parent_id,
  text,
  is_correct,
  created_at,
  updated_at
) VALUES (
  gen_random_uuid(),
  0,
  '49d09e32-0367-46ac-a969-54b2868a376d',
  'Get a good night sleep and review the script once, maybe twice before the presentation',
  false,
  NOW(),
  NOW()
) ON CONFLICT DO NOTHING; -- Skip if the option already exists

-- Insert option 2 for question 5
INSERT INTO payload.quiz_questions_options (
  id,
  _order,
  _parent_id,
  text,
  is_correct,
  created_at,
  updated_at
) VALUES (
  gen_random_uuid(),
  1,
  '49d09e32-0367-46ac-a969-54b2868a376d',
  'Present to someone else. Get feedback',
  false,
  NOW(),
  NOW()
) ON CONFLICT DO NOTHING; -- Skip if the option already exists

-- Insert option 3 for question 5
INSERT INTO payload.quiz_questions_options (
  id,
  _order,
  _parent_id,
  text,
  is_correct,
  created_at,
  updated_at
) VALUES (
  gen_random_uuid(),
  2,
  '49d09e32-0367-46ac-a969-54b2868a376d',
  'Run through the presentation two or three time working on length, simplifying language, and identifying likely questions',
  false,
  NOW(),
  NOW()
) ON CONFLICT DO NOTHING; -- Skip if the option already exists

-- Insert option 4 for question 5
INSERT INTO payload.quiz_questions_options (
  id,
  _order,
  _parent_id,
  text,
  is_correct,
  created_at,
  updated_at
) VALUES (
  gen_random_uuid(),
  3,
  '49d09e32-0367-46ac-a969-54b2868a376d',
  'Speak the presentation out loud and improvise. Test turns of phrases, identify key points that you want to make for each phrase',
  false,
  NOW(),
  NOW()
) ON CONFLICT DO NOTHING; -- Skip if the option already exists

-- Insert option 5 for question 5
INSERT INTO payload.quiz_questions_options (
  id,
  _order,
  _parent_id,
  text,
  is_correct,
  created_at,
  updated_at
) VALUES (
  gen_random_uuid(),
  4,
  '49d09e32-0367-46ac-a969-54b2868a376d',
  'Write down the verbal voice over and create a formal script',
  false,
  NOW(),
  NOW()
) ON CONFLICT DO NOTHING; -- Skip if the option already exists

-- Insert option 6 for question 5
INSERT INTO payload.quiz_questions_options (
  id,
  _order,
  _parent_id,
  text,
  is_correct,
  created_at,
  updated_at
) VALUES (
  gen_random_uuid(),
  5,
  '49d09e32-0367-46ac-a969-54b2868a376d',
  'Test the length of the presentation. Revise the deck, eliminating or combining slide ideas',
  true,
  NOW(),
  NOW()
) ON CONFLICT DO NOTHING; -- Skip if the option already exists

-- Insert option 7 for question 5
INSERT INTO payload.quiz_questions_options (
  id,
  _order,
  _parent_id,
  text,
  is_correct,
  created_at,
  updated_at
) VALUES (
  gen_random_uuid(),
  6,
  '49d09e32-0367-46ac-a969-54b2868a376d',
  'Run through the script a few more times and the put it aside',
  false,
  NOW(),
  NOW()
) ON CONFLICT DO NOTHING; -- Skip if the option already exists

-- Create relationship entry for the question to the quiz
INSERT INTO payload.quiz_questions_rels (
  id,
  _parent_id,
  field,
  value,
  created_at,
  updated_at
) VALUES (
  gen_random_uuid(),
  '49d09e32-0367-46ac-a969-54b2868a376d',
  'quiz_id',
  '909a146e-9333-4f1e-b4c4-4d4cb06089ae',
  NOW(),
  NOW()
) ON CONFLICT DO NOTHING; -- Skip if the relationship already exists

-- Create bidirectional relationship entry for the quiz to the question
INSERT INTO payload.course_quizzes_rels (
  id,
  _parent_id,
  field,
  value,
  created_at,
  updated_at
) VALUES (
  gen_random_uuid(),
  '909a146e-9333-4f1e-b4c4-4d4cb06089ae',
  'questions',
  '49d09e32-0367-46ac-a969-54b2868a376d',
  NOW(),
  NOW()
) ON CONFLICT DO NOTHING; -- Skip if the relationship already exists

-- Insert question 6 for quiz: Perparation & Practice Quiz
INSERT INTO payload.quiz_questions (
  id,
  question,
  quiz_id,
  quiz_id_id, -- Duplicate field for compatibility
  type,
  explanation,
  "order",
  created_at,
  updated_at
) VALUES (
  'c677377d-8990-42b7-a3b0-ede0d8339cea', -- Generated UUID for the question
  'What is the fifth step pf the recommended preparation process?',
  '909a146e-9333-4f1e-b4c4-4d4cb06089ae', -- Quiz ID
  '909a146e-9333-4f1e-b4c4-4d4cb06089ae', -- Quiz ID (duplicate)
  'single-answer',
  '',
  5,
  NOW(),
  NOW()
) ON CONFLICT (id) DO NOTHING; -- Skip if the question already exists

-- Insert option 1 for question 6
INSERT INTO payload.quiz_questions_options (
  id,
  _order,
  _parent_id,
  text,
  is_correct,
  created_at,
  updated_at
) VALUES (
  gen_random_uuid(),
  0,
  'c677377d-8990-42b7-a3b0-ede0d8339cea',
  'Get a good night sleep and review the script once, maybe twice before the presentation',
  false,
  NOW(),
  NOW()
) ON CONFLICT DO NOTHING; -- Skip if the option already exists

-- Insert option 2 for question 6
INSERT INTO payload.quiz_questions_options (
  id,
  _order,
  _parent_id,
  text,
  is_correct,
  created_at,
  updated_at
) VALUES (
  gen_random_uuid(),
  1,
  'c677377d-8990-42b7-a3b0-ede0d8339cea',
  'Present to someone else. Get feedback',
  true,
  NOW(),
  NOW()
) ON CONFLICT DO NOTHING; -- Skip if the option already exists

-- Insert option 3 for question 6
INSERT INTO payload.quiz_questions_options (
  id,
  _order,
  _parent_id,
  text,
  is_correct,
  created_at,
  updated_at
) VALUES (
  gen_random_uuid(),
  2,
  'c677377d-8990-42b7-a3b0-ede0d8339cea',
  'Run through the presentation two or three time working on length, simplifying language, and identifying likely questions',
  false,
  NOW(),
  NOW()
) ON CONFLICT DO NOTHING; -- Skip if the option already exists

-- Insert option 4 for question 6
INSERT INTO payload.quiz_questions_options (
  id,
  _order,
  _parent_id,
  text,
  is_correct,
  created_at,
  updated_at
) VALUES (
  gen_random_uuid(),
  3,
  'c677377d-8990-42b7-a3b0-ede0d8339cea',
  'Speak the presentation out loud and improvise. Test turns of phrases, identify key points that you want to make for each phrase',
  false,
  NOW(),
  NOW()
) ON CONFLICT DO NOTHING; -- Skip if the option already exists

-- Insert option 5 for question 6
INSERT INTO payload.quiz_questions_options (
  id,
  _order,
  _parent_id,
  text,
  is_correct,
  created_at,
  updated_at
) VALUES (
  gen_random_uuid(),
  4,
  'c677377d-8990-42b7-a3b0-ede0d8339cea',
  'Write down the verbal voice over and create a formal script',
  false,
  NOW(),
  NOW()
) ON CONFLICT DO NOTHING; -- Skip if the option already exists

-- Insert option 6 for question 6
INSERT INTO payload.quiz_questions_options (
  id,
  _order,
  _parent_id,
  text,
  is_correct,
  created_at,
  updated_at
) VALUES (
  gen_random_uuid(),
  5,
  'c677377d-8990-42b7-a3b0-ede0d8339cea',
  'Test the length of the presentation. Revise the deck, eliminating or combining slide ideas',
  false,
  NOW(),
  NOW()
) ON CONFLICT DO NOTHING; -- Skip if the option already exists

-- Insert option 7 for question 6
INSERT INTO payload.quiz_questions_options (
  id,
  _order,
  _parent_id,
  text,
  is_correct,
  created_at,
  updated_at
) VALUES (
  gen_random_uuid(),
  6,
  'c677377d-8990-42b7-a3b0-ede0d8339cea',
  'Run through the script a few more times and the put it aside',
  false,
  NOW(),
  NOW()
) ON CONFLICT DO NOTHING; -- Skip if the option already exists

-- Create relationship entry for the question to the quiz
INSERT INTO payload.quiz_questions_rels (
  id,
  _parent_id,
  field,
  value,
  created_at,
  updated_at
) VALUES (
  gen_random_uuid(),
  'c677377d-8990-42b7-a3b0-ede0d8339cea',
  'quiz_id',
  '909a146e-9333-4f1e-b4c4-4d4cb06089ae',
  NOW(),
  NOW()
) ON CONFLICT DO NOTHING; -- Skip if the relationship already exists

-- Create bidirectional relationship entry for the quiz to the question
INSERT INTO payload.course_quizzes_rels (
  id,
  _parent_id,
  field,
  value,
  created_at,
  updated_at
) VALUES (
  gen_random_uuid(),
  '909a146e-9333-4f1e-b4c4-4d4cb06089ae',
  'questions',
  'c677377d-8990-42b7-a3b0-ede0d8339cea',
  NOW(),
  NOW()
) ON CONFLICT DO NOTHING; -- Skip if the relationship already exists

-- Insert question 7 for quiz: Perparation & Practice Quiz
INSERT INTO payload.quiz_questions (
  id,
  question,
  quiz_id,
  quiz_id_id, -- Duplicate field for compatibility
  type,
  explanation,
  "order",
  created_at,
  updated_at
) VALUES (
  '8f7b2163-a0f3-4667-bcc7-a4a5b187e100', -- Generated UUID for the question
  'What is the sixth step of the recommended preparation process?',
  '909a146e-9333-4f1e-b4c4-4d4cb06089ae', -- Quiz ID
  '909a146e-9333-4f1e-b4c4-4d4cb06089ae', -- Quiz ID (duplicate)
  'single-answer',
  '',
  6,
  NOW(),
  NOW()
) ON CONFLICT (id) DO NOTHING; -- Skip if the question already exists

-- Insert option 1 for question 7
INSERT INTO payload.quiz_questions_options (
  id,
  _order,
  _parent_id,
  text,
  is_correct,
  created_at,
  updated_at
) VALUES (
  gen_random_uuid(),
  0,
  '8f7b2163-a0f3-4667-bcc7-a4a5b187e100',
  'Get a good night sleep and review the script once, maybe twice before the presentation',
  false,
  NOW(),
  NOW()
) ON CONFLICT DO NOTHING; -- Skip if the option already exists

-- Insert option 2 for question 7
INSERT INTO payload.quiz_questions_options (
  id,
  _order,
  _parent_id,
  text,
  is_correct,
  created_at,
  updated_at
) VALUES (
  gen_random_uuid(),
  1,
  '8f7b2163-a0f3-4667-bcc7-a4a5b187e100',
  'Present to someone else. Get feedback',
  false,
  NOW(),
  NOW()
) ON CONFLICT DO NOTHING; -- Skip if the option already exists

-- Insert option 3 for question 7
INSERT INTO payload.quiz_questions_options (
  id,
  _order,
  _parent_id,
  text,
  is_correct,
  created_at,
  updated_at
) VALUES (
  gen_random_uuid(),
  2,
  '8f7b2163-a0f3-4667-bcc7-a4a5b187e100',
  'Run through the presentation two or three time working on length, simplifying language, and identifying likely questions',
  false,
  NOW(),
  NOW()
) ON CONFLICT DO NOTHING; -- Skip if the option already exists

-- Insert option 4 for question 7
INSERT INTO payload.quiz_questions_options (
  id,
  _order,
  _parent_id,
  text,
  is_correct,
  created_at,
  updated_at
) VALUES (
  gen_random_uuid(),
  3,
  '8f7b2163-a0f3-4667-bcc7-a4a5b187e100',
  'Speak the presentation out loud and improvise. Test turns of phrases, identify key points that you want to make for each phrase',
  false,
  NOW(),
  NOW()
) ON CONFLICT DO NOTHING; -- Skip if the option already exists

-- Insert option 5 for question 7
INSERT INTO payload.quiz_questions_options (
  id,
  _order,
  _parent_id,
  text,
  is_correct,
  created_at,
  updated_at
) VALUES (
  gen_random_uuid(),
  4,
  '8f7b2163-a0f3-4667-bcc7-a4a5b187e100',
  'Write down the verbal voice over and create a formal script',
  false,
  NOW(),
  NOW()
) ON CONFLICT DO NOTHING; -- Skip if the option already exists

-- Insert option 6 for question 7
INSERT INTO payload.quiz_questions_options (
  id,
  _order,
  _parent_id,
  text,
  is_correct,
  created_at,
  updated_at
) VALUES (
  gen_random_uuid(),
  5,
  '8f7b2163-a0f3-4667-bcc7-a4a5b187e100',
  'Test the length of the presentation. Revise the deck, eliminating or combining slide ideas',
  false,
  NOW(),
  NOW()
) ON CONFLICT DO NOTHING; -- Skip if the option already exists

-- Insert option 7 for question 7
INSERT INTO payload.quiz_questions_options (
  id,
  _order,
  _parent_id,
  text,
  is_correct,
  created_at,
  updated_at
) VALUES (
  gen_random_uuid(),
  6,
  '8f7b2163-a0f3-4667-bcc7-a4a5b187e100',
  'Run through the script a few more times and the put it aside',
  true,
  NOW(),
  NOW()
) ON CONFLICT DO NOTHING; -- Skip if the option already exists

-- Create relationship entry for the question to the quiz
INSERT INTO payload.quiz_questions_rels (
  id,
  _parent_id,
  field,
  value,
  created_at,
  updated_at
) VALUES (
  gen_random_uuid(),
  '8f7b2163-a0f3-4667-bcc7-a4a5b187e100',
  'quiz_id',
  '909a146e-9333-4f1e-b4c4-4d4cb06089ae',
  NOW(),
  NOW()
) ON CONFLICT DO NOTHING; -- Skip if the relationship already exists

-- Create bidirectional relationship entry for the quiz to the question
INSERT INTO payload.course_quizzes_rels (
  id,
  _parent_id,
  field,
  value,
  created_at,
  updated_at
) VALUES (
  gen_random_uuid(),
  '909a146e-9333-4f1e-b4c4-4d4cb06089ae',
  'questions',
  '8f7b2163-a0f3-4667-bcc7-a4a5b187e100',
  NOW(),
  NOW()
) ON CONFLICT DO NOTHING; -- Skip if the relationship already exists

-- Insert question 8 for quiz: Perparation & Practice Quiz
INSERT INTO payload.quiz_questions (
  id,
  question,
  quiz_id,
  quiz_id_id, -- Duplicate field for compatibility
  type,
  explanation,
  "order",
  created_at,
  updated_at
) VALUES (
  'cb7c0b24-4926-42e4-ac50-457f74352d02', -- Generated UUID for the question
  'What is the seventh step of the recommended preparation process?',
  '909a146e-9333-4f1e-b4c4-4d4cb06089ae', -- Quiz ID
  '909a146e-9333-4f1e-b4c4-4d4cb06089ae', -- Quiz ID (duplicate)
  'single-answer',
  '',
  7,
  NOW(),
  NOW()
) ON CONFLICT (id) DO NOTHING; -- Skip if the question already exists

-- Insert option 1 for question 8
INSERT INTO payload.quiz_questions_options (
  id,
  _order,
  _parent_id,
  text,
  is_correct,
  created_at,
  updated_at
) VALUES (
  gen_random_uuid(),
  0,
  'cb7c0b24-4926-42e4-ac50-457f74352d02',
  'Get a good night sleep and review the script once, maybe twice before the presentation',
  true,
  NOW(),
  NOW()
) ON CONFLICT DO NOTHING; -- Skip if the option already exists

-- Insert option 2 for question 8
INSERT INTO payload.quiz_questions_options (
  id,
  _order,
  _parent_id,
  text,
  is_correct,
  created_at,
  updated_at
) VALUES (
  gen_random_uuid(),
  1,
  'cb7c0b24-4926-42e4-ac50-457f74352d02',
  'Present to someone else. Get feedback',
  false,
  NOW(),
  NOW()
) ON CONFLICT DO NOTHING; -- Skip if the option already exists

-- Insert option 3 for question 8
INSERT INTO payload.quiz_questions_options (
  id,
  _order,
  _parent_id,
  text,
  is_correct,
  created_at,
  updated_at
) VALUES (
  gen_random_uuid(),
  2,
  'cb7c0b24-4926-42e4-ac50-457f74352d02',
  'Run through the presentation two or three time working on length, simplifying language, and identifying likely questions',
  false,
  NOW(),
  NOW()
) ON CONFLICT DO NOTHING; -- Skip if the option already exists

-- Insert option 4 for question 8
INSERT INTO payload.quiz_questions_options (
  id,
  _order,
  _parent_id,
  text,
  is_correct,
  created_at,
  updated_at
) VALUES (
  gen_random_uuid(),
  3,
  'cb7c0b24-4926-42e4-ac50-457f74352d02',
  'Speak the presentation out loud and improvise. Test turns of phrases, identify key points that you want to make for each phrase',
  false,
  NOW(),
  NOW()
) ON CONFLICT DO NOTHING; -- Skip if the option already exists

-- Insert option 5 for question 8
INSERT INTO payload.quiz_questions_options (
  id,
  _order,
  _parent_id,
  text,
  is_correct,
  created_at,
  updated_at
) VALUES (
  gen_random_uuid(),
  4,
  'cb7c0b24-4926-42e4-ac50-457f74352d02',
  'Write down the verbal voice over and create a formal script',
  false,
  NOW(),
  NOW()
) ON CONFLICT DO NOTHING; -- Skip if the option already exists

-- Insert option 6 for question 8
INSERT INTO payload.quiz_questions_options (
  id,
  _order,
  _parent_id,
  text,
  is_correct,
  created_at,
  updated_at
) VALUES (
  gen_random_uuid(),
  5,
  'cb7c0b24-4926-42e4-ac50-457f74352d02',
  'Test the length of the presentation. Revise the deck, eliminating or combining slide ideas',
  false,
  NOW(),
  NOW()
) ON CONFLICT DO NOTHING; -- Skip if the option already exists

-- Insert option 7 for question 8
INSERT INTO payload.quiz_questions_options (
  id,
  _order,
  _parent_id,
  text,
  is_correct,
  created_at,
  updated_at
) VALUES (
  gen_random_uuid(),
  6,
  'cb7c0b24-4926-42e4-ac50-457f74352d02',
  'Run through the script a few more times and the put it aside',
  false,
  NOW(),
  NOW()
) ON CONFLICT DO NOTHING; -- Skip if the option already exists

-- Create relationship entry for the question to the quiz
INSERT INTO payload.quiz_questions_rels (
  id,
  _parent_id,
  field,
  value,
  created_at,
  updated_at
) VALUES (
  gen_random_uuid(),
  'cb7c0b24-4926-42e4-ac50-457f74352d02',
  'quiz_id',
  '909a146e-9333-4f1e-b4c4-4d4cb06089ae',
  NOW(),
  NOW()
) ON CONFLICT DO NOTHING; -- Skip if the relationship already exists

-- Create bidirectional relationship entry for the quiz to the question
INSERT INTO payload.course_quizzes_rels (
  id,
  _parent_id,
  field,
  value,
  created_at,
  updated_at
) VALUES (
  gen_random_uuid(),
  '909a146e-9333-4f1e-b4c4-4d4cb06089ae',
  'questions',
  'cb7c0b24-4926-42e4-ac50-457f74352d02',
  NOW(),
  NOW()
) ON CONFLICT DO NOTHING; -- Skip if the relationship already exists

-- Questions for quiz: Slide Composition Quiz (slide-composition-quiz, ID: 83269a98-714e-4c9b-b1ab-008942ee3cbc)
-- Insert question 1 for quiz: Slide Composition Quiz
INSERT INTO payload.quiz_questions (
  id,
  question,
  quiz_id,
  quiz_id_id, -- Duplicate field for compatibility
  type,
  explanation,
  "order",
  created_at,
  updated_at
) VALUES (
  'd204f424-f925-42c0-830d-1a6527f0ccca', -- Generated UUID for the question
  'What goes in the headline?',
  '83269a98-714e-4c9b-b1ab-008942ee3cbc', -- Quiz ID
  '83269a98-714e-4c9b-b1ab-008942ee3cbc', -- Quiz ID (duplicate)
  'single-answer',
  '',
  0,
  NOW(),
  NOW()
) ON CONFLICT (id) DO NOTHING; -- Skip if the question already exists

-- Insert option 1 for question 1
INSERT INTO payload.quiz_questions_options (
  id,
  _order,
  _parent_id,
  text,
  is_correct,
  created_at,
  updated_at
) VALUES (
  gen_random_uuid(),
  0,
  'd204f424-f925-42c0-830d-1a6527f0ccca',
  'Your footnotes',
  false,
  NOW(),
  NOW()
) ON CONFLICT DO NOTHING; -- Skip if the option already exists

-- Insert option 2 for question 1
INSERT INTO payload.quiz_questions_options (
  id,
  _order,
  _parent_id,
  text,
  is_correct,
  created_at,
  updated_at
) VALUES (
  gen_random_uuid(),
  1,
  'd204f424-f925-42c0-830d-1a6527f0ccca',
  'Your voice-over script',
  false,
  NOW(),
  NOW()
) ON CONFLICT DO NOTHING; -- Skip if the option already exists

-- Insert option 3 for question 1
INSERT INTO payload.quiz_questions_options (
  id,
  _order,
  _parent_id,
  text,
  is_correct,
  created_at,
  updated_at
) VALUES (
  gen_random_uuid(),
  2,
  'd204f424-f925-42c0-830d-1a6527f0ccca',
  'Your slide title',
  false,
  NOW(),
  NOW()
) ON CONFLICT DO NOTHING; -- Skip if the option already exists

-- Insert option 4 for question 1
INSERT INTO payload.quiz_questions_options (
  id,
  _order,
  _parent_id,
  text,
  is_correct,
  created_at,
  updated_at
) VALUES (
  gen_random_uuid(),
  3,
  'd204f424-f925-42c0-830d-1a6527f0ccca',
  'The main message of the slide',
  true,
  NOW(),
  NOW()
) ON CONFLICT DO NOTHING; -- Skip if the option already exists

-- Create relationship entry for the question to the quiz
INSERT INTO payload.quiz_questions_rels (
  id,
  _parent_id,
  field,
  value,
  created_at,
  updated_at
) VALUES (
  gen_random_uuid(),
  'd204f424-f925-42c0-830d-1a6527f0ccca',
  'quiz_id',
  '83269a98-714e-4c9b-b1ab-008942ee3cbc',
  NOW(),
  NOW()
) ON CONFLICT DO NOTHING; -- Skip if the relationship already exists

-- Create bidirectional relationship entry for the quiz to the question
INSERT INTO payload.course_quizzes_rels (
  id,
  _parent_id,
  field,
  value,
  created_at,
  updated_at
) VALUES (
  gen_random_uuid(),
  '83269a98-714e-4c9b-b1ab-008942ee3cbc',
  'questions',
  'd204f424-f925-42c0-830d-1a6527f0ccca',
  NOW(),
  NOW()
) ON CONFLICT DO NOTHING; -- Skip if the relationship already exists

-- Insert question 2 for quiz: Slide Composition Quiz
INSERT INTO payload.quiz_questions (
  id,
  question,
  quiz_id,
  quiz_id_id, -- Duplicate field for compatibility
  type,
  explanation,
  "order",
  created_at,
  updated_at
) VALUES (
  '047c4227-6cc0-4368-a701-b231a4bde794', -- Generated UUID for the question
  'What goes in the body of the slide?',
  '83269a98-714e-4c9b-b1ab-008942ee3cbc', -- Quiz ID
  '83269a98-714e-4c9b-b1ab-008942ee3cbc', -- Quiz ID (duplicate)
  'single-answer',
  '',
  1,
  NOW(),
  NOW()
) ON CONFLICT (id) DO NOTHING; -- Skip if the question already exists

-- Insert option 1 for question 2
INSERT INTO payload.quiz_questions_options (
  id,
  _order,
  _parent_id,
  text,
  is_correct,
  created_at,
  updated_at
) VALUES (
  gen_random_uuid(),
  0,
  '047c4227-6cc0-4368-a701-b231a4bde794',
  'The supporting evidence that supports the main message',
  true,
  NOW(),
  NOW()
) ON CONFLICT DO NOTHING; -- Skip if the option already exists

-- Insert option 2 for question 2
INSERT INTO payload.quiz_questions_options (
  id,
  _order,
  _parent_id,
  text,
  is_correct,
  created_at,
  updated_at
) VALUES (
  gen_random_uuid(),
  1,
  '047c4227-6cc0-4368-a701-b231a4bde794',
  'Text',
  false,
  NOW(),
  NOW()
) ON CONFLICT DO NOTHING; -- Skip if the option already exists

-- Insert option 3 for question 2
INSERT INTO payload.quiz_questions_options (
  id,
  _order,
  _parent_id,
  text,
  is_correct,
  created_at,
  updated_at
) VALUES (
  gen_random_uuid(),
  2,
  '047c4227-6cc0-4368-a701-b231a4bde794',
  'Charts',
  false,
  NOW(),
  NOW()
) ON CONFLICT DO NOTHING; -- Skip if the option already exists

-- Insert option 4 for question 2
INSERT INTO payload.quiz_questions_options (
  id,
  _order,
  _parent_id,
  text,
  is_correct,
  created_at,
  updated_at
) VALUES (
  gen_random_uuid(),
  3,
  '047c4227-6cc0-4368-a701-b231a4bde794',
  'Clip art',
  false,
  NOW(),
  NOW()
) ON CONFLICT DO NOTHING; -- Skip if the option already exists

-- Create relationship entry for the question to the quiz
INSERT INTO payload.quiz_questions_rels (
  id,
  _parent_id,
  field,
  value,
  created_at,
  updated_at
) VALUES (
  gen_random_uuid(),
  '047c4227-6cc0-4368-a701-b231a4bde794',
  'quiz_id',
  '83269a98-714e-4c9b-b1ab-008942ee3cbc',
  NOW(),
  NOW()
) ON CONFLICT DO NOTHING; -- Skip if the relationship already exists

-- Create bidirectional relationship entry for the quiz to the question
INSERT INTO payload.course_quizzes_rels (
  id,
  _parent_id,
  field,
  value,
  created_at,
  updated_at
) VALUES (
  gen_random_uuid(),
  '83269a98-714e-4c9b-b1ab-008942ee3cbc',
  'questions',
  '047c4227-6cc0-4368-a701-b231a4bde794',
  NOW(),
  NOW()
) ON CONFLICT DO NOTHING; -- Skip if the relationship already exists

-- Insert question 3 for quiz: Slide Composition Quiz
INSERT INTO payload.quiz_questions (
  id,
  question,
  quiz_id,
  quiz_id_id, -- Duplicate field for compatibility
  type,
  explanation,
  "order",
  created_at,
  updated_at
) VALUES (
  '8fdc9b3a-0f69-427d-bbbb-6f0c19c3d6b1', -- Generated UUID for the question
  'What is a swipe file?',
  '83269a98-714e-4c9b-b1ab-008942ee3cbc', -- Quiz ID
  '83269a98-714e-4c9b-b1ab-008942ee3cbc', -- Quiz ID (duplicate)
  'single-answer',
  '',
  2,
  NOW(),
  NOW()
) ON CONFLICT (id) DO NOTHING; -- Skip if the question already exists

-- Insert option 1 for question 3
INSERT INTO payload.quiz_questions_options (
  id,
  _order,
  _parent_id,
  text,
  is_correct,
  created_at,
  updated_at
) VALUES (
  gen_random_uuid(),
  0,
  '8fdc9b3a-0f69-427d-bbbb-6f0c19c3d6b1',
  'Collection of useful slide designs and frameworks that you can utilize for inspiration',
  true,
  NOW(),
  NOW()
) ON CONFLICT DO NOTHING; -- Skip if the option already exists

-- Insert option 2 for question 3
INSERT INTO payload.quiz_questions_options (
  id,
  _order,
  _parent_id,
  text,
  is_correct,
  created_at,
  updated_at
) VALUES (
  gen_random_uuid(),
  1,
  '8fdc9b3a-0f69-427d-bbbb-6f0c19c3d6b1',
  'Hacker code to get free templates',
  false,
  NOW(),
  NOW()
) ON CONFLICT DO NOTHING; -- Skip if the option already exists

-- Insert option 3 for question 3
INSERT INTO payload.quiz_questions_options (
  id,
  _order,
  _parent_id,
  text,
  is_correct,
  created_at,
  updated_at
) VALUES (
  gen_random_uuid(),
  2,
  '8fdc9b3a-0f69-427d-bbbb-6f0c19c3d6b1',
  'Where you store illicit data',
  false,
  NOW(),
  NOW()
) ON CONFLICT DO NOTHING; -- Skip if the option already exists

-- Insert option 4 for question 3
INSERT INTO payload.quiz_questions_options (
  id,
  _order,
  _parent_id,
  text,
  is_correct,
  created_at,
  updated_at
) VALUES (
  gen_random_uuid(),
  3,
  '8fdc9b3a-0f69-427d-bbbb-6f0c19c3d6b1',
  'Another name for a garbage can',
  false,
  NOW(),
  NOW()
) ON CONFLICT DO NOTHING; -- Skip if the option already exists

-- Create relationship entry for the question to the quiz
INSERT INTO payload.quiz_questions_rels (
  id,
  _parent_id,
  field,
  value,
  created_at,
  updated_at
) VALUES (
  gen_random_uuid(),
  '8fdc9b3a-0f69-427d-bbbb-6f0c19c3d6b1',
  'quiz_id',
  '83269a98-714e-4c9b-b1ab-008942ee3cbc',
  NOW(),
  NOW()
) ON CONFLICT DO NOTHING; -- Skip if the relationship already exists

-- Create bidirectional relationship entry for the quiz to the question
INSERT INTO payload.course_quizzes_rels (
  id,
  _parent_id,
  field,
  value,
  created_at,
  updated_at
) VALUES (
  gen_random_uuid(),
  '83269a98-714e-4c9b-b1ab-008942ee3cbc',
  'questions',
  '8fdc9b3a-0f69-427d-bbbb-6f0c19c3d6b1',
  NOW(),
  NOW()
) ON CONFLICT DO NOTHING; -- Skip if the relationship already exists

-- Insert question 4 for quiz: Slide Composition Quiz
INSERT INTO payload.quiz_questions (
  id,
  question,
  quiz_id,
  quiz_id_id, -- Duplicate field for compatibility
  type,
  explanation,
  "order",
  created_at,
  updated_at
) VALUES (
  '773a921b-a0ba-4e63-bb55-d0e3367ba170', -- Generated UUID for the question
  'When is the best time to use clip art?',
  '83269a98-714e-4c9b-b1ab-008942ee3cbc', -- Quiz ID
  '83269a98-714e-4c9b-b1ab-008942ee3cbc', -- Quiz ID (duplicate)
  'single-answer',
  '',
  3,
  NOW(),
  NOW()
) ON CONFLICT (id) DO NOTHING; -- Skip if the question already exists

-- Insert option 1 for question 4
INSERT INTO payload.quiz_questions_options (
  id,
  _order,
  _parent_id,
  text,
  is_correct,
  created_at,
  updated_at
) VALUES (
  gen_random_uuid(),
  0,
  '773a921b-a0ba-4e63-bb55-d0e3367ba170',
  'Never',
  true,
  NOW(),
  NOW()
) ON CONFLICT DO NOTHING; -- Skip if the option already exists

-- Insert option 2 for question 4
INSERT INTO payload.quiz_questions_options (
  id,
  _order,
  _parent_id,
  text,
  is_correct,
  created_at,
  updated_at
) VALUES (
  gen_random_uuid(),
  1,
  '773a921b-a0ba-4e63-bb55-d0e3367ba170',
  'In marketing and sales presentations, but not in finance presentations',
  false,
  NOW(),
  NOW()
) ON CONFLICT DO NOTHING; -- Skip if the option already exists

-- Insert option 3 for question 4
INSERT INTO payload.quiz_questions_options (
  id,
  _order,
  _parent_id,
  text,
  is_correct,
  created_at,
  updated_at
) VALUES (
  gen_random_uuid(),
  2,
  '773a921b-a0ba-4e63-bb55-d0e3367ba170',
  'No restrictions',
  false,
  NOW(),
  NOW()
) ON CONFLICT DO NOTHING; -- Skip if the option already exists

-- Insert option 4 for question 4
INSERT INTO payload.quiz_questions_options (
  id,
  _order,
  _parent_id,
  text,
  is_correct,
  created_at,
  updated_at
) VALUES (
  gen_random_uuid(),
  3,
  '773a921b-a0ba-4e63-bb55-d0e3367ba170',
  'When the clip art is of a cute cat',
  false,
  NOW(),
  NOW()
) ON CONFLICT DO NOTHING; -- Skip if the option already exists

-- Create relationship entry for the question to the quiz
INSERT INTO payload.quiz_questions_rels (
  id,
  _parent_id,
  field,
  value,
  created_at,
  updated_at
) VALUES (
  gen_random_uuid(),
  '773a921b-a0ba-4e63-bb55-d0e3367ba170',
  'quiz_id',
  '83269a98-714e-4c9b-b1ab-008942ee3cbc',
  NOW(),
  NOW()
) ON CONFLICT DO NOTHING; -- Skip if the relationship already exists

-- Create bidirectional relationship entry for the quiz to the question
INSERT INTO payload.course_quizzes_rels (
  id,
  _parent_id,
  field,
  value,
  created_at,
  updated_at
) VALUES (
  gen_random_uuid(),
  '83269a98-714e-4c9b-b1ab-008942ee3cbc',
  'questions',
  '773a921b-a0ba-4e63-bb55-d0e3367ba170',
  NOW(),
  NOW()
) ON CONFLICT DO NOTHING; -- Skip if the relationship already exists

-- Insert question 5 for quiz: Slide Composition Quiz
INSERT INTO payload.quiz_questions (
  id,
  question,
  quiz_id,
  quiz_id_id, -- Duplicate field for compatibility
  type,
  explanation,
  "order",
  created_at,
  updated_at
) VALUES (
  'f3ed59d7-55f2-43d0-909c-3d015817a9ab', -- Generated UUID for the question
  'What elements can be repeated on all slides?',
  '83269a98-714e-4c9b-b1ab-008942ee3cbc', -- Quiz ID
  '83269a98-714e-4c9b-b1ab-008942ee3cbc', -- Quiz ID (duplicate)
  'multi-answer',
  '',
  4,
  NOW(),
  NOW()
) ON CONFLICT (id) DO NOTHING; -- Skip if the question already exists

-- Insert option 1 for question 5
INSERT INTO payload.quiz_questions_options (
  id,
  _order,
  _parent_id,
  text,
  is_correct,
  created_at,
  updated_at
) VALUES (
  gen_random_uuid(),
  0,
  'f3ed59d7-55f2-43d0-909c-3d015817a9ab',
  'Company logo',
  false,
  NOW(),
  NOW()
) ON CONFLICT DO NOTHING; -- Skip if the option already exists

-- Insert option 2 for question 5
INSERT INTO payload.quiz_questions_options (
  id,
  _order,
  _parent_id,
  text,
  is_correct,
  created_at,
  updated_at
) VALUES (
  gen_random_uuid(),
  1,
  'f3ed59d7-55f2-43d0-909c-3d015817a9ab',
  'Location for a headline',
  true,
  NOW(),
  NOW()
) ON CONFLICT DO NOTHING; -- Skip if the option already exists

-- Insert option 3 for question 5
INSERT INTO payload.quiz_questions_options (
  id,
  _order,
  _parent_id,
  text,
  is_correct,
  created_at,
  updated_at
) VALUES (
  gen_random_uuid(),
  2,
  'f3ed59d7-55f2-43d0-909c-3d015817a9ab',
  'Location for footnotes',
  true,
  NOW(),
  NOW()
) ON CONFLICT DO NOTHING; -- Skip if the option already exists

-- Insert option 4 for question 5
INSERT INTO payload.quiz_questions_options (
  id,
  _order,
  _parent_id,
  text,
  is_correct,
  created_at,
  updated_at
) VALUES (
  gen_random_uuid(),
  3,
  'f3ed59d7-55f2-43d0-909c-3d015817a9ab',
  'Trademark and confidentiality messages',
  false,
  NOW(),
  NOW()
) ON CONFLICT DO NOTHING; -- Skip if the option already exists

-- Insert option 5 for question 5
INSERT INTO payload.quiz_questions_options (
  id,
  _order,
  _parent_id,
  text,
  is_correct,
  created_at,
  updated_at
) VALUES (
  gen_random_uuid(),
  4,
  'f3ed59d7-55f2-43d0-909c-3d015817a9ab',
  'Banners',
  false,
  NOW(),
  NOW()
) ON CONFLICT DO NOTHING; -- Skip if the option already exists

-- Insert option 6 for question 5
INSERT INTO payload.quiz_questions_options (
  id,
  _order,
  _parent_id,
  text,
  is_correct,
  created_at,
  updated_at
) VALUES (
  gen_random_uuid(),
  5,
  'f3ed59d7-55f2-43d0-909c-3d015817a9ab',
  'Location  for page numbers',
  true,
  NOW(),
  NOW()
) ON CONFLICT DO NOTHING; -- Skip if the option already exists

-- Create relationship entry for the question to the quiz
INSERT INTO payload.quiz_questions_rels (
  id,
  _parent_id,
  field,
  value,
  created_at,
  updated_at
) VALUES (
  gen_random_uuid(),
  'f3ed59d7-55f2-43d0-909c-3d015817a9ab',
  'quiz_id',
  '83269a98-714e-4c9b-b1ab-008942ee3cbc',
  NOW(),
  NOW()
) ON CONFLICT DO NOTHING; -- Skip if the relationship already exists

-- Create bidirectional relationship entry for the quiz to the question
INSERT INTO payload.course_quizzes_rels (
  id,
  _parent_id,
  field,
  value,
  created_at,
  updated_at
) VALUES (
  gen_random_uuid(),
  '83269a98-714e-4c9b-b1ab-008942ee3cbc',
  'questions',
  'f3ed59d7-55f2-43d0-909c-3d015817a9ab',
  NOW(),
  NOW()
) ON CONFLICT DO NOTHING; -- Skip if the relationship already exists

-- Questions for quiz: Specialist Graphs Quiz (specialist-graphs-quiz, ID: 8f9a2d07-d96c-4707-b5d3-9df575267b34)
-- Insert question 1 for quiz: Specialist Graphs Quiz
INSERT INTO payload.quiz_questions (
  id,
  question,
  quiz_id,
  quiz_id_id, -- Duplicate field for compatibility
  type,
  explanation,
  "order",
  created_at,
  updated_at
) VALUES (
  '92424e3a-c26e-4955-b2d6-5c5912f7f14a', -- Generated UUID for the question
  'What do we use Tornado diagrams for?',
  '8f9a2d07-d96c-4707-b5d3-9df575267b34', -- Quiz ID
  '8f9a2d07-d96c-4707-b5d3-9df575267b34', -- Quiz ID (duplicate)
  'single-answer',
  '',
  0,
  NOW(),
  NOW()
) ON CONFLICT (id) DO NOTHING; -- Skip if the question already exists

-- Insert option 1 for question 1
INSERT INTO payload.quiz_questions_options (
  id,
  _order,
  _parent_id,
  text,
  is_correct,
  created_at,
  updated_at
) VALUES (
  gen_random_uuid(),
  0,
  '92424e3a-c26e-4955-b2d6-5c5912f7f14a',
  'Composition of markets',
  false,
  NOW(),
  NOW()
) ON CONFLICT DO NOTHING; -- Skip if the option already exists

-- Insert option 2 for question 1
INSERT INTO payload.quiz_questions_options (
  id,
  _order,
  _parent_id,
  text,
  is_correct,
  created_at,
  updated_at
) VALUES (
  gen_random_uuid(),
  1,
  '92424e3a-c26e-4955-b2d6-5c5912f7f14a',
  'Nominal comparison',
  false,
  NOW(),
  NOW()
) ON CONFLICT DO NOTHING; -- Skip if the option already exists

-- Insert option 3 for question 1
INSERT INTO payload.quiz_questions_options (
  id,
  _order,
  _parent_id,
  text,
  is_correct,
  created_at,
  updated_at
) VALUES (
  gen_random_uuid(),
  2,
  '92424e3a-c26e-4955-b2d6-5c5912f7f14a',
  'Sensitivity analysis',
  true,
  NOW(),
  NOW()
) ON CONFLICT DO NOTHING; -- Skip if the option already exists

-- Insert option 4 for question 1
INSERT INTO payload.quiz_questions_options (
  id,
  _order,
  _parent_id,
  text,
  is_correct,
  created_at,
  updated_at
) VALUES (
  gen_random_uuid(),
  3,
  '92424e3a-c26e-4955-b2d6-5c5912f7f14a',
  'To display how several variables change over time',
  false,
  NOW(),
  NOW()
) ON CONFLICT DO NOTHING; -- Skip if the option already exists

-- Create relationship entry for the question to the quiz
INSERT INTO payload.quiz_questions_rels (
  id,
  _parent_id,
  field,
  value,
  created_at,
  updated_at
) VALUES (
  gen_random_uuid(),
  '92424e3a-c26e-4955-b2d6-5c5912f7f14a',
  'quiz_id',
  '8f9a2d07-d96c-4707-b5d3-9df575267b34',
  NOW(),
  NOW()
) ON CONFLICT DO NOTHING; -- Skip if the relationship already exists

-- Create bidirectional relationship entry for the quiz to the question
INSERT INTO payload.course_quizzes_rels (
  id,
  _parent_id,
  field,
  value,
  created_at,
  updated_at
) VALUES (
  gen_random_uuid(),
  '8f9a2d07-d96c-4707-b5d3-9df575267b34',
  'questions',
  '92424e3a-c26e-4955-b2d6-5c5912f7f14a',
  NOW(),
  NOW()
) ON CONFLICT DO NOTHING; -- Skip if the relationship already exists

-- Insert question 2 for quiz: Specialist Graphs Quiz
INSERT INTO payload.quiz_questions (
  id,
  question,
  quiz_id,
  quiz_id_id, -- Duplicate field for compatibility
  type,
  explanation,
  "order",
  created_at,
  updated_at
) VALUES (
  'd3d061ab-d7a8-4cbf-bd25-52e16df4f9de', -- Generated UUID for the question
  'When do we use a Bubble Chart?',
  '8f9a2d07-d96c-4707-b5d3-9df575267b34', -- Quiz ID
  '8f9a2d07-d96c-4707-b5d3-9df575267b34', -- Quiz ID (duplicate)
  'single-answer',
  '',
  1,
  NOW(),
  NOW()
) ON CONFLICT (id) DO NOTHING; -- Skip if the question already exists

-- Insert option 1 for question 2
INSERT INTO payload.quiz_questions_options (
  id,
  _order,
  _parent_id,
  text,
  is_correct,
  created_at,
  updated_at
) VALUES (
  gen_random_uuid(),
  0,
  'd3d061ab-d7a8-4cbf-bd25-52e16df4f9de',
  'For nominal comparisons',
  false,
  NOW(),
  NOW()
) ON CONFLICT DO NOTHING; -- Skip if the option already exists

-- Insert option 2 for question 2
INSERT INTO payload.quiz_questions_options (
  id,
  _order,
  _parent_id,
  text,
  is_correct,
  created_at,
  updated_at
) VALUES (
  gen_random_uuid(),
  1,
  'd3d061ab-d7a8-4cbf-bd25-52e16df4f9de',
  'When your scatter plot is ugly',
  false,
  NOW(),
  NOW()
) ON CONFLICT DO NOTHING; -- Skip if the option already exists

-- Insert option 3 for question 2
INSERT INTO payload.quiz_questions_options (
  id,
  _order,
  _parent_id,
  text,
  is_correct,
  created_at,
  updated_at
) VALUES (
  gen_random_uuid(),
  2,
  'd3d061ab-d7a8-4cbf-bd25-52e16df4f9de',
  'When you want to show three variables',
  true,
  NOW(),
  NOW()
) ON CONFLICT DO NOTHING; -- Skip if the option already exists

-- Insert option 4 for question 2
INSERT INTO payload.quiz_questions_options (
  id,
  _order,
  _parent_id,
  text,
  is_correct,
  created_at,
  updated_at
) VALUES (
  gen_random_uuid(),
  3,
  'd3d061ab-d7a8-4cbf-bd25-52e16df4f9de',
  'To show a time series',
  false,
  NOW(),
  NOW()
) ON CONFLICT DO NOTHING; -- Skip if the option already exists

-- Create relationship entry for the question to the quiz
INSERT INTO payload.quiz_questions_rels (
  id,
  _parent_id,
  field,
  value,
  created_at,
  updated_at
) VALUES (
  gen_random_uuid(),
  'd3d061ab-d7a8-4cbf-bd25-52e16df4f9de',
  'quiz_id',
  '8f9a2d07-d96c-4707-b5d3-9df575267b34',
  NOW(),
  NOW()
) ON CONFLICT DO NOTHING; -- Skip if the relationship already exists

-- Create bidirectional relationship entry for the quiz to the question
INSERT INTO payload.course_quizzes_rels (
  id,
  _parent_id,
  field,
  value,
  created_at,
  updated_at
) VALUES (
  gen_random_uuid(),
  '8f9a2d07-d96c-4707-b5d3-9df575267b34',
  'questions',
  'd3d061ab-d7a8-4cbf-bd25-52e16df4f9de',
  NOW(),
  NOW()
) ON CONFLICT DO NOTHING; -- Skip if the relationship already exists

-- Insert question 3 for quiz: Specialist Graphs Quiz
INSERT INTO payload.quiz_questions (
  id,
  question,
  quiz_id,
  quiz_id_id, -- Duplicate field for compatibility
  type,
  explanation,
  "order",
  created_at,
  updated_at
) VALUES (
  '32150f65-c108-49f9-8685-79865640a133', -- Generated UUID for the question
  'What chart types should we try and avoid using?',
  '8f9a2d07-d96c-4707-b5d3-9df575267b34', -- Quiz ID
  '8f9a2d07-d96c-4707-b5d3-9df575267b34', -- Quiz ID (duplicate)
  'multi-answer',
  '',
  2,
  NOW(),
  NOW()
) ON CONFLICT (id) DO NOTHING; -- Skip if the question already exists

-- Insert option 1 for question 3
INSERT INTO payload.quiz_questions_options (
  id,
  _order,
  _parent_id,
  text,
  is_correct,
  created_at,
  updated_at
) VALUES (
  gen_random_uuid(),
  0,
  '32150f65-c108-49f9-8685-79865640a133',
  'Donut Chart',
  true,
  NOW(),
  NOW()
) ON CONFLICT DO NOTHING; -- Skip if the option already exists

-- Insert option 2 for question 3
INSERT INTO payload.quiz_questions_options (
  id,
  _order,
  _parent_id,
  text,
  is_correct,
  created_at,
  updated_at
) VALUES (
  gen_random_uuid(),
  1,
  '32150f65-c108-49f9-8685-79865640a133',
  'Waterfall Chart',
  false,
  NOW(),
  NOW()
) ON CONFLICT DO NOTHING; -- Skip if the option already exists

-- Insert option 3 for question 3
INSERT INTO payload.quiz_questions_options (
  id,
  _order,
  _parent_id,
  text,
  is_correct,
  created_at,
  updated_at
) VALUES (
  gen_random_uuid(),
  2,
  '32150f65-c108-49f9-8685-79865640a133',
  'Pie Chart',
  true,
  NOW(),
  NOW()
) ON CONFLICT DO NOTHING; -- Skip if the option already exists

-- Insert option 4 for question 3
INSERT INTO payload.quiz_questions_options (
  id,
  _order,
  _parent_id,
  text,
  is_correct,
  created_at,
  updated_at
) VALUES (
  gen_random_uuid(),
  3,
  '32150f65-c108-49f9-8685-79865640a133',
  'Circle chart',
  true,
  NOW(),
  NOW()
) ON CONFLICT DO NOTHING; -- Skip if the option already exists

-- Insert option 5 for question 3
INSERT INTO payload.quiz_questions_options (
  id,
  _order,
  _parent_id,
  text,
  is_correct,
  created_at,
  updated_at
) VALUES (
  gen_random_uuid(),
  4,
  '32150f65-c108-49f9-8685-79865640a133',
  'Anything 3-D',
  true,
  NOW(),
  NOW()
) ON CONFLICT DO NOTHING; -- Skip if the option already exists

-- Insert option 6 for question 3
INSERT INTO payload.quiz_questions_options (
  id,
  _order,
  _parent_id,
  text,
  is_correct,
  created_at,
  updated_at
) VALUES (
  gen_random_uuid(),
  5,
  '32150f65-c108-49f9-8685-79865640a133',
  'Merimekko Chart',
  false,
  NOW(),
  NOW()
) ON CONFLICT DO NOTHING; -- Skip if the option already exists

-- Create relationship entry for the question to the quiz
INSERT INTO payload.quiz_questions_rels (
  id,
  _parent_id,
  field,
  value,
  created_at,
  updated_at
) VALUES (
  gen_random_uuid(),
  '32150f65-c108-49f9-8685-79865640a133',
  'quiz_id',
  '8f9a2d07-d96c-4707-b5d3-9df575267b34',
  NOW(),
  NOW()
) ON CONFLICT DO NOTHING; -- Skip if the relationship already exists

-- Create bidirectional relationship entry for the quiz to the question
INSERT INTO payload.course_quizzes_rels (
  id,
  _parent_id,
  field,
  value,
  created_at,
  updated_at
) VALUES (
  gen_random_uuid(),
  '8f9a2d07-d96c-4707-b5d3-9df575267b34',
  'questions',
  '32150f65-c108-49f9-8685-79865640a133',
  NOW(),
  NOW()
) ON CONFLICT DO NOTHING; -- Skip if the relationship already exists

-- Insert question 4 for quiz: Specialist Graphs Quiz
INSERT INTO payload.quiz_questions (
  id,
  question,
  quiz_id,
  quiz_id_id, -- Duplicate field for compatibility
  type,
  explanation,
  "order",
  created_at,
  updated_at
) VALUES (
  'a1fbe4b6-ce1d-4410-b8f1-78a49e41752e', -- Generated UUID for the question
  'What is the best use of a Waterfall Chart?',
  '8f9a2d07-d96c-4707-b5d3-9df575267b34', -- Quiz ID
  '8f9a2d07-d96c-4707-b5d3-9df575267b34', -- Quiz ID (duplicate)
  'single-answer',
  '',
  3,
  NOW(),
  NOW()
) ON CONFLICT (id) DO NOTHING; -- Skip if the question already exists

-- Insert option 1 for question 4
INSERT INTO payload.quiz_questions_options (
  id,
  _order,
  _parent_id,
  text,
  is_correct,
  created_at,
  updated_at
) VALUES (
  gen_random_uuid(),
  0,
  'a1fbe4b6-ce1d-4410-b8f1-78a49e41752e',
  'To show a time series',
  false,
  NOW(),
  NOW()
) ON CONFLICT DO NOTHING; -- Skip if the option already exists

-- Insert option 2 for question 4
INSERT INTO payload.quiz_questions_options (
  id,
  _order,
  _parent_id,
  text,
  is_correct,
  created_at,
  updated_at
) VALUES (
  gen_random_uuid(),
  1,
  'a1fbe4b6-ce1d-4410-b8f1-78a49e41752e',
  'To show how increases and decreases in a balance affect that balance over time',
  true,
  NOW(),
  NOW()
) ON CONFLICT DO NOTHING; -- Skip if the option already exists

-- Insert option 3 for question 4
INSERT INTO payload.quiz_questions_options (
  id,
  _order,
  _parent_id,
  text,
  is_correct,
  created_at,
  updated_at
) VALUES (
  gen_random_uuid(),
  2,
  'a1fbe4b6-ce1d-4410-b8f1-78a49e41752e',
  'To show a part-to-whole relationship',
  false,
  NOW(),
  NOW()
) ON CONFLICT DO NOTHING; -- Skip if the option already exists

-- Insert option 4 for question 4
INSERT INTO payload.quiz_questions_options (
  id,
  _order,
  _parent_id,
  text,
  is_correct,
  created_at,
  updated_at
) VALUES (
  gen_random_uuid(),
  3,
  'a1fbe4b6-ce1d-4410-b8f1-78a49e41752e',
  'As a fancy nominal comparison bar chart',
  false,
  NOW(),
  NOW()
) ON CONFLICT DO NOTHING; -- Skip if the option already exists

-- Create relationship entry for the question to the quiz
INSERT INTO payload.quiz_questions_rels (
  id,
  _parent_id,
  field,
  value,
  created_at,
  updated_at
) VALUES (
  gen_random_uuid(),
  'a1fbe4b6-ce1d-4410-b8f1-78a49e41752e',
  'quiz_id',
  '8f9a2d07-d96c-4707-b5d3-9df575267b34',
  NOW(),
  NOW()
) ON CONFLICT DO NOTHING; -- Skip if the relationship already exists

-- Create bidirectional relationship entry for the quiz to the question
INSERT INTO payload.course_quizzes_rels (
  id,
  _parent_id,
  field,
  value,
  created_at,
  updated_at
) VALUES (
  gen_random_uuid(),
  '8f9a2d07-d96c-4707-b5d3-9df575267b34',
  'questions',
  'a1fbe4b6-ce1d-4410-b8f1-78a49e41752e',
  NOW(),
  NOW()
) ON CONFLICT DO NOTHING; -- Skip if the relationship already exists

-- Insert question 5 for quiz: Specialist Graphs Quiz
INSERT INTO payload.quiz_questions (
  id,
  question,
  quiz_id,
  quiz_id_id, -- Duplicate field for compatibility
  type,
  explanation,
  "order",
  created_at,
  updated_at
) VALUES (
  '803c6c4a-318a-4455-80f4-3b71bb0e558c', -- Generated UUID for the question
  'What is one of the more common uses of a Marimekko Chart?',
  '8f9a2d07-d96c-4707-b5d3-9df575267b34', -- Quiz ID
  '8f9a2d07-d96c-4707-b5d3-9df575267b34', -- Quiz ID (duplicate)
  'single-answer',
  '',
  4,
  NOW(),
  NOW()
) ON CONFLICT (id) DO NOTHING; -- Skip if the question already exists

-- Insert option 1 for question 5
INSERT INTO payload.quiz_questions_options (
  id,
  _order,
  _parent_id,
  text,
  is_correct,
  created_at,
  updated_at
) VALUES (
  gen_random_uuid(),
  0,
  '803c6c4a-318a-4455-80f4-3b71bb0e558c',
  'To confuse our audience',
  false,
  NOW(),
  NOW()
) ON CONFLICT DO NOTHING; -- Skip if the option already exists

-- Insert option 2 for question 5
INSERT INTO payload.quiz_questions_options (
  id,
  _order,
  _parent_id,
  text,
  is_correct,
  created_at,
  updated_at
) VALUES (
  gen_random_uuid(),
  1,
  '803c6c4a-318a-4455-80f4-3b71bb0e558c',
  'To show a time series',
  false,
  NOW(),
  NOW()
) ON CONFLICT DO NOTHING; -- Skip if the option already exists

-- Insert option 3 for question 5
INSERT INTO payload.quiz_questions_options (
  id,
  _order,
  _parent_id,
  text,
  is_correct,
  created_at,
  updated_at
) VALUES (
  gen_random_uuid(),
  2,
  '803c6c4a-318a-4455-80f4-3b71bb0e558c',
  'To show data on the Finnish textile industry',
  false,
  NOW(),
  NOW()
) ON CONFLICT DO NOTHING; -- Skip if the option already exists

-- Insert option 4 for question 5
INSERT INTO payload.quiz_questions_options (
  id,
  _order,
  _parent_id,
  text,
  is_correct,
  created_at,
  updated_at
) VALUES (
  gen_random_uuid(),
  3,
  '803c6c4a-318a-4455-80f4-3b71bb0e558c',
  'To display the composition of markets',
  true,
  NOW(),
  NOW()
) ON CONFLICT DO NOTHING; -- Skip if the option already exists

-- Create relationship entry for the question to the quiz
INSERT INTO payload.quiz_questions_rels (
  id,
  _parent_id,
  field,
  value,
  created_at,
  updated_at
) VALUES (
  gen_random_uuid(),
  '803c6c4a-318a-4455-80f4-3b71bb0e558c',
  'quiz_id',
  '8f9a2d07-d96c-4707-b5d3-9df575267b34',
  NOW(),
  NOW()
) ON CONFLICT DO NOTHING; -- Skip if the relationship already exists

-- Create bidirectional relationship entry for the quiz to the question
INSERT INTO payload.course_quizzes_rels (
  id,
  _parent_id,
  field,
  value,
  created_at,
  updated_at
) VALUES (
  gen_random_uuid(),
  '8f9a2d07-d96c-4707-b5d3-9df575267b34',
  'questions',
  '803c6c4a-318a-4455-80f4-3b71bb0e558c',
  NOW(),
  NOW()
) ON CONFLICT DO NOTHING; -- Skip if the relationship already exists

-- Insert question 6 for quiz: Specialist Graphs Quiz
INSERT INTO payload.quiz_questions (
  id,
  question,
  quiz_id,
  quiz_id_id, -- Duplicate field for compatibility
  type,
  explanation,
  "order",
  created_at,
  updated_at
) VALUES (
  'c6f2d7ca-51f1-473a-9e01-2d45f52ad03f', -- Generated UUID for the question
  'What are Motion Charts used for?',
  '8f9a2d07-d96c-4707-b5d3-9df575267b34', -- Quiz ID
  '8f9a2d07-d96c-4707-b5d3-9df575267b34', -- Quiz ID (duplicate)
  'single-answer',
  '',
  5,
  NOW(),
  NOW()
) ON CONFLICT (id) DO NOTHING; -- Skip if the question already exists

-- Insert option 1 for question 6
INSERT INTO payload.quiz_questions_options (
  id,
  _order,
  _parent_id,
  text,
  is_correct,
  created_at,
  updated_at
) VALUES (
  gen_random_uuid(),
  0,
  'c6f2d7ca-51f1-473a-9e01-2d45f52ad03f',
  'To explore how several variables change over time',
  true,
  NOW(),
  NOW()
) ON CONFLICT DO NOTHING; -- Skip if the option already exists

-- Insert option 2 for question 6
INSERT INTO payload.quiz_questions_options (
  id,
  _order,
  _parent_id,
  text,
  is_correct,
  created_at,
  updated_at
) VALUES (
  gen_random_uuid(),
  1,
  'c6f2d7ca-51f1-473a-9e01-2d45f52ad03f',
  'Sensitivity analysis',
  false,
  NOW(),
  NOW()
) ON CONFLICT DO NOTHING; -- Skip if the option already exists

-- Insert option 3 for question 6
INSERT INTO payload.quiz_questions_options (
  id,
  _order,
  _parent_id,
  text,
  is_correct,
  created_at,
  updated_at
) VALUES (
  gen_random_uuid(),
  2,
  'c6f2d7ca-51f1-473a-9e01-2d45f52ad03f',
  'Nominal comparison',
  false,
  NOW(),
  NOW()
) ON CONFLICT DO NOTHING; -- Skip if the option already exists

-- Insert option 4 for question 6
INSERT INTO payload.quiz_questions_options (
  id,
  _order,
  _parent_id,
  text,
  is_correct,
  created_at,
  updated_at
) VALUES (
  gen_random_uuid(),
  3,
  'c6f2d7ca-51f1-473a-9e01-2d45f52ad03f',
  'Composition of markets',
  false,
  NOW(),
  NOW()
) ON CONFLICT DO NOTHING; -- Skip if the option already exists

-- Create relationship entry for the question to the quiz
INSERT INTO payload.quiz_questions_rels (
  id,
  _parent_id,
  field,
  value,
  created_at,
  updated_at
) VALUES (
  gen_random_uuid(),
  'c6f2d7ca-51f1-473a-9e01-2d45f52ad03f',
  'quiz_id',
  '8f9a2d07-d96c-4707-b5d3-9df575267b34',
  NOW(),
  NOW()
) ON CONFLICT DO NOTHING; -- Skip if the relationship already exists

-- Create bidirectional relationship entry for the quiz to the question
INSERT INTO payload.course_quizzes_rels (
  id,
  _parent_id,
  field,
  value,
  created_at,
  updated_at
) VALUES (
  gen_random_uuid(),
  '8f9a2d07-d96c-4707-b5d3-9df575267b34',
  'questions',
  'c6f2d7ca-51f1-473a-9e01-2d45f52ad03f',
  NOW(),
  NOW()
) ON CONFLICT DO NOTHING; -- Skip if the relationship already exists

-- Questions for quiz: Storyboards in Film Quiz (storyboards-in-film-quiz, ID: 63225c84-a323-477b-b6a5-67509b747528)
-- Insert question 1 for quiz: Storyboards in Film Quiz
INSERT INTO payload.quiz_questions (
  id,
  question,
  quiz_id,
  quiz_id_id, -- Duplicate field for compatibility
  type,
  explanation,
  "order",
  created_at,
  updated_at
) VALUES (
  '7ffc7679-d1f4-4f8d-953c-f64a0eed327f', -- Generated UUID for the question
  'What is a storyboard?',
  '63225c84-a323-477b-b6a5-67509b747528', -- Quiz ID
  '63225c84-a323-477b-b6a5-67509b747528', -- Quiz ID (duplicate)
  'multiple_choice',
  '',
  0,
  NOW(),
  NOW()
) ON CONFLICT (id) DO NOTHING; -- Skip if the question already exists

-- Insert option 1 for question 1
INSERT INTO payload.quiz_questions_options (
  id,
  _order,
  _parent_id,
  text,
  is_correct,
  created_at,
  updated_at
) VALUES (
  gen_random_uuid(),
  0,
  '7ffc7679-d1f4-4f8d-953c-f64a0eed327f',
  'A blueprint of the movie',
  true,
  NOW(),
  NOW()
) ON CONFLICT DO NOTHING; -- Skip if the option already exists

-- Insert option 2 for question 1
INSERT INTO payload.quiz_questions_options (
  id,
  _order,
  _parent_id,
  text,
  is_correct,
  created_at,
  updated_at
) VALUES (
  gen_random_uuid(),
  1,
  '7ffc7679-d1f4-4f8d-953c-f64a0eed327f',
  'A cardboard board to pin up cartoon drawings',
  false,
  NOW(),
  NOW()
) ON CONFLICT DO NOTHING; -- Skip if the option already exists

-- Insert option 3 for question 1
INSERT INTO payload.quiz_questions_options (
  id,
  _order,
  _parent_id,
  text,
  is_correct,
  created_at,
  updated_at
) VALUES (
  gen_random_uuid(),
  2,
  '7ffc7679-d1f4-4f8d-953c-f64a0eed327f',
  'What happens when you are subject to a boring story',
  false,
  NOW(),
  NOW()
) ON CONFLICT DO NOTHING; -- Skip if the option already exists

-- Insert option 4 for question 1
INSERT INTO payload.quiz_questions_options (
  id,
  _order,
  _parent_id,
  text,
  is_correct,
  created_at,
  updated_at
) VALUES (
  gen_random_uuid(),
  3,
  '7ffc7679-d1f4-4f8d-953c-f64a0eed327f',
  'A Landyachts longboard design',
  false,
  NOW(),
  NOW()
) ON CONFLICT DO NOTHING; -- Skip if the option already exists

-- Create relationship entry for the question to the quiz
INSERT INTO payload.quiz_questions_rels (
  id,
  _parent_id,
  field,
  value,
  created_at,
  updated_at
) VALUES (
  gen_random_uuid(),
  '7ffc7679-d1f4-4f8d-953c-f64a0eed327f',
  'quiz_id',
  '63225c84-a323-477b-b6a5-67509b747528',
  NOW(),
  NOW()
) ON CONFLICT DO NOTHING; -- Skip if the relationship already exists

-- Create bidirectional relationship entry for the quiz to the question
INSERT INTO payload.course_quizzes_rels (
  id,
  _parent_id,
  field,
  value,
  created_at,
  updated_at
) VALUES (
  gen_random_uuid(),
  '63225c84-a323-477b-b6a5-67509b747528',
  'questions',
  '7ffc7679-d1f4-4f8d-953c-f64a0eed327f',
  NOW(),
  NOW()
) ON CONFLICT DO NOTHING; -- Skip if the relationship already exists

-- Insert question 2 for quiz: Storyboards in Film Quiz
INSERT INTO payload.quiz_questions (
  id,
  question,
  quiz_id,
  quiz_id_id, -- Duplicate field for compatibility
  type,
  explanation,
  "order",
  created_at,
  updated_at
) VALUES (
  '01c169a8-b4f5-4455-90e4-c37596bb9f91', -- Generated UUID for the question
  'Who invented storyboards?',
  '63225c84-a323-477b-b6a5-67509b747528', -- Quiz ID
  '63225c84-a323-477b-b6a5-67509b747528', -- Quiz ID (duplicate)
  'multiple_choice',
  '',
  1,
  NOW(),
  NOW()
) ON CONFLICT (id) DO NOTHING; -- Skip if the question already exists

-- Insert option 1 for question 2
INSERT INTO payload.quiz_questions_options (
  id,
  _order,
  _parent_id,
  text,
  is_correct,
  created_at,
  updated_at
) VALUES (
  gen_random_uuid(),
  0,
  '01c169a8-b4f5-4455-90e4-c37596bb9f91',
  'Steve Jobs',
  false,
  NOW(),
  NOW()
) ON CONFLICT DO NOTHING; -- Skip if the option already exists

-- Insert option 2 for question 2
INSERT INTO payload.quiz_questions_options (
  id,
  _order,
  _parent_id,
  text,
  is_correct,
  created_at,
  updated_at
) VALUES (
  gen_random_uuid(),
  1,
  '01c169a8-b4f5-4455-90e4-c37596bb9f91',
  'John Lasseter',
  false,
  NOW(),
  NOW()
) ON CONFLICT DO NOTHING; -- Skip if the option already exists

-- Insert option 3 for question 2
INSERT INTO payload.quiz_questions_options (
  id,
  _order,
  _parent_id,
  text,
  is_correct,
  created_at,
  updated_at
) VALUES (
  gen_random_uuid(),
  2,
  '01c169a8-b4f5-4455-90e4-c37596bb9f91',
  'Eric Goldberg',
  false,
  NOW(),
  NOW()
) ON CONFLICT DO NOTHING; -- Skip if the option already exists

-- Insert option 4 for question 2
INSERT INTO payload.quiz_questions_options (
  id,
  _order,
  _parent_id,
  text,
  is_correct,
  created_at,
  updated_at
) VALUES (
  gen_random_uuid(),
  3,
  '01c169a8-b4f5-4455-90e4-c37596bb9f91',
  'Walt Disney',
  true,
  NOW(),
  NOW()
) ON CONFLICT DO NOTHING; -- Skip if the option already exists

-- Create relationship entry for the question to the quiz
INSERT INTO payload.quiz_questions_rels (
  id,
  _parent_id,
  field,
  value,
  created_at,
  updated_at
) VALUES (
  gen_random_uuid(),
  '01c169a8-b4f5-4455-90e4-c37596bb9f91',
  'quiz_id',
  '63225c84-a323-477b-b6a5-67509b747528',
  NOW(),
  NOW()
) ON CONFLICT DO NOTHING; -- Skip if the relationship already exists

-- Create bidirectional relationship entry for the quiz to the question
INSERT INTO payload.course_quizzes_rels (
  id,
  _parent_id,
  field,
  value,
  created_at,
  updated_at
) VALUES (
  gen_random_uuid(),
  '63225c84-a323-477b-b6a5-67509b747528',
  'questions',
  '01c169a8-b4f5-4455-90e4-c37596bb9f91',
  NOW(),
  NOW()
) ON CONFLICT DO NOTHING; -- Skip if the relationship already exists

-- Insert question 3 for quiz: Storyboards in Film Quiz
INSERT INTO payload.quiz_questions (
  id,
  question,
  quiz_id,
  quiz_id_id, -- Duplicate field for compatibility
  type,
  explanation,
  "order",
  created_at,
  updated_at
) VALUES (
  '545bb1cc-c533-4105-88fd-c49e08a10220', -- Generated UUID for the question
  'What was the great innovation of storyboarding?',
  '63225c84-a323-477b-b6a5-67509b747528', -- Quiz ID
  '63225c84-a323-477b-b6a5-67509b747528', -- Quiz ID (duplicate)
  'multiple_choice',
  '',
  2,
  NOW(),
  NOW()
) ON CONFLICT (id) DO NOTHING; -- Skip if the question already exists

-- Insert option 1 for question 3
INSERT INTO payload.quiz_questions_options (
  id,
  _order,
  _parent_id,
  text,
  is_correct,
  created_at,
  updated_at
) VALUES (
  gen_random_uuid(),
  0,
  '545bb1cc-c533-4105-88fd-c49e08a10220',
  'The introduction of sound (Talkies)',
  false,
  NOW(),
  NOW()
) ON CONFLICT DO NOTHING; -- Skip if the option already exists

-- Insert option 2 for question 3
INSERT INTO payload.quiz_questions_options (
  id,
  _order,
  _parent_id,
  text,
  is_correct,
  created_at,
  updated_at
) VALUES (
  gen_random_uuid(),
  1,
  '545bb1cc-c533-4105-88fd-c49e08a10220',
  'Allowed film makers to edit the film before making it',
  true,
  NOW(),
  NOW()
) ON CONFLICT DO NOTHING; -- Skip if the option already exists

-- Insert option 3 for question 3
INSERT INTO payload.quiz_questions_options (
  id,
  _order,
  _parent_id,
  text,
  is_correct,
  created_at,
  updated_at
) VALUES (
  gen_random_uuid(),
  2,
  '545bb1cc-c533-4105-88fd-c49e08a10220',
  'The introduction of color',
  false,
  NOW(),
  NOW()
) ON CONFLICT DO NOTHING; -- Skip if the option already exists

-- Insert option 4 for question 3
INSERT INTO payload.quiz_questions_options (
  id,
  _order,
  _parent_id,
  text,
  is_correct,
  created_at,
  updated_at
) VALUES (
  gen_random_uuid(),
  3,
  '545bb1cc-c533-4105-88fd-c49e08a10220',
  'The ability to draw your story',
  false,
  NOW(),
  NOW()
) ON CONFLICT DO NOTHING; -- Skip if the option already exists

-- Create relationship entry for the question to the quiz
INSERT INTO payload.quiz_questions_rels (
  id,
  _parent_id,
  field,
  value,
  created_at,
  updated_at
) VALUES (
  gen_random_uuid(),
  '545bb1cc-c533-4105-88fd-c49e08a10220',
  'quiz_id',
  '63225c84-a323-477b-b6a5-67509b747528',
  NOW(),
  NOW()
) ON CONFLICT DO NOTHING; -- Skip if the relationship already exists

-- Create bidirectional relationship entry for the quiz to the question
INSERT INTO payload.course_quizzes_rels (
  id,
  _parent_id,
  field,
  value,
  created_at,
  updated_at
) VALUES (
  gen_random_uuid(),
  '63225c84-a323-477b-b6a5-67509b747528',
  'questions',
  '545bb1cc-c533-4105-88fd-c49e08a10220',
  NOW(),
  NOW()
) ON CONFLICT DO NOTHING; -- Skip if the relationship already exists

-- Questions for quiz: Storyboards in Presentations Quiz (storyboards-in-presentations-quiz, ID: aa8993d0-63db-4b13-95d3-bf5e8b6efab7)
-- Insert question 1 for quiz: Storyboards in Presentations Quiz
INSERT INTO payload.quiz_questions (
  id,
  question,
  quiz_id,
  quiz_id_id, -- Duplicate field for compatibility
  type,
  explanation,
  "order",
  created_at,
  updated_at
) VALUES (
  'b19b0c96-6abc-48a4-9cf0-f0075f8a141e', -- Generated UUID for the question
  'What are the two approaches discussed in the lesson?',
  'aa8993d0-63db-4b13-95d3-bf5e8b6efab7', -- Quiz ID
  'aa8993d0-63db-4b13-95d3-bf5e8b6efab7', -- Quiz ID (duplicate)
  'multiple_choice',
  '',
  0,
  NOW(),
  NOW()
) ON CONFLICT (id) DO NOTHING; -- Skip if the question already exists

-- Insert option 1 for question 1
INSERT INTO payload.quiz_questions_options (
  id,
  _order,
  _parent_id,
  text,
  is_correct,
  created_at,
  updated_at
) VALUES (
  gen_random_uuid(),
  0,
  'b19b0c96-6abc-48a4-9cf0-f0075f8a141e',
  'Black & white and full color',
  false,
  NOW(),
  NOW()
) ON CONFLICT DO NOTHING; -- Skip if the option already exists

-- Insert option 2 for question 1
INSERT INTO payload.quiz_questions_options (
  id,
  _order,
  _parent_id,
  text,
  is_correct,
  created_at,
  updated_at
) VALUES (
  gen_random_uuid(),
  1,
  'b19b0c96-6abc-48a4-9cf0-f0075f8a141e',
  'Animated and static',
  false,
  NOW(),
  NOW()
) ON CONFLICT DO NOTHING; -- Skip if the option already exists

-- Insert option 3 for question 1
INSERT INTO payload.quiz_questions_options (
  id,
  _order,
  _parent_id,
  text,
  is_correct,
  created_at,
  updated_at
) VALUES (
  gen_random_uuid(),
  2,
  'b19b0c96-6abc-48a4-9cf0-f0075f8a141e',
  'Hand-drawn and computer assisted',
  false,
  NOW(),
  NOW()
) ON CONFLICT DO NOTHING; -- Skip if the option already exists

-- Insert option 4 for question 1
INSERT INTO payload.quiz_questions_options (
  id,
  _order,
  _parent_id,
  text,
  is_correct,
  created_at,
  updated_at
) VALUES (
  gen_random_uuid(),
  3,
  'b19b0c96-6abc-48a4-9cf0-f0075f8a141e',
  'Text-based outlining and storyboarding',
  true,
  NOW(),
  NOW()
) ON CONFLICT DO NOTHING; -- Skip if the option already exists

-- Create relationship entry for the question to the quiz
INSERT INTO payload.quiz_questions_rels (
  id,
  _parent_id,
  field,
  value,
  created_at,
  updated_at
) VALUES (
  gen_random_uuid(),
  'b19b0c96-6abc-48a4-9cf0-f0075f8a141e',
  'quiz_id',
  'aa8993d0-63db-4b13-95d3-bf5e8b6efab7',
  NOW(),
  NOW()
) ON CONFLICT DO NOTHING; -- Skip if the relationship already exists

-- Create bidirectional relationship entry for the quiz to the question
INSERT INTO payload.course_quizzes_rels (
  id,
  _parent_id,
  field,
  value,
  created_at,
  updated_at
) VALUES (
  gen_random_uuid(),
  'aa8993d0-63db-4b13-95d3-bf5e8b6efab7',
  'questions',
  'b19b0c96-6abc-48a4-9cf0-f0075f8a141e',
  NOW(),
  NOW()
) ON CONFLICT DO NOTHING; -- Skip if the relationship already exists

-- Insert question 2 for quiz: Storyboards in Presentations Quiz
INSERT INTO payload.quiz_questions (
  id,
  question,
  quiz_id,
  quiz_id_id, -- Duplicate field for compatibility
  type,
  explanation,
  "order",
  created_at,
  updated_at
) VALUES (
  '02fa030f-253e-46d4-88ff-19a8b3cf819a', -- Generated UUID for the question
  'What tools are recommended to use for storyboarding?',
  'aa8993d0-63db-4b13-95d3-bf5e8b6efab7', -- Quiz ID
  'aa8993d0-63db-4b13-95d3-bf5e8b6efab7', -- Quiz ID (duplicate)
  'multiple_choice',
  '',
  1,
  NOW(),
  NOW()
) ON CONFLICT (id) DO NOTHING; -- Skip if the question already exists

-- Insert option 1 for question 2
INSERT INTO payload.quiz_questions_options (
  id,
  _order,
  _parent_id,
  text,
  is_correct,
  created_at,
  updated_at
) VALUES (
  gen_random_uuid(),
  0,
  '02fa030f-253e-46d4-88ff-19a8b3cf819a',
  'A stone tablet and chisel',
  false,
  NOW(),
  NOW()
) ON CONFLICT DO NOTHING; -- Skip if the option already exists

-- Insert option 2 for question 2
INSERT INTO payload.quiz_questions_options (
  id,
  _order,
  _parent_id,
  text,
  is_correct,
  created_at,
  updated_at
) VALUES (
  gen_random_uuid(),
  1,
  '02fa030f-253e-46d4-88ff-19a8b3cf819a',
  'PowerPoint',
  false,
  NOW(),
  NOW()
) ON CONFLICT DO NOTHING; -- Skip if the option already exists

-- Insert option 3 for question 2
INSERT INTO payload.quiz_questions_options (
  id,
  _order,
  _parent_id,
  text,
  is_correct,
  created_at,
  updated_at
) VALUES (
  gen_random_uuid(),
  2,
  '02fa030f-253e-46d4-88ff-19a8b3cf819a',
  'Adobe Edge Animate',
  false,
  NOW(),
  NOW()
) ON CONFLICT DO NOTHING; -- Skip if the option already exists

-- Insert option 4 for question 2
INSERT INTO payload.quiz_questions_options (
  id,
  _order,
  _parent_id,
  text,
  is_correct,
  created_at,
  updated_at
) VALUES (
  gen_random_uuid(),
  3,
  '02fa030f-253e-46d4-88ff-19a8b3cf819a',
  'Pen and paper',
  true,
  NOW(),
  NOW()
) ON CONFLICT DO NOTHING; -- Skip if the option already exists

-- Create relationship entry for the question to the quiz
INSERT INTO payload.quiz_questions_rels (
  id,
  _parent_id,
  field,
  value,
  created_at,
  updated_at
) VALUES (
  gen_random_uuid(),
  '02fa030f-253e-46d4-88ff-19a8b3cf819a',
  'quiz_id',
  'aa8993d0-63db-4b13-95d3-bf5e8b6efab7',
  NOW(),
  NOW()
) ON CONFLICT DO NOTHING; -- Skip if the relationship already exists

-- Create bidirectional relationship entry for the quiz to the question
INSERT INTO payload.course_quizzes_rels (
  id,
  _parent_id,
  field,
  value,
  created_at,
  updated_at
) VALUES (
  gen_random_uuid(),
  'aa8993d0-63db-4b13-95d3-bf5e8b6efab7',
  'questions',
  '02fa030f-253e-46d4-88ff-19a8b3cf819a',
  NOW(),
  NOW()
) ON CONFLICT DO NOTHING; -- Skip if the relationship already exists

-- Questions for quiz: What is Structure? Quiz (structure-quiz, ID: 724f6c3d-7243-48d6-a278-181f57a81097)
-- Insert question 1 for quiz: What is Structure? Quiz
INSERT INTO payload.quiz_questions (
  id,
  question,
  quiz_id,
  quiz_id_id, -- Duplicate field for compatibility
  type,
  explanation,
  "order",
  created_at,
  updated_at
) VALUES (
  '2a7a312d-6598-46be-ba1a-2c74d08c7f72', -- Generated UUID for the question
  'What is the principle of Abstraction?',
  '724f6c3d-7243-48d6-a278-181f57a81097', -- Quiz ID
  '724f6c3d-7243-48d6-a278-181f57a81097', -- Quiz ID (duplicate)
  'single-answer',
  '',
  0,
  NOW(),
  NOW()
) ON CONFLICT (id) DO NOTHING; -- Skip if the question already exists

-- Insert option 1 for question 1
INSERT INTO payload.quiz_questions_options (
  id,
  _order,
  _parent_id,
  text,
  is_correct,
  created_at,
  updated_at
) VALUES (
  gen_random_uuid(),
  0,
  '2a7a312d-6598-46be-ba1a-2c74d08c7f72',
  'A grouping principle, whereby a hierarchy is adhered to with higher levels of abstraction (less detail) placed near the top, with more specific concepts underneath ',
  true,
  NOW(),
  NOW()
) ON CONFLICT DO NOTHING; -- Skip if the option already exists

-- Insert option 2 for question 1
INSERT INTO payload.quiz_questions_options (
  id,
  _order,
  _parent_id,
  text,
  is_correct,
  created_at,
  updated_at
) VALUES (
  gen_random_uuid(),
  1,
  '2a7a312d-6598-46be-ba1a-2c74d08c7f72',
  'A John Grisham novel',
  false,
  NOW(),
  NOW()
) ON CONFLICT DO NOTHING; -- Skip if the option already exists

-- Insert option 3 for question 1
INSERT INTO payload.quiz_questions_options (
  id,
  _order,
  _parent_id,
  text,
  is_correct,
  created_at,
  updated_at
) VALUES (
  gen_random_uuid(),
  2,
  '2a7a312d-6598-46be-ba1a-2c74d08c7f72',
  'An approach whereby we simplify our question so profoundly that we reach a level of enlightenment',
  false,
  NOW(),
  NOW()
) ON CONFLICT DO NOTHING; -- Skip if the option already exists

-- Create relationship entry for the question to the quiz
INSERT INTO payload.quiz_questions_rels (
  id,
  _parent_id,
  field,
  value,
  created_at,
  updated_at
) VALUES (
  gen_random_uuid(),
  '2a7a312d-6598-46be-ba1a-2c74d08c7f72',
  'quiz_id',
  '724f6c3d-7243-48d6-a278-181f57a81097',
  NOW(),
  NOW()
) ON CONFLICT DO NOTHING; -- Skip if the relationship already exists

-- Create bidirectional relationship entry for the quiz to the question
INSERT INTO payload.course_quizzes_rels (
  id,
  _parent_id,
  field,
  value,
  created_at,
  updated_at
) VALUES (
  gen_random_uuid(),
  '724f6c3d-7243-48d6-a278-181f57a81097',
  'questions',
  '2a7a312d-6598-46be-ba1a-2c74d08c7f72',
  NOW(),
  NOW()
) ON CONFLICT DO NOTHING; -- Skip if the relationship already exists

-- Insert question 2 for quiz: What is Structure? Quiz
INSERT INTO payload.quiz_questions (
  id,
  question,
  quiz_id,
  quiz_id_id, -- Duplicate field for compatibility
  type,
  explanation,
  "order",
  created_at,
  updated_at
) VALUES (
  'dd516e33-95cf-42f8-9afd-623f9e2bd80b', -- Generated UUID for the question
  'Which lists are MECE (pick 2)',
  '724f6c3d-7243-48d6-a278-181f57a81097', -- Quiz ID
  '724f6c3d-7243-48d6-a278-181f57a81097', -- Quiz ID (duplicate)
  'multi-answer',
  '',
  1,
  NOW(),
  NOW()
) ON CONFLICT (id) DO NOTHING; -- Skip if the question already exists

-- Insert option 1 for question 2
INSERT INTO payload.quiz_questions_options (
  id,
  _order,
  _parent_id,
  text,
  is_correct,
  created_at,
  updated_at
) VALUES (
  gen_random_uuid(),
  0,
  'dd516e33-95cf-42f8-9afd-623f9e2bd80b',
  'Profit=revenue minus expenses',
  true,
  NOW(),
  NOW()
) ON CONFLICT DO NOTHING; -- Skip if the option already exists

-- Insert option 2 for question 2
INSERT INTO payload.quiz_questions_options (
  id,
  _order,
  _parent_id,
  text,
  is_correct,
  created_at,
  updated_at
) VALUES (
  gen_random_uuid(),
  1,
  'dd516e33-95cf-42f8-9afd-623f9e2bd80b',
  'Star Wars films: New Hope, Empire, Revenge of the Sith',
  false,
  NOW(),
  NOW()
) ON CONFLICT DO NOTHING; -- Skip if the option already exists

-- Insert option 3 for question 2
INSERT INTO payload.quiz_questions_options (
  id,
  _order,
  _parent_id,
  text,
  is_correct,
  created_at,
  updated_at
) VALUES (
  gen_random_uuid(),
  2,
  'dd516e33-95cf-42f8-9afd-623f9e2bd80b',
  'The global population broken down into age groups of 0-20 year-olds, 21-40 year-olds, 41-60 year-olds, 61-80 year-olds, and 81 and over',
  true,
  NOW(),
  NOW()
) ON CONFLICT DO NOTHING; -- Skip if the option already exists

-- Create relationship entry for the question to the quiz
INSERT INTO payload.quiz_questions_rels (
  id,
  _parent_id,
  field,
  value,
  created_at,
  updated_at
) VALUES (
  gen_random_uuid(),
  'dd516e33-95cf-42f8-9afd-623f9e2bd80b',
  'quiz_id',
  '724f6c3d-7243-48d6-a278-181f57a81097',
  NOW(),
  NOW()
) ON CONFLICT DO NOTHING; -- Skip if the relationship already exists

-- Create bidirectional relationship entry for the quiz to the question
INSERT INTO payload.course_quizzes_rels (
  id,
  _parent_id,
  field,
  value,
  created_at,
  updated_at
) VALUES (
  gen_random_uuid(),
  '724f6c3d-7243-48d6-a278-181f57a81097',
  'questions',
  'dd516e33-95cf-42f8-9afd-623f9e2bd80b',
  NOW(),
  NOW()
) ON CONFLICT DO NOTHING; -- Skip if the relationship already exists

-- Insert question 3 for quiz: What is Structure? Quiz
INSERT INTO payload.quiz_questions (
  id,
  question,
  quiz_id,
  quiz_id_id, -- Duplicate field for compatibility
  type,
  explanation,
  "order",
  created_at,
  updated_at
) VALUES (
  '53e1cbf6-b9c4-44b8-8fb4-de4b16a74478', -- Generated UUID for the question
  'What are the three Golden Rules to follow when applying the principle of abstraction and organizing your ideas?',
  '724f6c3d-7243-48d6-a278-181f57a81097', -- Quiz ID
  '724f6c3d-7243-48d6-a278-181f57a81097', -- Quiz ID (duplicate)
  'multi-answer',
  '',
  2,
  NOW(),
  NOW()
) ON CONFLICT (id) DO NOTHING; -- Skip if the question already exists

-- Insert option 1 for question 3
INSERT INTO payload.quiz_questions_options (
  id,
  _order,
  _parent_id,
  text,
  is_correct,
  created_at,
  updated_at
) VALUES (
  gen_random_uuid(),
  0,
  '53e1cbf6-b9c4-44b8-8fb4-de4b16a74478',
  'Concepts should be arranged in the shape of a triangle',
  false,
  NOW(),
  NOW()
) ON CONFLICT DO NOTHING; -- Skip if the option already exists

-- Insert option 2 for question 3
INSERT INTO payload.quiz_questions_options (
  id,
  _order,
  _parent_id,
  text,
  is_correct,
  created_at,
  updated_at
) VALUES (
  gen_random_uuid(),
  1,
  '53e1cbf6-b9c4-44b8-8fb4-de4b16a74478',
  'Concepts at any level must be presented in a strict logical order',
  true,
  NOW(),
  NOW()
) ON CONFLICT DO NOTHING; -- Skip if the option already exists

-- Insert option 3 for question 3
INSERT INTO payload.quiz_questions_options (
  id,
  _order,
  _parent_id,
  text,
  is_correct,
  created_at,
  updated_at
) VALUES (
  gen_random_uuid(),
  2,
  '53e1cbf6-b9c4-44b8-8fb4-de4b16a74478',
  'Concepts in any group are always the same kind of idea',
  true,
  NOW(),
  NOW()
) ON CONFLICT DO NOTHING; -- Skip if the option already exists

-- Insert option 4 for question 3
INSERT INTO payload.quiz_questions_options (
  id,
  _order,
  _parent_id,
  text,
  is_correct,
  created_at,
  updated_at
) VALUES (
  gen_random_uuid(),
  3,
  '53e1cbf6-b9c4-44b8-8fb4-de4b16a74478',
  'Concepts or ideas at any level of your argument must be more abstract summaries of the concepts that are grouped below',
  true,
  NOW(),
  NOW()
) ON CONFLICT DO NOTHING; -- Skip if the option already exists

-- Insert option 5 for question 3
INSERT INTO payload.quiz_questions_options (
  id,
  _order,
  _parent_id,
  text,
  is_correct,
  created_at,
  updated_at
) VALUES (
  gen_random_uuid(),
  4,
  '53e1cbf6-b9c4-44b8-8fb4-de4b16a74478',
  'Concepts must be ordered alphabetically',
  false,
  NOW(),
  NOW()
) ON CONFLICT DO NOTHING; -- Skip if the option already exists

-- Insert option 6 for question 3
INSERT INTO payload.quiz_questions_options (
  id,
  _order,
  _parent_id,
  text,
  is_correct,
  created_at,
  updated_at
) VALUES (
  gen_random_uuid(),
  5,
  '53e1cbf6-b9c4-44b8-8fb4-de4b16a74478',
  'Ideas should be clever',
  false,
  NOW(),
  NOW()
) ON CONFLICT DO NOTHING; -- Skip if the option already exists

-- Create relationship entry for the question to the quiz
INSERT INTO payload.quiz_questions_rels (
  id,
  _parent_id,
  field,
  value,
  created_at,
  updated_at
) VALUES (
  gen_random_uuid(),
  '53e1cbf6-b9c4-44b8-8fb4-de4b16a74478',
  'quiz_id',
  '724f6c3d-7243-48d6-a278-181f57a81097',
  NOW(),
  NOW()
) ON CONFLICT DO NOTHING; -- Skip if the relationship already exists

-- Create bidirectional relationship entry for the quiz to the question
INSERT INTO payload.course_quizzes_rels (
  id,
  _parent_id,
  field,
  value,
  created_at,
  updated_at
) VALUES (
  gen_random_uuid(),
  '724f6c3d-7243-48d6-a278-181f57a81097',
  'questions',
  '53e1cbf6-b9c4-44b8-8fb4-de4b16a74478',
  NOW(),
  NOW()
) ON CONFLICT DO NOTHING; -- Skip if the relationship already exists

-- Insert question 4 for quiz: What is Structure? Quiz
INSERT INTO payload.quiz_questions (
  id,
  question,
  quiz_id,
  quiz_id_id, -- Duplicate field for compatibility
  type,
  explanation,
  "order",
  created_at,
  updated_at
) VALUES (
  '3495376d-6d73-4d34-8de7-07dea76b0204', -- Generated UUID for the question
  'Match the argument with whether it is deductive or inductive: ''Jill and Bob are friends. Jill likes to dance, cook and write. Bob likes to dance and cook. Therefore it can be assumed he also likes to write.',
  '724f6c3d-7243-48d6-a278-181f57a81097', -- Quiz ID
  '724f6c3d-7243-48d6-a278-181f57a81097', -- Quiz ID (duplicate)
  'single-answer',
  '',
  3,
  NOW(),
  NOW()
) ON CONFLICT (id) DO NOTHING; -- Skip if the question already exists

-- Insert option 1 for question 4
INSERT INTO payload.quiz_questions_options (
  id,
  _order,
  _parent_id,
  text,
  is_correct,
  created_at,
  updated_at
) VALUES (
  gen_random_uuid(),
  0,
  '3495376d-6d73-4d34-8de7-07dea76b0204',
  'Deductive',
  false,
  NOW(),
  NOW()
) ON CONFLICT DO NOTHING; -- Skip if the option already exists

-- Insert option 2 for question 4
INSERT INTO payload.quiz_questions_options (
  id,
  _order,
  _parent_id,
  text,
  is_correct,
  created_at,
  updated_at
) VALUES (
  gen_random_uuid(),
  1,
  '3495376d-6d73-4d34-8de7-07dea76b0204',
  'Inductive',
  true,
  NOW(),
  NOW()
) ON CONFLICT DO NOTHING; -- Skip if the option already exists

-- Create relationship entry for the question to the quiz
INSERT INTO payload.quiz_questions_rels (
  id,
  _parent_id,
  field,
  value,
  created_at,
  updated_at
) VALUES (
  gen_random_uuid(),
  '3495376d-6d73-4d34-8de7-07dea76b0204',
  'quiz_id',
  '724f6c3d-7243-48d6-a278-181f57a81097',
  NOW(),
  NOW()
) ON CONFLICT DO NOTHING; -- Skip if the relationship already exists

-- Create bidirectional relationship entry for the quiz to the question
INSERT INTO payload.course_quizzes_rels (
  id,
  _parent_id,
  field,
  value,
  created_at,
  updated_at
) VALUES (
  gen_random_uuid(),
  '724f6c3d-7243-48d6-a278-181f57a81097',
  'questions',
  '3495376d-6d73-4d34-8de7-07dea76b0204',
  NOW(),
  NOW()
) ON CONFLICT DO NOTHING; -- Skip if the relationship already exists

-- Insert question 5 for quiz: What is Structure? Quiz
INSERT INTO payload.quiz_questions (
  id,
  question,
  quiz_id,
  quiz_id_id, -- Duplicate field for compatibility
  type,
  explanation,
  "order",
  created_at,
  updated_at
) VALUES (
  '96961dc3-6a47-41aa-87d5-7f3fd8e34f19', -- Generated UUID for the question
  'Match the argument with whether it is deductive or inductive: ''All dogs are mammals. All mammals have kidneys. Therefore all dogs have kidneys.',
  '724f6c3d-7243-48d6-a278-181f57a81097', -- Quiz ID
  '724f6c3d-7243-48d6-a278-181f57a81097', -- Quiz ID (duplicate)
  'single-answer',
  '',
  4,
  NOW(),
  NOW()
) ON CONFLICT (id) DO NOTHING; -- Skip if the question already exists

-- Insert option 1 for question 5
INSERT INTO payload.quiz_questions_options (
  id,
  _order,
  _parent_id,
  text,
  is_correct,
  created_at,
  updated_at
) VALUES (
  gen_random_uuid(),
  0,
  '96961dc3-6a47-41aa-87d5-7f3fd8e34f19',
  'Inductive',
  false,
  NOW(),
  NOW()
) ON CONFLICT DO NOTHING; -- Skip if the option already exists

-- Insert option 2 for question 5
INSERT INTO payload.quiz_questions_options (
  id,
  _order,
  _parent_id,
  text,
  is_correct,
  created_at,
  updated_at
) VALUES (
  gen_random_uuid(),
  1,
  '96961dc3-6a47-41aa-87d5-7f3fd8e34f19',
  'Deductive',
  true,
  NOW(),
  NOW()
) ON CONFLICT DO NOTHING; -- Skip if the option already exists

-- Create relationship entry for the question to the quiz
INSERT INTO payload.quiz_questions_rels (
  id,
  _parent_id,
  field,
  value,
  created_at,
  updated_at
) VALUES (
  gen_random_uuid(),
  '96961dc3-6a47-41aa-87d5-7f3fd8e34f19',
  'quiz_id',
  '724f6c3d-7243-48d6-a278-181f57a81097',
  NOW(),
  NOW()
) ON CONFLICT DO NOTHING; -- Skip if the relationship already exists

-- Create bidirectional relationship entry for the quiz to the question
INSERT INTO payload.course_quizzes_rels (
  id,
  _parent_id,
  field,
  value,
  created_at,
  updated_at
) VALUES (
  gen_random_uuid(),
  '724f6c3d-7243-48d6-a278-181f57a81097',
  'questions',
  '96961dc3-6a47-41aa-87d5-7f3fd8e34f19',
  NOW(),
  NOW()
) ON CONFLICT DO NOTHING; -- Skip if the relationship already exists

-- Insert question 6 for quiz: What is Structure? Quiz
INSERT INTO payload.quiz_questions (
  id,
  question,
  quiz_id,
  quiz_id_id, -- Duplicate field for compatibility
  type,
  explanation,
  "order",
  created_at,
  updated_at
) VALUES (
  '54ada599-4f36-4817-a9ac-9f6f11ce5ffa', -- Generated UUID for the question
  'What is the rule of 7 (updated)?',
  '724f6c3d-7243-48d6-a278-181f57a81097', -- Quiz ID
  '724f6c3d-7243-48d6-a278-181f57a81097', -- Quiz ID (duplicate)
  'single-answer',
  '',
  5,
  NOW(),
  NOW()
) ON CONFLICT (id) DO NOTHING; -- Skip if the question already exists

-- Insert option 1 for question 6
INSERT INTO payload.quiz_questions_options (
  id,
  _order,
  _parent_id,
  text,
  is_correct,
  created_at,
  updated_at
) VALUES (
  gen_random_uuid(),
  0,
  '54ada599-4f36-4817-a9ac-9f6f11ce5ffa',
  'There is no such thing as 7 or 9 of anything. We should seek to structure our ideas into groups of 4-5 or less',
  true,
  NOW(),
  NOW()
) ON CONFLICT DO NOTHING; -- Skip if the option already exists

-- Insert option 2 for question 6
INSERT INTO payload.quiz_questions_options (
  id,
  _order,
  _parent_id,
  text,
  is_correct,
  created_at,
  updated_at
) VALUES (
  gen_random_uuid(),
  1,
  '54ada599-4f36-4817-a9ac-9f6f11ce5ffa',
  'Rule for calculating compound interest',
  false,
  NOW(),
  NOW()
) ON CONFLICT DO NOTHING; -- Skip if the option already exists

-- Insert option 3 for question 6
INSERT INTO payload.quiz_questions_options (
  id,
  _order,
  _parent_id,
  text,
  is_correct,
  created_at,
  updated_at
) VALUES (
  gen_random_uuid(),
  2,
  '54ada599-4f36-4817-a9ac-9f6f11ce5ffa',
  'Organize your ideas into groups of 7',
  false,
  NOW(),
  NOW()
) ON CONFLICT DO NOTHING; -- Skip if the option already exists

-- Insert option 4 for question 6
INSERT INTO payload.quiz_questions_options (
  id,
  _order,
  _parent_id,
  text,
  is_correct,
  created_at,
  updated_at
) VALUES (
  gen_random_uuid(),
  3,
  '54ada599-4f36-4817-a9ac-9f6f11ce5ffa',
  'Movie staring Brad Pitt',
  false,
  NOW(),
  NOW()
) ON CONFLICT DO NOTHING; -- Skip if the option already exists

-- Create relationship entry for the question to the quiz
INSERT INTO payload.quiz_questions_rels (
  id,
  _parent_id,
  field,
  value,
  created_at,
  updated_at
) VALUES (
  gen_random_uuid(),
  '54ada599-4f36-4817-a9ac-9f6f11ce5ffa',
  'quiz_id',
  '724f6c3d-7243-48d6-a278-181f57a81097',
  NOW(),
  NOW()
) ON CONFLICT DO NOTHING; -- Skip if the relationship already exists

-- Create bidirectional relationship entry for the quiz to the question
INSERT INTO payload.course_quizzes_rels (
  id,
  _parent_id,
  field,
  value,
  created_at,
  updated_at
) VALUES (
  gen_random_uuid(),
  '724f6c3d-7243-48d6-a278-181f57a81097',
  'questions',
  '54ada599-4f36-4817-a9ac-9f6f11ce5ffa',
  NOW(),
  NOW()
) ON CONFLICT DO NOTHING; -- Skip if the relationship already exists

-- Questions for quiz: Tables vs Graphs Quiz (tables-vs-graphs-quiz, ID: 16902531-cef4-440f-b7ab-2ccc3894fe83)
-- Insert question 1 for quiz: Tables vs Graphs Quiz
INSERT INTO payload.quiz_questions (
  id,
  question,
  quiz_id,
  quiz_id_id, -- Duplicate field for compatibility
  type,
  explanation,
  "order",
  created_at,
  updated_at
) VALUES (
  '8587d088-e7ab-41b6-91ec-9d3789c15223', -- Generated UUID for the question
  'What are the two defining characteristics of Tables?',
  '16902531-cef4-440f-b7ab-2ccc3894fe83', -- Quiz ID
  '16902531-cef4-440f-b7ab-2ccc3894fe83', -- Quiz ID (duplicate)
  'multi-answer',
  '',
  0,
  NOW(),
  NOW()
) ON CONFLICT (id) DO NOTHING; -- Skip if the question already exists

-- Insert option 1 for question 1
INSERT INTO payload.quiz_questions_options (
  id,
  _order,
  _parent_id,
  text,
  is_correct,
  created_at,
  updated_at
) VALUES (
  gen_random_uuid(),
  0,
  '8587d088-e7ab-41b6-91ec-9d3789c15223',
  'Information is encoded as text (words and numbers)',
  true,
  NOW(),
  NOW()
) ON CONFLICT DO NOTHING; -- Skip if the option already exists

-- Insert option 2 for question 1
INSERT INTO payload.quiz_questions_options (
  id,
  _order,
  _parent_id,
  text,
  is_correct,
  created_at,
  updated_at
) VALUES (
  gen_random_uuid(),
  1,
  '8587d088-e7ab-41b6-91ec-9d3789c15223',
  'They are black and white',
  false,
  NOW(),
  NOW()
) ON CONFLICT DO NOTHING; -- Skip if the option already exists

-- Insert option 3 for question 1
INSERT INTO payload.quiz_questions_options (
  id,
  _order,
  _parent_id,
  text,
  is_correct,
  created_at,
  updated_at
) VALUES (
  gen_random_uuid(),
  2,
  '8587d088-e7ab-41b6-91ec-9d3789c15223',
  'They are not as nice to look at as graphs',
  false,
  NOW(),
  NOW()
) ON CONFLICT DO NOTHING; -- Skip if the option already exists

-- Insert option 4 for question 1
INSERT INTO payload.quiz_questions_options (
  id,
  _order,
  _parent_id,
  text,
  is_correct,
  created_at,
  updated_at
) VALUES (
  gen_random_uuid(),
  3,
  '8587d088-e7ab-41b6-91ec-9d3789c15223',
  'They are arranged in columns and rows',
  true,
  NOW(),
  NOW()
) ON CONFLICT DO NOTHING; -- Skip if the option already exists

-- Create relationship entry for the question to the quiz
INSERT INTO payload.quiz_questions_rels (
  id,
  _parent_id,
  field,
  value,
  created_at,
  updated_at
) VALUES (
  gen_random_uuid(),
  '8587d088-e7ab-41b6-91ec-9d3789c15223',
  'quiz_id',
  '16902531-cef4-440f-b7ab-2ccc3894fe83',
  NOW(),
  NOW()
) ON CONFLICT DO NOTHING; -- Skip if the relationship already exists

-- Create bidirectional relationship entry for the quiz to the question
INSERT INTO payload.course_quizzes_rels (
  id,
  _parent_id,
  field,
  value,
  created_at,
  updated_at
) VALUES (
  gen_random_uuid(),
  '16902531-cef4-440f-b7ab-2ccc3894fe83',
  'questions',
  '8587d088-e7ab-41b6-91ec-9d3789c15223',
  NOW(),
  NOW()
) ON CONFLICT DO NOTHING; -- Skip if the relationship already exists

-- Insert question 2 for quiz: Tables vs Graphs Quiz
INSERT INTO payload.quiz_questions (
  id,
  question,
  quiz_id,
  quiz_id_id, -- Duplicate field for compatibility
  type,
  explanation,
  "order",
  created_at,
  updated_at
) VALUES (
  'd090406c-3c9b-40b3-8209-9725e916823c', -- Generated UUID for the question
  'What re some of the primary benefits of a table?',
  '16902531-cef4-440f-b7ab-2ccc3894fe83', -- Quiz ID
  '16902531-cef4-440f-b7ab-2ccc3894fe83', -- Quiz ID (duplicate)
  'multi-answer',
  '',
  1,
  NOW(),
  NOW()
) ON CONFLICT (id) DO NOTHING; -- Skip if the question already exists

-- Insert option 1 for question 2
INSERT INTO payload.quiz_questions_options (
  id,
  _order,
  _parent_id,
  text,
  is_correct,
  created_at,
  updated_at
) VALUES (
  gen_random_uuid(),
  0,
  'd090406c-3c9b-40b3-8209-9725e916823c',
  'Tables make it easy to look up individual values',
  true,
  NOW(),
  NOW()
) ON CONFLICT DO NOTHING; -- Skip if the option already exists

-- Insert option 2 for question 2
INSERT INTO payload.quiz_questions_options (
  id,
  _order,
  _parent_id,
  text,
  is_correct,
  created_at,
  updated_at
) VALUES (
  gen_random_uuid(),
  1,
  'd090406c-3c9b-40b3-8209-9725e916823c',
  'Tables make it easy to compare pairs of related values',
  true,
  NOW(),
  NOW()
) ON CONFLICT DO NOTHING; -- Skip if the option already exists

-- Insert option 3 for question 2
INSERT INTO payload.quiz_questions_options (
  id,
  _order,
  _parent_id,
  text,
  is_correct,
  created_at,
  updated_at
) VALUES (
  gen_random_uuid(),
  2,
  'd090406c-3c9b-40b3-8209-9725e916823c',
  'Textual encoding provides a level of precision that you cannot get in graphs',
  true,
  NOW(),
  NOW()
) ON CONFLICT DO NOTHING; -- Skip if the option already exists

-- Insert option 4 for question 2
INSERT INTO payload.quiz_questions_options (
  id,
  _order,
  _parent_id,
  text,
  is_correct,
  created_at,
  updated_at
) VALUES (
  gen_random_uuid(),
  3,
  'd090406c-3c9b-40b3-8209-9725e916823c',
  'Tables are easier to create than graphs',
  false,
  NOW(),
  NOW()
) ON CONFLICT DO NOTHING; -- Skip if the option already exists

-- Insert option 5 for question 2
INSERT INTO payload.quiz_questions_options (
  id,
  _order,
  _parent_id,
  text,
  is_correct,
  created_at,
  updated_at
) VALUES (
  gen_random_uuid(),
  4,
  'd090406c-3c9b-40b3-8209-9725e916823c',
  'Tables can handle larger data sets than graphs',
  false,
  NOW(),
  NOW()
) ON CONFLICT DO NOTHING; -- Skip if the option already exists

-- Create relationship entry for the question to the quiz
INSERT INTO payload.quiz_questions_rels (
  id,
  _parent_id,
  field,
  value,
  created_at,
  updated_at
) VALUES (
  gen_random_uuid(),
  'd090406c-3c9b-40b3-8209-9725e916823c',
  'quiz_id',
  '16902531-cef4-440f-b7ab-2ccc3894fe83',
  NOW(),
  NOW()
) ON CONFLICT DO NOTHING; -- Skip if the relationship already exists

-- Create bidirectional relationship entry for the quiz to the question
INSERT INTO payload.course_quizzes_rels (
  id,
  _parent_id,
  field,
  value,
  created_at,
  updated_at
) VALUES (
  gen_random_uuid(),
  '16902531-cef4-440f-b7ab-2ccc3894fe83',
  'questions',
  'd090406c-3c9b-40b3-8209-9725e916823c',
  NOW(),
  NOW()
) ON CONFLICT DO NOTHING; -- Skip if the relationship already exists

-- Insert question 3 for quiz: Tables vs Graphs Quiz
INSERT INTO payload.quiz_questions (
  id,
  question,
  quiz_id,
  quiz_id_id, -- Duplicate field for compatibility
  type,
  explanation,
  "order",
  created_at,
  updated_at
) VALUES (
  '6aa4b0a9-21f6-44cf-8e45-9e4845afdf5a', -- Generated UUID for the question
  'What are some of the characteristics that define graphs?',
  '16902531-cef4-440f-b7ab-2ccc3894fe83', -- Quiz ID
  '16902531-cef4-440f-b7ab-2ccc3894fe83', -- Quiz ID (duplicate)
  'multi-answer',
  '',
  2,
  NOW(),
  NOW()
) ON CONFLICT (id) DO NOTHING; -- Skip if the question already exists

-- Insert option 1 for question 3
INSERT INTO payload.quiz_questions_options (
  id,
  _order,
  _parent_id,
  text,
  is_correct,
  created_at,
  updated_at
) VALUES (
  gen_random_uuid(),
  0,
  '6aa4b0a9-21f6-44cf-8e45-9e4845afdf5a',
  'Information is encoded as text (words and numbers)',
  false,
  NOW(),
  NOW()
) ON CONFLICT DO NOTHING; -- Skip if the option already exists

-- Insert option 2 for question 3
INSERT INTO payload.quiz_questions_options (
  id,
  _order,
  _parent_id,
  text,
  is_correct,
  created_at,
  updated_at
) VALUES (
  gen_random_uuid(),
  1,
  '6aa4b0a9-21f6-44cf-8e45-9e4845afdf5a',
  'Axes provide scales (quantitative and categorical) that are used to label and assign value to the visual objects',
  true,
  NOW(),
  NOW()
) ON CONFLICT DO NOTHING; -- Skip if the option already exists

-- Insert option 3 for question 3
INSERT INTO payload.quiz_questions_options (
  id,
  _order,
  _parent_id,
  text,
  is_correct,
  created_at,
  updated_at
) VALUES (
  gen_random_uuid(),
  2,
  '6aa4b0a9-21f6-44cf-8e45-9e4845afdf5a',
  'They are nicer to look at than tables',
  false,
  NOW(),
  NOW()
) ON CONFLICT DO NOTHING; -- Skip if the option already exists

-- Insert option 4 for question 3
INSERT INTO payload.quiz_questions_options (
  id,
  _order,
  _parent_id,
  text,
  is_correct,
  created_at,
  updated_at
) VALUES (
  gen_random_uuid(),
  3,
  '6aa4b0a9-21f6-44cf-8e45-9e4845afdf5a',
  'They are typically in color',
  false,
  NOW(),
  NOW()
) ON CONFLICT DO NOTHING; -- Skip if the option already exists

-- Insert option 5 for question 3
INSERT INTO payload.quiz_questions_options (
  id,
  _order,
  _parent_id,
  text,
  is_correct,
  created_at,
  updated_at
) VALUES (
  gen_random_uuid(),
  4,
  '6aa4b0a9-21f6-44cf-8e45-9e4845afdf5a',
  'Values are encoded as visual objects in relation to the axis',
  true,
  NOW(),
  NOW()
) ON CONFLICT DO NOTHING; -- Skip if the option already exists

-- Insert option 6 for question 3
INSERT INTO payload.quiz_questions_options (
  id,
  _order,
  _parent_id,
  text,
  is_correct,
  created_at,
  updated_at
) VALUES (
  gen_random_uuid(),
  5,
  '6aa4b0a9-21f6-44cf-8e45-9e4845afdf5a',
  'Values are displayed within an area delineated by one or more axis',
  true,
  NOW(),
  NOW()
) ON CONFLICT DO NOTHING; -- Skip if the option already exists

-- Create relationship entry for the question to the quiz
INSERT INTO payload.quiz_questions_rels (
  id,
  _parent_id,
  field,
  value,
  created_at,
  updated_at
) VALUES (
  gen_random_uuid(),
  '6aa4b0a9-21f6-44cf-8e45-9e4845afdf5a',
  'quiz_id',
  '16902531-cef4-440f-b7ab-2ccc3894fe83',
  NOW(),
  NOW()
) ON CONFLICT DO NOTHING; -- Skip if the relationship already exists

-- Create bidirectional relationship entry for the quiz to the question
INSERT INTO payload.course_quizzes_rels (
  id,
  _parent_id,
  field,
  value,
  created_at,
  updated_at
) VALUES (
  gen_random_uuid(),
  '16902531-cef4-440f-b7ab-2ccc3894fe83',
  'questions',
  '6aa4b0a9-21f6-44cf-8e45-9e4845afdf5a',
  NOW(),
  NOW()
) ON CONFLICT DO NOTHING; -- Skip if the relationship already exists

-- Insert question 4 for quiz: Tables vs Graphs Quiz
INSERT INTO payload.quiz_questions (
  id,
  question,
  quiz_id,
  quiz_id_id, -- Duplicate field for compatibility
  type,
  explanation,
  "order",
  created_at,
  updated_at
) VALUES (
  '6c19e062-fc3f-48dd-9c44-60c5f8a9c7e5', -- Generated UUID for the question
  'When should you use graphs?',
  '16902531-cef4-440f-b7ab-2ccc3894fe83', -- Quiz ID
  '16902531-cef4-440f-b7ab-2ccc3894fe83', -- Quiz ID (duplicate)
  'multi-answer',
  '',
  3,
  NOW(),
  NOW()
) ON CONFLICT (id) DO NOTHING; -- Skip if the question already exists

-- Insert option 1 for question 4
INSERT INTO payload.quiz_questions_options (
  id,
  _order,
  _parent_id,
  text,
  is_correct,
  created_at,
  updated_at
) VALUES (
  gen_random_uuid(),
  0,
  '6c19e062-fc3f-48dd-9c44-60c5f8a9c7e5',
  'When the message or story is contained in the shape of the data',
  true,
  NOW(),
  NOW()
) ON CONFLICT DO NOTHING; -- Skip if the option already exists

-- Insert option 2 for question 4
INSERT INTO payload.quiz_questions_options (
  id,
  _order,
  _parent_id,
  text,
  is_correct,
  created_at,
  updated_at
) VALUES (
  gen_random_uuid(),
  1,
  '6c19e062-fc3f-48dd-9c44-60c5f8a9c7e5',
  'When the display will be used to reveal relationships among whole sets of values',
  true,
  NOW(),
  NOW()
) ON CONFLICT DO NOTHING; -- Skip if the option already exists

-- Insert option 3 for question 4
INSERT INTO payload.quiz_questions_options (
  id,
  _order,
  _parent_id,
  text,
  is_correct,
  created_at,
  updated_at
) VALUES (
  gen_random_uuid(),
  2,
  '6c19e062-fc3f-48dd-9c44-60c5f8a9c7e5',
  'When you need to ''sex-up'' a slide',
  false,
  NOW(),
  NOW()
) ON CONFLICT DO NOTHING; -- Skip if the option already exists

-- Insert option 4 for question 4
INSERT INTO payload.quiz_questions_options (
  id,
  _order,
  _parent_id,
  text,
  is_correct,
  created_at,
  updated_at
) VALUES (
  gen_random_uuid(),
  3,
  '6c19e062-fc3f-48dd-9c44-60c5f8a9c7e5',
  'When you have production support and they can create the graph for you',
  false,
  NOW(),
  NOW()
) ON CONFLICT DO NOTHING; -- Skip if the option already exists

-- Create relationship entry for the question to the quiz
INSERT INTO payload.quiz_questions_rels (
  id,
  _parent_id,
  field,
  value,
  created_at,
  updated_at
) VALUES (
  gen_random_uuid(),
  '6c19e062-fc3f-48dd-9c44-60c5f8a9c7e5',
  'quiz_id',
  '16902531-cef4-440f-b7ab-2ccc3894fe83',
  NOW(),
  NOW()
) ON CONFLICT DO NOTHING; -- Skip if the relationship already exists

-- Create bidirectional relationship entry for the quiz to the question
INSERT INTO payload.course_quizzes_rels (
  id,
  _parent_id,
  field,
  value,
  created_at,
  updated_at
) VALUES (
  gen_random_uuid(),
  '16902531-cef4-440f-b7ab-2ccc3894fe83',
  'questions',
  '6c19e062-fc3f-48dd-9c44-60c5f8a9c7e5',
  NOW(),
  NOW()
) ON CONFLICT DO NOTHING; -- Skip if the relationship already exists

-- Questions for quiz: The Who Quiz (the-who-quiz, ID: e5d3387b-afa5-4ca9-b011-a39a6c5f0fba)
-- Insert question 1 for quiz: The Who Quiz
INSERT INTO payload.quiz_questions (
  id,
  question,
  quiz_id,
  quiz_id_id, -- Duplicate field for compatibility
  type,
  explanation,
  "order",
  created_at,
  updated_at
) VALUES (
  'e5e337f1-8c38-45b0-bee8-cc7e1c03afa5', -- Generated UUID for the question
  'Who is the hero of our presentation?',
  'e5d3387b-afa5-4ca9-b011-a39a6c5f0fba', -- Quiz ID
  'e5d3387b-afa5-4ca9-b011-a39a6c5f0fba', -- Quiz ID (duplicate)
  'single-answer',
  '',
  0,
  NOW(),
  NOW()
) ON CONFLICT (id) DO NOTHING; -- Skip if the question already exists

-- Insert option 1 for question 1
INSERT INTO payload.quiz_questions_options (
  id,
  _order,
  _parent_id,
  text,
  is_correct,
  created_at,
  updated_at
) VALUES (
  gen_random_uuid(),
  0,
  'e5e337f1-8c38-45b0-bee8-cc7e1c03afa5',
  'Batman baby!',
  false,
  NOW(),
  NOW()
) ON CONFLICT DO NOTHING; -- Skip if the option already exists

-- Insert option 2 for question 1
INSERT INTO payload.quiz_questions_options (
  id,
  _order,
  _parent_id,
  text,
  is_correct,
  created_at,
  updated_at
) VALUES (
  gen_random_uuid(),
  1,
  'e5e337f1-8c38-45b0-bee8-cc7e1c03afa5',
  'I am dammit!',
  false,
  NOW(),
  NOW()
) ON CONFLICT DO NOTHING; -- Skip if the option already exists

-- Insert option 3 for question 1
INSERT INTO payload.quiz_questions_options (
  id,
  _order,
  _parent_id,
  text,
  is_correct,
  created_at,
  updated_at
) VALUES (
  gen_random_uuid(),
  2,
  'e5e337f1-8c38-45b0-bee8-cc7e1c03afa5',
  'The audience',
  true,
  NOW(),
  NOW()
) ON CONFLICT DO NOTHING; -- Skip if the option already exists

-- Insert option 4 for question 1
INSERT INTO payload.quiz_questions_options (
  id,
  _order,
  _parent_id,
  text,
  is_correct,
  created_at,
  updated_at
) VALUES (
  gen_random_uuid(),
  3,
  'e5e337f1-8c38-45b0-bee8-cc7e1c03afa5',
  'Superman owns Batman',
  false,
  NOW(),
  NOW()
) ON CONFLICT DO NOTHING; -- Skip if the option already exists

-- Create relationship entry for the question to the quiz
INSERT INTO payload.quiz_questions_rels (
  id,
  _parent_id,
  field,
  value,
  created_at,
  updated_at
) VALUES (
  gen_random_uuid(),
  'e5e337f1-8c38-45b0-bee8-cc7e1c03afa5',
  'quiz_id',
  'e5d3387b-afa5-4ca9-b011-a39a6c5f0fba',
  NOW(),
  NOW()
) ON CONFLICT DO NOTHING; -- Skip if the relationship already exists

-- Create bidirectional relationship entry for the quiz to the question
INSERT INTO payload.course_quizzes_rels (
  id,
  _parent_id,
  field,
  value,
  created_at,
  updated_at
) VALUES (
  gen_random_uuid(),
  'e5d3387b-afa5-4ca9-b011-a39a6c5f0fba',
  'questions',
  'e5e337f1-8c38-45b0-bee8-cc7e1c03afa5',
  NOW(),
  NOW()
) ON CONFLICT DO NOTHING; -- Skip if the relationship already exists

-- Insert question 2 for quiz: The Who Quiz
INSERT INTO payload.quiz_questions (
  id,
  question,
  quiz_id,
  quiz_id_id, -- Duplicate field for compatibility
  type,
  explanation,
  "order",
  created_at,
  updated_at
) VALUES (
  'db707665-647a-4904-aa9e-d4b6811d916d', -- Generated UUID for the question
  'What is the Audience Map used for?',
  'e5d3387b-afa5-4ca9-b011-a39a6c5f0fba', -- Quiz ID
  'e5d3387b-afa5-4ca9-b011-a39a6c5f0fba', -- Quiz ID (duplicate)
  'single-answer',
  '',
  1,
  NOW(),
  NOW()
) ON CONFLICT (id) DO NOTHING; -- Skip if the question already exists

-- Insert option 1 for question 2
INSERT INTO payload.quiz_questions_options (
  id,
  _order,
  _parent_id,
  text,
  is_correct,
  created_at,
  updated_at
) VALUES (
  gen_random_uuid(),
  0,
  'db707665-647a-4904-aa9e-d4b6811d916d',
  'To be used to find your presentation venue. X marks the spot.',
  false,
  NOW(),
  NOW()
) ON CONFLICT DO NOTHING; -- Skip if the option already exists

-- Insert option 2 for question 2
INSERT INTO payload.quiz_questions_options (
  id,
  _order,
  _parent_id,
  text,
  is_correct,
  created_at,
  updated_at
) VALUES (
  gen_random_uuid(),
  1,
  'db707665-647a-4904-aa9e-d4b6811d916d',
  'To help identify the main decision maker',
  false,
  NOW(),
  NOW()
) ON CONFLICT DO NOTHING; -- Skip if the option already exists

-- Insert option 3 for question 2
INSERT INTO payload.quiz_questions_options (
  id,
  _order,
  _parent_id,
  text,
  is_correct,
  created_at,
  updated_at
) VALUES (
  gen_random_uuid(),
  2,
  'db707665-647a-4904-aa9e-d4b6811d916d',
  'To develop a strategic approach for engaging with your ''room''',
  true,
  NOW(),
  NOW()
) ON CONFLICT DO NOTHING; -- Skip if the option already exists

-- Create relationship entry for the question to the quiz
INSERT INTO payload.quiz_questions_rels (
  id,
  _parent_id,
  field,
  value,
  created_at,
  updated_at
) VALUES (
  gen_random_uuid(),
  'db707665-647a-4904-aa9e-d4b6811d916d',
  'quiz_id',
  'e5d3387b-afa5-4ca9-b011-a39a6c5f0fba',
  NOW(),
  NOW()
) ON CONFLICT DO NOTHING; -- Skip if the relationship already exists

-- Create bidirectional relationship entry for the quiz to the question
INSERT INTO payload.course_quizzes_rels (
  id,
  _parent_id,
  field,
  value,
  created_at,
  updated_at
) VALUES (
  gen_random_uuid(),
  'e5d3387b-afa5-4ca9-b011-a39a6c5f0fba',
  'questions',
  'db707665-647a-4904-aa9e-d4b6811d916d',
  NOW(),
  NOW()
) ON CONFLICT DO NOTHING; -- Skip if the relationship already exists

-- Insert question 3 for quiz: The Who Quiz
INSERT INTO payload.quiz_questions (
  id,
  question,
  quiz_id,
  quiz_id_id, -- Duplicate field for compatibility
  type,
  explanation,
  "order",
  created_at,
  updated_at
) VALUES (
  'b184b28a-5577-4cdb-a464-4ab89a298daa', -- Generated UUID for the question
  'What are the 4 quadrants of the Audience Map?',
  'e5d3387b-afa5-4ca9-b011-a39a6c5f0fba', -- Quiz ID
  'e5d3387b-afa5-4ca9-b011-a39a6c5f0fba', -- Quiz ID (duplicate)
  'single-answer',
  '',
  2,
  NOW(),
  NOW()
) ON CONFLICT (id) DO NOTHING; -- Skip if the question already exists

-- Insert option 1 for question 3
INSERT INTO payload.quiz_questions_options (
  id,
  _order,
  _parent_id,
  text,
  is_correct,
  created_at,
  updated_at
) VALUES (
  gen_random_uuid(),
  0,
  'b184b28a-5577-4cdb-a464-4ab89a298daa',
  'Senior, Junior, Advocate, Foe',
  false,
  NOW(),
  NOW()
) ON CONFLICT DO NOTHING; -- Skip if the option already exists

-- Insert option 2 for question 3
INSERT INTO payload.quiz_questions_options (
  id,
  _order,
  _parent_id,
  text,
  is_correct,
  created_at,
  updated_at
) VALUES (
  gen_random_uuid(),
  1,
  'b184b28a-5577-4cdb-a464-4ab89a298daa',
  'Personality, Power, Access, Resistance',
  true,
  NOW(),
  NOW()
) ON CONFLICT DO NOTHING; -- Skip if the option already exists

-- Insert option 3 for question 3
INSERT INTO payload.quiz_questions_options (
  id,
  _order,
  _parent_id,
  text,
  is_correct,
  created_at,
  updated_at
) VALUES (
  gen_random_uuid(),
  2,
  'b184b28a-5577-4cdb-a464-4ab89a298daa',
  'Friend, Foe, Advocate, Neutral',
  false,
  NOW(),
  NOW()
) ON CONFLICT DO NOTHING; -- Skip if the option already exists

-- Insert option 4 for question 3
INSERT INTO payload.quiz_questions_options (
  id,
  _order,
  _parent_id,
  text,
  is_correct,
  created_at,
  updated_at
) VALUES (
  gen_random_uuid(),
  3,
  'b184b28a-5577-4cdb-a464-4ab89a298daa',
  'North, South East and West',
  false,
  NOW(),
  NOW()
) ON CONFLICT DO NOTHING; -- Skip if the option already exists

-- Create relationship entry for the question to the quiz
INSERT INTO payload.quiz_questions_rels (
  id,
  _parent_id,
  field,
  value,
  created_at,
  updated_at
) VALUES (
  gen_random_uuid(),
  'b184b28a-5577-4cdb-a464-4ab89a298daa',
  'quiz_id',
  'e5d3387b-afa5-4ca9-b011-a39a6c5f0fba',
  NOW(),
  NOW()
) ON CONFLICT DO NOTHING; -- Skip if the relationship already exists

-- Create bidirectional relationship entry for the quiz to the question
INSERT INTO payload.course_quizzes_rels (
  id,
  _parent_id,
  field,
  value,
  created_at,
  updated_at
) VALUES (
  gen_random_uuid(),
  'e5d3387b-afa5-4ca9-b011-a39a6c5f0fba',
  'questions',
  'b184b28a-5577-4cdb-a464-4ab89a298daa',
  NOW(),
  NOW()
) ON CONFLICT DO NOTHING; -- Skip if the relationship already exists

-- Insert question 4 for quiz: The Who Quiz
INSERT INTO payload.quiz_questions (
  id,
  question,
  quiz_id,
  quiz_id_id, -- Duplicate field for compatibility
  type,
  explanation,
  "order",
  created_at,
  updated_at
) VALUES (
  '5fc4513c-e3b4-4d5f-b38c-cf7f3e57c049', -- Generated UUID for the question
  'Pick the question that corresponds with the ''Personality'' quadrant',
  'e5d3387b-afa5-4ca9-b011-a39a6c5f0fba', -- Quiz ID
  'e5d3387b-afa5-4ca9-b011-a39a6c5f0fba', -- Quiz ID (duplicate)
  'single-answer',
  '',
  3,
  NOW(),
  NOW()
) ON CONFLICT (id) DO NOTHING; -- Skip if the question already exists

-- Insert option 1 for question 4
INSERT INTO payload.quiz_questions_options (
  id,
  _order,
  _parent_id,
  text,
  is_correct,
  created_at,
  updated_at
) VALUES (
  gen_random_uuid(),
  0,
  '5fc4513c-e3b4-4d5f-b38c-cf7f3e57c049',
  'How do decisions get made?',
  false,
  NOW(),
  NOW()
) ON CONFLICT DO NOTHING; -- Skip if the option already exists

-- Insert option 2 for question 4
INSERT INTO payload.quiz_questions_options (
  id,
  _order,
  _parent_id,
  text,
  is_correct,
  created_at,
  updated_at
) VALUES (
  gen_random_uuid(),
  1,
  '5fc4513c-e3b4-4d5f-b38c-cf7f3e57c049',
  'What is their style, energy level, and emotional state?',
  true,
  NOW(),
  NOW()
) ON CONFLICT DO NOTHING; -- Skip if the option already exists

-- Insert option 3 for question 4
INSERT INTO payload.quiz_questions_options (
  id,
  _order,
  _parent_id,
  text,
  is_correct,
  created_at,
  updated_at
) VALUES (
  gen_random_uuid(),
  2,
  '5fc4513c-e3b4-4d5f-b38c-cf7f3e57c049',
  'Who are your ''friends in court''?',
  false,
  NOW(),
  NOW()
) ON CONFLICT DO NOTHING; -- Skip if the option already exists

-- Insert option 4 for question 4
INSERT INTO payload.quiz_questions_options (
  id,
  _order,
  _parent_id,
  text,
  is_correct,
  created_at,
  updated_at
) VALUES (
  gen_random_uuid(),
  3,
  '5fc4513c-e3b4-4d5f-b38c-cf7f3e57c049',
  'How does your audience like to consume information?',
  false,
  NOW(),
  NOW()
) ON CONFLICT DO NOTHING; -- Skip if the option already exists

-- Create relationship entry for the question to the quiz
INSERT INTO payload.quiz_questions_rels (
  id,
  _parent_id,
  field,
  value,
  created_at,
  updated_at
) VALUES (
  gen_random_uuid(),
  '5fc4513c-e3b4-4d5f-b38c-cf7f3e57c049',
  'quiz_id',
  'e5d3387b-afa5-4ca9-b011-a39a6c5f0fba',
  NOW(),
  NOW()
) ON CONFLICT DO NOTHING; -- Skip if the relationship already exists

-- Create bidirectional relationship entry for the quiz to the question
INSERT INTO payload.course_quizzes_rels (
  id,
  _parent_id,
  field,
  value,
  created_at,
  updated_at
) VALUES (
  gen_random_uuid(),
  'e5d3387b-afa5-4ca9-b011-a39a6c5f0fba',
  'questions',
  '5fc4513c-e3b4-4d5f-b38c-cf7f3e57c049',
  NOW(),
  NOW()
) ON CONFLICT DO NOTHING; -- Skip if the relationship already exists

-- Insert question 5 for quiz: The Who Quiz
INSERT INTO payload.quiz_questions (
  id,
  question,
  quiz_id,
  quiz_id_id, -- Duplicate field for compatibility
  type,
  explanation,
  "order",
  created_at,
  updated_at
) VALUES (
  '3e1ff526-5111-40b2-81e6-7f7b21599db7', -- Generated UUID for the question
  'Pick the question that corresponds with the ''Access'' quadrant',
  'e5d3387b-afa5-4ca9-b011-a39a6c5f0fba', -- Quiz ID
  'e5d3387b-afa5-4ca9-b011-a39a6c5f0fba', -- Quiz ID (duplicate)
  'single-answer',
  '',
  4,
  NOW(),
  NOW()
) ON CONFLICT (id) DO NOTHING; -- Skip if the question already exists

-- Insert option 1 for question 5
INSERT INTO payload.quiz_questions_options (
  id,
  _order,
  _parent_id,
  text,
  is_correct,
  created_at,
  updated_at
) VALUES (
  gen_random_uuid(),
  0,
  '3e1ff526-5111-40b2-81e6-7f7b21599db7',
  'How does your audience like to consume information?',
  true,
  NOW(),
  NOW()
) ON CONFLICT DO NOTHING; -- Skip if the option already exists

-- Insert option 2 for question 5
INSERT INTO payload.quiz_questions_options (
  id,
  _order,
  _parent_id,
  text,
  is_correct,
  created_at,
  updated_at
) VALUES (
  gen_random_uuid(),
  1,
  '3e1ff526-5111-40b2-81e6-7f7b21599db7',
  'What is their style, energy level, and emotional state?',
  false,
  NOW(),
  NOW()
) ON CONFLICT DO NOTHING; -- Skip if the option already exists

-- Insert option 3 for question 5
INSERT INTO payload.quiz_questions_options (
  id,
  _order,
  _parent_id,
  text,
  is_correct,
  created_at,
  updated_at
) VALUES (
  gen_random_uuid(),
  2,
  '3e1ff526-5111-40b2-81e6-7f7b21599db7',
  'How do decisions get made?',
  false,
  NOW(),
  NOW()
) ON CONFLICT DO NOTHING; -- Skip if the option already exists

-- Insert option 4 for question 5
INSERT INTO payload.quiz_questions_options (
  id,
  _order,
  _parent_id,
  text,
  is_correct,
  created_at,
  updated_at
) VALUES (
  gen_random_uuid(),
  3,
  '3e1ff526-5111-40b2-81e6-7f7b21599db7',
  'Who are your ''friends in court''?',
  false,
  NOW(),
  NOW()
) ON CONFLICT DO NOTHING; -- Skip if the option already exists

-- Create relationship entry for the question to the quiz
INSERT INTO payload.quiz_questions_rels (
  id,
  _parent_id,
  field,
  value,
  created_at,
  updated_at
) VALUES (
  gen_random_uuid(),
  '3e1ff526-5111-40b2-81e6-7f7b21599db7',
  'quiz_id',
  'e5d3387b-afa5-4ca9-b011-a39a6c5f0fba',
  NOW(),
  NOW()
) ON CONFLICT DO NOTHING; -- Skip if the relationship already exists

-- Create bidirectional relationship entry for the quiz to the question
INSERT INTO payload.course_quizzes_rels (
  id,
  _parent_id,
  field,
  value,
  created_at,
  updated_at
) VALUES (
  gen_random_uuid(),
  'e5d3387b-afa5-4ca9-b011-a39a6c5f0fba',
  'questions',
  '3e1ff526-5111-40b2-81e6-7f7b21599db7',
  NOW(),
  NOW()
) ON CONFLICT DO NOTHING; -- Skip if the relationship already exists

-- Insert question 6 for quiz: The Who Quiz
INSERT INTO payload.quiz_questions (
  id,
  question,
  quiz_id,
  quiz_id_id, -- Duplicate field for compatibility
  type,
  explanation,
  "order",
  created_at,
  updated_at
) VALUES (
  '1bd223c8-91d5-4b35-a952-e9f56cb106e1', -- Generated UUID for the question
  'Pick the question that corresponds with the ''Power'' quadrant',
  'e5d3387b-afa5-4ca9-b011-a39a6c5f0fba', -- Quiz ID
  'e5d3387b-afa5-4ca9-b011-a39a6c5f0fba', -- Quiz ID (duplicate)
  'single-answer',
  '',
  5,
  NOW(),
  NOW()
) ON CONFLICT (id) DO NOTHING; -- Skip if the question already exists

-- Insert option 1 for question 6
INSERT INTO payload.quiz_questions_options (
  id,
  _order,
  _parent_id,
  text,
  is_correct,
  created_at,
  updated_at
) VALUES (
  gen_random_uuid(),
  0,
  '1bd223c8-91d5-4b35-a952-e9f56cb106e1',
  'How does your audience like to consume information?',
  false,
  NOW(),
  NOW()
) ON CONFLICT DO NOTHING; -- Skip if the option already exists

-- Insert option 2 for question 6
INSERT INTO payload.quiz_questions_options (
  id,
  _order,
  _parent_id,
  text,
  is_correct,
  created_at,
  updated_at
) VALUES (
  gen_random_uuid(),
  1,
  '1bd223c8-91d5-4b35-a952-e9f56cb106e1',
  'Who are your ''friends in court''?',
  false,
  NOW(),
  NOW()
) ON CONFLICT DO NOTHING; -- Skip if the option already exists

-- Insert option 3 for question 6
INSERT INTO payload.quiz_questions_options (
  id,
  _order,
  _parent_id,
  text,
  is_correct,
  created_at,
  updated_at
) VALUES (
  gen_random_uuid(),
  2,
  '1bd223c8-91d5-4b35-a952-e9f56cb106e1',
  'How do decisions get made?',
  true,
  NOW(),
  NOW()
) ON CONFLICT DO NOTHING; -- Skip if the option already exists

-- Insert option 4 for question 6
INSERT INTO payload.quiz_questions_options (
  id,
  _order,
  _parent_id,
  text,
  is_correct,
  created_at,
  updated_at
) VALUES (
  gen_random_uuid(),
  3,
  '1bd223c8-91d5-4b35-a952-e9f56cb106e1',
  'What is their style, energy level, and emotional state?',
  false,
  NOW(),
  NOW()
) ON CONFLICT DO NOTHING; -- Skip if the option already exists

-- Create relationship entry for the question to the quiz
INSERT INTO payload.quiz_questions_rels (
  id,
  _parent_id,
  field,
  value,
  created_at,
  updated_at
) VALUES (
  gen_random_uuid(),
  '1bd223c8-91d5-4b35-a952-e9f56cb106e1',
  'quiz_id',
  'e5d3387b-afa5-4ca9-b011-a39a6c5f0fba',
  NOW(),
  NOW()
) ON CONFLICT DO NOTHING; -- Skip if the relationship already exists

-- Create bidirectional relationship entry for the quiz to the question
INSERT INTO payload.course_quizzes_rels (
  id,
  _parent_id,
  field,
  value,
  created_at,
  updated_at
) VALUES (
  gen_random_uuid(),
  'e5d3387b-afa5-4ca9-b011-a39a6c5f0fba',
  'questions',
  '1bd223c8-91d5-4b35-a952-e9f56cb106e1',
  NOW(),
  NOW()
) ON CONFLICT DO NOTHING; -- Skip if the relationship already exists

-- Insert question 7 for quiz: The Who Quiz
INSERT INTO payload.quiz_questions (
  id,
  question,
  quiz_id,
  quiz_id_id, -- Duplicate field for compatibility
  type,
  explanation,
  "order",
  created_at,
  updated_at
) VALUES (
  '13a9e8bc-cafa-4992-96cf-abffa09637f6', -- Generated UUID for the question
  'Pick the question that corresponds with the ''Resistance'' quadrant',
  'e5d3387b-afa5-4ca9-b011-a39a6c5f0fba', -- Quiz ID
  'e5d3387b-afa5-4ca9-b011-a39a6c5f0fba', -- Quiz ID (duplicate)
  'single-answer',
  '',
  6,
  NOW(),
  NOW()
) ON CONFLICT (id) DO NOTHING; -- Skip if the question already exists

-- Insert option 1 for question 7
INSERT INTO payload.quiz_questions_options (
  id,
  _order,
  _parent_id,
  text,
  is_correct,
  created_at,
  updated_at
) VALUES (
  gen_random_uuid(),
  0,
  '13a9e8bc-cafa-4992-96cf-abffa09637f6',
  'How does your audience like to consume information?',
  false,
  NOW(),
  NOW()
) ON CONFLICT DO NOTHING; -- Skip if the option already exists

-- Insert option 2 for question 7
INSERT INTO payload.quiz_questions_options (
  id,
  _order,
  _parent_id,
  text,
  is_correct,
  created_at,
  updated_at
) VALUES (
  gen_random_uuid(),
  1,
  '13a9e8bc-cafa-4992-96cf-abffa09637f6',
  'Who are your ''friends in court''?',
  true,
  NOW(),
  NOW()
) ON CONFLICT DO NOTHING; -- Skip if the option already exists

-- Insert option 3 for question 7
INSERT INTO payload.quiz_questions_options (
  id,
  _order,
  _parent_id,
  text,
  is_correct,
  created_at,
  updated_at
) VALUES (
  gen_random_uuid(),
  2,
  '13a9e8bc-cafa-4992-96cf-abffa09637f6',
  'How do decisions get made?',
  false,
  NOW(),
  NOW()
) ON CONFLICT DO NOTHING; -- Skip if the option already exists

-- Insert option 4 for question 7
INSERT INTO payload.quiz_questions_options (
  id,
  _order,
  _parent_id,
  text,
  is_correct,
  created_at,
  updated_at
) VALUES (
  gen_random_uuid(),
  3,
  '13a9e8bc-cafa-4992-96cf-abffa09637f6',
  'What is their style, energy level, and emotional state?',
  false,
  NOW(),
  NOW()
) ON CONFLICT DO NOTHING; -- Skip if the option already exists

-- Create relationship entry for the question to the quiz
INSERT INTO payload.quiz_questions_rels (
  id,
  _parent_id,
  field,
  value,
  created_at,
  updated_at
) VALUES (
  gen_random_uuid(),
  '13a9e8bc-cafa-4992-96cf-abffa09637f6',
  'quiz_id',
  'e5d3387b-afa5-4ca9-b011-a39a6c5f0fba',
  NOW(),
  NOW()
) ON CONFLICT DO NOTHING; -- Skip if the relationship already exists

-- Create bidirectional relationship entry for the quiz to the question
INSERT INTO payload.course_quizzes_rels (
  id,
  _parent_id,
  field,
  value,
  created_at,
  updated_at
) VALUES (
  gen_random_uuid(),
  'e5d3387b-afa5-4ca9-b011-a39a6c5f0fba',
  'questions',
  '13a9e8bc-cafa-4992-96cf-abffa09637f6',
  NOW(),
  NOW()
) ON CONFLICT DO NOTHING; -- Skip if the relationship already exists

-- Questions for quiz: Using Stories Quiz (using-stories-quiz, ID: a7187d5b-1395-4a24-903f-8689b9c847c7)
-- Insert question 1 for quiz: Using Stories Quiz
INSERT INTO payload.quiz_questions (
  id,
  question,
  quiz_id,
  quiz_id_id, -- Duplicate field for compatibility
  type,
  explanation,
  "order",
  created_at,
  updated_at
) VALUES (
  'bd7b7fe7-2144-41b5-a995-7638ec564faa', -- Generated UUID for the question
  'Why are stories like a cup?',
  'a7187d5b-1395-4a24-903f-8689b9c847c7', -- Quiz ID
  'a7187d5b-1395-4a24-903f-8689b9c847c7', -- Quiz ID (duplicate)
  'single-answer',
  '',
  0,
  NOW(),
  NOW()
) ON CONFLICT (id) DO NOTHING; -- Skip if the question already exists

-- Insert option 1 for question 1
INSERT INTO payload.quiz_questions_options (
  id,
  _order,
  _parent_id,
  text,
  is_correct,
  created_at,
  updated_at
) VALUES (
  gen_random_uuid(),
  0,
  'bd7b7fe7-2144-41b5-a995-7638ec564faa',
  'Because they are the brain''s natural container for information',
  true,
  NOW(),
  NOW()
) ON CONFLICT DO NOTHING; -- Skip if the option already exists

-- Insert option 2 for question 1
INSERT INTO payload.quiz_questions_options (
  id,
  _order,
  _parent_id,
  text,
  is_correct,
  created_at,
  updated_at
) VALUES (
  gen_random_uuid(),
  1,
  'bd7b7fe7-2144-41b5-a995-7638ec564faa',
  'Because they are simple and straightforward',
  false,
  NOW(),
  NOW()
) ON CONFLICT DO NOTHING; -- Skip if the option already exists

-- Insert option 3 for question 1
INSERT INTO payload.quiz_questions_options (
  id,
  _order,
  _parent_id,
  text,
  is_correct,
  created_at,
  updated_at
) VALUES (
  gen_random_uuid(),
  2,
  'bd7b7fe7-2144-41b5-a995-7638ec564faa',
  'Because you can put in them whatever you like',
  false,
  NOW(),
  NOW()
) ON CONFLICT DO NOTHING; -- Skip if the option already exists

-- Insert option 4 for question 1
INSERT INTO payload.quiz_questions_options (
  id,
  _order,
  _parent_id,
  text,
  is_correct,
  created_at,
  updated_at
) VALUES (
  gen_random_uuid(),
  3,
  'bd7b7fe7-2144-41b5-a995-7638ec564faa',
  'Because they are delicate, and need to be handled carefully',
  false,
  NOW(),
  NOW()
) ON CONFLICT DO NOTHING; -- Skip if the option already exists

-- Create relationship entry for the question to the quiz
INSERT INTO payload.quiz_questions_rels (
  id,
  _parent_id,
  field,
  value,
  created_at,
  updated_at
) VALUES (
  gen_random_uuid(),
  'bd7b7fe7-2144-41b5-a995-7638ec564faa',
  'quiz_id',
  'a7187d5b-1395-4a24-903f-8689b9c847c7',
  NOW(),
  NOW()
) ON CONFLICT DO NOTHING; -- Skip if the relationship already exists

-- Create bidirectional relationship entry for the quiz to the question
INSERT INTO payload.course_quizzes_rels (
  id,
  _parent_id,
  field,
  value,
  created_at,
  updated_at
) VALUES (
  gen_random_uuid(),
  'a7187d5b-1395-4a24-903f-8689b9c847c7',
  'questions',
  'bd7b7fe7-2144-41b5-a995-7638ec564faa',
  NOW(),
  NOW()
) ON CONFLICT DO NOTHING; -- Skip if the relationship already exists

-- Insert question 2 for quiz: Using Stories Quiz
INSERT INTO payload.quiz_questions (
  id,
  question,
  quiz_id,
  quiz_id_id, -- Duplicate field for compatibility
  type,
  explanation,
  "order",
  created_at,
  updated_at
) VALUES (
  '493d84be-14be-40b3-a816-6930cfb230e4', -- Generated UUID for the question
  'What do stories add to our presentations? Why should be use them?',
  'a7187d5b-1395-4a24-903f-8689b9c847c7', -- Quiz ID
  'a7187d5b-1395-4a24-903f-8689b9c847c7', -- Quiz ID (duplicate)
  'multi-answer',
  '',
  1,
  NOW(),
  NOW()
) ON CONFLICT (id) DO NOTHING; -- Skip if the question already exists

-- Insert option 1 for question 2
INSERT INTO payload.quiz_questions_options (
  id,
  _order,
  _parent_id,
  text,
  is_correct,
  created_at,
  updated_at
) VALUES (
  gen_random_uuid(),
  0,
  '493d84be-14be-40b3-a816-6930cfb230e4',
  'Stories stop disagreement',
  true,
  NOW(),
  NOW()
) ON CONFLICT DO NOTHING; -- Skip if the option already exists

-- Insert option 2 for question 2
INSERT INTO payload.quiz_questions_options (
  id,
  _order,
  _parent_id,
  text,
  is_correct,
  created_at,
  updated_at
) VALUES (
  gen_random_uuid(),
  1,
  '493d84be-14be-40b3-a816-6930cfb230e4',
  'Stories make people laugh',
  false,
  NOW(),
  NOW()
) ON CONFLICT DO NOTHING; -- Skip if the option already exists

-- Insert option 3 for question 2
INSERT INTO payload.quiz_questions_options (
  id,
  _order,
  _parent_id,
  text,
  is_correct,
  created_at,
  updated_at
) VALUES (
  gen_random_uuid(),
  2,
  '493d84be-14be-40b3-a816-6930cfb230e4',
  'Stories lull your audience to sleep',
  false,
  NOW(),
  NOW()
) ON CONFLICT DO NOTHING; -- Skip if the option already exists

-- Insert option 4 for question 2
INSERT INTO payload.quiz_questions_options (
  id,
  _order,
  _parent_id,
  text,
  is_correct,
  created_at,
  updated_at
) VALUES (
  gen_random_uuid(),
  3,
  '493d84be-14be-40b3-a816-6930cfb230e4',
  'Stories make your message more memorable',
  true,
  NOW(),
  NOW()
) ON CONFLICT DO NOTHING; -- Skip if the option already exists

-- Insert option 5 for question 2
INSERT INTO payload.quiz_questions_options (
  id,
  _order,
  _parent_id,
  text,
  is_correct,
  created_at,
  updated_at
) VALUES (
  gen_random_uuid(),
  4,
  '493d84be-14be-40b3-a816-6930cfb230e4',
  'Stories increase trust',
  true,
  NOW(),
  NOW()
) ON CONFLICT DO NOTHING; -- Skip if the option already exists

-- Create relationship entry for the question to the quiz
INSERT INTO payload.quiz_questions_rels (
  id,
  _parent_id,
  field,
  value,
  created_at,
  updated_at
) VALUES (
  gen_random_uuid(),
  '493d84be-14be-40b3-a816-6930cfb230e4',
  'quiz_id',
  'a7187d5b-1395-4a24-903f-8689b9c847c7',
  NOW(),
  NOW()
) ON CONFLICT DO NOTHING; -- Skip if the relationship already exists

-- Create bidirectional relationship entry for the quiz to the question
INSERT INTO payload.course_quizzes_rels (
  id,
  _parent_id,
  field,
  value,
  created_at,
  updated_at
) VALUES (
  gen_random_uuid(),
  'a7187d5b-1395-4a24-903f-8689b9c847c7',
  'questions',
  '493d84be-14be-40b3-a816-6930cfb230e4',
  NOW(),
  NOW()
) ON CONFLICT DO NOTHING; -- Skip if the relationship already exists

-- Insert question 3 for quiz: Using Stories Quiz
INSERT INTO payload.quiz_questions (
  id,
  question,
  quiz_id,
  quiz_id_id, -- Duplicate field for compatibility
  type,
  explanation,
  "order",
  created_at,
  updated_at
) VALUES (
  '9cd68bae-14b3-46e4-b1f1-485a3458eb62', -- Generated UUID for the question
  'What characteristics make stories memorable?',
  'a7187d5b-1395-4a24-903f-8689b9c847c7', -- Quiz ID
  'a7187d5b-1395-4a24-903f-8689b9c847c7', -- Quiz ID (duplicate)
  'multi-answer',
  '',
  2,
  NOW(),
  NOW()
) ON CONFLICT (id) DO NOTHING; -- Skip if the question already exists

-- Insert option 1 for question 3
INSERT INTO payload.quiz_questions_options (
  id,
  _order,
  _parent_id,
  text,
  is_correct,
  created_at,
  updated_at
) VALUES (
  gen_random_uuid(),
  0,
  '9cd68bae-14b3-46e4-b1f1-485a3458eb62',
  'Concreteness',
  true,
  NOW(),
  NOW()
) ON CONFLICT DO NOTHING; -- Skip if the option already exists

-- Insert option 2 for question 3
INSERT INTO payload.quiz_questions_options (
  id,
  _order,
  _parent_id,
  text,
  is_correct,
  created_at,
  updated_at
) VALUES (
  gen_random_uuid(),
  1,
  '9cd68bae-14b3-46e4-b1f1-485a3458eb62',
  'Unexpectedness',
  true,
  NOW(),
  NOW()
) ON CONFLICT DO NOTHING; -- Skip if the option already exists

-- Insert option 3 for question 3
INSERT INTO payload.quiz_questions_options (
  id,
  _order,
  _parent_id,
  text,
  is_correct,
  created_at,
  updated_at
) VALUES (
  gen_random_uuid(),
  2,
  '9cd68bae-14b3-46e4-b1f1-485a3458eb62',
  'Credibility',
  true,
  NOW(),
  NOW()
) ON CONFLICT DO NOTHING; -- Skip if the option already exists

-- Insert option 4 for question 3
INSERT INTO payload.quiz_questions_options (
  id,
  _order,
  _parent_id,
  text,
  is_correct,
  created_at,
  updated_at
) VALUES (
  gen_random_uuid(),
  3,
  '9cd68bae-14b3-46e4-b1f1-485a3458eb62',
  'Simplicity',
  true,
  NOW(),
  NOW()
) ON CONFLICT DO NOTHING; -- Skip if the option already exists

-- Insert option 5 for question 3
INSERT INTO payload.quiz_questions_options (
  id,
  _order,
  _parent_id,
  text,
  is_correct,
  created_at,
  updated_at
) VALUES (
  gen_random_uuid(),
  4,
  '9cd68bae-14b3-46e4-b1f1-485a3458eb62',
  'Emotion',
  true,
  NOW(),
  NOW()
) ON CONFLICT DO NOTHING; -- Skip if the option already exists

-- Create relationship entry for the question to the quiz
INSERT INTO payload.quiz_questions_rels (
  id,
  _parent_id,
  field,
  value,
  created_at,
  updated_at
) VALUES (
  gen_random_uuid(),
  '9cd68bae-14b3-46e4-b1f1-485a3458eb62',
  'quiz_id',
  'a7187d5b-1395-4a24-903f-8689b9c847c7',
  NOW(),
  NOW()
) ON CONFLICT DO NOTHING; -- Skip if the relationship already exists

-- Create bidirectional relationship entry for the quiz to the question
INSERT INTO payload.course_quizzes_rels (
  id,
  _parent_id,
  field,
  value,
  created_at,
  updated_at
) VALUES (
  gen_random_uuid(),
  'a7187d5b-1395-4a24-903f-8689b9c847c7',
  'questions',
  '9cd68bae-14b3-46e4-b1f1-485a3458eb62',
  NOW(),
  NOW()
) ON CONFLICT DO NOTHING; -- Skip if the relationship already exists

-- Questions for quiz: Visual Perception and Communication Quiz (visual-perception-quiz, ID: a208d5c6-cedf-4701-89a5-2e9e2cffc052)
-- Insert question 1 for quiz: Visual Perception and Communication Quiz
INSERT INTO payload.quiz_questions (
  id,
  question,
  quiz_id,
  quiz_id_id, -- Duplicate field for compatibility
  type,
  explanation,
  "order",
  created_at,
  updated_at
) VALUES (
  '5785bcb9-6f66-46d2-ba68-afa861471f7f', -- Generated UUID for the question
  'What is visual thinking?',
  'a208d5c6-cedf-4701-89a5-2e9e2cffc052', -- Quiz ID
  'a208d5c6-cedf-4701-89a5-2e9e2cffc052', -- Quiz ID (duplicate)
  'single-answer',
  '',
  0,
  NOW(),
  NOW()
) ON CONFLICT (id) DO NOTHING; -- Skip if the question already exists

-- Insert option 1 for question 1
INSERT INTO payload.quiz_questions_options (
  id,
  _order,
  _parent_id,
  text,
  is_correct,
  created_at,
  updated_at
) VALUES (
  gen_random_uuid(),
  0,
  '5785bcb9-6f66-46d2-ba68-afa861471f7f',
  'Doodling',
  false,
  NOW(),
  NOW()
) ON CONFLICT DO NOTHING; -- Skip if the option already exists

-- Insert option 2 for question 1
INSERT INTO payload.quiz_questions_options (
  id,
  _order,
  _parent_id,
  text,
  is_correct,
  created_at,
  updated_at
) VALUES (
  gen_random_uuid(),
  1,
  '5785bcb9-6f66-46d2-ba68-afa861471f7f',
  'The phenomenon of thinking through visual processing',
  true,
  NOW(),
  NOW()
) ON CONFLICT DO NOTHING; -- Skip if the option already exists

-- Insert option 3 for question 1
INSERT INTO payload.quiz_questions_options (
  id,
  _order,
  _parent_id,
  text,
  is_correct,
  created_at,
  updated_at
) VALUES (
  gen_random_uuid(),
  2,
  '5785bcb9-6f66-46d2-ba68-afa861471f7f',
  'A thought cloud',
  false,
  NOW(),
  NOW()
) ON CONFLICT DO NOTHING; -- Skip if the option already exists

-- Insert option 4 for question 1
INSERT INTO payload.quiz_questions_options (
  id,
  _order,
  _parent_id,
  text,
  is_correct,
  created_at,
  updated_at
) VALUES (
  gen_random_uuid(),
  3,
  '5785bcb9-6f66-46d2-ba68-afa861471f7f',
  'Complex visual charts',
  false,
  NOW(),
  NOW()
) ON CONFLICT DO NOTHING; -- Skip if the option already exists

-- Create relationship entry for the question to the quiz
INSERT INTO payload.quiz_questions_rels (
  id,
  _parent_id,
  field,
  value,
  created_at,
  updated_at
) VALUES (
  gen_random_uuid(),
  '5785bcb9-6f66-46d2-ba68-afa861471f7f',
  'quiz_id',
  'a208d5c6-cedf-4701-89a5-2e9e2cffc052',
  NOW(),
  NOW()
) ON CONFLICT DO NOTHING; -- Skip if the relationship already exists

-- Create bidirectional relationship entry for the quiz to the question
INSERT INTO payload.course_quizzes_rels (
  id,
  _parent_id,
  field,
  value,
  created_at,
  updated_at
) VALUES (
  gen_random_uuid(),
  'a208d5c6-cedf-4701-89a5-2e9e2cffc052',
  'questions',
  '5785bcb9-6f66-46d2-ba68-afa861471f7f',
  NOW(),
  NOW()
) ON CONFLICT DO NOTHING; -- Skip if the relationship already exists

-- Insert question 2 for quiz: Visual Perception and Communication Quiz
INSERT INTO payload.quiz_questions (
  id,
  question,
  quiz_id,
  quiz_id_id, -- Duplicate field for compatibility
  type,
  explanation,
  "order",
  created_at,
  updated_at
) VALUES (
  '13f6bcd0-80d9-4631-bc0d-f4f2fb60619e', -- Generated UUID for the question
  'Match the type of mental processing with the characteristic: ''Conscious, sequential, and slow/hard''',
  'a208d5c6-cedf-4701-89a5-2e9e2cffc052', -- Quiz ID
  'a208d5c6-cedf-4701-89a5-2e9e2cffc052', -- Quiz ID (duplicate)
  'single-answer',
  '',
  1,
  NOW(),
  NOW()
) ON CONFLICT (id) DO NOTHING; -- Skip if the question already exists

-- Insert option 1 for question 2
INSERT INTO payload.quiz_questions_options (
  id,
  _order,
  _parent_id,
  text,
  is_correct,
  created_at,
  updated_at
) VALUES (
  gen_random_uuid(),
  0,
  '13f6bcd0-80d9-4631-bc0d-f4f2fb60619e',
  'Attentive processing',
  true,
  NOW(),
  NOW()
) ON CONFLICT DO NOTHING; -- Skip if the option already exists

-- Insert option 2 for question 2
INSERT INTO payload.quiz_questions_options (
  id,
  _order,
  _parent_id,
  text,
  is_correct,
  created_at,
  updated_at
) VALUES (
  gen_random_uuid(),
  1,
  '13f6bcd0-80d9-4631-bc0d-f4f2fb60619e',
  'Pre-attentive processing',
  false,
  NOW(),
  NOW()
) ON CONFLICT DO NOTHING; -- Skip if the option already exists

-- Create relationship entry for the question to the quiz
INSERT INTO payload.quiz_questions_rels (
  id,
  _parent_id,
  field,
  value,
  created_at,
  updated_at
) VALUES (
  gen_random_uuid(),
  '13f6bcd0-80d9-4631-bc0d-f4f2fb60619e',
  'quiz_id',
  'a208d5c6-cedf-4701-89a5-2e9e2cffc052',
  NOW(),
  NOW()
) ON CONFLICT DO NOTHING; -- Skip if the relationship already exists

-- Create bidirectional relationship entry for the quiz to the question
INSERT INTO payload.course_quizzes_rels (
  id,
  _parent_id,
  field,
  value,
  created_at,
  updated_at
) VALUES (
  gen_random_uuid(),
  'a208d5c6-cedf-4701-89a5-2e9e2cffc052',
  'questions',
  '13f6bcd0-80d9-4631-bc0d-f4f2fb60619e',
  NOW(),
  NOW()
) ON CONFLICT DO NOTHING; -- Skip if the relationship already exists

-- Insert question 3 for quiz: Visual Perception and Communication Quiz
INSERT INTO payload.quiz_questions (
  id,
  question,
  quiz_id,
  quiz_id_id, -- Duplicate field for compatibility
  type,
  explanation,
  "order",
  created_at,
  updated_at
) VALUES (
  '8549a19b-2305-4b56-99fb-ba04f7be11ad', -- Generated UUID for the question
  'Match the type of mental processing with the characteristic: ''Below the level of consciousness, very rapid''',
  'a208d5c6-cedf-4701-89a5-2e9e2cffc052', -- Quiz ID
  'a208d5c6-cedf-4701-89a5-2e9e2cffc052', -- Quiz ID (duplicate)
  'single-answer',
  '',
  2,
  NOW(),
  NOW()
) ON CONFLICT (id) DO NOTHING; -- Skip if the question already exists

-- Insert option 1 for question 3
INSERT INTO payload.quiz_questions_options (
  id,
  _order,
  _parent_id,
  text,
  is_correct,
  created_at,
  updated_at
) VALUES (
  gen_random_uuid(),
  0,
  '8549a19b-2305-4b56-99fb-ba04f7be11ad',
  'Attentive processing',
  false,
  NOW(),
  NOW()
) ON CONFLICT DO NOTHING; -- Skip if the option already exists

-- Insert option 2 for question 3
INSERT INTO payload.quiz_questions_options (
  id,
  _order,
  _parent_id,
  text,
  is_correct,
  created_at,
  updated_at
) VALUES (
  gen_random_uuid(),
  1,
  '8549a19b-2305-4b56-99fb-ba04f7be11ad',
  'Pre-attentive processing',
  true,
  NOW(),
  NOW()
) ON CONFLICT DO NOTHING; -- Skip if the option already exists

-- Create relationship entry for the question to the quiz
INSERT INTO payload.quiz_questions_rels (
  id,
  _parent_id,
  field,
  value,
  created_at,
  updated_at
) VALUES (
  gen_random_uuid(),
  '8549a19b-2305-4b56-99fb-ba04f7be11ad',
  'quiz_id',
  'a208d5c6-cedf-4701-89a5-2e9e2cffc052',
  NOW(),
  NOW()
) ON CONFLICT DO NOTHING; -- Skip if the relationship already exists

-- Create bidirectional relationship entry for the quiz to the question
INSERT INTO payload.course_quizzes_rels (
  id,
  _parent_id,
  field,
  value,
  created_at,
  updated_at
) VALUES (
  gen_random_uuid(),
  'a208d5c6-cedf-4701-89a5-2e9e2cffc052',
  'questions',
  '8549a19b-2305-4b56-99fb-ba04f7be11ad',
  NOW(),
  NOW()
) ON CONFLICT DO NOTHING; -- Skip if the relationship already exists

-- Insert question 4 for quiz: Visual Perception and Communication Quiz
INSERT INTO payload.quiz_questions (
  id,
  question,
  quiz_id,
  quiz_id_id, -- Duplicate field for compatibility
  type,
  explanation,
  "order",
  created_at,
  updated_at
) VALUES (
  '5882af25-739a-4c4b-b52b-055fefba7ed9', -- Generated UUID for the question
  'What are the visual attribute triggers of pre-attentive processing?',
  'a208d5c6-cedf-4701-89a5-2e9e2cffc052', -- Quiz ID
  'a208d5c6-cedf-4701-89a5-2e9e2cffc052', -- Quiz ID (duplicate)
  'multi-answer',
  '',
  3,
  NOW(),
  NOW()
) ON CONFLICT (id) DO NOTHING; -- Skip if the question already exists

-- Insert option 1 for question 4
INSERT INTO payload.quiz_questions_options (
  id,
  _order,
  _parent_id,
  text,
  is_correct,
  created_at,
  updated_at
) VALUES (
  gen_random_uuid(),
  0,
  '5882af25-739a-4c4b-b52b-055fefba7ed9',
  'Length',
  true,
  NOW(),
  NOW()
) ON CONFLICT DO NOTHING; -- Skip if the option already exists

-- Insert option 2 for question 4
INSERT INTO payload.quiz_questions_options (
  id,
  _order,
  _parent_id,
  text,
  is_correct,
  created_at,
  updated_at
) VALUES (
  gen_random_uuid(),
  1,
  '5882af25-739a-4c4b-b52b-055fefba7ed9',
  '3D position',
  false,
  NOW(),
  NOW()
) ON CONFLICT DO NOTHING; -- Skip if the option already exists

-- Insert option 3 for question 4
INSERT INTO payload.quiz_questions_options (
  id,
  _order,
  _parent_id,
  text,
  is_correct,
  created_at,
  updated_at
) VALUES (
  gen_random_uuid(),
  2,
  '5882af25-739a-4c4b-b52b-055fefba7ed9',
  'Color',
  false,
  NOW(),
  NOW()
) ON CONFLICT DO NOTHING; -- Skip if the option already exists

-- Insert option 4 for question 4
INSERT INTO payload.quiz_questions_options (
  id,
  _order,
  _parent_id,
  text,
  is_correct,
  created_at,
  updated_at
) VALUES (
  gen_random_uuid(),
  3,
  '5882af25-739a-4c4b-b52b-055fefba7ed9',
  'Size',
  true,
  NOW(),
  NOW()
) ON CONFLICT DO NOTHING; -- Skip if the option already exists

-- Insert option 5 for question 4
INSERT INTO payload.quiz_questions_options (
  id,
  _order,
  _parent_id,
  text,
  is_correct,
  created_at,
  updated_at
) VALUES (
  gen_random_uuid(),
  4,
  '5882af25-739a-4c4b-b52b-055fefba7ed9',
  'Motion',
  false,
  NOW(),
  NOW()
) ON CONFLICT DO NOTHING; -- Skip if the option already exists

-- Insert option 6 for question 4
INSERT INTO payload.quiz_questions_options (
  id,
  _order,
  _parent_id,
  text,
  is_correct,
  created_at,
  updated_at
) VALUES (
  gen_random_uuid(),
  5,
  '5882af25-739a-4c4b-b52b-055fefba7ed9',
  'Hue',
  true,
  NOW(),
  NOW()
) ON CONFLICT DO NOTHING; -- Skip if the option already exists

-- Insert option 7 for question 4
INSERT INTO payload.quiz_questions_options (
  id,
  _order,
  _parent_id,
  text,
  is_correct,
  created_at,
  updated_at
) VALUES (
  gen_random_uuid(),
  6,
  '5882af25-739a-4c4b-b52b-055fefba7ed9',
  'Texture',
  false,
  NOW(),
  NOW()
) ON CONFLICT DO NOTHING; -- Skip if the option already exists

-- Insert option 8 for question 4
INSERT INTO payload.quiz_questions_options (
  id,
  _order,
  _parent_id,
  text,
  is_correct,
  created_at,
  updated_at
) VALUES (
  gen_random_uuid(),
  7,
  '5882af25-739a-4c4b-b52b-055fefba7ed9',
  'Shape',
  true,
  NOW(),
  NOW()
) ON CONFLICT DO NOTHING; -- Skip if the option already exists

-- Insert option 9 for question 4
INSERT INTO payload.quiz_questions_options (
  id,
  _order,
  _parent_id,
  text,
  is_correct,
  created_at,
  updated_at
) VALUES (
  gen_random_uuid(),
  8,
  '5882af25-739a-4c4b-b52b-055fefba7ed9',
  'Width',
  true,
  NOW(),
  NOW()
) ON CONFLICT DO NOTHING; -- Skip if the option already exists

-- Insert option 10 for question 4
INSERT INTO payload.quiz_questions_options (
  id,
  _order,
  _parent_id,
  text,
  is_correct,
  created_at,
  updated_at
) VALUES (
  gen_random_uuid(),
  9,
  '5882af25-739a-4c4b-b52b-055fefba7ed9',
  'Orientation',
  true,
  NOW(),
  NOW()
) ON CONFLICT DO NOTHING; -- Skip if the option already exists

-- Insert option 11 for question 4
INSERT INTO payload.quiz_questions_options (
  id,
  _order,
  _parent_id,
  text,
  is_correct,
  created_at,
  updated_at
) VALUES (
  gen_random_uuid(),
  10,
  '5882af25-739a-4c4b-b52b-055fefba7ed9',
  'Enclosure',
  true,
  NOW(),
  NOW()
) ON CONFLICT DO NOTHING; -- Skip if the option already exists

-- Insert option 12 for question 4
INSERT INTO payload.quiz_questions_options (
  id,
  _order,
  _parent_id,
  text,
  is_correct,
  created_at,
  updated_at
) VALUES (
  gen_random_uuid(),
  11,
  '5882af25-739a-4c4b-b52b-055fefba7ed9',
  '2D position',
  true,
  NOW(),
  NOW()
) ON CONFLICT DO NOTHING; -- Skip if the option already exists

-- Insert option 13 for question 4
INSERT INTO payload.quiz_questions_options (
  id,
  _order,
  _parent_id,
  text,
  is_correct,
  created_at,
  updated_at
) VALUES (
  gen_random_uuid(),
  12,
  '5882af25-739a-4c4b-b52b-055fefba7ed9',
  'Intensity',
  true,
  NOW(),
  NOW()
) ON CONFLICT DO NOTHING; -- Skip if the option already exists

-- Create relationship entry for the question to the quiz
INSERT INTO payload.quiz_questions_rels (
  id,
  _parent_id,
  field,
  value,
  created_at,
  updated_at
) VALUES (
  gen_random_uuid(),
  '5882af25-739a-4c4b-b52b-055fefba7ed9',
  'quiz_id',
  'a208d5c6-cedf-4701-89a5-2e9e2cffc052',
  NOW(),
  NOW()
) ON CONFLICT DO NOTHING; -- Skip if the relationship already exists

-- Create bidirectional relationship entry for the quiz to the question
INSERT INTO payload.course_quizzes_rels (
  id,
  _parent_id,
  field,
  value,
  created_at,
  updated_at
) VALUES (
  gen_random_uuid(),
  'a208d5c6-cedf-4701-89a5-2e9e2cffc052',
  'questions',
  '5882af25-739a-4c4b-b52b-055fefba7ed9',
  NOW(),
  NOW()
) ON CONFLICT DO NOTHING; -- Skip if the relationship already exists

-- Questions for quiz: The Why (Next Steps) Quiz (why-next-steps-quiz, ID: 5065ffc6-aecb-4ecb-955d-37abc8c520bb)
-- Insert question 1 for quiz: The Why (Next Steps) Quiz
INSERT INTO payload.quiz_questions (
  id,
  question,
  quiz_id,
  quiz_id_id, -- Duplicate field for compatibility
  type,
  explanation,
  "order",
  created_at,
  updated_at
) VALUES (
  '3a30b4ff-5b21-45b5-88cc-f28de6aebc29', -- Generated UUID for the question
  'Who is Cicero?',
  '5065ffc6-aecb-4ecb-955d-37abc8c520bb', -- Quiz ID
  '5065ffc6-aecb-4ecb-955d-37abc8c520bb', -- Quiz ID (duplicate)
  'single-answer',
  '',
  0,
  NOW(),
  NOW()
) ON CONFLICT (id) DO NOTHING; -- Skip if the question already exists

-- Insert option 1 for question 1
INSERT INTO payload.quiz_questions_options (
  id,
  _order,
  _parent_id,
  text,
  is_correct,
  created_at,
  updated_at
) VALUES (
  gen_random_uuid(),
  0,
  '3a30b4ff-5b21-45b5-88cc-f28de6aebc29',
  'A PowerPoint macro',
  false,
  NOW(),
  NOW()
) ON CONFLICT DO NOTHING; -- Skip if the option already exists

-- Insert option 2 for question 1
INSERT INTO payload.quiz_questions_options (
  id,
  _order,
  _parent_id,
  text,
  is_correct,
  created_at,
  updated_at
) VALUES (
  gen_random_uuid(),
  1,
  '3a30b4ff-5b21-45b5-88cc-f28de6aebc29',
  'Some Italian dude who wasn''t nearly as effective as Demosthenes',
  true,
  NOW(),
  NOW()
) ON CONFLICT DO NOTHING; -- Skip if the option already exists

-- Insert option 3 for question 1
INSERT INTO payload.quiz_questions_options (
  id,
  _order,
  _parent_id,
  text,
  is_correct,
  created_at,
  updated_at
) VALUES (
  gen_random_uuid(),
  2,
  '3a30b4ff-5b21-45b5-88cc-f28de6aebc29',
  'Drake''s blind brother',
  false,
  NOW(),
  NOW()
) ON CONFLICT DO NOTHING; -- Skip if the option already exists

-- Create relationship entry for the question to the quiz
INSERT INTO payload.quiz_questions_rels (
  id,
  _parent_id,
  field,
  value,
  created_at,
  updated_at
) VALUES (
  gen_random_uuid(),
  '3a30b4ff-5b21-45b5-88cc-f28de6aebc29',
  'quiz_id',
  '5065ffc6-aecb-4ecb-955d-37abc8c520bb',
  NOW(),
  NOW()
) ON CONFLICT DO NOTHING; -- Skip if the relationship already exists

-- Create bidirectional relationship entry for the quiz to the question
INSERT INTO payload.course_quizzes_rels (
  id,
  _parent_id,
  field,
  value,
  created_at,
  updated_at
) VALUES (
  gen_random_uuid(),
  '5065ffc6-aecb-4ecb-955d-37abc8c520bb',
  'questions',
  '3a30b4ff-5b21-45b5-88cc-f28de6aebc29',
  NOW(),
  NOW()
) ON CONFLICT DO NOTHING; -- Skip if the relationship already exists

-- Insert question 2 for quiz: The Why (Next Steps) Quiz
INSERT INTO payload.quiz_questions (
  id,
  question,
  quiz_id,
  quiz_id_id, -- Duplicate field for compatibility
  type,
  explanation,
  "order",
  created_at,
  updated_at
) VALUES (
  'fce43fe6-c3ac-4d83-9c40-d41d66dfb632', -- Generated UUID for the question
  'What is the ultimate objective of our presentation?',
  '5065ffc6-aecb-4ecb-955d-37abc8c520bb', -- Quiz ID
  '5065ffc6-aecb-4ecb-955d-37abc8c520bb', -- Quiz ID (duplicate)
  'single-answer',
  '',
  1,
  NOW(),
  NOW()
) ON CONFLICT (id) DO NOTHING; -- Skip if the question already exists

-- Insert option 1 for question 2
INSERT INTO payload.quiz_questions_options (
  id,
  _order,
  _parent_id,
  text,
  is_correct,
  created_at,
  updated_at
) VALUES (
  gen_random_uuid(),
  0,
  'fce43fe6-c3ac-4d83-9c40-d41d66dfb632',
  'To prompt action!',
  true,
  NOW(),
  NOW()
) ON CONFLICT DO NOTHING; -- Skip if the option already exists

-- Insert option 2 for question 2
INSERT INTO payload.quiz_questions_options (
  id,
  _order,
  _parent_id,
  text,
  is_correct,
  created_at,
  updated_at
) VALUES (
  gen_random_uuid(),
  1,
  'fce43fe6-c3ac-4d83-9c40-d41d66dfb632',
  'To get it over with',
  false,
  NOW(),
  NOW()
) ON CONFLICT DO NOTHING; -- Skip if the option already exists

-- Insert option 3 for question 2
INSERT INTO payload.quiz_questions_options (
  id,
  _order,
  _parent_id,
  text,
  is_correct,
  created_at,
  updated_at
) VALUES (
  gen_random_uuid(),
  2,
  'fce43fe6-c3ac-4d83-9c40-d41d66dfb632',
  'To get praise for our slick PowerPoint skills',
  false,
  NOW(),
  NOW()
) ON CONFLICT DO NOTHING; -- Skip if the option already exists

-- Create relationship entry for the question to the quiz
INSERT INTO payload.quiz_questions_rels (
  id,
  _parent_id,
  field,
  value,
  created_at,
  updated_at
) VALUES (
  gen_random_uuid(),
  'fce43fe6-c3ac-4d83-9c40-d41d66dfb632',
  'quiz_id',
  '5065ffc6-aecb-4ecb-955d-37abc8c520bb',
  NOW(),
  NOW()
) ON CONFLICT DO NOTHING; -- Skip if the relationship already exists

-- Create bidirectional relationship entry for the quiz to the question
INSERT INTO payload.course_quizzes_rels (
  id,
  _parent_id,
  field,
  value,
  created_at,
  updated_at
) VALUES (
  gen_random_uuid(),
  '5065ffc6-aecb-4ecb-955d-37abc8c520bb',
  'questions',
  'fce43fe6-c3ac-4d83-9c40-d41d66dfb632',
  NOW(),
  NOW()
) ON CONFLICT DO NOTHING; -- Skip if the relationship already exists

-- Insert question 3 for quiz: The Why (Next Steps) Quiz
INSERT INTO payload.quiz_questions (
  id,
  question,
  quiz_id,
  quiz_id_id, -- Duplicate field for compatibility
  type,
  explanation,
  "order",
  created_at,
  updated_at
) VALUES (
  'd674463b-0a57-446d-9d61-6c1d1078256c', -- Generated UUID for the question
  'Which of the following are reasonable next steps to follow your presentation?',
  '5065ffc6-aecb-4ecb-955d-37abc8c520bb', -- Quiz ID
  '5065ffc6-aecb-4ecb-955d-37abc8c520bb', -- Quiz ID (duplicate)
  'multi-answer',
  '',
  2,
  NOW(),
  NOW()
) ON CONFLICT (id) DO NOTHING; -- Skip if the question already exists

-- Insert option 1 for question 3
INSERT INTO payload.quiz_questions_options (
  id,
  _order,
  _parent_id,
  text,
  is_correct,
  created_at,
  updated_at
) VALUES (
  gen_random_uuid(),
  0,
  'd674463b-0a57-446d-9d61-6c1d1078256c',
  'For your to develop a full proposal for the customer',
  false,
  NOW(),
  NOW()
) ON CONFLICT DO NOTHING; -- Skip if the option already exists

-- Insert option 2 for question 3
INSERT INTO payload.quiz_questions_options (
  id,
  _order,
  _parent_id,
  text,
  is_correct,
  created_at,
  updated_at
) VALUES (
  gen_random_uuid(),
  1,
  'd674463b-0a57-446d-9d61-6c1d1078256c',
  'For the customer to test your software as part of a trial',
  true,
  NOW(),
  NOW()
) ON CONFLICT DO NOTHING; -- Skip if the option already exists

-- Insert option 3 for question 3
INSERT INTO payload.quiz_questions_options (
  id,
  _order,
  _parent_id,
  text,
  is_correct,
  created_at,
  updated_at
) VALUES (
  gen_random_uuid(),
  2,
  'd674463b-0a57-446d-9d61-6c1d1078256c',
  'For the customer to schedule a follow-up demo with field staff',
  true,
  NOW(),
  NOW()
) ON CONFLICT DO NOTHING; -- Skip if the option already exists

-- Create relationship entry for the question to the quiz
INSERT INTO payload.quiz_questions_rels (
  id,
  _parent_id,
  field,
  value,
  created_at,
  updated_at
) VALUES (
  gen_random_uuid(),
  'd674463b-0a57-446d-9d61-6c1d1078256c',
  'quiz_id',
  '5065ffc6-aecb-4ecb-955d-37abc8c520bb',
  NOW(),
  NOW()
) ON CONFLICT DO NOTHING; -- Skip if the relationship already exists

-- Create bidirectional relationship entry for the quiz to the question
INSERT INTO payload.course_quizzes_rels (
  id,
  _parent_id,
  field,
  value,
  created_at,
  updated_at
) VALUES (
  gen_random_uuid(),
  '5065ffc6-aecb-4ecb-955d-37abc8c520bb',
  'questions',
  'd674463b-0a57-446d-9d61-6c1d1078256c',
  NOW(),
  NOW()
) ON CONFLICT DO NOTHING; -- Skip if the relationship already exists

-- Insert question 4 for quiz: The Why (Next Steps) Quiz
INSERT INTO payload.quiz_questions (
  id,
  question,
  quiz_id,
  quiz_id_id, -- Duplicate field for compatibility
  type,
  explanation,
  "order",
  created_at,
  updated_at
) VALUES (
  '14250c16-6345-4c4e-a19f-fd1c2226d0f5', -- Generated UUID for the question
  'Where should the next steps go in your presentation?',
  '5065ffc6-aecb-4ecb-955d-37abc8c520bb', -- Quiz ID
  '5065ffc6-aecb-4ecb-955d-37abc8c520bb', -- Quiz ID (duplicate)
  'single-answer',
  '',
  3,
  NOW(),
  NOW()
) ON CONFLICT (id) DO NOTHING; -- Skip if the question already exists

-- Insert option 1 for question 4
INSERT INTO payload.quiz_questions_options (
  id,
  _order,
  _parent_id,
  text,
  is_correct,
  created_at,
  updated_at
) VALUES (
  gen_random_uuid(),
  0,
  '14250c16-6345-4c4e-a19f-fd1c2226d0f5',
  'In your introduction, that is why you need to identify them at the beginning',
  false,
  NOW(),
  NOW()
) ON CONFLICT DO NOTHING; -- Skip if the option already exists

-- Insert option 2 for question 4
INSERT INTO payload.quiz_questions_options (
  id,
  _order,
  _parent_id,
  text,
  is_correct,
  created_at,
  updated_at
) VALUES (
  gen_random_uuid(),
  1,
  '14250c16-6345-4c4e-a19f-fd1c2226d0f5',
  'In the footnotes',
  false,
  NOW(),
  NOW()
) ON CONFLICT DO NOTHING; -- Skip if the option already exists

-- Insert option 3 for question 4
INSERT INTO payload.quiz_questions_options (
  id,
  _order,
  _parent_id,
  text,
  is_correct,
  created_at,
  updated_at
) VALUES (
  gen_random_uuid(),
  2,
  '14250c16-6345-4c4e-a19f-fd1c2226d0f5',
  'In a follow-up email',
  false,
  NOW(),
  NOW()
) ON CONFLICT DO NOTHING; -- Skip if the option already exists

-- Insert option 4 for question 4
INSERT INTO payload.quiz_questions_options (
  id,
  _order,
  _parent_id,
  text,
  is_correct,
  created_at,
  updated_at
) VALUES (
  gen_random_uuid(),
  3,
  '14250c16-6345-4c4e-a19f-fd1c2226d0f5',
  'At the end of the presentation, but we need to identify their nature early as it might inform the development of the rest of the presentation',
  true,
  NOW(),
  NOW()
) ON CONFLICT DO NOTHING; -- Skip if the option already exists

-- Create relationship entry for the question to the quiz
INSERT INTO payload.quiz_questions_rels (
  id,
  _parent_id,
  field,
  value,
  created_at,
  updated_at
) VALUES (
  gen_random_uuid(),
  '14250c16-6345-4c4e-a19f-fd1c2226d0f5',
  'quiz_id',
  '5065ffc6-aecb-4ecb-955d-37abc8c520bb',
  NOW(),
  NOW()
) ON CONFLICT DO NOTHING; -- Skip if the relationship already exists

-- Create bidirectional relationship entry for the quiz to the question
INSERT INTO payload.course_quizzes_rels (
  id,
  _parent_id,
  field,
  value,
  created_at,
  updated_at
) VALUES (
  gen_random_uuid(),
  '5065ffc6-aecb-4ecb-955d-37abc8c520bb',
  'questions',
  '14250c16-6345-4c4e-a19f-fd1c2226d0f5',
  NOW(),
  NOW()
) ON CONFLICT DO NOTHING; -- Skip if the relationship already exists

-- Commit the transaction
COMMIT;
