-- Seed data for the quiz questions table
-- This file should be run after the quizzes seed file to ensure the quizzes exist

-- Start a transaction
BEGIN;

-- Questions for quiz: Standard Graphs Quiz (basic-graphs-quiz, ID: d8d47714-1318-491d-a0c8-b7e6ea3c6d5e)
-- Insert question 1 for quiz: Standard Graphs Quiz
INSERT INTO payload.quiz_questions (
  id,
  question,
  quiz_id,
  quiz_id_id, -- Duplicate field for compatibility
  type,
  explanation,
  "order",
  created_at,
  updated_at
) VALUES (
  '79e854d9-2e09-4b4d-b5ed-c53bba3b8e2a', -- Generated UUID for the question
  'There are many types of relationships that we use graphs to display. What chart type best communicates the ''Part-to-Whole'' relationship?',
  'd8d47714-1318-491d-a0c8-b7e6ea3c6d5e', -- Quiz ID
  'd8d47714-1318-491d-a0c8-b7e6ea3c6d5e', -- Quiz ID (duplicate)
  'single-answer',
  '',
  0,
  NOW(),
  NOW()
) ON CONFLICT (id) DO NOTHING; -- Skip if the question already exists

-- Insert option 1 for question 1
INSERT INTO payload.quiz_questions_options (
  id,
  _order,
  _parent_id,
  text,
  is_correct,
  created_at,
  updated_at
) VALUES (
  gen_random_uuid(),
  0,
  '79e854d9-2e09-4b4d-b5ed-c53bba3b8e2a',
  'Line Charts',
  false,
  NOW(),
  NOW()
) ON CONFLICT DO NOTHING; -- Skip if the option already exists

-- Insert option 2 for question 1
INSERT INTO payload.quiz_questions_options (
  id,
  _order,
  _parent_id,
  text,
  is_correct,
  created_at,
  updated_at
) VALUES (
  gen_random_uuid(),
  1,
  '79e854d9-2e09-4b4d-b5ed-c53bba3b8e2a',
  'Scatter Plots',
  false,
  NOW(),
  NOW()
) ON CONFLICT DO NOTHING; -- Skip if the option already exists

-- Insert option 3 for question 1
INSERT INTO payload.quiz_questions_options (
  id,
  _order,
  _parent_id,
  text,
  is_correct,
  created_at,
  updated_at
) VALUES (
  gen_random_uuid(),
  2,
  '79e854d9-2e09-4b4d-b5ed-c53bba3b8e2a',
  'Maps',
  false,
  NOW(),
  NOW()
) ON CONFLICT DO NOTHING; -- Skip if the option already exists

-- Insert option 4 for question 1
INSERT INTO payload.quiz_questions_options (
  id,
  _order,
  _parent_id,
  text,
  is_correct,
  created_at,
  updated_at
) VALUES (
  gen_random_uuid(),
  3,
  '79e854d9-2e09-4b4d-b5ed-c53bba3b8e2a',
  'Box Plot',
  false,
  NOW(),
  NOW()
) ON CONFLICT DO NOTHING; -- Skip if the option already exists

-- Insert option 5 for question 1
INSERT INTO payload.quiz_questions_options (
  id,
  _order,
  _parent_id,
  text,
  is_correct,
  created_at,
  updated_at
) VALUES (
  gen_random_uuid(),
  4,
  '79e854d9-2e09-4b4d-b5ed-c53bba3b8e2a',
  'Bar charts',
  true,
  NOW(),
  NOW()
) ON CONFLICT DO NOTHING; -- Skip if the option already exists

-- Create relationship entry for the question to the quiz
INSERT INTO payload.quiz_questions_rels (
  id,
  _parent_id,
  field,
  value,
  created_at,
  updated_at
) VALUES (
  gen_random_uuid(),
  '79e854d9-2e09-4b4d-b5ed-c53bba3b8e2a',
  'quiz_id',
  'd8d47714-1318-491d-a0c8-b7e6ea3c6d5e',
  NOW(),
  NOW()
) ON CONFLICT DO NOTHING; -- Skip if the relationship already exists

-- Create bidirectional relationship entry for the quiz to the question
INSERT INTO payload.course_quizzes_rels (
  id,
  _parent_id,
  field,
  value,
  created_at,
  updated_at
) VALUES (
  gen_random_uuid(),
  'd8d47714-1318-491d-a0c8-b7e6ea3c6d5e',
  'questions',
  '79e854d9-2e09-4b4d-b5ed-c53bba3b8e2a',
  NOW(),
  NOW()
) ON CONFLICT DO NOTHING; -- Skip if the relationship already exists

-- Insert question 2 for quiz: Standard Graphs Quiz
INSERT INTO payload.quiz_questions (
  id,
  question,
  quiz_id,
  quiz_id_id, -- Duplicate field for compatibility
  type,
  explanation,
  "order",
  created_at,
  updated_at
) VALUES (
  'f3092aa0-6256-4b85-bac3-8bfc2a0d6f14', -- Generated UUID for the question
  'What chart type best communicates the ''Correlation'' relationship?',
  'd8d47714-1318-491d-a0c8-b7e6ea3c6d5e', -- Quiz ID
  'd8d47714-1318-491d-a0c8-b7e6ea3c6d5e', -- Quiz ID (duplicate)
  'single-answer',
  '',
  1,
  NOW(),
  NOW()
) ON CONFLICT (id) DO NOTHING; -- Skip if the question already exists

-- Insert option 1 for question 2
INSERT INTO payload.quiz_questions_options (
  id,
  _order,
  _parent_id,
  text,
  is_correct,
  created_at,
  updated_at
) VALUES (
  gen_random_uuid(),
  0,
  'f3092aa0-6256-4b85-bac3-8bfc2a0d6f14',
  'Line Charts',
  false,
  NOW(),
  NOW()
) ON CONFLICT DO NOTHING; -- Skip if the option already exists

-- Insert option 2 for question 2
INSERT INTO payload.quiz_questions_options (
  id,
  _order,
  _parent_id,
  text,
  is_correct,
  created_at,
  updated_at
) VALUES (
  gen_random_uuid(),
  1,
  'f3092aa0-6256-4b85-bac3-8bfc2a0d6f14',
  'Scatter Plots',
  true,
  NOW(),
  NOW()
) ON CONFLICT DO NOTHING; -- Skip if the option already exists

-- Insert option 3 for question 2
INSERT INTO payload.quiz_questions_options (
  id,
  _order,
  _parent_id,
  text,
  is_correct,
  created_at,
  updated_at
) VALUES (
  gen_random_uuid(),
  2,
  'f3092aa0-6256-4b85-bac3-8bfc2a0d6f14',
  'Maps',
  false,
  NOW(),
  NOW()
) ON CONFLICT DO NOTHING; -- Skip if the option already exists

-- Insert option 4 for question 2
INSERT INTO payload.quiz_questions_options (
  id,
  _order,
  _parent_id,
  text,
  is_correct,
  created_at,
  updated_at
) VALUES (
  gen_random_uuid(),
  3,
  'f3092aa0-6256-4b85-bac3-8bfc2a0d6f14',
  'Box Plot',
  false,
  NOW(),
  NOW()
) ON CONFLICT DO NOTHING; -- Skip if the option already exists

-- Insert option 5 for question 2
INSERT INTO payload.quiz_questions_options (
  id,
  _order,
  _parent_id,
  text,
  is_correct,
  created_at,
  updated_at
) VALUES (
  gen_random_uuid(),
  4,
  'f3092aa0-6256-4b85-bac3-8bfc2a0d6f14',
  'Bar Charts',
  false,
  NOW(),
  NOW()
) ON CONFLICT DO NOTHING; -- Skip if the option already exists

-- Create relationship entry for the question to the quiz
INSERT INTO payload.quiz_questions_rels (
  id,
  _parent_id,
  field,
  value,
  created_at,
  updated_at
) VALUES (
  gen_random_uuid(),
  'f3092aa0-6256-4b85-bac3-8bfc2a0d6f14',
  'quiz_id',
  'd8d47714-1318-491d-a0c8-b7e6ea3c6d5e',
  NOW(),
  NOW()
) ON CONFLICT DO NOTHING; -- Skip if the relationship already exists

-- Create bidirectional relationship entry for the quiz to the question
INSERT INTO payload.course_quizzes_rels (
  id,
  _parent_id,
  field,
  value,
  created_at,
  updated_at
) VALUES (
  gen_random_uuid(),
  'd8d47714-1318-491d-a0c8-b7e6ea3c6d5e',
  'questions',
  'f3092aa0-6256-4b85-bac3-8bfc2a0d6f14',
  NOW(),
  NOW()
) ON CONFLICT DO NOTHING; -- Skip if the relationship already exists

-- Insert question 3 for quiz: Standard Graphs Quiz
INSERT INTO payload.quiz_questions (
  id,
  question,
  quiz_id,
  quiz_id_id, -- Duplicate field for compatibility
  type,
  explanation,
  "order",
  created_at,
  updated_at
) VALUES (
  'b9e16fcc-ebc9-4ff2-9722-fd29b4ebda58', -- Generated UUID for the question
  'What chart type best communicates the ''Time Series'' relationship?',
  'd8d47714-1318-491d-a0c8-b7e6ea3c6d5e', -- Quiz ID
  'd8d47714-1318-491d-a0c8-b7e6ea3c6d5e', -- Quiz ID (duplicate)
  'single-answer',
  '',
  2,
  NOW(),
  NOW()
) ON CONFLICT (id) DO NOTHING; -- Skip if the question already exists

-- Insert option 1 for question 3
INSERT INTO payload.quiz_questions_options (
  id,
  _order,
  _parent_id,
  text,
  is_correct,
  created_at,
  updated_at
) VALUES (
  gen_random_uuid(),
  0,
  'b9e16fcc-ebc9-4ff2-9722-fd29b4ebda58',
  'Line Charts',
  true,
  NOW(),
  NOW()
) ON CONFLICT DO NOTHING; -- Skip if the option already exists

-- Insert option 2 for question 3
INSERT INTO payload.quiz_questions_options (
  id,
  _order,
  _parent_id,
  text,
  is_correct,
  created_at,
  updated_at
) VALUES (
  gen_random_uuid(),
  1,
  'b9e16fcc-ebc9-4ff2-9722-fd29b4ebda58',
  'Scatter Plots',
  false,
  NOW(),
  NOW()
) ON CONFLICT DO NOTHING; -- Skip if the option already exists

-- Insert option 3 for question 3
INSERT INTO payload.quiz_questions_options (
  id,
  _order,
  _parent_id,
  text,
  is_correct,
  created_at,
  updated_at
) VALUES (
  gen_random_uuid(),
  2,
  'b9e16fcc-ebc9-4ff2-9722-fd29b4ebda58',
  'Maps',
  false,
  NOW(),
  NOW()
) ON CONFLICT DO NOTHING; -- Skip if the option already exists

-- Insert option 4 for question 3
INSERT INTO payload.quiz_questions_options (
  id,
  _order,
  _parent_id,
  text,
  is_correct,
  created_at,
  updated_at
) VALUES (
  gen_random_uuid(),
  3,
  'b9e16fcc-ebc9-4ff2-9722-fd29b4ebda58',
  'Box Plot',
  false,
  NOW(),
  NOW()
) ON CONFLICT DO NOTHING; -- Skip if the option already exists

-- Insert option 5 for question 3
INSERT INTO payload.quiz_questions_options (
  id,
  _order,
  _parent_id,
  text,
  is_correct,
  created_at,
  updated_at
) VALUES (
  gen_random_uuid(),
  4,
  'b9e16fcc-ebc9-4ff2-9722-fd29b4ebda58',
  'Bar Charts',
  false,
  NOW(),
  NOW()
) ON CONFLICT DO NOTHING; -- Skip if the option already exists

-- Create relationship entry for the question to the quiz
INSERT INTO payload.quiz_questions_rels (
  id,
  _parent_id,
  field,
  value,
  created_at,
  updated_at
) VALUES (
  gen_random_uuid(),
  'b9e16fcc-ebc9-4ff2-9722-fd29b4ebda58',
  'quiz_id',
  'd8d47714-1318-491d-a0c8-b7e6ea3c6d5e',
  NOW(),
  NOW()
) ON CONFLICT DO NOTHING; -- Skip if the relationship already exists

-- Create bidirectional relationship entry for the quiz to the question
INSERT INTO payload.course_quizzes_rels (
  id,
  _parent_id,
  field,
  value,
  created_at,
  updated_at
) VALUES (
  gen_random_uuid(),
  'd8d47714-1318-491d-a0c8-b7e6ea3c6d5e',
  'questions',
  'b9e16fcc-ebc9-4ff2-9722-fd29b4ebda58',
  NOW(),
  NOW()
) ON CONFLICT DO NOTHING; -- Skip if the relationship already exists

-- Insert question 4 for quiz: Standard Graphs Quiz
INSERT INTO payload.quiz_questions (
  id,
  question,
  quiz_id,
  quiz_id_id, -- Duplicate field for compatibility
  type,
  explanation,
  "order",
  created_at,
  updated_at
) VALUES (
  '7bc6645d-d336-4972-85a4-1588c6ef6c75', -- Generated UUID for the question
  'What chart types best communicates the ''Deviation'' relationship?',
  'd8d47714-1318-491d-a0c8-b7e6ea3c6d5e', -- Quiz ID
  'd8d47714-1318-491d-a0c8-b7e6ea3c6d5e', -- Quiz ID (duplicate)
  'multi-answer',
  '',
  3,
  NOW(),
  NOW()
) ON CONFLICT (id) DO NOTHING; -- Skip if the question already exists

-- Insert option 1 for question 4
INSERT INTO payload.quiz_questions_options (
  id,
  _order,
  _parent_id,
  text,
  is_correct,
  created_at,
  updated_at
) VALUES (
  gen_random_uuid(),
  0,
  '7bc6645d-d336-4972-85a4-1588c6ef6c75',
  'Line Charts',
  true,
  NOW(),
  NOW()
) ON CONFLICT DO NOTHING; -- Skip if the option already exists

-- Insert option 2 for question 4
INSERT INTO payload.quiz_questions_options (
  id,
  _order,
  _parent_id,
  text,
  is_correct,
  created_at,
  updated_at
) VALUES (
  gen_random_uuid(),
  1,
  '7bc6645d-d336-4972-85a4-1588c6ef6c75',
  'Scatter Plots',
  false,
  NOW(),
  NOW()
) ON CONFLICT DO NOTHING; -- Skip if the option already exists

-- Insert option 3 for question 4
INSERT INTO payload.quiz_questions_options (
  id,
  _order,
  _parent_id,
  text,
  is_correct,
  created_at,
  updated_at
) VALUES (
  gen_random_uuid(),
  2,
  '7bc6645d-d336-4972-85a4-1588c6ef6c75',
  'Maps',
  false,
  NOW(),
  NOW()
) ON CONFLICT DO NOTHING; -- Skip if the option already exists

-- Insert option 4 for question 4
INSERT INTO payload.quiz_questions_options (
  id,
  _order,
  _parent_id,
  text,
  is_correct,
  created_at,
  updated_at
) VALUES (
  gen_random_uuid(),
  3,
  '7bc6645d-d336-4972-85a4-1588c6ef6c75',
  'Box Plot',
  false,
  NOW(),
  NOW()
) ON CONFLICT DO NOTHING; -- Skip if the option already exists

-- Insert option 5 for question 4
INSERT INTO payload.quiz_questions_options (
  id,
  _order,
  _parent_id,
  text,
  is_correct,
  created_at,
  updated_at
) VALUES (
  gen_random_uuid(),
  4,
  '7bc6645d-d336-4972-85a4-1588c6ef6c75',
  'Bar Charts',
  true,
  NOW(),
  NOW()
) ON CONFLICT DO NOTHING; -- Skip if the option already exists

-- Create relationship entry for the question to the quiz
INSERT INTO payload.quiz_questions_rels (
  id,
  _parent_id,
  field,
  value,
  created_at,
  updated_at
) VALUES (
  gen_random_uuid(),
  '7bc6645d-d336-4972-85a4-1588c6ef6c75',
  'quiz_id',
  'd8d47714-1318-491d-a0c8-b7e6ea3c6d5e',
  NOW(),
  NOW()
) ON CONFLICT DO NOTHING; -- Skip if the relationship already exists

-- Create bidirectional relationship entry for the quiz to the question
INSERT INTO payload.course_quizzes_rels (
  id,
  _parent_id,
  field,
  value,
  created_at,
  updated_at
) VALUES (
  gen_random_uuid(),
  'd8d47714-1318-491d-a0c8-b7e6ea3c6d5e',
  'questions',
  '7bc6645d-d336-4972-85a4-1588c6ef6c75',
  NOW(),
  NOW()
) ON CONFLICT DO NOTHING; -- Skip if the relationship already exists

-- Insert question 5 for quiz: Standard Graphs Quiz
INSERT INTO payload.quiz_questions (
  id,
  question,
  quiz_id,
  quiz_id_id, -- Duplicate field for compatibility
  type,
  explanation,
  "order",
  created_at,
  updated_at
) VALUES (
  'b256b9b4-05db-464d-bc29-694be1069ed3', -- Generated UUID for the question
  'What chart type best communicates the ''Distribution'' relationship?',
  'd8d47714-1318-491d-a0c8-b7e6ea3c6d5e', -- Quiz ID
  'd8d47714-1318-491d-a0c8-b7e6ea3c6d5e', -- Quiz ID (duplicate)
  'single-answer',
  '',
  4,
  NOW(),
  NOW()
) ON CONFLICT (id) DO NOTHING; -- Skip if the question already exists

-- Insert option 1 for question 5
INSERT INTO payload.quiz_questions_options (
  id,
  _order,
  _parent_id,
  text,
  is_correct,
  created_at,
  updated_at
) VALUES (
  gen_random_uuid(),
  0,
  'b256b9b4-05db-464d-bc29-694be1069ed3',
  'Line Charts',
  false,
  NOW(),
  NOW()
) ON CONFLICT DO NOTHING; -- Skip if the option already exists

-- Insert option 2 for question 5
INSERT INTO payload.quiz_questions_options (
  id,
  _order,
  _parent_id,
  text,
  is_correct,
  created_at,
  updated_at
) VALUES (
  gen_random_uuid(),
  1,
  'b256b9b4-05db-464d-bc29-694be1069ed3',
  'Scatter Plots',
  false,
  NOW(),
  NOW()
) ON CONFLICT DO NOTHING; -- Skip if the option already exists

-- Insert option 3 for question 5
INSERT INTO payload.quiz_questions_options (
  id,
  _order,
  _parent_id,
  text,
  is_correct,
  created_at,
  updated_at
) VALUES (
  gen_random_uuid(),
  2,
  'b256b9b4-05db-464d-bc29-694be1069ed3',
  'Maps',
  false,
  NOW(),
  NOW()
) ON CONFLICT DO NOTHING; -- Skip if the option already exists

-- Insert option 4 for question 5
INSERT INTO payload.quiz_questions_options (
  id,
  _order,
  _parent_id,
  text,
  is_correct,
  created_at,
  updated_at
) VALUES (
  gen_random_uuid(),
  3,
  'b256b9b4-05db-464d-bc29-694be1069ed3',
  'Box Plot',
  true,
  NOW(),
  NOW()
) ON CONFLICT DO NOTHING; -- Skip if the option already exists

-- Insert option 5 for question 5
INSERT INTO payload.quiz_questions_options (
  id,
  _order,
  _parent_id,
  text,
  is_correct,
  created_at,
  updated_at
) VALUES (
  gen_random_uuid(),
  4,
  'b256b9b4-05db-464d-bc29-694be1069ed3',
  'Bar Charts',
  false,
  NOW(),
  NOW()
) ON CONFLICT DO NOTHING; -- Skip if the option already exists

-- Create relationship entry for the question to the quiz
INSERT INTO payload.quiz_questions_rels (
  id,
  _parent_id,
  field,
  value,
  created_at,
  updated_at
) VALUES (
  gen_random_uuid(),
  'b256b9b4-05db-464d-bc29-694be1069ed3',
  'quiz_id',
  'd8d47714-1318-491d-a0c8-b7e6ea3c6d5e',
  NOW(),
  NOW()
) ON CONFLICT DO NOTHING; -- Skip if the relationship already exists

-- Create bidirectional relationship entry for the quiz to the question
INSERT INTO payload.course_quizzes_rels (
  id,
  _parent_id,
  field,
  value,
  created_at,
  updated_at
) VALUES (
  gen_random_uuid(),
  'd8d47714-1318-491d-a0c8-b7e6ea3c6d5e',
  'questions',
  'b256b9b4-05db-464d-bc29-694be1069ed3',
  NOW(),
  NOW()
) ON CONFLICT DO NOTHING; -- Skip if the relationship already exists

-- Insert question 6 for quiz: Standard Graphs Quiz
INSERT INTO payload.quiz_questions (
  id,
  question,
  quiz_id,
  quiz_id_id, -- Duplicate field for compatibility
  type,
  explanation,
  "order",
  created_at,
  updated_at
) VALUES (
  '5c1103dc-cfe0-4a3f-b45b-858d5233afc7', -- Generated UUID for the question
  'What chart type best communicates the ''Nominal Comparison'' relationship',
  'd8d47714-1318-491d-a0c8-b7e6ea3c6d5e', -- Quiz ID
  'd8d47714-1318-491d-a0c8-b7e6ea3c6d5e', -- Quiz ID (duplicate)
  'single-answer',
  '',
  5,
  NOW(),
  NOW()
) ON CONFLICT (id) DO NOTHING; -- Skip if the question already exists

-- Insert option 1 for question 6
INSERT INTO payload.quiz_questions_options (
  id,
  _order,
  _parent_id,
  text,
  is_correct,
  created_at,
  updated_at
) VALUES (
  gen_random_uuid(),
  0,
  '5c1103dc-cfe0-4a3f-b45b-858d5233afc7',
  'Line Chart',
  false,
  NOW(),
  NOW()
) ON CONFLICT DO NOTHING; -- Skip if the option already exists

-- Insert option 2 for question 6
INSERT INTO payload.quiz_questions_options (
  id,
  _order,
  _parent_id,
  text,
  is_correct,
  created_at,
  updated_at
) VALUES (
  gen_random_uuid(),
  1,
  '5c1103dc-cfe0-4a3f-b45b-858d5233afc7',
  'Scatter Plot',
  false,
  NOW(),
  NOW()
) ON CONFLICT DO NOTHING; -- Skip if the option already exists

-- Insert option 3 for question 6
INSERT INTO payload.quiz_questions_options (
  id,
  _order,
  _parent_id,
  text,
  is_correct,
  created_at,
  updated_at
) VALUES (
  gen_random_uuid(),
  2,
  '5c1103dc-cfe0-4a3f-b45b-858d5233afc7',
  'Map',
  false,
  NOW(),
  NOW()
) ON CONFLICT DO NOTHING; -- Skip if the option already exists

-- Insert option 4 for question 6
INSERT INTO payload.quiz_questions_options (
  id,
  _order,
  _parent_id,
  text,
  is_correct,
  created_at,
  updated_at
) VALUES (
  gen_random_uuid(),
  3,
  '5c1103dc-cfe0-4a3f-b45b-858d5233afc7',
  'Box Plot',
  false,
  NOW(),
  NOW()
) ON CONFLICT DO NOTHING; -- Skip if the option already exists

-- Insert option 5 for question 6
INSERT INTO payload.quiz_questions_options (
  id,
  _order,
  _parent_id,
  text,
  is_correct,
  created_at,
  updated_at
) VALUES (
  gen_random_uuid(),
  4,
  '5c1103dc-cfe0-4a3f-b45b-858d5233afc7',
  'Bar Chart',
  true,
  NOW(),
  NOW()
) ON CONFLICT DO NOTHING; -- Skip if the option already exists

-- Create relationship entry for the question to the quiz
INSERT INTO payload.quiz_questions_rels (
  id,
  _parent_id,
  field,
  value,
  created_at,
  updated_at
) VALUES (
  gen_random_uuid(),
  '5c1103dc-cfe0-4a3f-b45b-858d5233afc7',
  'quiz_id',
  'd8d47714-1318-491d-a0c8-b7e6ea3c6d5e',
  NOW(),
  NOW()
) ON CONFLICT DO NOTHING; -- Skip if the relationship already exists

-- Create bidirectional relationship entry for the quiz to the question
INSERT INTO payload.course_quizzes_rels (
  id,
  _parent_id,
  field,
  value,
  created_at,
  updated_at
) VALUES (
  gen_random_uuid(),
  'd8d47714-1318-491d-a0c8-b7e6ea3c6d5e',
  'questions',
  '5c1103dc-cfe0-4a3f-b45b-858d5233afc7',
  NOW(),
  NOW()
) ON CONFLICT DO NOTHING; -- Skip if the relationship already exists

-- Insert question 7 for quiz: Standard Graphs Quiz
INSERT INTO payload.quiz_questions (
  id,
  question,
  quiz_id,
  quiz_id_id, -- Duplicate field for compatibility
  type,
  explanation,
  "order",
  created_at,
  updated_at
) VALUES (
  '32069a32-0b9e-45c1-bd70-fb2016e69dbb', -- Generated UUID for the question
  'What chart type best communicates the ''Geospatial'' relationship?',
  'd8d47714-1318-491d-a0c8-b7e6ea3c6d5e', -- Quiz ID
  'd8d47714-1318-491d-a0c8-b7e6ea3c6d5e', -- Quiz ID (duplicate)
  'single-answer',
  '',
  6,
  NOW(),
  NOW()
) ON CONFLICT (id) DO NOTHING; -- Skip if the question already exists

-- Insert option 1 for question 7
INSERT INTO payload.quiz_questions_options (
  id,
  _order,
  _parent_id,
  text,
  is_correct,
  created_at,
  updated_at
) VALUES (
  gen_random_uuid(),
  0,
  '32069a32-0b9e-45c1-bd70-fb2016e69dbb',
  'Line Chart',
  false,
  NOW(),
  NOW()
) ON CONFLICT DO NOTHING; -- Skip if the option already exists

-- Insert option 2 for question 7
INSERT INTO payload.quiz_questions_options (
  id,
  _order,
  _parent_id,
  text,
  is_correct,
  created_at,
  updated_at
) VALUES (
  gen_random_uuid(),
  1,
  '32069a32-0b9e-45c1-bd70-fb2016e69dbb',
  'Scatter Plot',
  false,
  NOW(),
  NOW()
) ON CONFLICT DO NOTHING; -- Skip if the option already exists

-- Insert option 3 for question 7
INSERT INTO payload.quiz_questions_options (
  id,
  _order,
  _parent_id,
  text,
  is_correct,
  created_at,
  updated_at
) VALUES (
  gen_random_uuid(),
  2,
  '32069a32-0b9e-45c1-bd70-fb2016e69dbb',
  'Map',
  true,
  NOW(),
  NOW()
) ON CONFLICT DO NOTHING; -- Skip if the option already exists

-- Insert option 4 for question 7
INSERT INTO payload.quiz_questions_options (
  id,
  _order,
  _parent_id,
  text,
  is_correct,
  created_at,
  updated_at
) VALUES (
  gen_random_uuid(),
  3,
  '32069a32-0b9e-45c1-bd70-fb2016e69dbb',
  'Box Plot',
  false,
  NOW(),
  NOW()
) ON CONFLICT DO NOTHING; -- Skip if the option already exists

-- Insert option 5 for question 7
INSERT INTO payload.quiz_questions_options (
  id,
  _order,
  _parent_id,
  text,
  is_correct,
  created_at,
  updated_at
) VALUES (
  gen_random_uuid(),
  4,
  '32069a32-0b9e-45c1-bd70-fb2016e69dbb',
  'Bar Chart',
  false,
  NOW(),
  NOW()
) ON CONFLICT DO NOTHING; -- Skip if the option already exists

-- Create relationship entry for the question to the quiz
INSERT INTO payload.quiz_questions_rels (
  id,
  _parent_id,
  field,
  value,
  created_at,
  updated_at
) VALUES (
  gen_random_uuid(),
  '32069a32-0b9e-45c1-bd70-fb2016e69dbb',
  'quiz_id',
  'd8d47714-1318-491d-a0c8-b7e6ea3c6d5e',
  NOW(),
  NOW()
) ON CONFLICT DO NOTHING; -- Skip if the relationship already exists

-- Create bidirectional relationship entry for the quiz to the question
INSERT INTO payload.course_quizzes_rels (
  id,
  _parent_id,
  field,
  value,
  created_at,
  updated_at
) VALUES (
  gen_random_uuid(),
  'd8d47714-1318-491d-a0c8-b7e6ea3c6d5e',
  'questions',
  '32069a32-0b9e-45c1-bd70-fb2016e69dbb',
  NOW(),
  NOW()
) ON CONFLICT DO NOTHING; -- Skip if the relationship already exists

-- Insert question 8 for quiz: Standard Graphs Quiz
INSERT INTO payload.quiz_questions (
  id,
  question,
  quiz_id,
  quiz_id_id, -- Duplicate field for compatibility
  type,
  explanation,
  "order",
  created_at,
  updated_at
) VALUES (
  '6c354b0d-066f-4e14-b89e-df5d623368c9', -- Generated UUID for the question
  'When should we use Pie Charts?',
  'd8d47714-1318-491d-a0c8-b7e6ea3c6d5e', -- Quiz ID
  'd8d47714-1318-491d-a0c8-b7e6ea3c6d5e', -- Quiz ID (duplicate)
  'single-answer',
  '',
  7,
  NOW(),
  NOW()
) ON CONFLICT (id) DO NOTHING; -- Skip if the question already exists

-- Insert option 1 for question 8
INSERT INTO payload.quiz_questions_options (
  id,
  _order,
  _parent_id,
  text,
  is_correct,
  created_at,
  updated_at
) VALUES (
  gen_random_uuid(),
  0,
  '6c354b0d-066f-4e14-b89e-df5d623368c9',
  'For part-to-whole relationships.',
  false,
  NOW(),
  NOW()
) ON CONFLICT DO NOTHING; -- Skip if the option already exists

-- Insert option 2 for question 8
INSERT INTO payload.quiz_questions_options (
  id,
  _order,
  _parent_id,
  text,
  is_correct,
  created_at,
  updated_at
) VALUES (
  gen_random_uuid(),
  1,
  '6c354b0d-066f-4e14-b89e-df5d623368c9',
  'For time series relationships',
  false,
  NOW(),
  NOW()
) ON CONFLICT DO NOTHING; -- Skip if the option already exists

-- Insert option 3 for question 8
INSERT INTO payload.quiz_questions_options (
  id,
  _order,
  _parent_id,
  text,
  is_correct,
  created_at,
  updated_at
) VALUES (
  gen_random_uuid(),
  2,
  '6c354b0d-066f-4e14-b89e-df5d623368c9',
  'For nominal comparison relationships',
  false,
  NOW(),
  NOW()
) ON CONFLICT DO NOTHING; -- Skip if the option already exists

-- Insert option 4 for question 8
INSERT INTO payload.quiz_questions_options (
  id,
  _order,
  _parent_id,
  text,
  is_correct,
  created_at,
  updated_at
) VALUES (
  gen_random_uuid(),
  3,
  '6c354b0d-066f-4e14-b89e-df5d623368c9',
  'Never.',
  true,
  NOW(),
  NOW()
) ON CONFLICT DO NOTHING; -- Skip if the option already exists

-- Create relationship entry for the question to the quiz
INSERT INTO payload.quiz_questions_rels (
  id,
  _parent_id,
  field,
  value,
  created_at,
  updated_at
) VALUES (
  gen_random_uuid(),
  '6c354b0d-066f-4e14-b89e-df5d623368c9',
  'quiz_id',
  'd8d47714-1318-491d-a0c8-b7e6ea3c6d5e',
  NOW(),
  NOW()
) ON CONFLICT DO NOTHING; -- Skip if the relationship already exists

-- Create bidirectional relationship entry for the quiz to the question
INSERT INTO payload.course_quizzes_rels (
  id,
  _parent_id,
  field,
  value,
  created_at,
  updated_at
) VALUES (
  gen_random_uuid(),
  'd8d47714-1318-491d-a0c8-b7e6ea3c6d5e',
  'questions',
  '6c354b0d-066f-4e14-b89e-df5d623368c9',
  NOW(),
  NOW()
) ON CONFLICT DO NOTHING; -- Skip if the relationship already exists

-- Questions for quiz: The Fundamental Elements of Design in Detail Quiz (elements-of-design-detail-quiz, ID: e1212c23-b22d-4b46-8092-9303691772af)
-- Insert question 1 for quiz: The Fundamental Elements of Design in Detail Quiz
INSERT INTO payload.quiz_questions (
  id,
  question,
  quiz_id,
  quiz_id_id, -- Duplicate field for compatibility
  type,
  explanation,
  "order",
  created_at,
  updated_at
) VALUES (
  '4317e22e-71d3-495c-8459-c2a83547544f', -- Generated UUID for the question
  'Why do we use contrast?',
  'e1212c23-b22d-4b46-8092-9303691772af', -- Quiz ID
  'e1212c23-b22d-4b46-8092-9303691772af', -- Quiz ID (duplicate)
  'single-answer',
  '',
  0,
  NOW(),
  NOW()
) ON CONFLICT (id) DO NOTHING; -- Skip if the question already exists

-- Insert option 1 for question 1
INSERT INTO payload.quiz_questions_options (
  id,
  _order,
  _parent_id,
  text,
  is_correct,
  created_at,
  updated_at
) VALUES (
  gen_random_uuid(),
  0,
  '4317e22e-71d3-495c-8459-c2a83547544f',
  'To make our computer monitor easier to read',
  false,
  NOW(),
  NOW()
) ON CONFLICT DO NOTHING; -- Skip if the option already exists

-- Insert option 2 for question 1
INSERT INTO payload.quiz_questions_options (
  id,
  _order,
  _parent_id,
  text,
  is_correct,
  created_at,
  updated_at
) VALUES (
  gen_random_uuid(),
  1,
  '4317e22e-71d3-495c-8459-c2a83547544f',
  'To fill up space',
  false,
  NOW(),
  NOW()
) ON CONFLICT DO NOTHING; -- Skip if the option already exists

-- Insert option 3 for question 1
INSERT INTO payload.quiz_questions_options (
  id,
  _order,
  _parent_id,
  text,
  is_correct,
  created_at,
  updated_at
) VALUES (
  gen_random_uuid(),
  2,
  '4317e22e-71d3-495c-8459-c2a83547544f',
  'Our eyes like it. It looks good',
  true,
  NOW(),
  NOW()
) ON CONFLICT DO NOTHING; -- Skip if the option already exists

-- Create relationship entry for the question to the quiz
INSERT INTO payload.quiz_questions_rels (
  id,
  _parent_id,
  field,
  value,
  created_at,
  updated_at
) VALUES (
  gen_random_uuid(),
  '4317e22e-71d3-495c-8459-c2a83547544f',
  'quiz_id',
  'e1212c23-b22d-4b46-8092-9303691772af',
  NOW(),
  NOW()
) ON CONFLICT DO NOTHING; -- Skip if the relationship already exists

-- Create bidirectional relationship entry for the quiz to the question
INSERT INTO payload.course_quizzes_rels (
  id,
  _parent_id,
  field,
  value,
  created_at,
  updated_at
) VALUES (
  gen_random_uuid(),
  'e1212c23-b22d-4b46-8092-9303691772af',
  'questions',
  '4317e22e-71d3-495c-8459-c2a83547544f',
  NOW(),
  NOW()
) ON CONFLICT DO NOTHING; -- Skip if the relationship already exists

-- Insert question 2 for quiz: The Fundamental Elements of Design in Detail Quiz
INSERT INTO payload.quiz_questions (
  id,
  question,
  quiz_id,
  quiz_id_id, -- Duplicate field for compatibility
  type,
  explanation,
  "order",
  created_at,
  updated_at
) VALUES (
  'a3f66fb1-6d16-4df8-8171-9f2e43d4a96e', -- Generated UUID for the question
  'How important is alignment?',
  'e1212c23-b22d-4b46-8092-9303691772af', -- Quiz ID
  'e1212c23-b22d-4b46-8092-9303691772af', -- Quiz ID (duplicate)
  'single-answer',
  '',
  1,
  NOW(),
  NOW()
) ON CONFLICT (id) DO NOTHING; -- Skip if the question already exists

-- Insert option 1 for question 2
INSERT INTO payload.quiz_questions_options (
  id,
  _order,
  _parent_id,
  text,
  is_correct,
  created_at,
  updated_at
) VALUES (
  gen_random_uuid(),
  0,
  'a3f66fb1-6d16-4df8-8171-9f2e43d4a96e',
  'Critically important (make sure you have learned how to use PowerPoint''s alignment tools)',
  true,
  NOW(),
  NOW()
) ON CONFLICT DO NOTHING; -- Skip if the option already exists

-- Create relationship entry for the question to the quiz
INSERT INTO payload.quiz_questions_rels (
  id,
  _parent_id,
  field,
  value,
  created_at,
  updated_at
) VALUES (
  gen_random_uuid(),
  'a3f66fb1-6d16-4df8-8171-9f2e43d4a96e',
  'quiz_id',
  'e1212c23-b22d-4b46-8092-9303691772af',
  NOW(),
  NOW()
) ON CONFLICT DO NOTHING; -- Skip if the relationship already exists

-- Create bidirectional relationship entry for the quiz to the question
INSERT INTO payload.course_quizzes_rels (
  id,
  _parent_id,
  field,
  value,
  created_at,
  updated_at
) VALUES (
  gen_random_uuid(),
  'e1212c23-b22d-4b46-8092-9303691772af',
  'questions',
  'a3f66fb1-6d16-4df8-8171-9f2e43d4a96e',
  NOW(),
  NOW()
) ON CONFLICT DO NOTHING; -- Skip if the relationship already exists

-- Insert question 3 for quiz: The Fundamental Elements of Design in Detail Quiz
INSERT INTO payload.quiz_questions (
  id,
  question,
  quiz_id,
  quiz_id_id, -- Duplicate field for compatibility
  type,
  explanation,
  "order",
  created_at,
  updated_at
) VALUES (
  'aad2df6a-0866-4791-9934-8f69a0046785', -- Generated UUID for the question
  'How is the principle of proximity helpful?',
  'e1212c23-b22d-4b46-8092-9303691772af', -- Quiz ID
  'e1212c23-b22d-4b46-8092-9303691772af', -- Quiz ID (duplicate)
  'single-answer',
  '',
  2,
  NOW(),
  NOW()
) ON CONFLICT (id) DO NOTHING; -- Skip if the question already exists

-- Insert option 1 for question 3
INSERT INTO payload.quiz_questions_options (
  id,
  _order,
  _parent_id,
  text,
  is_correct,
  created_at,
  updated_at
) VALUES (
  gen_random_uuid(),
  0,
  'aad2df6a-0866-4791-9934-8f69a0046785',
  'Helps us understand how groups are created (intentionally or unintentionally)',
  true,
  NOW(),
  NOW()
) ON CONFLICT DO NOTHING; -- Skip if the option already exists

-- Insert option 2 for question 3
INSERT INTO payload.quiz_questions_options (
  id,
  _order,
  _parent_id,
  text,
  is_correct,
  created_at,
  updated_at
) VALUES (
  gen_random_uuid(),
  1,
  'aad2df6a-0866-4791-9934-8f69a0046785',
  'Allows us to squeeze more onto the page',
  false,
  NOW(),
  NOW()
) ON CONFLICT DO NOTHING; -- Skip if the option already exists

-- Insert option 3 for question 3
INSERT INTO payload.quiz_questions_options (
  id,
  _order,
  _parent_id,
  text,
  is_correct,
  created_at,
  updated_at
) VALUES (
  gen_random_uuid(),
  2,
  'aad2df6a-0866-4791-9934-8f69a0046785',
  'Helps us get to know people',
  false,
  NOW(),
  NOW()
) ON CONFLICT DO NOTHING; -- Skip if the option already exists

-- Create relationship entry for the question to the quiz
INSERT INTO payload.quiz_questions_rels (
  id,
  _parent_id,
  field,
  value,
  created_at,
  updated_at
) VALUES (
  gen_random_uuid(),
  'aad2df6a-0866-4791-9934-8f69a0046785',
  'quiz_id',
  'e1212c23-b22d-4b46-8092-9303691772af',
  NOW(),
  NOW()
) ON CONFLICT DO NOTHING; -- Skip if the relationship already exists

-- Create bidirectional relationship entry for the quiz to the question
INSERT INTO payload.course_quizzes_rels (
  id,
  _parent_id,
  field,
  value,
  created_at,
  updated_at
) VALUES (
  gen_random_uuid(),
  'e1212c23-b22d-4b46-8092-9303691772af',
  'questions',
  'aad2df6a-0866-4791-9934-8f69a0046785',
  NOW(),
  NOW()
) ON CONFLICT DO NOTHING; -- Skip if the relationship already exists

-- Insert question 4 for quiz: The Fundamental Elements of Design in Detail Quiz
INSERT INTO payload.quiz_questions (
  id,
  question,
  quiz_id,
  quiz_id_id, -- Duplicate field for compatibility
  type,
  explanation,
  "order",
  created_at,
  updated_at
) VALUES (
  '68fddfcc-2e27-481f-9d25-c444090cde77', -- Generated UUID for the question
  'How many different font types should you use in a single presentation?',
  'e1212c23-b22d-4b46-8092-9303691772af', -- Quiz ID
  'e1212c23-b22d-4b46-8092-9303691772af', -- Quiz ID (duplicate)
  'single-answer',
  '',
  3,
  NOW(),
  NOW()
) ON CONFLICT (id) DO NOTHING; -- Skip if the question already exists

-- Insert option 1 for question 4
INSERT INTO payload.quiz_questions_options (
  id,
  _order,
  _parent_id,
  text,
  is_correct,
  created_at,
  updated_at
) VALUES (
  gen_random_uuid(),
  0,
  '68fddfcc-2e27-481f-9d25-c444090cde77',
  'As many as you can',
  false,
  NOW(),
  NOW()
) ON CONFLICT DO NOTHING; -- Skip if the option already exists

-- Insert option 2 for question 4
INSERT INTO payload.quiz_questions_options (
  id,
  _order,
  _parent_id,
  text,
  is_correct,
  created_at,
  updated_at
) VALUES (
  gen_random_uuid(),
  1,
  '68fddfcc-2e27-481f-9d25-c444090cde77',
  '4',
  false,
  NOW(),
  NOW()
) ON CONFLICT DO NOTHING; -- Skip if the option already exists

-- Insert option 3 for question 4
INSERT INTO payload.quiz_questions_options (
  id,
  _order,
  _parent_id,
  text,
  is_correct,
  created_at,
  updated_at
) VALUES (
  gen_random_uuid(),
  2,
  '68fddfcc-2e27-481f-9d25-c444090cde77',
  '1',
  false,
  NOW(),
  NOW()
) ON CONFLICT DO NOTHING; -- Skip if the option already exists

-- Insert option 4 for question 4
INSERT INTO payload.quiz_questions_options (
  id,
  _order,
  _parent_id,
  text,
  is_correct,
  created_at,
  updated_at
) VALUES (
  gen_random_uuid(),
  3,
  '68fddfcc-2e27-481f-9d25-c444090cde77',
  '2',
  true,
  NOW(),
  NOW()
) ON CONFLICT DO NOTHING; -- Skip if the option already exists

-- Insert option 5 for question 4
INSERT INTO payload.quiz_questions_options (
  id,
  _order,
  _parent_id,
  text,
  is_correct,
  created_at,
  updated_at
) VALUES (
  gen_random_uuid(),
  4,
  '68fddfcc-2e27-481f-9d25-c444090cde77',
  '3',
  false,
  NOW(),
  NOW()
) ON CONFLICT DO NOTHING; -- Skip if the option already exists

-- Create relationship entry for the question to the quiz
INSERT INTO payload.quiz_questions_rels (
  id,
  _parent_id,
  field,
  value,
  created_at,
  updated_at
) VALUES (
  gen_random_uuid(),
  '68fddfcc-2e27-481f-9d25-c444090cde77',
  'quiz_id',
  'e1212c23-b22d-4b46-8092-9303691772af',
  NOW(),
  NOW()
) ON CONFLICT DO NOTHING; -- Skip if the relationship already exists

-- Create bidirectional relationship entry for the quiz to the question
INSERT INTO payload.course_quizzes_rels (
  id,
  _parent_id,
  field,
  value,
  created_at,
  updated_at
) VALUES (
  gen_random_uuid(),
  'e1212c23-b22d-4b46-8092-9303691772af',
  'questions',
  '68fddfcc-2e27-481f-9d25-c444090cde77',
  NOW(),
  NOW()
) ON CONFLICT DO NOTHING; -- Skip if the relationship already exists

-- Insert question 5 for quiz: The Fundamental Elements of Design in Detail Quiz
INSERT INTO payload.quiz_questions (
  id,
  question,
  quiz_id,
  quiz_id_id, -- Duplicate field for compatibility
  type,
  explanation,
  "order",
  created_at,
  updated_at
) VALUES (
  'd73aaf68-74d6-459b-bb0c-5732bfe2bd24', -- Generated UUID for the question
  'How many colors should we use in a presentation?',
  'e1212c23-b22d-4b46-8092-9303691772af', -- Quiz ID
  'e1212c23-b22d-4b46-8092-9303691772af', -- Quiz ID (duplicate)
  'single-answer',
  '',
  4,
  NOW(),
  NOW()
) ON CONFLICT (id) DO NOTHING; -- Skip if the question already exists

-- Insert option 1 for question 5
INSERT INTO payload.quiz_questions_options (
  id,
  _order,
  _parent_id,
  text,
  is_correct,
  created_at,
  updated_at
) VALUES (
  gen_random_uuid(),
  0,
  'd73aaf68-74d6-459b-bb0c-5732bfe2bd24',
  '2 more than the number of fonts',
  false,
  NOW(),
  NOW()
) ON CONFLICT DO NOTHING; -- Skip if the option already exists

-- Insert option 2 for question 5
INSERT INTO payload.quiz_questions_options (
  id,
  _order,
  _parent_id,
  text,
  is_correct,
  created_at,
  updated_at
) VALUES (
  gen_random_uuid(),
  1,
  'd73aaf68-74d6-459b-bb0c-5732bfe2bd24',
  '7',
  false,
  NOW(),
  NOW()
) ON CONFLICT DO NOTHING; -- Skip if the option already exists

-- Insert option 3 for question 5
INSERT INTO payload.quiz_questions_options (
  id,
  _order,
  _parent_id,
  text,
  is_correct,
  created_at,
  updated_at
) VALUES (
  gen_random_uuid(),
  2,
  'd73aaf68-74d6-459b-bb0c-5732bfe2bd24',
  '4 to 5',
  false,
  NOW(),
  NOW()
) ON CONFLICT DO NOTHING; -- Skip if the option already exists

-- Insert option 4 for question 5
INSERT INTO payload.quiz_questions_options (
  id,
  _order,
  _parent_id,
  text,
  is_correct,
  created_at,
  updated_at
) VALUES (
  gen_random_uuid(),
  3,
  'd73aaf68-74d6-459b-bb0c-5732bfe2bd24',
  '2 to 3',
  true,
  NOW(),
  NOW()
) ON CONFLICT DO NOTHING; -- Skip if the option already exists

-- Insert option 5 for question 5
INSERT INTO payload.quiz_questions_options (
  id,
  _order,
  _parent_id,
  text,
  is_correct,
  created_at,
  updated_at
) VALUES (
  gen_random_uuid(),
  4,
  'd73aaf68-74d6-459b-bb0c-5732bfe2bd24',
  '1',
  false,
  NOW(),
  NOW()
) ON CONFLICT DO NOTHING; -- Skip if the option already exists

-- Create relationship entry for the question to the quiz
INSERT INTO payload.quiz_questions_rels (
  id,
  _parent_id,
  field,
  value,
  created_at,
  updated_at
) VALUES (
  gen_random_uuid(),
  'd73aaf68-74d6-459b-bb0c-5732bfe2bd24',
  'quiz_id',
  'e1212c23-b22d-4b46-8092-9303691772af',
  NOW(),
  NOW()
) ON CONFLICT DO NOTHING; -- Skip if the relationship already exists

-- Create bidirectional relationship entry for the quiz to the question
INSERT INTO payload.course_quizzes_rels (
  id,
  _parent_id,
  field,
  value,
  created_at,
  updated_at
) VALUES (
  gen_random_uuid(),
  'e1212c23-b22d-4b46-8092-9303691772af',
  'questions',
  'd73aaf68-74d6-459b-bb0c-5732bfe2bd24',
  NOW(),
  NOW()
) ON CONFLICT DO NOTHING; -- Skip if the relationship already exists

-- Insert question 6 for quiz: The Fundamental Elements of Design in Detail Quiz
INSERT INTO payload.quiz_questions (
  id,
  question,
  quiz_id,
  quiz_id_id, -- Duplicate field for compatibility
  type,
  explanation,
  "order",
  created_at,
  updated_at
) VALUES (
  '42f95605-dc36-4649-815a-4f56d693f872', -- Generated UUID for the question
  'What should you do with whitespace?',
  'e1212c23-b22d-4b46-8092-9303691772af', -- Quiz ID
  'e1212c23-b22d-4b46-8092-9303691772af', -- Quiz ID (duplicate)
  'single-answer',
  '',
  5,
  NOW(),
  NOW()
) ON CONFLICT (id) DO NOTHING; -- Skip if the question already exists

-- Insert option 1 for question 6
INSERT INTO payload.quiz_questions_options (
  id,
  _order,
  _parent_id,
  text,
  is_correct,
  created_at,
  updated_at
) VALUES (
  gen_random_uuid(),
  0,
  '42f95605-dc36-4649-815a-4f56d693f872',
  'Ensure you are using enough of it',
  true,
  NOW(),
  NOW()
) ON CONFLICT DO NOTHING; -- Skip if the option already exists

-- Insert option 2 for question 6
INSERT INTO payload.quiz_questions_options (
  id,
  _order,
  _parent_id,
  text,
  is_correct,
  created_at,
  updated_at
) VALUES (
  gen_random_uuid(),
  1,
  '42f95605-dc36-4649-815a-4f56d693f872',
  'Color it blue, it is prettier',
  false,
  NOW(),
  NOW()
) ON CONFLICT DO NOTHING; -- Skip if the option already exists

-- Insert option 3 for question 6
INSERT INTO payload.quiz_questions_options (
  id,
  _order,
  _parent_id,
  text,
  is_correct,
  created_at,
  updated_at
) VALUES (
  gen_random_uuid(),
  2,
  '42f95605-dc36-4649-815a-4f56d693f872',
  'Fill it up with text!',
  false,
  NOW(),
  NOW()
) ON CONFLICT DO NOTHING; -- Skip if the option already exists

-- Create relationship entry for the question to the quiz
INSERT INTO payload.quiz_questions_rels (
  id,
  _parent_id,
  field,
  value,
  created_at,
  updated_at
) VALUES (
  gen_random_uuid(),
  '42f95605-dc36-4649-815a-4f56d693f872',
  'quiz_id',
  'e1212c23-b22d-4b46-8092-9303691772af',
  NOW(),
  NOW()
) ON CONFLICT DO NOTHING; -- Skip if the relationship already exists

-- Create bidirectional relationship entry for the quiz to the question
INSERT INTO payload.course_quizzes_rels (
  id,
  _parent_id,
  field,
  value,
  created_at,
  updated_at
) VALUES (
  gen_random_uuid(),
  'e1212c23-b22d-4b46-8092-9303691772af',
  'questions',
  '42f95605-dc36-4649-815a-4f56d693f872',
  NOW(),
  NOW()
) ON CONFLICT DO NOTHING; -- Skip if the relationship already exists

-- Questions for quiz: Overview of Fact-based Persuasion Quiz (fact-persuasion-quiz, ID: 08936dc2-0295-4136-a51b-341c073488ea)
-- Insert question 1 for quiz: Overview of Fact-based Persuasion Quiz
INSERT INTO payload.quiz_questions (
  id,
  question,
  quiz_id,
  quiz_id_id, -- Duplicate field for compatibility
  type,
  explanation,
  "order",
  created_at,
  updated_at
) VALUES (
  'c6372805-0aa6-4b58-b9ee-aa641dbce518', -- Generated UUID for the question
  'What is the bare assertion fallacy?',
  '08936dc2-0295-4136-a51b-341c073488ea', -- Quiz ID
  '08936dc2-0295-4136-a51b-341c073488ea', -- Quiz ID (duplicate)
  'multi-answer',
  '',
  0,
  NOW(),
  NOW()
) ON CONFLICT (id) DO NOTHING; -- Skip if the question already exists

-- Insert option 1 for question 1
INSERT INTO payload.quiz_questions_options (
  id,
  _order,
  _parent_id,
  text,
  is_correct,
  created_at,
  updated_at
) VALUES (
  gen_random_uuid(),
  0,
  'c6372805-0aa6-4b58-b9ee-aa641dbce518',
  'A premise in an argument that is assumed to be true merely because it says that it is true',
  true,
  NOW(),
  NOW()
) ON CONFLICT DO NOTHING; -- Skip if the option already exists

-- Insert option 2 for question 1
INSERT INTO payload.quiz_questions_options (
  id,
  _order,
  _parent_id,
  text,
  is_correct,
  created_at,
  updated_at
) VALUES (
  gen_random_uuid(),
  1,
  'c6372805-0aa6-4b58-b9ee-aa641dbce518',
  'A Dan Brown novel',
  false,
  NOW(),
  NOW()
) ON CONFLICT DO NOTHING; -- Skip if the option already exists

-- Insert option 3 for question 1
INSERT INTO payload.quiz_questions_options (
  id,
  _order,
  _parent_id,
  text,
  is_correct,
  created_at,
  updated_at
) VALUES (
  gen_random_uuid(),
  2,
  'c6372805-0aa6-4b58-b9ee-aa641dbce518',
  'Claiming to be right because you say you are right',
  true,
  NOW(),
  NOW()
) ON CONFLICT DO NOTHING; -- Skip if the option already exists

-- Insert option 4 for question 1
INSERT INTO payload.quiz_questions_options (
  id,
  _order,
  _parent_id,
  text,
  is_correct,
  created_at,
  updated_at
) VALUES (
  gen_random_uuid(),
  3,
  'c6372805-0aa6-4b58-b9ee-aa641dbce518',
  'A dream where you are presenting naked',
  false,
  NOW(),
  NOW()
) ON CONFLICT DO NOTHING; -- Skip if the option already exists

-- Create relationship entry for the question to the quiz
INSERT INTO payload.quiz_questions_rels (
  id,
  _parent_id,
  field,
  value,
  created_at,
  updated_at
) VALUES (
  gen_random_uuid(),
  'c6372805-0aa6-4b58-b9ee-aa641dbce518',
  'quiz_id',
  '08936dc2-0295-4136-a51b-341c073488ea',
  NOW(),
  NOW()
) ON CONFLICT DO NOTHING; -- Skip if the relationship already exists

-- Create bidirectional relationship entry for the quiz to the question
INSERT INTO payload.course_quizzes_rels (
  id,
  _parent_id,
  field,
  value,
  created_at,
  updated_at
) VALUES (
  gen_random_uuid(),
  '08936dc2-0295-4136-a51b-341c073488ea',
  'questions',
  'c6372805-0aa6-4b58-b9ee-aa641dbce518',
  NOW(),
  NOW()
) ON CONFLICT DO NOTHING; -- Skip if the relationship already exists

-- Insert question 2 for quiz: Overview of Fact-based Persuasion Quiz
INSERT INTO payload.quiz_questions (
  id,
  question,
  quiz_id,
  quiz_id_id, -- Duplicate field for compatibility
  type,
  explanation,
  "order",
  created_at,
  updated_at
) VALUES (
  '12ec3294-3be1-4243-9244-509080b2f0c9', -- Generated UUID for the question
  'What is graphical excellence?',
  '08936dc2-0295-4136-a51b-341c073488ea', -- Quiz ID
  '08936dc2-0295-4136-a51b-341c073488ea', -- Quiz ID (duplicate)
  'multi-answer',
  '',
  1,
  NOW(),
  NOW()
) ON CONFLICT (id) DO NOTHING; -- Skip if the question already exists

-- Insert option 1 for question 2
INSERT INTO payload.quiz_questions_options (
  id,
  _order,
  _parent_id,
  text,
  is_correct,
  created_at,
  updated_at
) VALUES (
  gen_random_uuid(),
  0,
  '12ec3294-3be1-4243-9244-509080b2f0c9',
  'Beautiful',
  false,
  NOW(),
  NOW()
) ON CONFLICT DO NOTHING; -- Skip if the option already exists

-- Insert option 2 for question 2
INSERT INTO payload.quiz_questions_options (
  id,
  _order,
  _parent_id,
  text,
  is_correct,
  created_at,
  updated_at
) VALUES (
  gen_random_uuid(),
  1,
  '12ec3294-3be1-4243-9244-509080b2f0c9',
  'Honest',
  true,
  NOW(),
  NOW()
) ON CONFLICT DO NOTHING; -- Skip if the option already exists

-- Insert option 3 for question 2
INSERT INTO payload.quiz_questions_options (
  id,
  _order,
  _parent_id,
  text,
  is_correct,
  created_at,
  updated_at
) VALUES (
  gen_random_uuid(),
  2,
  '12ec3294-3be1-4243-9244-509080b2f0c9',
  'Multivariate',
  true,
  NOW(),
  NOW()
) ON CONFLICT DO NOTHING; -- Skip if the option already exists

-- Insert option 4 for question 2
INSERT INTO payload.quiz_questions_options (
  id,
  _order,
  _parent_id,
  text,
  is_correct,
  created_at,
  updated_at
) VALUES (
  gen_random_uuid(),
  3,
  '12ec3294-3be1-4243-9244-509080b2f0c9',
  'Efficient',
  true,
  NOW(),
  NOW()
) ON CONFLICT DO NOTHING; -- Skip if the option already exists

-- Insert option 5 for question 2
INSERT INTO payload.quiz_questions_options (
  id,
  _order,
  _parent_id,
  text,
  is_correct,
  created_at,
  updated_at
) VALUES (
  gen_random_uuid(),
  4,
  '12ec3294-3be1-4243-9244-509080b2f0c9',
  'Complicated',
  false,
  NOW(),
  NOW()
) ON CONFLICT DO NOTHING; -- Skip if the option already exists

-- Insert option 6 for question 2
INSERT INTO payload.quiz_questions_options (
  id,
  _order,
  _parent_id,
  text,
  is_correct,
  created_at,
  updated_at
) VALUES (
  gen_random_uuid(),
  5,
  '12ec3294-3be1-4243-9244-509080b2f0c9',
  'Curved',
  false,
  NOW(),
  NOW()
) ON CONFLICT DO NOTHING; -- Skip if the option already exists

-- Create relationship entry for the question to the quiz
INSERT INTO payload.quiz_questions_rels (
  id,
  _parent_id,
  field,
  value,
  created_at,
  updated_at
) VALUES (
  gen_random_uuid(),
  '12ec3294-3be1-4243-9244-509080b2f0c9',
  'quiz_id',
  '08936dc2-0295-4136-a51b-341c073488ea',
  NOW(),
  NOW()
) ON CONFLICT DO NOTHING; -- Skip if the relationship already exists

-- Create bidirectional relationship entry for the quiz to the question
INSERT INTO payload.course_quizzes_rels (
  id,
  _parent_id,
  field,
  value,
  created_at,
  updated_at
) VALUES (
  gen_random_uuid(),
  '08936dc2-0295-4136-a51b-341c073488ea',
  'questions',
  '12ec3294-3be1-4243-9244-509080b2f0c9',
  NOW(),
  NOW()
) ON CONFLICT DO NOTHING; -- Skip if the relationship already exists

-- Questions for quiz: Gestalt Principles of Visual Perception Quiz (gestalt-principles-quiz, ID: 65b439ed-4282-496d-8725-3b82115c642b)
-- Insert question 1 for quiz: Gestalt Principles of Visual Perception Quiz
INSERT INTO payload.quiz_questions (
  id,
  question,
  quiz_id,
  quiz_id_id, -- Duplicate field for compatibility
  type,
  explanation,
  "order",
  created_at,
  updated_at
) VALUES (
  'be16f42e-349a-424c-98af-b2e639eb67cf', -- Generated UUID for the question
  'Why have we repeated the principle of proximity in this lesson and the previous lesson?',
  '65b439ed-4282-496d-8725-3b82115c642b', -- Quiz ID
  '65b439ed-4282-496d-8725-3b82115c642b', -- Quiz ID (duplicate)
  'single-answer',
  '',
  0,
  NOW(),
  NOW()
) ON CONFLICT (id) DO NOTHING; -- Skip if the question already exists

-- Insert option 1 for question 1
INSERT INTO payload.quiz_questions_options (
  id,
  _order,
  _parent_id,
  text,
  is_correct,
  created_at,
  updated_at
) VALUES (
  gen_random_uuid(),
  0,
  'be16f42e-349a-424c-98af-b2e639eb67cf',
  'Didn''t notice. The course is brilliant. Carry on!',
  true,
  NOW(),
  NOW()
) ON CONFLICT DO NOTHING; -- Skip if the option already exists

-- Insert option 2 for question 1
INSERT INTO payload.quiz_questions_options (
  id,
  _order,
  _parent_id,
  text,
  is_correct,
  created_at,
  updated_at
) VALUES (
  gen_random_uuid(),
  1,
  'be16f42e-349a-424c-98af-b2e639eb67cf',
  'Because repetition ad nauseum helps me learn?...',
  false,
  NOW(),
  NOW()
) ON CONFLICT DO NOTHING; -- Skip if the option already exists

-- Insert option 3 for question 1
INSERT INTO payload.quiz_questions_options (
  id,
  _order,
  _parent_id,
  text,
  is_correct,
  created_at,
  updated_at
) VALUES (
  gen_random_uuid(),
  2,
  'be16f42e-349a-424c-98af-b2e639eb67cf',
  'Yo lazy',
  false,
  NOW(),
  NOW()
) ON CONFLICT DO NOTHING; -- Skip if the option already exists

-- Create relationship entry for the question to the quiz
INSERT INTO payload.quiz_questions_rels (
  id,
  _parent_id,
  field,
  value,
  created_at,
  updated_at
) VALUES (
  gen_random_uuid(),
  'be16f42e-349a-424c-98af-b2e639eb67cf',
  'quiz_id',
  '65b439ed-4282-496d-8725-3b82115c642b',
  NOW(),
  NOW()
) ON CONFLICT DO NOTHING; -- Skip if the relationship already exists

-- Create bidirectional relationship entry for the quiz to the question
INSERT INTO payload.course_quizzes_rels (
  id,
  _parent_id,
  field,
  value,
  created_at,
  updated_at
) VALUES (
  gen_random_uuid(),
  '65b439ed-4282-496d-8725-3b82115c642b',
  'questions',
  'be16f42e-349a-424c-98af-b2e639eb67cf',
  NOW(),
  NOW()
) ON CONFLICT DO NOTHING; -- Skip if the relationship already exists

-- Insert question 2 for quiz: Gestalt Principles of Visual Perception Quiz
INSERT INTO payload.quiz_questions (
  id,
  question,
  quiz_id,
  quiz_id_id, -- Duplicate field for compatibility
  type,
  explanation,
  "order",
  created_at,
  updated_at
) VALUES (
  'bb530bed-ad52-41e7-968f-07e1bc60f69a', -- Generated UUID for the question
  'The principle of similarity states that we tend to group things which share visual characteristics such as:',
  '65b439ed-4282-496d-8725-3b82115c642b', -- Quiz ID
  '65b439ed-4282-496d-8725-3b82115c642b', -- Quiz ID (duplicate)
  'multi-answer',
  '',
  1,
  NOW(),
  NOW()
) ON CONFLICT (id) DO NOTHING; -- Skip if the question already exists

-- Insert option 1 for question 2
INSERT INTO payload.quiz_questions_options (
  id,
  _order,
  _parent_id,
  text,
  is_correct,
  created_at,
  updated_at
) VALUES (
  gen_random_uuid(),
  0,
  'bb530bed-ad52-41e7-968f-07e1bc60f69a',
  'Size',
  true,
  NOW(),
  NOW()
) ON CONFLICT DO NOTHING; -- Skip if the option already exists

-- Insert option 2 for question 2
INSERT INTO payload.quiz_questions_options (
  id,
  _order,
  _parent_id,
  text,
  is_correct,
  created_at,
  updated_at
) VALUES (
  gen_random_uuid(),
  1,
  'bb530bed-ad52-41e7-968f-07e1bc60f69a',
  'Shape',
  true,
  NOW(),
  NOW()
) ON CONFLICT DO NOTHING; -- Skip if the option already exists

-- Insert option 3 for question 2
INSERT INTO payload.quiz_questions_options (
  id,
  _order,
  _parent_id,
  text,
  is_correct,
  created_at,
  updated_at
) VALUES (
  gen_random_uuid(),
  2,
  'bb530bed-ad52-41e7-968f-07e1bc60f69a',
  'Color',
  true,
  NOW(),
  NOW()
) ON CONFLICT DO NOTHING; -- Skip if the option already exists

-- Insert option 4 for question 2
INSERT INTO payload.quiz_questions_options (
  id,
  _order,
  _parent_id,
  text,
  is_correct,
  created_at,
  updated_at
) VALUES (
  gen_random_uuid(),
  3,
  'bb530bed-ad52-41e7-968f-07e1bc60f69a',
  'Orientation',
  true,
  NOW(),
  NOW()
) ON CONFLICT DO NOTHING; -- Skip if the option already exists

-- Insert option 5 for question 2
INSERT INTO payload.quiz_questions_options (
  id,
  _order,
  _parent_id,
  text,
  is_correct,
  created_at,
  updated_at
) VALUES (
  gen_random_uuid(),
  4,
  'bb530bed-ad52-41e7-968f-07e1bc60f69a',
  'Sound',
  false,
  NOW(),
  NOW()
) ON CONFLICT DO NOTHING; -- Skip if the option already exists

-- Insert option 6 for question 2
INSERT INTO payload.quiz_questions_options (
  id,
  _order,
  _parent_id,
  text,
  is_correct,
  created_at,
  updated_at
) VALUES (
  gen_random_uuid(),
  5,
  'bb530bed-ad52-41e7-968f-07e1bc60f69a',
  'Length',
  false,
  NOW(),
  NOW()
) ON CONFLICT DO NOTHING; -- Skip if the option already exists

-- Insert option 7 for question 2
INSERT INTO payload.quiz_questions_options (
  id,
  _order,
  _parent_id,
  text,
  is_correct,
  created_at,
  updated_at
) VALUES (
  gen_random_uuid(),
  6,
  'bb530bed-ad52-41e7-968f-07e1bc60f69a',
  'Distance',
  false,
  NOW(),
  NOW()
) ON CONFLICT DO NOTHING; -- Skip if the option already exists

-- Create relationship entry for the question to the quiz
INSERT INTO payload.quiz_questions_rels (
  id,
  _parent_id,
  field,
  value,
  created_at,
  updated_at
) VALUES (
  gen_random_uuid(),
  'bb530bed-ad52-41e7-968f-07e1bc60f69a',
  'quiz_id',
  '65b439ed-4282-496d-8725-3b82115c642b',
  NOW(),
  NOW()
) ON CONFLICT DO NOTHING; -- Skip if the relationship already exists

-- Create bidirectional relationship entry for the quiz to the question
INSERT INTO payload.course_quizzes_rels (
  id,
  _parent_id,
  field,
  value,
  created_at,
  updated_at
) VALUES (
  gen_random_uuid(),
  '65b439ed-4282-496d-8725-3b82115c642b',
  'questions',
  'bb530bed-ad52-41e7-968f-07e1bc60f69a',
  NOW(),
  NOW()
) ON CONFLICT DO NOTHING; -- Skip if the relationship already exists

-- Insert question 3 for quiz: Gestalt Principles of Visual Perception Quiz
INSERT INTO payload.quiz_questions (
  id,
  question,
  quiz_id,
  quiz_id_id, -- Duplicate field for compatibility
  type,
  explanation,
  "order",
  created_at,
  updated_at
) VALUES (
  'd496975e-36df-41ef-9adc-f97a9781209f', -- Generated UUID for the question
  'What is symmetry associated with?',
  '65b439ed-4282-496d-8725-3b82115c642b', -- Quiz ID
  '65b439ed-4282-496d-8725-3b82115c642b', -- Quiz ID (duplicate)
  'multi-answer',
  '',
  2,
  NOW(),
  NOW()
) ON CONFLICT (id) DO NOTHING; -- Skip if the question already exists

-- Insert option 1 for question 3
INSERT INTO payload.quiz_questions_options (
  id,
  _order,
  _parent_id,
  text,
  is_correct,
  created_at,
  updated_at
) VALUES (
  gen_random_uuid(),
  0,
  'd496975e-36df-41ef-9adc-f97a9781209f',
  'Stability',
  true,
  NOW(),
  NOW()
) ON CONFLICT DO NOTHING; -- Skip if the option already exists

-- Insert option 2 for question 3
INSERT INTO payload.quiz_questions_options (
  id,
  _order,
  _parent_id,
  text,
  is_correct,
  created_at,
  updated_at
) VALUES (
  gen_random_uuid(),
  1,
  'd496975e-36df-41ef-9adc-f97a9781209f',
  'Consistency',
  true,
  NOW(),
  NOW()
) ON CONFLICT DO NOTHING; -- Skip if the option already exists

-- Insert option 3 for question 3
INSERT INTO payload.quiz_questions_options (
  id,
  _order,
  _parent_id,
  text,
  is_correct,
  created_at,
  updated_at
) VALUES (
  gen_random_uuid(),
  2,
  'd496975e-36df-41ef-9adc-f97a9781209f',
  'Structure',
  true,
  NOW(),
  NOW()
) ON CONFLICT DO NOTHING; -- Skip if the option already exists

-- Insert option 4 for question 3
INSERT INTO payload.quiz_questions_options (
  id,
  _order,
  _parent_id,
  text,
  is_correct,
  created_at,
  updated_at
) VALUES (
  gen_random_uuid(),
  3,
  'd496975e-36df-41ef-9adc-f97a9781209f',
  'Rhythm',
  false,
  NOW(),
  NOW()
) ON CONFLICT DO NOTHING; -- Skip if the option already exists

-- Insert option 5 for question 3
INSERT INTO payload.quiz_questions_options (
  id,
  _order,
  _parent_id,
  text,
  is_correct,
  created_at,
  updated_at
) VALUES (
  gen_random_uuid(),
  4,
  'd496975e-36df-41ef-9adc-f97a9781209f',
  'Twins',
  false,
  NOW(),
  NOW()
) ON CONFLICT DO NOTHING; -- Skip if the option already exists

-- Insert option 6 for question 3
INSERT INTO payload.quiz_questions_options (
  id,
  _order,
  _parent_id,
  text,
  is_correct,
  created_at,
  updated_at
) VALUES (
  gen_random_uuid(),
  5,
  'd496975e-36df-41ef-9adc-f97a9781209f',
  'Music',
  false,
  NOW(),
  NOW()
) ON CONFLICT DO NOTHING; -- Skip if the option already exists

-- Create relationship entry for the question to the quiz
INSERT INTO payload.quiz_questions_rels (
  id,
  _parent_id,
  field,
  value,
  created_at,
  updated_at
) VALUES (
  gen_random_uuid(),
  'd496975e-36df-41ef-9adc-f97a9781209f',
  'quiz_id',
  '65b439ed-4282-496d-8725-3b82115c642b',
  NOW(),
  NOW()
) ON CONFLICT DO NOTHING; -- Skip if the relationship already exists

-- Create bidirectional relationship entry for the quiz to the question
INSERT INTO payload.course_quizzes_rels (
  id,
  _parent_id,
  field,
  value,
  created_at,
  updated_at
) VALUES (
  gen_random_uuid(),
  '65b439ed-4282-496d-8725-3b82115c642b',
  'questions',
  'd496975e-36df-41ef-9adc-f97a9781209f',
  NOW(),
  NOW()
) ON CONFLICT DO NOTHING; -- Skip if the relationship already exists

-- Insert question 4 for quiz: Gestalt Principles of Visual Perception Quiz
INSERT INTO payload.quiz_questions (
  id,
  question,
  quiz_id,
  quiz_id_id, -- Duplicate field for compatibility
  type,
  explanation,
  "order",
  created_at,
  updated_at
) VALUES (
  '0b7a4b14-d9a5-427f-9bc9-990034c1d12f', -- Generated UUID for the question
  'What does the principle of connection state?',
  '65b439ed-4282-496d-8725-3b82115c642b', -- Quiz ID
  '65b439ed-4282-496d-8725-3b82115c642b', -- Quiz ID (duplicate)
  'single-answer',
  '',
  3,
  NOW(),
  NOW()
) ON CONFLICT (id) DO NOTHING; -- Skip if the question already exists

-- Insert option 1 for question 4
INSERT INTO payload.quiz_questions_options (
  id,
  _order,
  _parent_id,
  text,
  is_correct,
  created_at,
  updated_at
) VALUES (
  gen_random_uuid(),
  0,
  '0b7a4b14-d9a5-427f-9bc9-990034c1d12f',
  'Elements that are visually connected are perceived as more related than elements with no connection',
  true,
  NOW(),
  NOW()
) ON CONFLICT DO NOTHING; -- Skip if the option already exists

-- Insert option 2 for question 4
INSERT INTO payload.quiz_questions_options (
  id,
  _order,
  _parent_id,
  text,
  is_correct,
  created_at,
  updated_at
) VALUES (
  gen_random_uuid(),
  1,
  '0b7a4b14-d9a5-427f-9bc9-990034c1d12f',
  'We need to connect our most important ideas',
  false,
  NOW(),
  NOW()
) ON CONFLICT DO NOTHING; -- Skip if the option already exists

-- Insert option 3 for question 4
INSERT INTO payload.quiz_questions_options (
  id,
  _order,
  _parent_id,
  text,
  is_correct,
  created_at,
  updated_at
) VALUES (
  gen_random_uuid(),
  2,
  '0b7a4b14-d9a5-427f-9bc9-990034c1d12f',
  'I just can''t make no connection',
  false,
  NOW(),
  NOW()
) ON CONFLICT DO NOTHING; -- Skip if the option already exists

-- Create relationship entry for the question to the quiz
INSERT INTO payload.quiz_questions_rels (
  id,
  _parent_id,
  field,
  value,
  created_at,
  updated_at
) VALUES (
  gen_random_uuid(),
  '0b7a4b14-d9a5-427f-9bc9-990034c1d12f',
  'quiz_id',
  '65b439ed-4282-496d-8725-3b82115c642b',
  NOW(),
  NOW()
) ON CONFLICT DO NOTHING; -- Skip if the relationship already exists

-- Create bidirectional relationship entry for the quiz to the question
INSERT INTO payload.course_quizzes_rels (
  id,
  _parent_id,
  field,
  value,
  created_at,
  updated_at
) VALUES (
  gen_random_uuid(),
  '65b439ed-4282-496d-8725-3b82115c642b',
  'questions',
  '0b7a4b14-d9a5-427f-9bc9-990034c1d12f',
  NOW(),
  NOW()
) ON CONFLICT DO NOTHING; -- Skip if the relationship already exists

-- Questions for quiz: Idea Generation Quiz (idea-generation-quiz, ID: 93d78dfe-bcd4-4ee9-9810-8234dd2214e7)
-- Insert question 1 for quiz: Idea Generation Quiz
INSERT INTO payload.quiz_questions (
  id,
  question,
  quiz_id,
  quiz_id_id, -- Duplicate field for compatibility
  type,
  explanation,
  "order",
  created_at,
  updated_at
) VALUES (
  'd9ecba19-8883-4a8e-8d00-ca2e8a23f833', -- Generated UUID for the question
  'What is the key to making brainstorming as effective as possible?',
  '93d78dfe-bcd4-4ee9-9810-8234dd2214e7', -- Quiz ID
  '93d78dfe-bcd4-4ee9-9810-8234dd2214e7', -- Quiz ID (duplicate)
  'single-answer',
  '',
  0,
  NOW(),
  NOW()
) ON CONFLICT (id) DO NOTHING; -- Skip if the question already exists

-- Insert option 1 for question 1
INSERT INTO payload.quiz_questions_options (
  id,
  _order,
  _parent_id,
  text,
  is_correct,
  created_at,
  updated_at
) VALUES (
  gen_random_uuid(),
  0,
  'd9ecba19-8883-4a8e-8d00-ca2e8a23f833',
  'Conduct brainstorming sessions early in the day',
  false,
  NOW(),
  NOW()
) ON CONFLICT DO NOTHING; -- Skip if the option already exists

-- Insert option 2 for question 1
INSERT INTO payload.quiz_questions_options (
  id,
  _order,
  _parent_id,
  text,
  is_correct,
  created_at,
  updated_at
) VALUES (
  gen_random_uuid(),
  1,
  'd9ecba19-8883-4a8e-8d00-ca2e8a23f833',
  'Eat lots of sugar',
  false,
  NOW(),
  NOW()
) ON CONFLICT DO NOTHING; -- Skip if the option already exists

-- Insert option 3 for question 1
INSERT INTO payload.quiz_questions_options (
  id,
  _order,
  _parent_id,
  text,
  is_correct,
  created_at,
  updated_at
) VALUES (
  gen_random_uuid(),
  2,
  'd9ecba19-8883-4a8e-8d00-ca2e8a23f833',
  'Don''t use brainstorming, it doesn''t work',
  false,
  NOW(),
  NOW()
) ON CONFLICT DO NOTHING; -- Skip if the option already exists

-- Insert option 4 for question 1
INSERT INTO payload.quiz_questions_options (
  id,
  _order,
  _parent_id,
  text,
  is_correct,
  created_at,
  updated_at
) VALUES (
  gen_random_uuid(),
  3,
  'd9ecba19-8883-4a8e-8d00-ca2e8a23f833',
  'Engage in debate and dissent',
  true,
  NOW(),
  NOW()
) ON CONFLICT DO NOTHING; -- Skip if the option already exists

-- Create relationship entry for the question to the quiz
INSERT INTO payload.quiz_questions_rels (
  id,
  _parent_id,
  field,
  value,
  created_at,
  updated_at
) VALUES (
  gen_random_uuid(),
  'd9ecba19-8883-4a8e-8d00-ca2e8a23f833',
  'quiz_id',
  '93d78dfe-bcd4-4ee9-9810-8234dd2214e7',
  NOW(),
  NOW()
) ON CONFLICT DO NOTHING; -- Skip if the relationship already exists

-- Create bidirectional relationship entry for the quiz to the question
INSERT INTO payload.course_quizzes_rels (
  id,
  _parent_id,
  field,
  value,
  created_at,
  updated_at
) VALUES (
  gen_random_uuid(),
  '93d78dfe-bcd4-4ee9-9810-8234dd2214e7',
  'questions',
  'd9ecba19-8883-4a8e-8d00-ca2e8a23f833',
  NOW(),
  NOW()
) ON CONFLICT DO NOTHING; -- Skip if the relationship already exists

-- Insert question 2 for quiz: Idea Generation Quiz
INSERT INTO payload.quiz_questions (
  id,
  question,
  quiz_id,
  quiz_id_id, -- Duplicate field for compatibility
  type,
  explanation,
  "order",
  created_at,
  updated_at
) VALUES (
  'fc5a8226-b43e-4577-949e-65f94dbbe716', -- Generated UUID for the question
  'What are our Cardinal Rules of brainstorming?',
  '93d78dfe-bcd4-4ee9-9810-8234dd2214e7', -- Quiz ID
  '93d78dfe-bcd4-4ee9-9810-8234dd2214e7', -- Quiz ID (duplicate)
  'multi-answer',
  '',
  1,
  NOW(),
  NOW()
) ON CONFLICT (id) DO NOTHING; -- Skip if the question already exists

-- Insert option 1 for question 2
INSERT INTO payload.quiz_questions_options (
  id,
  _order,
  _parent_id,
  text,
  is_correct,
  created_at,
  updated_at
) VALUES (
  gen_random_uuid(),
  0,
  'fc5a8226-b43e-4577-949e-65f94dbbe716',
  'Plan your participants',
  true,
  NOW(),
  NOW()
) ON CONFLICT DO NOTHING; -- Skip if the option already exists

-- Insert option 2 for question 2
INSERT INTO payload.quiz_questions_options (
  id,
  _order,
  _parent_id,
  text,
  is_correct,
  created_at,
  updated_at
) VALUES (
  gen_random_uuid(),
  1,
  'fc5a8226-b43e-4577-949e-65f94dbbe716',
  'Focus on ideas',
  true,
  NOW(),
  NOW()
) ON CONFLICT DO NOTHING; -- Skip if the option already exists

-- Insert option 3 for question 2
INSERT INTO payload.quiz_questions_options (
  id,
  _order,
  _parent_id,
  text,
  is_correct,
  created_at,
  updated_at
) VALUES (
  gen_random_uuid(),
  2,
  'fc5a8226-b43e-4577-949e-65f94dbbe716',
  'Structure the session',
  true,
  NOW(),
  NOW()
) ON CONFLICT DO NOTHING; -- Skip if the option already exists

-- Insert option 4 for question 2
INSERT INTO payload.quiz_questions_options (
  id,
  _order,
  _parent_id,
  text,
  is_correct,
  created_at,
  updated_at
) VALUES (
  gen_random_uuid(),
  3,
  'fc5a8226-b43e-4577-949e-65f94dbbe716',
  'Establish rules in advance',
  true,
  NOW(),
  NOW()
) ON CONFLICT DO NOTHING; -- Skip if the option already exists

-- Insert option 5 for question 2
INSERT INTO payload.quiz_questions_options (
  id,
  _order,
  _parent_id,
  text,
  is_correct,
  created_at,
  updated_at
) VALUES (
  gen_random_uuid(),
  4,
  'fc5a8226-b43e-4577-949e-65f94dbbe716',
  'Free associate',
  false,
  NOW(),
  NOW()
) ON CONFLICT DO NOTHING; -- Skip if the option already exists

-- Insert option 6 for question 2
INSERT INTO payload.quiz_questions_options (
  id,
  _order,
  _parent_id,
  text,
  is_correct,
  created_at,
  updated_at
) VALUES (
  gen_random_uuid(),
  5,
  'fc5a8226-b43e-4577-949e-65f94dbbe716',
  'Only invite the single people',
  false,
  NOW(),
  NOW()
) ON CONFLICT DO NOTHING; -- Skip if the option already exists

-- Insert option 7 for question 2
INSERT INTO payload.quiz_questions_options (
  id,
  _order,
  _parent_id,
  text,
  is_correct,
  created_at,
  updated_at
) VALUES (
  gen_random_uuid(),
  6,
  'fc5a8226-b43e-4577-949e-65f94dbbe716',
  'Focus on having fun',
  false,
  NOW(),
  NOW()
) ON CONFLICT DO NOTHING; -- Skip if the option already exists

-- Insert option 8 for question 2
INSERT INTO payload.quiz_questions_options (
  id,
  _order,
  _parent_id,
  text,
  is_correct,
  created_at,
  updated_at
) VALUES (
  gen_random_uuid(),
  7,
  'fc5a8226-b43e-4577-949e-65f94dbbe716',
  'Eat, drink, and be merry',
  false,
  NOW(),
  NOW()
) ON CONFLICT DO NOTHING; -- Skip if the option already exists

-- Insert option 9 for question 2
INSERT INTO payload.quiz_questions_options (
  id,
  _order,
  _parent_id,
  text,
  is_correct,
  created_at,
  updated_at
) VALUES (
  gen_random_uuid(),
  8,
  'fc5a8226-b43e-4577-949e-65f94dbbe716',
  'Conduct sessions on a Friday',
  false,
  NOW(),
  NOW()
) ON CONFLICT DO NOTHING; -- Skip if the option already exists

-- Create relationship entry for the question to the quiz
INSERT INTO payload.quiz_questions_rels (
  id,
  _parent_id,
  field,
  value,
  created_at,
  updated_at
) VALUES (
  gen_random_uuid(),
  'fc5a8226-b43e-4577-949e-65f94dbbe716',
  'quiz_id',
  '93d78dfe-bcd4-4ee9-9810-8234dd2214e7',
  NOW(),
  NOW()
) ON CONFLICT DO NOTHING; -- Skip if the relationship already exists

-- Create bidirectional relationship entry for the quiz to the question
INSERT INTO payload.course_quizzes_rels (
  id,
  _parent_id,
  field,
  value,
  created_at,
  updated_at
) VALUES (
  gen_random_uuid(),
  '93d78dfe-bcd4-4ee9-9810-8234dd2214e7',
  'questions',
  'fc5a8226-b43e-4577-949e-65f94dbbe716',
  NOW(),
  NOW()
) ON CONFLICT DO NOTHING; -- Skip if the relationship already exists

-- Insert question 3 for quiz: Idea Generation Quiz
INSERT INTO payload.quiz_questions (
  id,
  question,
  quiz_id,
  quiz_id_id, -- Duplicate field for compatibility
  type,
  explanation,
  "order",
  created_at,
  updated_at
) VALUES (
  'fd1fde7f-fd33-4c3b-9e4f-3b66d085b67c', -- Generated UUID for the question
  'What was the golden rule talked about in this lesson?',
  '93d78dfe-bcd4-4ee9-9810-8234dd2214e7', -- Quiz ID
  '93d78dfe-bcd4-4ee9-9810-8234dd2214e7', -- Quiz ID (duplicate)
  'single-answer',
  '',
  2,
  NOW(),
  NOW()
) ON CONFLICT (id) DO NOTHING; -- Skip if the question already exists

-- Insert option 1 for question 3
INSERT INTO payload.quiz_questions_options (
  id,
  _order,
  _parent_id,
  text,
  is_correct,
  created_at,
  updated_at
) VALUES (
  gen_random_uuid(),
  0,
  'fd1fde7f-fd33-4c3b-9e4f-3b66d085b67c',
  'Facts known by the audience go in the Introduction',
  false,
  NOW(),
  NOW()
) ON CONFLICT DO NOTHING; -- Skip if the option already exists

-- Insert option 2 for question 3
INSERT INTO payload.quiz_questions_options (
  id,
  _order,
  _parent_id,
  text,
  is_correct,
  created_at,
  updated_at
) VALUES (
  gen_random_uuid(),
  1,
  'fd1fde7f-fd33-4c3b-9e4f-3b66d085b67c',
  'We are creating our presentation to answer a question in the mind of our audience',
  false,
  NOW(),
  NOW()
) ON CONFLICT DO NOTHING; -- Skip if the option already exists

-- Insert option 3 for question 3
INSERT INTO payload.quiz_questions_options (
  id,
  _order,
  _parent_id,
  text,
  is_correct,
  created_at,
  updated_at
) VALUES (
  gen_random_uuid(),
  2,
  'fd1fde7f-fd33-4c3b-9e4f-3b66d085b67c',
  'Our audience is the hero',
  false,
  NOW(),
  NOW()
) ON CONFLICT DO NOTHING; -- Skip if the option already exists

-- Insert option 4 for question 3
INSERT INTO payload.quiz_questions_options (
  id,
  _order,
  _parent_id,
  text,
  is_correct,
  created_at,
  updated_at
) VALUES (
  gen_random_uuid(),
  3,
  'fd1fde7f-fd33-4c3b-9e4f-3b66d085b67c',
  'Our objective is to compel our audience to do something',
  false,
  NOW(),
  NOW()
) ON CONFLICT DO NOTHING; -- Skip if the option already exists

-- Insert option 5 for question 3
INSERT INTO payload.quiz_questions_options (
  id,
  _order,
  _parent_id,
  text,
  is_correct,
  created_at,
  updated_at
) VALUES (
  gen_random_uuid(),
  4,
  'fd1fde7f-fd33-4c3b-9e4f-3b66d085b67c',
  'Follow a process',
  false,
  NOW(),
  NOW()
) ON CONFLICT DO NOTHING; -- Skip if the option already exists

-- Insert option 6 for question 3
INSERT INTO payload.quiz_questions_options (
  id,
  _order,
  _parent_id,
  text,
  is_correct,
  created_at,
  updated_at
) VALUES (
  gen_random_uuid(),
  5,
  'fd1fde7f-fd33-4c3b-9e4f-3b66d085b67c',
  'Create ideas first, slides second',
  true,
  NOW(),
  NOW()
) ON CONFLICT DO NOTHING; -- Skip if the option already exists

-- Create relationship entry for the question to the quiz
INSERT INTO payload.quiz_questions_rels (
  id,
  _parent_id,
  field,
  value,
  created_at,
  updated_at
) VALUES (
  gen_random_uuid(),
  'fd1fde7f-fd33-4c3b-9e4f-3b66d085b67c',
  'quiz_id',
  '93d78dfe-bcd4-4ee9-9810-8234dd2214e7',
  NOW(),
  NOW()
) ON CONFLICT DO NOTHING; -- Skip if the relationship already exists

-- Create bidirectional relationship entry for the quiz to the question
INSERT INTO payload.course_quizzes_rels (
  id,
  _parent_id,
  field,
  value,
  created_at,
  updated_at
) VALUES (
  gen_random_uuid(),
  '93d78dfe-bcd4-4ee9-9810-8234dd2214e7',
  'questions',
  'fd1fde7f-fd33-4c3b-9e4f-3b66d085b67c',
  NOW(),
  NOW()
) ON CONFLICT DO NOTHING; -- Skip if the relationship already exists

-- Questions for quiz: The Why (Introductions) Quiz (introductions-quiz, ID: ba6c5f5e-2c08-41ef-bde1-f4adad2b1021)
-- Insert question 1 for quiz: The Why (Introductions) Quiz
INSERT INTO payload.quiz_questions (
  id,
  question,
  quiz_id,
  quiz_id_id, -- Duplicate field for compatibility
  type,
  explanation,
  "order",
  created_at,
  updated_at
) VALUES (
  '7e18c214-62ec-4617-bbaf-2478e0de142c', -- Generated UUID for the question
  'Hypothetical example: We are in the finance department and are giving an update. What is the best way for us to frame our presentation?',
  'ba6c5f5e-2c08-41ef-bde1-f4adad2b1021', -- Quiz ID
  'ba6c5f5e-2c08-41ef-bde1-f4adad2b1021', -- Quiz ID (duplicate)
  'single-answer',
  '',
  0,
  NOW(),
  NOW()
) ON CONFLICT (id) DO NOTHING; -- Skip if the question already exists

-- Insert option 1 for question 1
INSERT INTO payload.quiz_questions_options (
  id,
  _order,
  _parent_id,
  text,
  is_correct,
  created_at,
  updated_at
) VALUES (
  gen_random_uuid(),
  0,
  '7e18c214-62ec-4617-bbaf-2478e0de142c',
  'Finance update',
  false,
  NOW(),
  NOW()
) ON CONFLICT DO NOTHING; -- Skip if the option already exists

-- Insert option 2 for question 1
INSERT INTO payload.quiz_questions_options (
  id,
  _order,
  _parent_id,
  text,
  is_correct,
  created_at,
  updated_at
) VALUES (
  gen_random_uuid(),
  1,
  '7e18c214-62ec-4617-bbaf-2478e0de142c',
  'Cost cutting recommendations',
  false,
  NOW(),
  NOW()
) ON CONFLICT DO NOTHING; -- Skip if the option already exists

-- Insert option 3 for question 1
INSERT INTO payload.quiz_questions_options (
  id,
  _order,
  _parent_id,
  text,
  is_correct,
  created_at,
  updated_at
) VALUES (
  gen_random_uuid(),
  2,
  '7e18c214-62ec-4617-bbaf-2478e0de142c',
  'Quarterly review',
  false,
  NOW(),
  NOW()
) ON CONFLICT DO NOTHING; -- Skip if the option already exists

-- Insert option 4 for question 1
INSERT INTO payload.quiz_questions_options (
  id,
  _order,
  _parent_id,
  text,
  is_correct,
  created_at,
  updated_at
) VALUES (
  gen_random_uuid(),
  3,
  '7e18c214-62ec-4617-bbaf-2478e0de142c',
  'How did we perform last quarter, and what do we need to do differently?',
  true,
  NOW(),
  NOW()
) ON CONFLICT DO NOTHING; -- Skip if the option already exists

-- Create relationship entry for the question to the quiz
INSERT INTO payload.quiz_questions_rels (
  id,
  _parent_id,
  field,
  value,
  created_at,
  updated_at
) VALUES (
  gen_random_uuid(),
  '7e18c214-62ec-4617-bbaf-2478e0de142c',
  'quiz_id',
  'ba6c5f5e-2c08-41ef-bde1-f4adad2b1021',
  NOW(),
  NOW()
) ON CONFLICT DO NOTHING; -- Skip if the relationship already exists

-- Create bidirectional relationship entry for the quiz to the question
INSERT INTO payload.course_quizzes_rels (
  id,
  _parent_id,
  field,
  value,
  created_at,
  updated_at
) VALUES (
  gen_random_uuid(),
  'ba6c5f5e-2c08-41ef-bde1-f4adad2b1021',
  'questions',
  '7e18c214-62ec-4617-bbaf-2478e0de142c',
  NOW(),
  NOW()
) ON CONFLICT DO NOTHING; -- Skip if the relationship already exists

-- Insert question 2 for quiz: The Why (Introductions) Quiz
INSERT INTO payload.quiz_questions (
  id,
  question,
  quiz_id,
  quiz_id_id, -- Duplicate field for compatibility
  type,
  explanation,
  "order",
  created_at,
  updated_at
) VALUES (
  '02c0d3db-e609-4e73-9605-b5f836a822ca', -- Generated UUID for the question
  'Why are we creating our presentation?',
  'ba6c5f5e-2c08-41ef-bde1-f4adad2b1021', -- Quiz ID
  'ba6c5f5e-2c08-41ef-bde1-f4adad2b1021', -- Quiz ID (duplicate)
  'single-answer',
  '',
  1,
  NOW(),
  NOW()
) ON CONFLICT (id) DO NOTHING; -- Skip if the question already exists

-- Insert option 1 for question 2
INSERT INTO payload.quiz_questions_options (
  id,
  _order,
  _parent_id,
  text,
  is_correct,
  created_at,
  updated_at
) VALUES (
  gen_random_uuid(),
  0,
  '02c0d3db-e609-4e73-9605-b5f836a822ca',
  'To sell our product to a customer',
  false,
  NOW(),
  NOW()
) ON CONFLICT DO NOTHING; -- Skip if the option already exists

-- Insert option 2 for question 2
INSERT INTO payload.quiz_questions_options (
  id,
  _order,
  _parent_id,
  text,
  is_correct,
  created_at,
  updated_at
) VALUES (
  gen_random_uuid(),
  1,
  '02c0d3db-e609-4e73-9605-b5f836a822ca',
  'To answer a question in the mind of our audience',
  true,
  NOW(),
  NOW()
) ON CONFLICT DO NOTHING; -- Skip if the option already exists

-- Insert option 3 for question 2
INSERT INTO payload.quiz_questions_options (
  id,
  _order,
  _parent_id,
  text,
  is_correct,
  created_at,
  updated_at
) VALUES (
  gen_random_uuid(),
  2,
  '02c0d3db-e609-4e73-9605-b5f836a822ca',
  'To practice our PowerPoint skills',
  false,
  NOW(),
  NOW()
) ON CONFLICT DO NOTHING; -- Skip if the option already exists

-- Insert option 4 for question 2
INSERT INTO payload.quiz_questions_options (
  id,
  _order,
  _parent_id,
  text,
  is_correct,
  created_at,
  updated_at
) VALUES (
  gen_random_uuid(),
  3,
  '02c0d3db-e609-4e73-9605-b5f836a822ca',
  'To raise money for our start-up',
  false,
  NOW(),
  NOW()
) ON CONFLICT DO NOTHING; -- Skip if the option already exists

-- Insert option 5 for question 2
INSERT INTO payload.quiz_questions_options (
  id,
  _order,
  _parent_id,
  text,
  is_correct,
  created_at,
  updated_at
) VALUES (
  gen_random_uuid(),
  4,
  '02c0d3db-e609-4e73-9605-b5f836a822ca',
  'Becuase we have been asked to by our boss',
  false,
  NOW(),
  NOW()
) ON CONFLICT DO NOTHING; -- Skip if the option already exists

-- Create relationship entry for the question to the quiz
INSERT INTO payload.quiz_questions_rels (
  id,
  _parent_id,
  field,
  value,
  created_at,
  updated_at
) VALUES (
  gen_random_uuid(),
  '02c0d3db-e609-4e73-9605-b5f836a822ca',
  'quiz_id',
  'ba6c5f5e-2c08-41ef-bde1-f4adad2b1021',
  NOW(),
  NOW()
) ON CONFLICT DO NOTHING; -- Skip if the relationship already exists

-- Create bidirectional relationship entry for the quiz to the question
INSERT INTO payload.course_quizzes_rels (
  id,
  _parent_id,
  field,
  value,
  created_at,
  updated_at
) VALUES (
  gen_random_uuid(),
  'ba6c5f5e-2c08-41ef-bde1-f4adad2b1021',
  'questions',
  '02c0d3db-e609-4e73-9605-b5f836a822ca',
  NOW(),
  NOW()
) ON CONFLICT DO NOTHING; -- Skip if the relationship already exists

-- Insert question 3 for quiz: The Why (Introductions) Quiz
INSERT INTO payload.quiz_questions (
  id,
  question,
  quiz_id,
  quiz_id_id, -- Duplicate field for compatibility
  type,
  explanation,
  "order",
  created_at,
  updated_at
) VALUES (
  'e3a41add-c535-4f79-b28a-cc32c752eb39', -- Generated UUID for the question
  'What are they four parts to our introduction?',
  'ba6c5f5e-2c08-41ef-bde1-f4adad2b1021', -- Quiz ID
  'ba6c5f5e-2c08-41ef-bde1-f4adad2b1021', -- Quiz ID (duplicate)
  'multi-answer',
  '',
  2,
  NOW(),
  NOW()
) ON CONFLICT (id) DO NOTHING; -- Skip if the question already exists

-- Insert option 1 for question 3
INSERT INTO payload.quiz_questions_options (
  id,
  _order,
  _parent_id,
  text,
  is_correct,
  created_at,
  updated_at
) VALUES (
  gen_random_uuid(),
  0,
  'e3a41add-c535-4f79-b28a-cc32c752eb39',
  'Context',
  true,
  NOW(),
  NOW()
) ON CONFLICT DO NOTHING; -- Skip if the option already exists

-- Insert option 2 for question 3
INSERT INTO payload.quiz_questions_options (
  id,
  _order,
  _parent_id,
  text,
  is_correct,
  created_at,
  updated_at
) VALUES (
  gen_random_uuid(),
  1,
  'e3a41add-c535-4f79-b28a-cc32c752eb39',
  'Catalyst',
  true,
  NOW(),
  NOW()
) ON CONFLICT DO NOTHING; -- Skip if the option already exists

-- Insert option 3 for question 3
INSERT INTO payload.quiz_questions_options (
  id,
  _order,
  _parent_id,
  text,
  is_correct,
  created_at,
  updated_at
) VALUES (
  gen_random_uuid(),
  2,
  'e3a41add-c535-4f79-b28a-cc32c752eb39',
  'Beginning',
  false,
  NOW(),
  NOW()
) ON CONFLICT DO NOTHING; -- Skip if the option already exists

-- Insert option 4 for question 3
INSERT INTO payload.quiz_questions_options (
  id,
  _order,
  _parent_id,
  text,
  is_correct,
  created_at,
  updated_at
) VALUES (
  gen_random_uuid(),
  3,
  'e3a41add-c535-4f79-b28a-cc32c752eb39',
  'End',
  false,
  NOW(),
  NOW()
) ON CONFLICT DO NOTHING; -- Skip if the option already exists

-- Insert option 5 for question 3
INSERT INTO payload.quiz_questions_options (
  id,
  _order,
  _parent_id,
  text,
  is_correct,
  created_at,
  updated_at
) VALUES (
  gen_random_uuid(),
  4,
  'e3a41add-c535-4f79-b28a-cc32c752eb39',
  'Middle',
  false,
  NOW(),
  NOW()
) ON CONFLICT DO NOTHING; -- Skip if the option already exists

-- Insert option 6 for question 3
INSERT INTO payload.quiz_questions_options (
  id,
  _order,
  _parent_id,
  text,
  is_correct,
  created_at,
  updated_at
) VALUES (
  gen_random_uuid(),
  5,
  'e3a41add-c535-4f79-b28a-cc32c752eb39',
  'The Why',
  false,
  NOW(),
  NOW()
) ON CONFLICT DO NOTHING; -- Skip if the option already exists

-- Insert option 7 for question 3
INSERT INTO payload.quiz_questions_options (
  id,
  _order,
  _parent_id,
  text,
  is_correct,
  created_at,
  updated_at
) VALUES (
  gen_random_uuid(),
  6,
  'e3a41add-c535-4f79-b28a-cc32c752eb39',
  'Answer',
  true,
  NOW(),
  NOW()
) ON CONFLICT DO NOTHING; -- Skip if the option already exists

-- Insert option 8 for question 3
INSERT INTO payload.quiz_questions_options (
  id,
  _order,
  _parent_id,
  text,
  is_correct,
  created_at,
  updated_at
) VALUES (
  gen_random_uuid(),
  7,
  'e3a41add-c535-4f79-b28a-cc32c752eb39',
  'Question',
  true,
  NOW(),
  NOW()
) ON CONFLICT DO NOTHING; -- Skip if the option already exists

-- Create relationship entry for the question to the quiz
INSERT INTO payload.quiz_questions_rels (
  id,
  _parent_id,
  field,
  value,
  created_at,
  updated_at
) VALUES (
  gen_random_uuid(),
  'e3a41add-c535-4f79-b28a-cc32c752eb39',
  'quiz_id',
  'ba6c5f5e-2c08-41ef-bde1-f4adad2b1021',
  NOW(),
  NOW()
) ON CONFLICT DO NOTHING; -- Skip if the relationship already exists

-- Create bidirectional relationship entry for the quiz to the question
INSERT INTO payload.course_quizzes_rels (
  id,
  _parent_id,
  field,
  value,
  created_at,
  updated_at
) VALUES (
  gen_random_uuid(),
  'ba6c5f5e-2c08-41ef-bde1-f4adad2b1021',
  'questions',
  'e3a41add-c535-4f79-b28a-cc32c752eb39',
  NOW(),
  NOW()
) ON CONFLICT DO NOTHING; -- Skip if the relationship already exists

-- Insert question 4 for quiz: The Why (Introductions) Quiz
INSERT INTO payload.quiz_questions (
  id,
  question,
  quiz_id,
  quiz_id_id, -- Duplicate field for compatibility
  type,
  explanation,
  "order",
  created_at,
  updated_at
) VALUES (
  '06b02841-907c-4850-b680-faa6ed8dc670', -- Generated UUID for the question
  'What is the Context part of the Introduction?',
  'ba6c5f5e-2c08-41ef-bde1-f4adad2b1021', -- Quiz ID
  'ba6c5f5e-2c08-41ef-bde1-f4adad2b1021', -- Quiz ID (duplicate)
  'single-answer',
  '',
  3,
  NOW(),
  NOW()
) ON CONFLICT (id) DO NOTHING; -- Skip if the question already exists

-- Insert option 1 for question 4
INSERT INTO payload.quiz_questions_options (
  id,
  _order,
  _parent_id,
  text,
  is_correct,
  created_at,
  updated_at
) VALUES (
  gen_random_uuid(),
  0,
  '06b02841-907c-4850-b680-faa6ed8dc670',
  'The objective of the presentation',
  false,
  NOW(),
  NOW()
) ON CONFLICT DO NOTHING; -- Skip if the option already exists

-- Insert option 2 for question 4
INSERT INTO payload.quiz_questions_options (
  id,
  _order,
  _parent_id,
  text,
  is_correct,
  created_at,
  updated_at
) VALUES (
  gen_random_uuid(),
  1,
  '06b02841-907c-4850-b680-faa6ed8dc670',
  'The background to the presentation that includes facts already known to your audience',
  true,
  NOW(),
  NOW()
) ON CONFLICT DO NOTHING; -- Skip if the option already exists

-- Insert option 3 for question 4
INSERT INTO payload.quiz_questions_options (
  id,
  _order,
  _parent_id,
  text,
  is_correct,
  created_at,
  updated_at
) VALUES (
  gen_random_uuid(),
  2,
  '06b02841-907c-4850-b680-faa6ed8dc670',
  'The answer to the question',
  false,
  NOW(),
  NOW()
) ON CONFLICT DO NOTHING; -- Skip if the option already exists

-- Create relationship entry for the question to the quiz
INSERT INTO payload.quiz_questions_rels (
  id,
  _parent_id,
  field,
  value,
  created_at,
  updated_at
) VALUES (
  gen_random_uuid(),
  '06b02841-907c-4850-b680-faa6ed8dc670',
  'quiz_id',
  'ba6c5f5e-2c08-41ef-bde1-f4adad2b1021',
  NOW(),
  NOW()
) ON CONFLICT DO NOTHING; -- Skip if the relationship already exists

-- Create bidirectional relationship entry for the quiz to the question
INSERT INTO payload.course_quizzes_rels (
  id,
  _parent_id,
  field,
  value,
  created_at,
  updated_at
) VALUES (
  gen_random_uuid(),
  'ba6c5f5e-2c08-41ef-bde1-f4adad2b1021',
  'questions',
  '06b02841-907c-4850-b680-faa6ed8dc670',
  NOW(),
  NOW()
) ON CONFLICT DO NOTHING; -- Skip if the relationship already exists

-- Insert question 5 for quiz: The Why (Introductions) Quiz
INSERT INTO payload.quiz_questions (
  id,
  question,
  quiz_id,
  quiz_id_id, -- Duplicate field for compatibility
  type,
  explanation,
  "order",
  created_at,
  updated_at
) VALUES (
  '5417cc56-5698-4b2f-9303-eadd3c182719', -- Generated UUID for the question
  'What is the Catalyst portion of the Introduction?',
  'ba6c5f5e-2c08-41ef-bde1-f4adad2b1021', -- Quiz ID
  'ba6c5f5e-2c08-41ef-bde1-f4adad2b1021', -- Quiz ID (duplicate)
  'multi-answer',
  '',
  4,
  NOW(),
  NOW()
) ON CONFLICT (id) DO NOTHING; -- Skip if the question already exists

-- Insert option 1 for question 5
INSERT INTO payload.quiz_questions_options (
  id,
  _order,
  _parent_id,
  text,
  is_correct,
  created_at,
  updated_at
) VALUES (
  gen_random_uuid(),
  0,
  '5417cc56-5698-4b2f-9303-eadd3c182719',
  'An event or trigger, sometimes referred to as the complication',
  true,
  NOW(),
  NOW()
) ON CONFLICT DO NOTHING; -- Skip if the option already exists

-- Insert option 2 for question 5
INSERT INTO payload.quiz_questions_options (
  id,
  _order,
  _parent_id,
  text,
  is_correct,
  created_at,
  updated_at
) VALUES (
  gen_random_uuid(),
  1,
  '5417cc56-5698-4b2f-9303-eadd3c182719',
  'The techniques that speed-up the development of a presentation',
  false,
  NOW(),
  NOW()
) ON CONFLICT DO NOTHING; -- Skip if the option already exists

-- Insert option 3 for question 5
INSERT INTO payload.quiz_questions_options (
  id,
  _order,
  _parent_id,
  text,
  is_correct,
  created_at,
  updated_at
) VALUES (
  gen_random_uuid(),
  2,
  '5417cc56-5698-4b2f-9303-eadd3c182719',
  'A leading presentation development platform',
  false,
  NOW(),
  NOW()
) ON CONFLICT DO NOTHING; -- Skip if the option already exists

-- Insert option 4 for question 5
INSERT INTO payload.quiz_questions_options (
  id,
  _order,
  _parent_id,
  text,
  is_correct,
  created_at,
  updated_at
) VALUES (
  gen_random_uuid(),
  3,
  '5417cc56-5698-4b2f-9303-eadd3c182719',
  'What happened or changed that created the need for you to write this presentation',
  true,
  NOW(),
  NOW()
) ON CONFLICT DO NOTHING; -- Skip if the option already exists

-- Create relationship entry for the question to the quiz
INSERT INTO payload.quiz_questions_rels (
  id,
  _parent_id,
  field,
  value,
  created_at,
  updated_at
) VALUES (
  gen_random_uuid(),
  '5417cc56-5698-4b2f-9303-eadd3c182719',
  'quiz_id',
  'ba6c5f5e-2c08-41ef-bde1-f4adad2b1021',
  NOW(),
  NOW()
) ON CONFLICT DO NOTHING; -- Skip if the relationship already exists

-- Create bidirectional relationship entry for the quiz to the question
INSERT INTO payload.course_quizzes_rels (
  id,
  _parent_id,
  field,
  value,
  created_at,
  updated_at
) VALUES (
  gen_random_uuid(),
  'ba6c5f5e-2c08-41ef-bde1-f4adad2b1021',
  'questions',
  '5417cc56-5698-4b2f-9303-eadd3c182719',
  NOW(),
  NOW()
) ON CONFLICT DO NOTHING; -- Skip if the relationship already exists

-- Insert question 6 for quiz: The Why (Introductions) Quiz
INSERT INTO payload.quiz_questions (
  id,
  question,
  quiz_id,
  quiz_id_id, -- Duplicate field for compatibility
  type,
  explanation,
  "order",
  created_at,
  updated_at
) VALUES (
  '494eb488-16e3-4cb7-a1e7-0f985697a1d6', -- Generated UUID for the question
  'What is the Question portion of the Introduction?',
  'ba6c5f5e-2c08-41ef-bde1-f4adad2b1021', -- Quiz ID
  'ba6c5f5e-2c08-41ef-bde1-f4adad2b1021', -- Quiz ID (duplicate)
  'multi-answer',
  '',
  5,
  NOW(),
  NOW()
) ON CONFLICT (id) DO NOTHING; -- Skip if the question already exists

-- Insert option 1 for question 6
INSERT INTO payload.quiz_questions_options (
  id,
  _order,
  _parent_id,
  text,
  is_correct,
  created_at,
  updated_at
) VALUES (
  gen_random_uuid(),
  0,
  '494eb488-16e3-4cb7-a1e7-0f985697a1d6',
  'What we are trying to plant in the mind of the audience with the context and catalyst portions of the Introduction',
  true,
  NOW(),
  NOW()
) ON CONFLICT DO NOTHING; -- Skip if the option already exists

-- Insert option 2 for question 6
INSERT INTO payload.quiz_questions_options (
  id,
  _order,
  _parent_id,
  text,
  is_correct,
  created_at,
  updated_at
) VALUES (
  gen_random_uuid(),
  1,
  '494eb488-16e3-4cb7-a1e7-0f985697a1d6',
  'The natural question that arises in the mind of the audience',
  true,
  NOW(),
  NOW()
) ON CONFLICT DO NOTHING; -- Skip if the option already exists

-- Insert option 3 for question 6
INSERT INTO payload.quiz_questions_options (
  id,
  _order,
  _parent_id,
  text,
  is_correct,
  created_at,
  updated_at
) VALUES (
  gen_random_uuid(),
  2,
  '494eb488-16e3-4cb7-a1e7-0f985697a1d6',
  'The ''topic'' of the presentation',
  true,
  NOW(),
  NOW()
) ON CONFLICT DO NOTHING; -- Skip if the option already exists

-- Create relationship entry for the question to the quiz
INSERT INTO payload.quiz_questions_rels (
  id,
  _parent_id,
  field,
  value,
  created_at,
  updated_at
) VALUES (
  gen_random_uuid(),
  '494eb488-16e3-4cb7-a1e7-0f985697a1d6',
  'quiz_id',
  'ba6c5f5e-2c08-41ef-bde1-f4adad2b1021',
  NOW(),
  NOW()
) ON CONFLICT DO NOTHING; -- Skip if the relationship already exists

-- Create bidirectional relationship entry for the quiz to the question
INSERT INTO payload.course_quizzes_rels (
  id,
  _parent_id,
  field,
  value,
  created_at,
  updated_at
) VALUES (
  gen_random_uuid(),
  'ba6c5f5e-2c08-41ef-bde1-f4adad2b1021',
  'questions',
  '494eb488-16e3-4cb7-a1e7-0f985697a1d6',
  NOW(),
  NOW()
) ON CONFLICT DO NOTHING; -- Skip if the relationship already exists

-- Questions for quiz: Our Process Quiz (our-process-quiz, ID: 029e4825-a9f5-4038-898c-74fbd47d5a1e)
-- Insert question 1 for quiz: Our Process Quiz
INSERT INTO payload.quiz_questions (
  id,
  question,
  quiz_id,
  quiz_id_id, -- Duplicate field for compatibility
  type,
  explanation,
  "order",
  created_at,
  updated_at
) VALUES (
  '2143c9a2-e451-432d-8f02-a10eb9e55c4d', -- Generated UUID for the question
  'Why is it important to follow a process to develop a presentation?',
  '029e4825-a9f5-4038-898c-74fbd47d5a1e', -- Quiz ID
  '029e4825-a9f5-4038-898c-74fbd47d5a1e', -- Quiz ID (duplicate)
  'single-answer',
  '',
  0,
  NOW(),
  NOW()
) ON CONFLICT (id) DO NOTHING; -- Skip if the question already exists

-- Insert option 1 for question 1
INSERT INTO payload.quiz_questions_options (
  id,
  _order,
  _parent_id,
  text,
  is_correct,
  created_at,
  updated_at
) VALUES (
  gen_random_uuid(),
  0,
  '2143c9a2-e451-432d-8f02-a10eb9e55c4d',
  'If you are really good, you don''t need to follow a process!',
  false,
  NOW(),
  NOW()
) ON CONFLICT DO NOTHING; -- Skip if the option already exists

-- Insert option 2 for question 1
INSERT INTO payload.quiz_questions_options (
  id,
  _order,
  _parent_id,
  text,
  is_correct,
  created_at,
  updated_at
) VALUES (
  gen_random_uuid(),
  1,
  '2143c9a2-e451-432d-8f02-a10eb9e55c4d',
  'Because creating presentations is all about left brain thinking',
  false,
  NOW(),
  NOW()
) ON CONFLICT DO NOTHING; -- Skip if the option already exists

-- Insert option 3 for question 1
INSERT INTO payload.quiz_questions_options (
  id,
  _order,
  _parent_id,
  text,
  is_correct,
  created_at,
  updated_at
) VALUES (
  gen_random_uuid(),
  2,
  '2143c9a2-e451-432d-8f02-a10eb9e55c4d',
  'Because there is not such thing as creativity',
  false,
  NOW(),
  NOW()
) ON CONFLICT DO NOTHING; -- Skip if the option already exists

-- Insert option 4 for question 1
INSERT INTO payload.quiz_questions_options (
  id,
  _order,
  _parent_id,
  text,
  is_correct,
  created_at,
  updated_at
) VALUES (
  gen_random_uuid(),
  3,
  '2143c9a2-e451-432d-8f02-a10eb9e55c4d',
  'Because it is very easy to focus on the wrong thing, and be led astray',
  true,
  NOW(),
  NOW()
) ON CONFLICT DO NOTHING; -- Skip if the option already exists

-- Create relationship entry for the question to the quiz
INSERT INTO payload.quiz_questions_rels (
  id,
  _parent_id,
  field,
  value,
  created_at,
  updated_at
) VALUES (
  gen_random_uuid(),
  '2143c9a2-e451-432d-8f02-a10eb9e55c4d',
  'quiz_id',
  '029e4825-a9f5-4038-898c-74fbd47d5a1e',
  NOW(),
  NOW()
) ON CONFLICT DO NOTHING; -- Skip if the relationship already exists

-- Create bidirectional relationship entry for the quiz to the question
INSERT INTO payload.course_quizzes_rels (
  id,
  _parent_id,
  field,
  value,
  created_at,
  updated_at
) VALUES (
  gen_random_uuid(),
  '029e4825-a9f5-4038-898c-74fbd47d5a1e',
  'questions',
  '2143c9a2-e451-432d-8f02-a10eb9e55c4d',
  NOW(),
  NOW()
) ON CONFLICT DO NOTHING; -- Skip if the relationship already exists

-- Insert question 2 for quiz: Our Process Quiz
INSERT INTO payload.quiz_questions (
  id,
  question,
  quiz_id,
  quiz_id_id, -- Duplicate field for compatibility
  type,
  explanation,
  "order",
  created_at,
  updated_at
) VALUES (
  '351693a1-ce50-41c6-b1c1-404667c20253', -- Generated UUID for the question
  'What is the 1st step of our process?',
  '029e4825-a9f5-4038-898c-74fbd47d5a1e', -- Quiz ID
  '029e4825-a9f5-4038-898c-74fbd47d5a1e', -- Quiz ID (duplicate)
  'single-answer',
  '',
  1,
  NOW(),
  NOW()
) ON CONFLICT (id) DO NOTHING; -- Skip if the question already exists

-- Insert option 1 for question 2
INSERT INTO payload.quiz_questions_options (
  id,
  _order,
  _parent_id,
  text,
  is_correct,
  created_at,
  updated_at
) VALUES (
  gen_random_uuid(),
  0,
  '351693a1-ce50-41c6-b1c1-404667c20253',
  'Who is our audience?',
  true,
  NOW(),
  NOW()
) ON CONFLICT DO NOTHING; -- Skip if the option already exists

-- Insert option 2 for question 2
INSERT INTO payload.quiz_questions_options (
  id,
  _order,
  _parent_id,
  text,
  is_correct,
  created_at,
  updated_at
) VALUES (
  gen_random_uuid(),
  1,
  '351693a1-ce50-41c6-b1c1-404667c20253',
  'Why are we speaking to our audience (identify their question)?',
  false,
  NOW(),
  NOW()
) ON CONFLICT DO NOTHING; -- Skip if the option already exists

-- Insert option 3 for question 2
INSERT INTO payload.quiz_questions_options (
  id,
  _order,
  _parent_id,
  text,
  is_correct,
  created_at,
  updated_at
) VALUES (
  gen_random_uuid(),
  2,
  '351693a1-ce50-41c6-b1c1-404667c20253',
  'What is our answer?',
  false,
  NOW(),
  NOW()
) ON CONFLICT DO NOTHING; -- Skip if the option already exists

-- Insert option 4 for question 2
INSERT INTO payload.quiz_questions_options (
  id,
  _order,
  _parent_id,
  text,
  is_correct,
  created_at,
  updated_at
) VALUES (
  gen_random_uuid(),
  3,
  '351693a1-ce50-41c6-b1c1-404667c20253',
  'How will we deliver this presentation?',
  false,
  NOW(),
  NOW()
) ON CONFLICT DO NOTHING; -- Skip if the option already exists

-- Create relationship entry for the question to the quiz
INSERT INTO payload.quiz_questions_rels (
  id,
  _parent_id,
  field,
  value,
  created_at,
  updated_at
) VALUES (
  gen_random_uuid(),
  '351693a1-ce50-41c6-b1c1-404667c20253',
  'quiz_id',
  '029e4825-a9f5-4038-898c-74fbd47d5a1e',
  NOW(),
  NOW()
) ON CONFLICT DO NOTHING; -- Skip if the relationship already exists

-- Create bidirectional relationship entry for the quiz to the question
INSERT INTO payload.course_quizzes_rels (
  id,
  _parent_id,
  field,
  value,
  created_at,
  updated_at
) VALUES (
  gen_random_uuid(),
  '029e4825-a9f5-4038-898c-74fbd47d5a1e',
  'questions',
  '351693a1-ce50-41c6-b1c1-404667c20253',
  NOW(),
  NOW()
) ON CONFLICT DO NOTHING; -- Skip if the relationship already exists

-- Insert question 3 for quiz: Our Process Quiz
INSERT INTO payload.quiz_questions (
  id,
  question,
  quiz_id,
  quiz_id_id, -- Duplicate field for compatibility
  type,
  explanation,
  "order",
  created_at,
  updated_at
) VALUES (
  '1e6ef1a2-9941-40b2-907f-3cf3a3b343ce', -- Generated UUID for the question
  'What is the 2nd step of our process?',
  '029e4825-a9f5-4038-898c-74fbd47d5a1e', -- Quiz ID
  '029e4825-a9f5-4038-898c-74fbd47d5a1e', -- Quiz ID (duplicate)
  'single-answer',
  '',
  2,
  NOW(),
  NOW()
) ON CONFLICT (id) DO NOTHING; -- Skip if the question already exists

-- Insert option 1 for question 3
INSERT INTO payload.quiz_questions_options (
  id,
  _order,
  _parent_id,
  text,
  is_correct,
  created_at,
  updated_at
) VALUES (
  gen_random_uuid(),
  0,
  '1e6ef1a2-9941-40b2-907f-3cf3a3b343ce',
  'Who is our audience?',
  false,
  NOW(),
  NOW()
) ON CONFLICT DO NOTHING; -- Skip if the option already exists

-- Insert option 2 for question 3
INSERT INTO payload.quiz_questions_options (
  id,
  _order,
  _parent_id,
  text,
  is_correct,
  created_at,
  updated_at
) VALUES (
  gen_random_uuid(),
  1,
  '1e6ef1a2-9941-40b2-907f-3cf3a3b343ce',
  'Why are we speaking to our audience (identify their question)?',
  true,
  NOW(),
  NOW()
) ON CONFLICT DO NOTHING; -- Skip if the option already exists

-- Insert option 3 for question 3
INSERT INTO payload.quiz_questions_options (
  id,
  _order,
  _parent_id,
  text,
  is_correct,
  created_at,
  updated_at
) VALUES (
  gen_random_uuid(),
  2,
  '1e6ef1a2-9941-40b2-907f-3cf3a3b343ce',
  'What is our answer?',
  false,
  NOW(),
  NOW()
) ON CONFLICT DO NOTHING; -- Skip if the option already exists

-- Insert option 4 for question 3
INSERT INTO payload.quiz_questions_options (
  id,
  _order,
  _parent_id,
  text,
  is_correct,
  created_at,
  updated_at
) VALUES (
  gen_random_uuid(),
  3,
  '1e6ef1a2-9941-40b2-907f-3cf3a3b343ce',
  'How will we deliver this presentation?',
  false,
  NOW(),
  NOW()
) ON CONFLICT DO NOTHING; -- Skip if the option already exists

-- Create relationship entry for the question to the quiz
INSERT INTO payload.quiz_questions_rels (
  id,
  _parent_id,
  field,
  value,
  created_at,
  updated_at
) VALUES (
  gen_random_uuid(),
  '1e6ef1a2-9941-40b2-907f-3cf3a3b343ce',
  'quiz_id',
  '029e4825-a9f5-4038-898c-74fbd47d5a1e',
  NOW(),
  NOW()
) ON CONFLICT DO NOTHING; -- Skip if the relationship already exists

-- Create bidirectional relationship entry for the quiz to the question
INSERT INTO payload.course_quizzes_rels (
  id,
  _parent_id,
  field,
  value,
  created_at,
  updated_at
) VALUES (
  gen_random_uuid(),
  '029e4825-a9f5-4038-898c-74fbd47d5a1e',
  'questions',
  '1e6ef1a2-9941-40b2-907f-3cf3a3b343ce',
  NOW(),
  NOW()
) ON CONFLICT DO NOTHING; -- Skip if the relationship already exists

-- Insert question 4 for quiz: Our Process Quiz
INSERT INTO payload.quiz_questions (
  id,
  question,
  quiz_id,
  quiz_id_id, -- Duplicate field for compatibility
  type,
  explanation,
  "order",
  created_at,
  updated_at
) VALUES (
  '37b3bd37-237c-4199-b5e3-1eeded95bb16', -- Generated UUID for the question
  'What is the 3rd step of our process?',
  '029e4825-a9f5-4038-898c-74fbd47d5a1e', -- Quiz ID
  '029e4825-a9f5-4038-898c-74fbd47d5a1e', -- Quiz ID (duplicate)
  'single-answer',
  '',
  3,
  NOW(),
  NOW()
) ON CONFLICT (id) DO NOTHING; -- Skip if the question already exists

-- Insert option 1 for question 4
INSERT INTO payload.quiz_questions_options (
  id,
  _order,
  _parent_id,
  text,
  is_correct,
  created_at,
  updated_at
) VALUES (
  gen_random_uuid(),
  0,
  '37b3bd37-237c-4199-b5e3-1eeded95bb16',
  'Who is our audience?',
  false,
  NOW(),
  NOW()
) ON CONFLICT DO NOTHING; -- Skip if the option already exists

-- Insert option 2 for question 4
INSERT INTO payload.quiz_questions_options (
  id,
  _order,
  _parent_id,
  text,
  is_correct,
  created_at,
  updated_at
) VALUES (
  gen_random_uuid(),
  1,
  '37b3bd37-237c-4199-b5e3-1eeded95bb16',
  'Why are we speaking to our audience (identify their question)?',
  false,
  NOW(),
  NOW()
) ON CONFLICT DO NOTHING; -- Skip if the option already exists

-- Insert option 3 for question 4
INSERT INTO payload.quiz_questions_options (
  id,
  _order,
  _parent_id,
  text,
  is_correct,
  created_at,
  updated_at
) VALUES (
  gen_random_uuid(),
  2,
  '37b3bd37-237c-4199-b5e3-1eeded95bb16',
  'What is our answer?',
  true,
  NOW(),
  NOW()
) ON CONFLICT DO NOTHING; -- Skip if the option already exists

-- Insert option 4 for question 4
INSERT INTO payload.quiz_questions_options (
  id,
  _order,
  _parent_id,
  text,
  is_correct,
  created_at,
  updated_at
) VALUES (
  gen_random_uuid(),
  3,
  '37b3bd37-237c-4199-b5e3-1eeded95bb16',
  'How will we deliver this presentation?',
  false,
  NOW(),
  NOW()
) ON CONFLICT DO NOTHING; -- Skip if the option already exists

-- Create relationship entry for the question to the quiz
INSERT INTO payload.quiz_questions_rels (
  id,
  _parent_id,
  field,
  value,
  created_at,
  updated_at
) VALUES (
  gen_random_uuid(),
  '37b3bd37-237c-4199-b5e3-1eeded95bb16',
  'quiz_id',
  '029e4825-a9f5-4038-898c-74fbd47d5a1e',
  NOW(),
  NOW()
) ON CONFLICT DO NOTHING; -- Skip if the relationship already exists

-- Create bidirectional relationship entry for the quiz to the question
INSERT INTO payload.course_quizzes_rels (
  id,
  _parent_id,
  field,
  value,
  created_at,
  updated_at
) VALUES (
  gen_random_uuid(),
  '029e4825-a9f5-4038-898c-74fbd47d5a1e',
  'questions',
  '37b3bd37-237c-4199-b5e3-1eeded95bb16',
  NOW(),
  NOW()
) ON CONFLICT DO NOTHING; -- Skip if the relationship already exists

-- Insert question 5 for quiz: Our Process Quiz
INSERT INTO payload.quiz_questions (
  id,
  question,
  quiz_id,
  quiz_id_id, -- Duplicate field for compatibility
  type,
  explanation,
  "order",
  created_at,
  updated_at
) VALUES (
  'a8a4ae9d-c6ad-45b8-9800-565a20b9f595', -- Generated UUID for the question
  'What is the 4th step of our process?',
  '029e4825-a9f5-4038-898c-74fbd47d5a1e', -- Quiz ID
  '029e4825-a9f5-4038-898c-74fbd47d5a1e', -- Quiz ID (duplicate)
  'single-answer',
  '',
  4,
  NOW(),
  NOW()
) ON CONFLICT (id) DO NOTHING; -- Skip if the question already exists

-- Insert option 1 for question 5
INSERT INTO payload.quiz_questions_options (
  id,
  _order,
  _parent_id,
  text,
  is_correct,
  created_at,
  updated_at
) VALUES (
  gen_random_uuid(),
  0,
  'a8a4ae9d-c6ad-45b8-9800-565a20b9f595',
  'Who is our audience?',
  false,
  NOW(),
  NOW()
) ON CONFLICT DO NOTHING; -- Skip if the option already exists

-- Insert option 2 for question 5
INSERT INTO payload.quiz_questions_options (
  id,
  _order,
  _parent_id,
  text,
  is_correct,
  created_at,
  updated_at
) VALUES (
  gen_random_uuid(),
  1,
  'a8a4ae9d-c6ad-45b8-9800-565a20b9f595',
  'Why are we speaking to our audience (identify their question)?',
  false,
  NOW(),
  NOW()
) ON CONFLICT DO NOTHING; -- Skip if the option already exists

-- Insert option 3 for question 5
INSERT INTO payload.quiz_questions_options (
  id,
  _order,
  _parent_id,
  text,
  is_correct,
  created_at,
  updated_at
) VALUES (
  gen_random_uuid(),
  2,
  'a8a4ae9d-c6ad-45b8-9800-565a20b9f595',
  'What is our answer?',
  false,
  NOW(),
  NOW()
) ON CONFLICT DO NOTHING; -- Skip if the option already exists

-- Insert option 4 for question 5
INSERT INTO payload.quiz_questions_options (
  id,
  _order,
  _parent_id,
  text,
  is_correct,
  created_at,
  updated_at
) VALUES (
  gen_random_uuid(),
  3,
  'a8a4ae9d-c6ad-45b8-9800-565a20b9f595',
  'How will we deliver this presentation?',
  true,
  NOW(),
  NOW()
) ON CONFLICT DO NOTHING; -- Skip if the option already exists

-- Create relationship entry for the question to the quiz
INSERT INTO payload.quiz_questions_rels (
  id,
  _parent_id,
  field,
  value,
  created_at,
  updated_at
) VALUES (
  gen_random_uuid(),
  'a8a4ae9d-c6ad-45b8-9800-565a20b9f595',
  'quiz_id',
  '029e4825-a9f5-4038-898c-74fbd47d5a1e',
  NOW(),
  NOW()
) ON CONFLICT DO NOTHING; -- Skip if the relationship already exists

-- Create bidirectional relationship entry for the quiz to the question
INSERT INTO payload.course_quizzes_rels (
  id,
  _parent_id,
  field,
  value,
  created_at,
  updated_at
) VALUES (
  gen_random_uuid(),
  '029e4825-a9f5-4038-898c-74fbd47d5a1e',
  'questions',
  'a8a4ae9d-c6ad-45b8-9800-565a20b9f595',
  NOW(),
  NOW()
) ON CONFLICT DO NOTHING; -- Skip if the relationship already exists

-- Insert question 6 for quiz: Our Process Quiz
INSERT INTO payload.quiz_questions (
  id,
  question,
  quiz_id,
  quiz_id_id, -- Duplicate field for compatibility
  type,
  explanation,
  "order",
  created_at,
  updated_at
) VALUES (
  'b9ce7a89-92ca-42b5-a731-48edee8b35d9', -- Generated UUID for the question
  'Our first step is ''The Who''. What do we mean by this?',
  '029e4825-a9f5-4038-898c-74fbd47d5a1e', -- Quiz ID
  '029e4825-a9f5-4038-898c-74fbd47d5a1e', -- Quiz ID (duplicate)
  'single-answer',
  '',
  5,
  NOW(),
  NOW()
) ON CONFLICT (id) DO NOTHING; -- Skip if the question already exists

-- Insert option 1 for question 6
INSERT INTO payload.quiz_questions_options (
  id,
  _order,
  _parent_id,
  text,
  is_correct,
  created_at,
  updated_at
) VALUES (
  gen_random_uuid(),
  0,
  'b9ce7a89-92ca-42b5-a731-48edee8b35d9',
  'Determine who your audience truly is. Who are you speaking to?',
  true,
  NOW(),
  NOW()
) ON CONFLICT DO NOTHING; -- Skip if the option already exists

-- Insert option 2 for question 6
INSERT INTO payload.quiz_questions_options (
  id,
  _order,
  _parent_id,
  text,
  is_correct,
  created_at,
  updated_at
) VALUES (
  gen_random_uuid(),
  1,
  'b9ce7a89-92ca-42b5-a731-48edee8b35d9',
  'The Who is a famous English rock band',
  false,
  NOW(),
  NOW()
) ON CONFLICT DO NOTHING; -- Skip if the option already exists

-- Insert option 3 for question 6
INSERT INTO payload.quiz_questions_options (
  id,
  _order,
  _parent_id,
  text,
  is_correct,
  created_at,
  updated_at
) VALUES (
  gen_random_uuid(),
  2,
  'b9ce7a89-92ca-42b5-a731-48edee8b35d9',
  'Determining our answer to a key question',
  false,
  NOW(),
  NOW()
) ON CONFLICT DO NOTHING; -- Skip if the option already exists

-- Create relationship entry for the question to the quiz
INSERT INTO payload.quiz_questions_rels (
  id,
  _parent_id,
  field,
  value,
  created_at,
  updated_at
) VALUES (
  gen_random_uuid(),
  'b9ce7a89-92ca-42b5-a731-48edee8b35d9',
  'quiz_id',
  '029e4825-a9f5-4038-898c-74fbd47d5a1e',
  NOW(),
  NOW()
) ON CONFLICT DO NOTHING; -- Skip if the relationship already exists

-- Create bidirectional relationship entry for the quiz to the question
INSERT INTO payload.course_quizzes_rels (
  id,
  _parent_id,
  field,
  value,
  created_at,
  updated_at
) VALUES (
  gen_random_uuid(),
  '029e4825-a9f5-4038-898c-74fbd47d5a1e',
  'questions',
  'b9ce7a89-92ca-42b5-a731-48edee8b35d9',
  NOW(),
  NOW()
) ON CONFLICT DO NOTHING; -- Skip if the relationship already exists

-- Insert question 7 for quiz: Our Process Quiz
INSERT INTO payload.quiz_questions (
  id,
  question,
  quiz_id,
  quiz_id_id, -- Duplicate field for compatibility
  type,
  explanation,
  "order",
  created_at,
  updated_at
) VALUES (
  'a242ceaa-13e3-4664-954b-bafba6912776', -- Generated UUID for the question
  'The second step in our process is ''The Why''. What do we mean by this?',
  '029e4825-a9f5-4038-898c-74fbd47d5a1e', -- Quiz ID
  '029e4825-a9f5-4038-898c-74fbd47d5a1e', -- Quiz ID (duplicate)
  'single-answer',
  '',
  6,
  NOW(),
  NOW()
) ON CONFLICT (id) DO NOTHING; -- Skip if the question already exists

-- Insert option 1 for question 7
INSERT INTO payload.quiz_questions_options (
  id,
  _order,
  _parent_id,
  text,
  is_correct,
  created_at,
  updated_at
) VALUES (
  gen_random_uuid(),
  0,
  'a242ceaa-13e3-4664-954b-bafba6912776',
  'Determine the question inside the mind of our audience and what we want the audience to do a the end',
  true,
  NOW(),
  NOW()
) ON CONFLICT DO NOTHING; -- Skip if the option already exists

-- Insert option 2 for question 7
INSERT INTO payload.quiz_questions_options (
  id,
  _order,
  _parent_id,
  text,
  is_correct,
  created_at,
  updated_at
) VALUES (
  gen_random_uuid(),
  1,
  'a242ceaa-13e3-4664-954b-bafba6912776',
  'Determine our personal objective from creating the presentation',
  false,
  NOW(),
  NOW()
) ON CONFLICT DO NOTHING; -- Skip if the option already exists

-- Insert option 3 for question 7
INSERT INTO payload.quiz_questions_options (
  id,
  _order,
  _parent_id,
  text,
  is_correct,
  created_at,
  updated_at
) VALUES (
  gen_random_uuid(),
  2,
  'a242ceaa-13e3-4664-954b-bafba6912776',
  'A process of deep existential soul searching to ensure you are a confident speaker',
  false,
  NOW(),
  NOW()
) ON CONFLICT DO NOTHING; -- Skip if the option already exists

-- Create relationship entry for the question to the quiz
INSERT INTO payload.quiz_questions_rels (
  id,
  _parent_id,
  field,
  value,
  created_at,
  updated_at
) VALUES (
  gen_random_uuid(),
  'a242ceaa-13e3-4664-954b-bafba6912776',
  'quiz_id',
  '029e4825-a9f5-4038-898c-74fbd47d5a1e',
  NOW(),
  NOW()
) ON CONFLICT DO NOTHING; -- Skip if the relationship already exists

-- Create bidirectional relationship entry for the quiz to the question
INSERT INTO payload.course_quizzes_rels (
  id,
  _parent_id,
  field,
  value,
  created_at,
  updated_at
) VALUES (
  gen_random_uuid(),
  '029e4825-a9f5-4038-898c-74fbd47d5a1e',
  'questions',
  'a242ceaa-13e3-4664-954b-bafba6912776',
  NOW(),
  NOW()
) ON CONFLICT DO NOTHING; -- Skip if the relationship already exists

-- Insert question 8 for quiz: Our Process Quiz
INSERT INTO payload.quiz_questions (
  id,
  question,
  quiz_id,
  quiz_id_id, -- Duplicate field for compatibility
  type,
  explanation,
  "order",
  created_at,
  updated_at
) VALUES (
  '3b085233-152f-4650-89ef-b6ccd7d9e6f0', -- Generated UUID for the question
  'The third step in our process is ''The What''. What does ''The What'' focus on?',
  '029e4825-a9f5-4038-898c-74fbd47d5a1e', -- Quiz ID
  '029e4825-a9f5-4038-898c-74fbd47d5a1e', -- Quiz ID (duplicate)
  'single-answer',
  '',
  7,
  NOW(),
  NOW()
) ON CONFLICT (id) DO NOTHING; -- Skip if the question already exists

-- Insert option 1 for question 8
INSERT INTO payload.quiz_questions_options (
  id,
  _order,
  _parent_id,
  text,
  is_correct,
  created_at,
  updated_at
) VALUES (
  gen_random_uuid(),
  0,
  '3b085233-152f-4650-89ef-b6ccd7d9e6f0',
  'Themes from Biggie Smalls'' debut album ''Ready to Die'' which featured ''The What'' on track 9',
  false,
  NOW(),
  NOW()
) ON CONFLICT DO NOTHING; -- Skip if the option already exists

-- Insert option 2 for question 8
INSERT INTO payload.quiz_questions_options (
  id,
  _order,
  _parent_id,
  text,
  is_correct,
  created_at,
  updated_at
) VALUES (
  gen_random_uuid(),
  1,
  '3b085233-152f-4650-89ef-b6ccd7d9e6f0',
  'Determining what types of slides we need to create',
  false,
  NOW(),
  NOW()
) ON CONFLICT DO NOTHING; -- Skip if the option already exists

-- Insert option 3 for question 8
INSERT INTO payload.quiz_questions_options (
  id,
  _order,
  _parent_id,
  text,
  is_correct,
  created_at,
  updated_at
) VALUES (
  gen_random_uuid(),
  2,
  '3b085233-152f-4650-89ef-b6ccd7d9e6f0',
  'Determining what it is we want our Audience to do as a result of the presentation',
  false,
  NOW(),
  NOW()
) ON CONFLICT DO NOTHING; -- Skip if the option already exists

-- Insert option 4 for question 8
INSERT INTO payload.quiz_questions_options (
  id,
  _order,
  _parent_id,
  text,
  is_correct,
  created_at,
  updated_at
) VALUES (
  gen_random_uuid(),
  3,
  '3b085233-152f-4650-89ef-b6ccd7d9e6f0',
  'Determining the answer to the question that has been planted in the mind of the audience',
  true,
  NOW(),
  NOW()
) ON CONFLICT DO NOTHING; -- Skip if the option already exists

-- Create relationship entry for the question to the quiz
INSERT INTO payload.quiz_questions_rels (
  id,
  _parent_id,
  field,
  value,
  created_at,
  updated_at
) VALUES (
  gen_random_uuid(),
  '3b085233-152f-4650-89ef-b6ccd7d9e6f0',
  'quiz_id',
  '029e4825-a9f5-4038-898c-74fbd47d5a1e',
  NOW(),
  NOW()
) ON CONFLICT DO NOTHING; -- Skip if the relationship already exists

-- Create bidirectional relationship entry for the quiz to the question
INSERT INTO payload.course_quizzes_rels (
  id,
  _parent_id,
  field,
  value,
  created_at,
  updated_at
) VALUES (
  gen_random_uuid(),
  '029e4825-a9f5-4038-898c-74fbd47d5a1e',
  'questions',
  '3b085233-152f-4650-89ef-b6ccd7d9e6f0',
  NOW(),
  NOW()
) ON CONFLICT DO NOTHING; -- Skip if the relationship already exists

-- Insert question 9 for quiz: Our Process Quiz
INSERT INTO payload.quiz_questions (
  id,
  question,
  quiz_id,
  quiz_id_id, -- Duplicate field for compatibility
  type,
  explanation,
  "order",
  created_at,
  updated_at
) VALUES (
  'c871275c-f576-4640-8dfc-8970d5d2d691', -- Generated UUID for the question
  'The final step in our process is ''The How''. What is the focus of ''The How''?',
  '029e4825-a9f5-4038-898c-74fbd47d5a1e', -- Quiz ID
  '029e4825-a9f5-4038-898c-74fbd47d5a1e', -- Quiz ID (duplicate)
  'single-answer',
  '',
  8,
  NOW(),
  NOW()
) ON CONFLICT (id) DO NOTHING; -- Skip if the question already exists

-- Insert option 1 for question 9
INSERT INTO payload.quiz_questions_options (
  id,
  _order,
  _parent_id,
  text,
  is_correct,
  created_at,
  updated_at
) VALUES (
  gen_random_uuid(),
  0,
  'c871275c-f576-4640-8dfc-8970d5d2d691',
  'How to create beautiful slides',
  false,
  NOW(),
  NOW()
) ON CONFLICT DO NOTHING; -- Skip if the option already exists

-- Insert option 2 for question 9
INSERT INTO payload.quiz_questions_options (
  id,
  _order,
  _parent_id,
  text,
  is_correct,
  created_at,
  updated_at
) VALUES (
  gen_random_uuid(),
  1,
  'c871275c-f576-4640-8dfc-8970d5d2d691',
  'How to answer our audience''s question',
  false,
  NOW(),
  NOW()
) ON CONFLICT DO NOTHING; -- Skip if the option already exists

-- Insert option 3 for question 9
INSERT INTO payload.quiz_questions_options (
  id,
  _order,
  _parent_id,
  text,
  is_correct,
  created_at,
  updated_at
) VALUES (
  gen_random_uuid(),
  2,
  'c871275c-f576-4640-8dfc-8970d5d2d691',
  'This is how we do it!',
  false,
  NOW(),
  NOW()
) ON CONFLICT DO NOTHING; -- Skip if the option already exists

-- Insert option 4 for question 9
INSERT INTO payload.quiz_questions_options (
  id,
  _order,
  _parent_id,
  text,
  is_correct,
  created_at,
  updated_at
) VALUES (
  gen_random_uuid(),
  3,
  'c871275c-f576-4640-8dfc-8970d5d2d691',
  'How we will deliver the presentation',
  true,
  NOW(),
  NOW()
) ON CONFLICT DO NOTHING; -- Skip if the option already exists

-- Create relationship entry for the question to the quiz
INSERT INTO payload.quiz_questions_rels (
  id,
  _parent_id,
  field,
  value,
  created_at,
  updated_at
) VALUES (
  gen_random_uuid(),
  'c871275c-f576-4640-8dfc-8970d5d2d691',
  'quiz_id',
  '029e4825-a9f5-4038-898c-74fbd47d5a1e',
  NOW(),
  NOW()
) ON CONFLICT DO NOTHING; -- Skip if the relationship already exists

-- Create bidirectional relationship entry for the quiz to the question
INSERT INTO payload.course_quizzes_rels (
  id,
  _parent_id,
  field,
  value,
  created_at,
  updated_at
) VALUES (
  gen_random_uuid(),
  '029e4825-a9f5-4038-898c-74fbd47d5a1e',
  'questions',
  'c871275c-f576-4640-8dfc-8970d5d2d691',
  NOW(),
  NOW()
) ON CONFLICT DO NOTHING; -- Skip if the relationship already exists

-- Questions for quiz: Overview of the Fundamental Elements of Design Quiz (overview-elements-of-design-quiz, ID: 84eb0314-f7c2-4d6f-90b0-2db4491ccc0f)
-- Insert question 1 for quiz: Overview of the Fundamental Elements of Design Quiz
INSERT INTO payload.quiz_questions (
  id,
  question,
  quiz_id,
  quiz_id_id, -- Duplicate field for compatibility
  type,
  explanation,
  "order",
  created_at,
  updated_at
) VALUES (
  'c6a89079-ad5a-4408-8b70-458e5eaa5030', -- Generated UUID for the question
  'What are some of the fundamental elements and principles of design?',
  '84eb0314-f7c2-4d6f-90b0-2db4491ccc0f', -- Quiz ID
  '84eb0314-f7c2-4d6f-90b0-2db4491ccc0f', -- Quiz ID (duplicate)
  'multi-answer',
  '',
  0,
  NOW(),
  NOW()
) ON CONFLICT (id) DO NOTHING; -- Skip if the question already exists

-- Insert option 1 for question 1
INSERT INTO payload.quiz_questions_options (
  id,
  _order,
  _parent_id,
  text,
  is_correct,
  created_at,
  updated_at
) VALUES (
  gen_random_uuid(),
  0,
  'c6a89079-ad5a-4408-8b70-458e5eaa5030',
  'Shape & Form',
  true,
  NOW(),
  NOW()
) ON CONFLICT DO NOTHING; -- Skip if the option already exists

-- Insert option 2 for question 1
INSERT INTO payload.quiz_questions_options (
  id,
  _order,
  _parent_id,
  text,
  is_correct,
  created_at,
  updated_at
) VALUES (
  gen_random_uuid(),
  1,
  'c6a89079-ad5a-4408-8b70-458e5eaa5030',
  'Rick Astley',
  false,
  NOW(),
  NOW()
) ON CONFLICT DO NOTHING; -- Skip if the option already exists

-- Insert option 3 for question 1
INSERT INTO payload.quiz_questions_options (
  id,
  _order,
  _parent_id,
  text,
  is_correct,
  created_at,
  updated_at
) VALUES (
  gen_random_uuid(),
  2,
  'c6a89079-ad5a-4408-8b70-458e5eaa5030',
  'Color',
  true,
  NOW(),
  NOW()
) ON CONFLICT DO NOTHING; -- Skip if the option already exists

-- Insert option 4 for question 1
INSERT INTO payload.quiz_questions_options (
  id,
  _order,
  _parent_id,
  text,
  is_correct,
  created_at,
  updated_at
) VALUES (
  gen_random_uuid(),
  3,
  'c6a89079-ad5a-4408-8b70-458e5eaa5030',
  'Composition',
  true,
  NOW(),
  NOW()
) ON CONFLICT DO NOTHING; -- Skip if the option already exists

-- Insert option 5 for question 1
INSERT INTO payload.quiz_questions_options (
  id,
  _order,
  _parent_id,
  text,
  is_correct,
  created_at,
  updated_at
) VALUES (
  gen_random_uuid(),
  4,
  'c6a89079-ad5a-4408-8b70-458e5eaa5030',
  'Contrast',
  true,
  NOW(),
  NOW()
) ON CONFLICT DO NOTHING; -- Skip if the option already exists

-- Insert option 6 for question 1
INSERT INTO payload.quiz_questions_options (
  id,
  _order,
  _parent_id,
  text,
  is_correct,
  created_at,
  updated_at
) VALUES (
  gen_random_uuid(),
  5,
  'c6a89079-ad5a-4408-8b70-458e5eaa5030',
  'Line',
  true,
  NOW(),
  NOW()
) ON CONFLICT DO NOTHING; -- Skip if the option already exists

-- Insert option 7 for question 1
INSERT INTO payload.quiz_questions_options (
  id,
  _order,
  _parent_id,
  text,
  is_correct,
  created_at,
  updated_at
) VALUES (
  gen_random_uuid(),
  6,
  'c6a89079-ad5a-4408-8b70-458e5eaa5030',
  'Point',
  true,
  NOW(),
  NOW()
) ON CONFLICT DO NOTHING; -- Skip if the option already exists

-- Insert option 8 for question 1
INSERT INTO payload.quiz_questions_options (
  id,
  _order,
  _parent_id,
  text,
  is_correct,
  created_at,
  updated_at
) VALUES (
  gen_random_uuid(),
  7,
  'c6a89079-ad5a-4408-8b70-458e5eaa5030',
  'Negative Space',
  true,
  NOW(),
  NOW()
) ON CONFLICT DO NOTHING; -- Skip if the option already exists

-- Create relationship entry for the question to the quiz
INSERT INTO payload.quiz_questions_rels (
  id,
  _parent_id,
  field,
  value,
  created_at,
  updated_at
) VALUES (
  gen_random_uuid(),
  'c6a89079-ad5a-4408-8b70-458e5eaa5030',
  'quiz_id',
  '84eb0314-f7c2-4d6f-90b0-2db4491ccc0f',
  NOW(),
  NOW()
) ON CONFLICT DO NOTHING; -- Skip if the relationship already exists

-- Create bidirectional relationship entry for the quiz to the question
INSERT INTO payload.course_quizzes_rels (
  id,
  _parent_id,
  field,
  value,
  created_at,
  updated_at
) VALUES (
  gen_random_uuid(),
  '84eb0314-f7c2-4d6f-90b0-2db4491ccc0f',
  'questions',
  'c6a89079-ad5a-4408-8b70-458e5eaa5030',
  NOW(),
  NOW()
) ON CONFLICT DO NOTHING; -- Skip if the relationship already exists

-- Questions for quiz: Performance Quiz (performance-quiz, ID: 9f5d43a9-51cc-4741-ac04-7b855a135c75)
-- Insert question 1 for quiz: Performance Quiz
INSERT INTO payload.quiz_questions (
  id,
  question,
  quiz_id,
  quiz_id_id, -- Duplicate field for compatibility
  type,
  explanation,
  "order",
  created_at,
  updated_at
) VALUES (
  'a1ab923a-cf81-48ab-8864-3cedddef823d', -- Generated UUID for the question
  'What can we do to try and set the right tone?',
  '9f5d43a9-51cc-4741-ac04-7b855a135c75', -- Quiz ID
  '9f5d43a9-51cc-4741-ac04-7b855a135c75', -- Quiz ID (duplicate)
  'multi-answer',
  '',
  0,
  NOW(),
  NOW()
) ON CONFLICT (id) DO NOTHING; -- Skip if the question already exists

-- Insert option 1 for question 1
INSERT INTO payload.quiz_questions_options (
  id,
  _order,
  _parent_id,
  text,
  is_correct,
  created_at,
  updated_at
) VALUES (
  gen_random_uuid(),
  0,
  'a1ab923a-cf81-48ab-8864-3cedddef823d',
  'Send a well prepared agenda in advance',
  true,
  NOW(),
  NOW()
) ON CONFLICT DO NOTHING; -- Skip if the option already exists

-- Insert option 2 for question 1
INSERT INTO payload.quiz_questions_options (
  id,
  _order,
  _parent_id,
  text,
  is_correct,
  created_at,
  updated_at
) VALUES (
  gen_random_uuid(),
  1,
  'a1ab923a-cf81-48ab-8864-3cedddef823d',
  'Dress appropriately',
  true,
  NOW(),
  NOW()
) ON CONFLICT DO NOTHING; -- Skip if the option already exists

-- Insert option 3 for question 1
INSERT INTO payload.quiz_questions_options (
  id,
  _order,
  _parent_id,
  text,
  is_correct,
  created_at,
  updated_at
) VALUES (
  gen_random_uuid(),
  2,
  'a1ab923a-cf81-48ab-8864-3cedddef823d',
  'Adopt the appropriate disposition for the meeting',
  true,
  NOW(),
  NOW()
) ON CONFLICT DO NOTHING; -- Skip if the option already exists

-- Insert option 4 for question 1
INSERT INTO payload.quiz_questions_options (
  id,
  _order,
  _parent_id,
  text,
  is_correct,
  created_at,
  updated_at
) VALUES (
  gen_random_uuid(),
  3,
  'a1ab923a-cf81-48ab-8864-3cedddef823d',
  'Tell a joke',
  false,
  NOW(),
  NOW()
) ON CONFLICT DO NOTHING; -- Skip if the option already exists

-- Insert option 5 for question 1
INSERT INTO payload.quiz_questions_options (
  id,
  _order,
  _parent_id,
  text,
  is_correct,
  created_at,
  updated_at
) VALUES (
  gen_random_uuid(),
  4,
  'a1ab923a-cf81-48ab-8864-3cedddef823d',
  'Lead the group in song',
  false,
  NOW(),
  NOW()
) ON CONFLICT DO NOTHING; -- Skip if the option already exists

-- Create relationship entry for the question to the quiz
INSERT INTO payload.quiz_questions_rels (
  id,
  _parent_id,
  field,
  value,
  created_at,
  updated_at
) VALUES (
  gen_random_uuid(),
  'a1ab923a-cf81-48ab-8864-3cedddef823d',
  'quiz_id',
  '9f5d43a9-51cc-4741-ac04-7b855a135c75',
  NOW(),
  NOW()
) ON CONFLICT DO NOTHING; -- Skip if the relationship already exists

-- Create bidirectional relationship entry for the quiz to the question
INSERT INTO payload.course_quizzes_rels (
  id,
  _parent_id,
  field,
  value,
  created_at,
  updated_at
) VALUES (
  gen_random_uuid(),
  '9f5d43a9-51cc-4741-ac04-7b855a135c75',
  'questions',
  'a1ab923a-cf81-48ab-8864-3cedddef823d',
  NOW(),
  NOW()
) ON CONFLICT DO NOTHING; -- Skip if the relationship already exists

-- Insert question 2 for quiz: Performance Quiz
INSERT INTO payload.quiz_questions (
  id,
  question,
  quiz_id,
  quiz_id_id, -- Duplicate field for compatibility
  type,
  explanation,
  "order",
  created_at,
  updated_at
) VALUES (
  '32ead217-1c6c-4cc9-be71-4f60c85eb6ef', -- Generated UUID for the question
  'What are some things you can do to manage stress?',
  '9f5d43a9-51cc-4741-ac04-7b855a135c75', -- Quiz ID
  '9f5d43a9-51cc-4741-ac04-7b855a135c75', -- Quiz ID (duplicate)
  'multi-answer',
  '',
  1,
  NOW(),
  NOW()
) ON CONFLICT (id) DO NOTHING; -- Skip if the question already exists

-- Insert option 1 for question 2
INSERT INTO payload.quiz_questions_options (
  id,
  _order,
  _parent_id,
  text,
  is_correct,
  created_at,
  updated_at
) VALUES (
  gen_random_uuid(),
  0,
  '32ead217-1c6c-4cc9-be71-4f60c85eb6ef',
  'Quite your mind',
  true,
  NOW(),
  NOW()
) ON CONFLICT DO NOTHING; -- Skip if the option already exists

-- Insert option 2 for question 2
INSERT INTO payload.quiz_questions_options (
  id,
  _order,
  _parent_id,
  text,
  is_correct,
  created_at,
  updated_at
) VALUES (
  gen_random_uuid(),
  1,
  '32ead217-1c6c-4cc9-be71-4f60c85eb6ef',
  'Laugh',
  true,
  NOW(),
  NOW()
) ON CONFLICT DO NOTHING; -- Skip if the option already exists

-- Insert option 3 for question 2
INSERT INTO payload.quiz_questions_options (
  id,
  _order,
  _parent_id,
  text,
  is_correct,
  created_at,
  updated_at
) VALUES (
  gen_random_uuid(),
  2,
  '32ead217-1c6c-4cc9-be71-4f60c85eb6ef',
  'Primal therapy',
  false,
  NOW(),
  NOW()
) ON CONFLICT DO NOTHING; -- Skip if the option already exists

-- Insert option 4 for question 2
INSERT INTO payload.quiz_questions_options (
  id,
  _order,
  _parent_id,
  text,
  is_correct,
  created_at,
  updated_at
) VALUES (
  gen_random_uuid(),
  3,
  '32ead217-1c6c-4cc9-be71-4f60c85eb6ef',
  'Prepare',
  true,
  NOW(),
  NOW()
) ON CONFLICT DO NOTHING; -- Skip if the option already exists

-- Insert option 5 for question 2
INSERT INTO payload.quiz_questions_options (
  id,
  _order,
  _parent_id,
  text,
  is_correct,
  created_at,
  updated_at
) VALUES (
  gen_random_uuid(),
  4,
  '32ead217-1c6c-4cc9-be71-4f60c85eb6ef',
  'Breathe',
  true,
  NOW(),
  NOW()
) ON CONFLICT DO NOTHING; -- Skip if the option already exists

-- Insert option 6 for question 2
INSERT INTO payload.quiz_questions_options (
  id,
  _order,
  _parent_id,
  text,
  is_correct,
  created_at,
  updated_at
) VALUES (
  gen_random_uuid(),
  5,
  '32ead217-1c6c-4cc9-be71-4f60c85eb6ef',
  'Don''t worry about the presentation until the last minute',
  false,
  NOW(),
  NOW()
) ON CONFLICT DO NOTHING; -- Skip if the option already exists

-- Insert option 7 for question 2
INSERT INTO payload.quiz_questions_options (
  id,
  _order,
  _parent_id,
  text,
  is_correct,
  created_at,
  updated_at
) VALUES (
  gen_random_uuid(),
  6,
  '32ead217-1c6c-4cc9-be71-4f60c85eb6ef',
  'Talk to yourself like a crazy person',
  false,
  NOW(),
  NOW()
) ON CONFLICT DO NOTHING; -- Skip if the option already exists

-- Create relationship entry for the question to the quiz
INSERT INTO payload.quiz_questions_rels (
  id,
  _parent_id,
  field,
  value,
  created_at,
  updated_at
) VALUES (
  gen_random_uuid(),
  '32ead217-1c6c-4cc9-be71-4f60c85eb6ef',
  'quiz_id',
  '9f5d43a9-51cc-4741-ac04-7b855a135c75',
  NOW(),
  NOW()
) ON CONFLICT DO NOTHING; -- Skip if the relationship already exists

-- Create bidirectional relationship entry for the quiz to the question
INSERT INTO payload.course_quizzes_rels (
  id,
  _parent_id,
  field,
  value,
  created_at,
  updated_at
) VALUES (
  gen_random_uuid(),
  '9f5d43a9-51cc-4741-ac04-7b855a135c75',
  'questions',
  '32ead217-1c6c-4cc9-be71-4f60c85eb6ef',
  NOW(),
  NOW()
) ON CONFLICT DO NOTHING; -- Skip if the relationship already exists

-- Insert question 3 for quiz: Performance Quiz
INSERT INTO payload.quiz_questions (
  id,
  question,
  quiz_id,
  quiz_id_id, -- Duplicate field for compatibility
  type,
  explanation,
  "order",
  created_at,
  updated_at
) VALUES (
  'f34b1db2-b4b3-425b-be6e-247565c3a453', -- Generated UUID for the question
  'What body language and delivery mistakes should you be on the lookout for?',
  '9f5d43a9-51cc-4741-ac04-7b855a135c75', -- Quiz ID
  '9f5d43a9-51cc-4741-ac04-7b855a135c75', -- Quiz ID (duplicate)
  'multi-answer',
  '',
  2,
  NOW(),
  NOW()
) ON CONFLICT (id) DO NOTHING; -- Skip if the question already exists

-- Insert option 1 for question 3
INSERT INTO payload.quiz_questions_options (
  id,
  _order,
  _parent_id,
  text,
  is_correct,
  created_at,
  updated_at
) VALUES (
  gen_random_uuid(),
  0,
  'f34b1db2-b4b3-425b-be6e-247565c3a453',
  'Verbal ticks',
  true,
  NOW(),
  NOW()
) ON CONFLICT DO NOTHING; -- Skip if the option already exists

-- Insert option 2 for question 3
INSERT INTO payload.quiz_questions_options (
  id,
  _order,
  _parent_id,
  text,
  is_correct,
  created_at,
  updated_at
) VALUES (
  gen_random_uuid(),
  1,
  'f34b1db2-b4b3-425b-be6e-247565c3a453',
  'Talking to the screen',
  true,
  NOW(),
  NOW()
) ON CONFLICT DO NOTHING; -- Skip if the option already exists

-- Insert option 3 for question 3
INSERT INTO payload.quiz_questions_options (
  id,
  _order,
  _parent_id,
  text,
  is_correct,
  created_at,
  updated_at
) VALUES (
  gen_random_uuid(),
  2,
  'f34b1db2-b4b3-425b-be6e-247565c3a453',
  'Closed posture',
  true,
  NOW(),
  NOW()
) ON CONFLICT DO NOTHING; -- Skip if the option already exists

-- Insert option 4 for question 3
INSERT INTO payload.quiz_questions_options (
  id,
  _order,
  _parent_id,
  text,
  is_correct,
  created_at,
  updated_at
) VALUES (
  gen_random_uuid(),
  3,
  'f34b1db2-b4b3-425b-be6e-247565c3a453',
  'Being over prepared',
  false,
  NOW(),
  NOW()
) ON CONFLICT DO NOTHING; -- Skip if the option already exists

-- Insert option 5 for question 3
INSERT INTO payload.quiz_questions_options (
  id,
  _order,
  _parent_id,
  text,
  is_correct,
  created_at,
  updated_at
) VALUES (
  gen_random_uuid(),
  4,
  'f34b1db2-b4b3-425b-be6e-247565c3a453',
  'Not displaying any emotion',
  true,
  NOW(),
  NOW()
) ON CONFLICT DO NOTHING; -- Skip if the option already exists

-- Create relationship entry for the question to the quiz
INSERT INTO payload.quiz_questions_rels (
  id,
  _parent_id,
  field,
  value,
  created_at,
  updated_at
) VALUES (
  gen_random_uuid(),
  'f34b1db2-b4b3-425b-be6e-247565c3a453',
  'quiz_id',
  '9f5d43a9-51cc-4741-ac04-7b855a135c75',
  NOW(),
  NOW()
) ON CONFLICT DO NOTHING; -- Skip if the relationship already exists

-- Create bidirectional relationship entry for the quiz to the question
INSERT INTO payload.course_quizzes_rels (
  id,
  _parent_id,
  field,
  value,
  created_at,
  updated_at
) VALUES (
  gen_random_uuid(),
  '9f5d43a9-51cc-4741-ac04-7b855a135c75',
  'questions',
  'f34b1db2-b4b3-425b-be6e-247565c3a453',
  NOW(),
  NOW()
) ON CONFLICT DO NOTHING; -- Skip if the relationship already exists

-- Questions for quiz: Perparation & Practice Quiz (preparation-practice-quiz, ID: e139a34c-c089-493e-93ff-1f85162fec6d)
-- Insert question 1 for quiz: Perparation & Practice Quiz
INSERT INTO payload.quiz_questions (
  id,
  question,
  quiz_id,
  quiz_id_id, -- Duplicate field for compatibility
  type,
  explanation,
  "order",
  created_at,
  updated_at
) VALUES (
  '89ae252b-8b11-4b6a-b77a-5d3a03432042', -- Generated UUID for the question
  'When preparing and practicing the delivery of your presentation, what four factors should you focus on?',
  'e139a34c-c089-493e-93ff-1f85162fec6d', -- Quiz ID
  'e139a34c-c089-493e-93ff-1f85162fec6d', -- Quiz ID (duplicate)
  'multi-answer',
  '',
  0,
  NOW(),
  NOW()
) ON CONFLICT (id) DO NOTHING; -- Skip if the question already exists

-- Insert option 1 for question 1
INSERT INTO payload.quiz_questions_options (
  id,
  _order,
  _parent_id,
  text,
  is_correct,
  created_at,
  updated_at
) VALUES (
  gen_random_uuid(),
  0,
  '89ae252b-8b11-4b6a-b77a-5d3a03432042',
  'Timing of your jokes',
  false,
  NOW(),
  NOW()
) ON CONFLICT DO NOTHING; -- Skip if the option already exists

-- Insert option 2 for question 1
INSERT INTO payload.quiz_questions_options (
  id,
  _order,
  _parent_id,
  text,
  is_correct,
  created_at,
  updated_at
) VALUES (
  gen_random_uuid(),
  1,
  '89ae252b-8b11-4b6a-b77a-5d3a03432042',
  'Clarity',
  true,
  NOW(),
  NOW()
) ON CONFLICT DO NOTHING; -- Skip if the option already exists

-- Insert option 3 for question 1
INSERT INTO payload.quiz_questions_options (
  id,
  _order,
  _parent_id,
  text,
  is_correct,
  created_at,
  updated_at
) VALUES (
  gen_random_uuid(),
  2,
  '89ae252b-8b11-4b6a-b77a-5d3a03432042',
  'Hair, make-up and clothes',
  false,
  NOW(),
  NOW()
) ON CONFLICT DO NOTHING; -- Skip if the option already exists

-- Insert option 4 for question 1
INSERT INTO payload.quiz_questions_options (
  id,
  _order,
  _parent_id,
  text,
  is_correct,
  created_at,
  updated_at
) VALUES (
  gen_random_uuid(),
  3,
  '89ae252b-8b11-4b6a-b77a-5d3a03432042',
  'Pace',
  true,
  NOW(),
  NOW()
) ON CONFLICT DO NOTHING; -- Skip if the option already exists

-- Insert option 5 for question 1
INSERT INTO payload.quiz_questions_options (
  id,
  _order,
  _parent_id,
  text,
  is_correct,
  created_at,
  updated_at
) VALUES (
  gen_random_uuid(),
  4,
  '89ae252b-8b11-4b6a-b77a-5d3a03432042',
  'Engaging with the audience',
  true,
  NOW(),
  NOW()
) ON CONFLICT DO NOTHING; -- Skip if the option already exists

-- Insert option 6 for question 1
INSERT INTO payload.quiz_questions_options (
  id,
  _order,
  _parent_id,
  text,
  is_correct,
  created_at,
  updated_at
) VALUES (
  gen_random_uuid(),
  5,
  '89ae252b-8b11-4b6a-b77a-5d3a03432042',
  'Timbre of your voice',
  false,
  NOW(),
  NOW()
) ON CONFLICT DO NOTHING; -- Skip if the option already exists

-- Insert option 7 for question 1
INSERT INTO payload.quiz_questions_options (
  id,
  _order,
  _parent_id,
  text,
  is_correct,
  created_at,
  updated_at
) VALUES (
  gen_random_uuid(),
  6,
  '89ae252b-8b11-4b6a-b77a-5d3a03432042',
  'Smiling and making eye contact',
  true,
  NOW(),
  NOW()
) ON CONFLICT DO NOTHING; -- Skip if the option already exists

-- Create relationship entry for the question to the quiz
INSERT INTO payload.quiz_questions_rels (
  id,
  _parent_id,
  field,
  value,
  created_at,
  updated_at
) VALUES (
  gen_random_uuid(),
  '89ae252b-8b11-4b6a-b77a-5d3a03432042',
  'quiz_id',
  'e139a34c-c089-493e-93ff-1f85162fec6d',
  NOW(),
  NOW()
) ON CONFLICT DO NOTHING; -- Skip if the relationship already exists

-- Create bidirectional relationship entry for the quiz to the question
INSERT INTO payload.course_quizzes_rels (
  id,
  _parent_id,
  field,
  value,
  created_at,
  updated_at
) VALUES (
  gen_random_uuid(),
  'e139a34c-c089-493e-93ff-1f85162fec6d',
  'questions',
  '89ae252b-8b11-4b6a-b77a-5d3a03432042',
  NOW(),
  NOW()
) ON CONFLICT DO NOTHING; -- Skip if the relationship already exists

-- Insert question 2 for quiz: Perparation & Practice Quiz
INSERT INTO payload.quiz_questions (
  id,
  question,
  quiz_id,
  quiz_id_id, -- Duplicate field for compatibility
  type,
  explanation,
  "order",
  created_at,
  updated_at
) VALUES (
  'c36c0322-5dab-498e-a073-03cea89a004f', -- Generated UUID for the question
  'What is the first step of the recommended preparation process?',
  'e139a34c-c089-493e-93ff-1f85162fec6d', -- Quiz ID
  'e139a34c-c089-493e-93ff-1f85162fec6d', -- Quiz ID (duplicate)
  'single-answer',
  '',
  1,
  NOW(),
  NOW()
) ON CONFLICT (id) DO NOTHING; -- Skip if the question already exists

-- Insert option 1 for question 2
INSERT INTO payload.quiz_questions_options (
  id,
  _order,
  _parent_id,
  text,
  is_correct,
  created_at,
  updated_at
) VALUES (
  gen_random_uuid(),
  0,
  'c36c0322-5dab-498e-a073-03cea89a004f',
  'Get a good night sleep and review the script once, maybe twice before the presentation',
  false,
  NOW(),
  NOW()
) ON CONFLICT DO NOTHING; -- Skip if the option already exists

-- Insert option 2 for question 2
INSERT INTO payload.quiz_questions_options (
  id,
  _order,
  _parent_id,
  text,
  is_correct,
  created_at,
  updated_at
) VALUES (
  gen_random_uuid(),
  1,
  'c36c0322-5dab-498e-a073-03cea89a004f',
  'Present to someone else. Get feedback',
  false,
  NOW(),
  NOW()
) ON CONFLICT DO NOTHING; -- Skip if the option already exists

-- Insert option 3 for question 2
INSERT INTO payload.quiz_questions_options (
  id,
  _order,
  _parent_id,
  text,
  is_correct,
  created_at,
  updated_at
) VALUES (
  gen_random_uuid(),
  2,
  'c36c0322-5dab-498e-a073-03cea89a004f',
  'Run through the presentation two or three time working on length, simplifying language, and identifying likely questions',
  false,
  NOW(),
  NOW()
) ON CONFLICT DO NOTHING; -- Skip if the option already exists

-- Insert option 4 for question 2
INSERT INTO payload.quiz_questions_options (
  id,
  _order,
  _parent_id,
  text,
  is_correct,
  created_at,
  updated_at
) VALUES (
  gen_random_uuid(),
  3,
  'c36c0322-5dab-498e-a073-03cea89a004f',
  'Speak the presentation out loud and improvise. Test turns of phrases, identify key points that you want to make for each phrase',
  true,
  NOW(),
  NOW()
) ON CONFLICT DO NOTHING; -- Skip if the option already exists

-- Insert option 5 for question 2
INSERT INTO payload.quiz_questions_options (
  id,
  _order,
  _parent_id,
  text,
  is_correct,
  created_at,
  updated_at
) VALUES (
  gen_random_uuid(),
  4,
  'c36c0322-5dab-498e-a073-03cea89a004f',
  'Write down the verbal voice over and create a formal script',
  false,
  NOW(),
  NOW()
) ON CONFLICT DO NOTHING; -- Skip if the option already exists

-- Insert option 6 for question 2
INSERT INTO payload.quiz_questions_options (
  id,
  _order,
  _parent_id,
  text,
  is_correct,
  created_at,
  updated_at
) VALUES (
  gen_random_uuid(),
  5,
  'c36c0322-5dab-498e-a073-03cea89a004f',
  'Test the length of the presentation. Revise the deck, eliminating or combining slide ideas',
  false,
  NOW(),
  NOW()
) ON CONFLICT DO NOTHING; -- Skip if the option already exists

-- Insert option 7 for question 2
INSERT INTO payload.quiz_questions_options (
  id,
  _order,
  _parent_id,
  text,
  is_correct,
  created_at,
  updated_at
) VALUES (
  gen_random_uuid(),
  6,
  'c36c0322-5dab-498e-a073-03cea89a004f',
  'Run through the script a few more times and the put it aside',
  false,
  NOW(),
  NOW()
) ON CONFLICT DO NOTHING; -- Skip if the option already exists

-- Create relationship entry for the question to the quiz
INSERT INTO payload.quiz_questions_rels (
  id,
  _parent_id,
  field,
  value,
  created_at,
  updated_at
) VALUES (
  gen_random_uuid(),
  'c36c0322-5dab-498e-a073-03cea89a004f',
  'quiz_id',
  'e139a34c-c089-493e-93ff-1f85162fec6d',
  NOW(),
  NOW()
) ON CONFLICT DO NOTHING; -- Skip if the relationship already exists

-- Create bidirectional relationship entry for the quiz to the question
INSERT INTO payload.course_quizzes_rels (
  id,
  _parent_id,
  field,
  value,
  created_at,
  updated_at
) VALUES (
  gen_random_uuid(),
  'e139a34c-c089-493e-93ff-1f85162fec6d',
  'questions',
  'c36c0322-5dab-498e-a073-03cea89a004f',
  NOW(),
  NOW()
) ON CONFLICT DO NOTHING; -- Skip if the relationship already exists

-- Insert question 3 for quiz: Perparation & Practice Quiz
INSERT INTO payload.quiz_questions (
  id,
  question,
  quiz_id,
  quiz_id_id, -- Duplicate field for compatibility
  type,
  explanation,
  "order",
  created_at,
  updated_at
) VALUES (
  'cca7eb8f-1cc0-4a40-ad7a-0c245a2591cb', -- Generated UUID for the question
  'What is the second step of the recommended preparation process?',
  'e139a34c-c089-493e-93ff-1f85162fec6d', -- Quiz ID
  'e139a34c-c089-493e-93ff-1f85162fec6d', -- Quiz ID (duplicate)
  'single-answer',
  '',
  2,
  NOW(),
  NOW()
) ON CONFLICT (id) DO NOTHING; -- Skip if the question already exists

-- Insert option 1 for question 3
INSERT INTO payload.quiz_questions_options (
  id,
  _order,
  _parent_id,
  text,
  is_correct,
  created_at,
  updated_at
) VALUES (
  gen_random_uuid(),
  0,
  'cca7eb8f-1cc0-4a40-ad7a-0c245a2591cb',
  'Get a good night sleep and review the script once, maybe twice before the presentation',
  false,
  NOW(),
  NOW()
) ON CONFLICT DO NOTHING; -- Skip if the option already exists

-- Insert option 2 for question 3
INSERT INTO payload.quiz_questions_options (
  id,
  _order,
  _parent_id,
  text,
  is_correct,
  created_at,
  updated_at
) VALUES (
  gen_random_uuid(),
  1,
  'cca7eb8f-1cc0-4a40-ad7a-0c245a2591cb',
  'Present to someone else. Get feedback',
  false,
  NOW(),
  NOW()
) ON CONFLICT DO NOTHING; -- Skip if the option already exists

-- Insert option 3 for question 3
INSERT INTO payload.quiz_questions_options (
  id,
  _order,
  _parent_id,
  text,
  is_correct,
  created_at,
  updated_at
) VALUES (
  gen_random_uuid(),
  2,
  'cca7eb8f-1cc0-4a40-ad7a-0c245a2591cb',
  'Run through the presentation two or three time working on length, simplifying language, and identifying likely questions',
  false,
  NOW(),
  NOW()
) ON CONFLICT DO NOTHING; -- Skip if the option already exists

-- Insert option 4 for question 3
INSERT INTO payload.quiz_questions_options (
  id,
  _order,
  _parent_id,
  text,
  is_correct,
  created_at,
  updated_at
) VALUES (
  gen_random_uuid(),
  3,
  'cca7eb8f-1cc0-4a40-ad7a-0c245a2591cb',
  'Speak the presentation out loud and improvise. Test turns of phrases, identify key points that you want to make for each phrase',
  false,
  NOW(),
  NOW()
) ON CONFLICT DO NOTHING; -- Skip if the option already exists

-- Insert option 5 for question 3
INSERT INTO payload.quiz_questions_options (
  id,
  _order,
  _parent_id,
  text,
  is_correct,
  created_at,
  updated_at
) VALUES (
  gen_random_uuid(),
  4,
  'cca7eb8f-1cc0-4a40-ad7a-0c245a2591cb',
  'Write down the verbal voice over and create a formal script',
  true,
  NOW(),
  NOW()
) ON CONFLICT DO NOTHING; -- Skip if the option already exists

-- Insert option 6 for question 3
INSERT INTO payload.quiz_questions_options (
  id,
  _order,
  _parent_id,
  text,
  is_correct,
  created_at,
  updated_at
) VALUES (
  gen_random_uuid(),
  5,
  'cca7eb8f-1cc0-4a40-ad7a-0c245a2591cb',
  'Test the length of the presentation. Revise the deck, eliminating or combining slide ideas',
  false,
  NOW(),
  NOW()
) ON CONFLICT DO NOTHING; -- Skip if the option already exists

-- Insert option 7 for question 3
INSERT INTO payload.quiz_questions_options (
  id,
  _order,
  _parent_id,
  text,
  is_correct,
  created_at,
  updated_at
) VALUES (
  gen_random_uuid(),
  6,
  'cca7eb8f-1cc0-4a40-ad7a-0c245a2591cb',
  'Run through the script a few more times and the put it aside',
  false,
  NOW(),
  NOW()
) ON CONFLICT DO NOTHING; -- Skip if the option already exists

-- Create relationship entry for the question to the quiz
INSERT INTO payload.quiz_questions_rels (
  id,
  _parent_id,
  field,
  value,
  created_at,
  updated_at
) VALUES (
  gen_random_uuid(),
  'cca7eb8f-1cc0-4a40-ad7a-0c245a2591cb',
  'quiz_id',
  'e139a34c-c089-493e-93ff-1f85162fec6d',
  NOW(),
  NOW()
) ON CONFLICT DO NOTHING; -- Skip if the relationship already exists

-- Create bidirectional relationship entry for the quiz to the question
INSERT INTO payload.course_quizzes_rels (
  id,
  _parent_id,
  field,
  value,
  created_at,
  updated_at
) VALUES (
  gen_random_uuid(),
  'e139a34c-c089-493e-93ff-1f85162fec6d',
  'questions',
  'cca7eb8f-1cc0-4a40-ad7a-0c245a2591cb',
  NOW(),
  NOW()
) ON CONFLICT DO NOTHING; -- Skip if the relationship already exists

-- Insert question 4 for quiz: Perparation & Practice Quiz
INSERT INTO payload.quiz_questions (
  id,
  question,
  quiz_id,
  quiz_id_id, -- Duplicate field for compatibility
  type,
  explanation,
  "order",
  created_at,
  updated_at
) VALUES (
  'd90e8300-c446-4122-ba7d-42be41f21d24', -- Generated UUID for the question
  'What is the third step of the recommended preparation process?',
  'e139a34c-c089-493e-93ff-1f85162fec6d', -- Quiz ID
  'e139a34c-c089-493e-93ff-1f85162fec6d', -- Quiz ID (duplicate)
  'single-answer',
  '',
  3,
  NOW(),
  NOW()
) ON CONFLICT (id) DO NOTHING; -- Skip if the question already exists

-- Insert option 1 for question 4
INSERT INTO payload.quiz_questions_options (
  id,
  _order,
  _parent_id,
  text,
  is_correct,
  created_at,
  updated_at
) VALUES (
  gen_random_uuid(),
  0,
  'd90e8300-c446-4122-ba7d-42be41f21d24',
  'Get a good night sleep and review the script once, maybe twice before the presentation',
  false,
  NOW(),
  NOW()
) ON CONFLICT DO NOTHING; -- Skip if the option already exists

-- Insert option 2 for question 4
INSERT INTO payload.quiz_questions_options (
  id,
  _order,
  _parent_id,
  text,
  is_correct,
  created_at,
  updated_at
) VALUES (
  gen_random_uuid(),
  1,
  'd90e8300-c446-4122-ba7d-42be41f21d24',
  'Present to someone else. Get feedback',
  false,
  NOW(),
  NOW()
) ON CONFLICT DO NOTHING; -- Skip if the option already exists

-- Insert option 3 for question 4
INSERT INTO payload.quiz_questions_options (
  id,
  _order,
  _parent_id,
  text,
  is_correct,
  created_at,
  updated_at
) VALUES (
  gen_random_uuid(),
  2,
  'd90e8300-c446-4122-ba7d-42be41f21d24',
  'Run through the presentation two or three time working on length, simplifying language, and identifying likely questions',
  true,
  NOW(),
  NOW()
) ON CONFLICT DO NOTHING; -- Skip if the option already exists

-- Insert option 4 for question 4
INSERT INTO payload.quiz_questions_options (
  id,
  _order,
  _parent_id,
  text,
  is_correct,
  created_at,
  updated_at
) VALUES (
  gen_random_uuid(),
  3,
  'd90e8300-c446-4122-ba7d-42be41f21d24',
  'Speak the presentation out loud and improvise. Test turns of phrases, identify key points that you want to make for each phrase',
  false,
  NOW(),
  NOW()
) ON CONFLICT DO NOTHING; -- Skip if the option already exists

-- Insert option 5 for question 4
INSERT INTO payload.quiz_questions_options (
  id,
  _order,
  _parent_id,
  text,
  is_correct,
  created_at,
  updated_at
) VALUES (
  gen_random_uuid(),
  4,
  'd90e8300-c446-4122-ba7d-42be41f21d24',
  'Write down the verbal voice over and create a formal script',
  false,
  NOW(),
  NOW()
) ON CONFLICT DO NOTHING; -- Skip if the option already exists

-- Insert option 6 for question 4
INSERT INTO payload.quiz_questions_options (
  id,
  _order,
  _parent_id,
  text,
  is_correct,
  created_at,
  updated_at
) VALUES (
  gen_random_uuid(),
  5,
  'd90e8300-c446-4122-ba7d-42be41f21d24',
  'Test the length of the presentation. Revise the deck, eliminating or combining slide ideas',
  false,
  NOW(),
  NOW()
) ON CONFLICT DO NOTHING; -- Skip if the option already exists

-- Insert option 7 for question 4
INSERT INTO payload.quiz_questions_options (
  id,
  _order,
  _parent_id,
  text,
  is_correct,
  created_at,
  updated_at
) VALUES (
  gen_random_uuid(),
  6,
  'd90e8300-c446-4122-ba7d-42be41f21d24',
  'Run through the script a few more times and the put it aside',
  false,
  NOW(),
  NOW()
) ON CONFLICT DO NOTHING; -- Skip if the option already exists

-- Create relationship entry for the question to the quiz
INSERT INTO payload.quiz_questions_rels (
  id,
  _parent_id,
  field,
  value,
  created_at,
  updated_at
) VALUES (
  gen_random_uuid(),
  'd90e8300-c446-4122-ba7d-42be41f21d24',
  'quiz_id',
  'e139a34c-c089-493e-93ff-1f85162fec6d',
  NOW(),
  NOW()
) ON CONFLICT DO NOTHING; -- Skip if the relationship already exists

-- Create bidirectional relationship entry for the quiz to the question
INSERT INTO payload.course_quizzes_rels (
  id,
  _parent_id,
  field,
  value,
  created_at,
  updated_at
) VALUES (
  gen_random_uuid(),
  'e139a34c-c089-493e-93ff-1f85162fec6d',
  'questions',
  'd90e8300-c446-4122-ba7d-42be41f21d24',
  NOW(),
  NOW()
) ON CONFLICT DO NOTHING; -- Skip if the relationship already exists

-- Insert question 5 for quiz: Perparation & Practice Quiz
INSERT INTO payload.quiz_questions (
  id,
  question,
  quiz_id,
  quiz_id_id, -- Duplicate field for compatibility
  type,
  explanation,
  "order",
  created_at,
  updated_at
) VALUES (
  '10cdaf02-2739-4cec-8ba2-ed635af26543', -- Generated UUID for the question
  'What is the fourth step of the recommended preparation process?',
  'e139a34c-c089-493e-93ff-1f85162fec6d', -- Quiz ID
  'e139a34c-c089-493e-93ff-1f85162fec6d', -- Quiz ID (duplicate)
  'single-answer',
  '',
  4,
  NOW(),
  NOW()
) ON CONFLICT (id) DO NOTHING; -- Skip if the question already exists

-- Insert option 1 for question 5
INSERT INTO payload.quiz_questions_options (
  id,
  _order,
  _parent_id,
  text,
  is_correct,
  created_at,
  updated_at
) VALUES (
  gen_random_uuid(),
  0,
  '10cdaf02-2739-4cec-8ba2-ed635af26543',
  'Get a good night sleep and review the script once, maybe twice before the presentation',
  false,
  NOW(),
  NOW()
) ON CONFLICT DO NOTHING; -- Skip if the option already exists

-- Insert option 2 for question 5
INSERT INTO payload.quiz_questions_options (
  id,
  _order,
  _parent_id,
  text,
  is_correct,
  created_at,
  updated_at
) VALUES (
  gen_random_uuid(),
  1,
  '10cdaf02-2739-4cec-8ba2-ed635af26543',
  'Present to someone else. Get feedback',
  false,
  NOW(),
  NOW()
) ON CONFLICT DO NOTHING; -- Skip if the option already exists

-- Insert option 3 for question 5
INSERT INTO payload.quiz_questions_options (
  id,
  _order,
  _parent_id,
  text,
  is_correct,
  created_at,
  updated_at
) VALUES (
  gen_random_uuid(),
  2,
  '10cdaf02-2739-4cec-8ba2-ed635af26543',
  'Run through the presentation two or three time working on length, simplifying language, and identifying likely questions',
  false,
  NOW(),
  NOW()
) ON CONFLICT DO NOTHING; -- Skip if the option already exists

-- Insert option 4 for question 5
INSERT INTO payload.quiz_questions_options (
  id,
  _order,
  _parent_id,
  text,
  is_correct,
  created_at,
  updated_at
) VALUES (
  gen_random_uuid(),
  3,
  '10cdaf02-2739-4cec-8ba2-ed635af26543',
  'Speak the presentation out loud and improvise. Test turns of phrases, identify key points that you want to make for each phrase',
  false,
  NOW(),
  NOW()
) ON CONFLICT DO NOTHING; -- Skip if the option already exists

-- Insert option 5 for question 5
INSERT INTO payload.quiz_questions_options (
  id,
  _order,
  _parent_id,
  text,
  is_correct,
  created_at,
  updated_at
) VALUES (
  gen_random_uuid(),
  4,
  '10cdaf02-2739-4cec-8ba2-ed635af26543',
  'Write down the verbal voice over and create a formal script',
  false,
  NOW(),
  NOW()
) ON CONFLICT DO NOTHING; -- Skip if the option already exists

-- Insert option 6 for question 5
INSERT INTO payload.quiz_questions_options (
  id,
  _order,
  _parent_id,
  text,
  is_correct,
  created_at,
  updated_at
) VALUES (
  gen_random_uuid(),
  5,
  '10cdaf02-2739-4cec-8ba2-ed635af26543',
  'Test the length of the presentation. Revise the deck, eliminating or combining slide ideas',
  true,
  NOW(),
  NOW()
) ON CONFLICT DO NOTHING; -- Skip if the option already exists

-- Insert option 7 for question 5
INSERT INTO payload.quiz_questions_options (
  id,
  _order,
  _parent_id,
  text,
  is_correct,
  created_at,
  updated_at
) VALUES (
  gen_random_uuid(),
  6,
  '10cdaf02-2739-4cec-8ba2-ed635af26543',
  'Run through the script a few more times and the put it aside',
  false,
  NOW(),
  NOW()
) ON CONFLICT DO NOTHING; -- Skip if the option already exists

-- Create relationship entry for the question to the quiz
INSERT INTO payload.quiz_questions_rels (
  id,
  _parent_id,
  field,
  value,
  created_at,
  updated_at
) VALUES (
  gen_random_uuid(),
  '10cdaf02-2739-4cec-8ba2-ed635af26543',
  'quiz_id',
  'e139a34c-c089-493e-93ff-1f85162fec6d',
  NOW(),
  NOW()
) ON CONFLICT DO NOTHING; -- Skip if the relationship already exists

-- Create bidirectional relationship entry for the quiz to the question
INSERT INTO payload.course_quizzes_rels (
  id,
  _parent_id,
  field,
  value,
  created_at,
  updated_at
) VALUES (
  gen_random_uuid(),
  'e139a34c-c089-493e-93ff-1f85162fec6d',
  'questions',
  '10cdaf02-2739-4cec-8ba2-ed635af26543',
  NOW(),
  NOW()
) ON CONFLICT DO NOTHING; -- Skip if the relationship already exists

-- Insert question 6 for quiz: Perparation & Practice Quiz
INSERT INTO payload.quiz_questions (
  id,
  question,
  quiz_id,
  quiz_id_id, -- Duplicate field for compatibility
  type,
  explanation,
  "order",
  created_at,
  updated_at
) VALUES (
  'ade07eea-d7f9-41fb-83e2-cff497d38977', -- Generated UUID for the question
  'What is the fifth step pf the recommended preparation process?',
  'e139a34c-c089-493e-93ff-1f85162fec6d', -- Quiz ID
  'e139a34c-c089-493e-93ff-1f85162fec6d', -- Quiz ID (duplicate)
  'single-answer',
  '',
  5,
  NOW(),
  NOW()
) ON CONFLICT (id) DO NOTHING; -- Skip if the question already exists

-- Insert option 1 for question 6
INSERT INTO payload.quiz_questions_options (
  id,
  _order,
  _parent_id,
  text,
  is_correct,
  created_at,
  updated_at
) VALUES (
  gen_random_uuid(),
  0,
  'ade07eea-d7f9-41fb-83e2-cff497d38977',
  'Get a good night sleep and review the script once, maybe twice before the presentation',
  false,
  NOW(),
  NOW()
) ON CONFLICT DO NOTHING; -- Skip if the option already exists

-- Insert option 2 for question 6
INSERT INTO payload.quiz_questions_options (
  id,
  _order,
  _parent_id,
  text,
  is_correct,
  created_at,
  updated_at
) VALUES (
  gen_random_uuid(),
  1,
  'ade07eea-d7f9-41fb-83e2-cff497d38977',
  'Present to someone else. Get feedback',
  true,
  NOW(),
  NOW()
) ON CONFLICT DO NOTHING; -- Skip if the option already exists

-- Insert option 3 for question 6
INSERT INTO payload.quiz_questions_options (
  id,
  _order,
  _parent_id,
  text,
  is_correct,
  created_at,
  updated_at
) VALUES (
  gen_random_uuid(),
  2,
  'ade07eea-d7f9-41fb-83e2-cff497d38977',
  'Run through the presentation two or three time working on length, simplifying language, and identifying likely questions',
  false,
  NOW(),
  NOW()
) ON CONFLICT DO NOTHING; -- Skip if the option already exists

-- Insert option 4 for question 6
INSERT INTO payload.quiz_questions_options (
  id,
  _order,
  _parent_id,
  text,
  is_correct,
  created_at,
  updated_at
) VALUES (
  gen_random_uuid(),
  3,
  'ade07eea-d7f9-41fb-83e2-cff497d38977',
  'Speak the presentation out loud and improvise. Test turns of phrases, identify key points that you want to make for each phrase',
  false,
  NOW(),
  NOW()
) ON CONFLICT DO NOTHING; -- Skip if the option already exists

-- Insert option 5 for question 6
INSERT INTO payload.quiz_questions_options (
  id,
  _order,
  _parent_id,
  text,
  is_correct,
  created_at,
  updated_at
) VALUES (
  gen_random_uuid(),
  4,
  'ade07eea-d7f9-41fb-83e2-cff497d38977',
  'Write down the verbal voice over and create a formal script',
  false,
  NOW(),
  NOW()
) ON CONFLICT DO NOTHING; -- Skip if the option already exists

-- Insert option 6 for question 6
INSERT INTO payload.quiz_questions_options (
  id,
  _order,
  _parent_id,
  text,
  is_correct,
  created_at,
  updated_at
) VALUES (
  gen_random_uuid(),
  5,
  'ade07eea-d7f9-41fb-83e2-cff497d38977',
  'Test the length of the presentation. Revise the deck, eliminating or combining slide ideas',
  false,
  NOW(),
  NOW()
) ON CONFLICT DO NOTHING; -- Skip if the option already exists

-- Insert option 7 for question 6
INSERT INTO payload.quiz_questions_options (
  id,
  _order,
  _parent_id,
  text,
  is_correct,
  created_at,
  updated_at
) VALUES (
  gen_random_uuid(),
  6,
  'ade07eea-d7f9-41fb-83e2-cff497d38977',
  'Run through the script a few more times and the put it aside',
  false,
  NOW(),
  NOW()
) ON CONFLICT DO NOTHING; -- Skip if the option already exists

-- Create relationship entry for the question to the quiz
INSERT INTO payload.quiz_questions_rels (
  id,
  _parent_id,
  field,
  value,
  created_at,
  updated_at
) VALUES (
  gen_random_uuid(),
  'ade07eea-d7f9-41fb-83e2-cff497d38977',
  'quiz_id',
  'e139a34c-c089-493e-93ff-1f85162fec6d',
  NOW(),
  NOW()
) ON CONFLICT DO NOTHING; -- Skip if the relationship already exists

-- Create bidirectional relationship entry for the quiz to the question
INSERT INTO payload.course_quizzes_rels (
  id,
  _parent_id,
  field,
  value,
  created_at,
  updated_at
) VALUES (
  gen_random_uuid(),
  'e139a34c-c089-493e-93ff-1f85162fec6d',
  'questions',
  'ade07eea-d7f9-41fb-83e2-cff497d38977',
  NOW(),
  NOW()
) ON CONFLICT DO NOTHING; -- Skip if the relationship already exists

-- Insert question 7 for quiz: Perparation & Practice Quiz
INSERT INTO payload.quiz_questions (
  id,
  question,
  quiz_id,
  quiz_id_id, -- Duplicate field for compatibility
  type,
  explanation,
  "order",
  created_at,
  updated_at
) VALUES (
  '16f4c93d-74e1-4115-b210-8cde59c4436f', -- Generated UUID for the question
  'What is the sixth step of the recommended preparation process?',
  'e139a34c-c089-493e-93ff-1f85162fec6d', -- Quiz ID
  'e139a34c-c089-493e-93ff-1f85162fec6d', -- Quiz ID (duplicate)
  'single-answer',
  '',
  6,
  NOW(),
  NOW()
) ON CONFLICT (id) DO NOTHING; -- Skip if the question already exists

-- Insert option 1 for question 7
INSERT INTO payload.quiz_questions_options (
  id,
  _order,
  _parent_id,
  text,
  is_correct,
  created_at,
  updated_at
) VALUES (
  gen_random_uuid(),
  0,
  '16f4c93d-74e1-4115-b210-8cde59c4436f',
  'Get a good night sleep and review the script once, maybe twice before the presentation',
  false,
  NOW(),
  NOW()
) ON CONFLICT DO NOTHING; -- Skip if the option already exists

-- Insert option 2 for question 7
INSERT INTO payload.quiz_questions_options (
  id,
  _order,
  _parent_id,
  text,
  is_correct,
  created_at,
  updated_at
) VALUES (
  gen_random_uuid(),
  1,
  '16f4c93d-74e1-4115-b210-8cde59c4436f',
  'Present to someone else. Get feedback',
  false,
  NOW(),
  NOW()
) ON CONFLICT DO NOTHING; -- Skip if the option already exists

-- Insert option 3 for question 7
INSERT INTO payload.quiz_questions_options (
  id,
  _order,
  _parent_id,
  text,
  is_correct,
  created_at,
  updated_at
) VALUES (
  gen_random_uuid(),
  2,
  '16f4c93d-74e1-4115-b210-8cde59c4436f',
  'Run through the presentation two or three time working on length, simplifying language, and identifying likely questions',
  false,
  NOW(),
  NOW()
) ON CONFLICT DO NOTHING; -- Skip if the option already exists

-- Insert option 4 for question 7
INSERT INTO payload.quiz_questions_options (
  id,
  _order,
  _parent_id,
  text,
  is_correct,
  created_at,
  updated_at
) VALUES (
  gen_random_uuid(),
  3,
  '16f4c93d-74e1-4115-b210-8cde59c4436f',
  'Speak the presentation out loud and improvise. Test turns of phrases, identify key points that you want to make for each phrase',
  false,
  NOW(),
  NOW()
) ON CONFLICT DO NOTHING; -- Skip if the option already exists

-- Insert option 5 for question 7
INSERT INTO payload.quiz_questions_options (
  id,
  _order,
  _parent_id,
  text,
  is_correct,
  created_at,
  updated_at
) VALUES (
  gen_random_uuid(),
  4,
  '16f4c93d-74e1-4115-b210-8cde59c4436f',
  'Write down the verbal voice over and create a formal script',
  false,
  NOW(),
  NOW()
) ON CONFLICT DO NOTHING; -- Skip if the option already exists

-- Insert option 6 for question 7
INSERT INTO payload.quiz_questions_options (
  id,
  _order,
  _parent_id,
  text,
  is_correct,
  created_at,
  updated_at
) VALUES (
  gen_random_uuid(),
  5,
  '16f4c93d-74e1-4115-b210-8cde59c4436f',
  'Test the length of the presentation. Revise the deck, eliminating or combining slide ideas',
  false,
  NOW(),
  NOW()
) ON CONFLICT DO NOTHING; -- Skip if the option already exists

-- Insert option 7 for question 7
INSERT INTO payload.quiz_questions_options (
  id,
  _order,
  _parent_id,
  text,
  is_correct,
  created_at,
  updated_at
) VALUES (
  gen_random_uuid(),
  6,
  '16f4c93d-74e1-4115-b210-8cde59c4436f',
  'Run through the script a few more times and the put it aside',
  true,
  NOW(),
  NOW()
) ON CONFLICT DO NOTHING; -- Skip if the option already exists

-- Create relationship entry for the question to the quiz
INSERT INTO payload.quiz_questions_rels (
  id,
  _parent_id,
  field,
  value,
  created_at,
  updated_at
) VALUES (
  gen_random_uuid(),
  '16f4c93d-74e1-4115-b210-8cde59c4436f',
  'quiz_id',
  'e139a34c-c089-493e-93ff-1f85162fec6d',
  NOW(),
  NOW()
) ON CONFLICT DO NOTHING; -- Skip if the relationship already exists

-- Create bidirectional relationship entry for the quiz to the question
INSERT INTO payload.course_quizzes_rels (
  id,
  _parent_id,
  field,
  value,
  created_at,
  updated_at
) VALUES (
  gen_random_uuid(),
  'e139a34c-c089-493e-93ff-1f85162fec6d',
  'questions',
  '16f4c93d-74e1-4115-b210-8cde59c4436f',
  NOW(),
  NOW()
) ON CONFLICT DO NOTHING; -- Skip if the relationship already exists

-- Insert question 8 for quiz: Perparation & Practice Quiz
INSERT INTO payload.quiz_questions (
  id,
  question,
  quiz_id,
  quiz_id_id, -- Duplicate field for compatibility
  type,
  explanation,
  "order",
  created_at,
  updated_at
) VALUES (
  'cf88767f-6f8e-404c-b353-ff2a42cea5fa', -- Generated UUID for the question
  'What is the seventh step of the recommended preparation process?',
  'e139a34c-c089-493e-93ff-1f85162fec6d', -- Quiz ID
  'e139a34c-c089-493e-93ff-1f85162fec6d', -- Quiz ID (duplicate)
  'single-answer',
  '',
  7,
  NOW(),
  NOW()
) ON CONFLICT (id) DO NOTHING; -- Skip if the question already exists

-- Insert option 1 for question 8
INSERT INTO payload.quiz_questions_options (
  id,
  _order,
  _parent_id,
  text,
  is_correct,
  created_at,
  updated_at
) VALUES (
  gen_random_uuid(),
  0,
  'cf88767f-6f8e-404c-b353-ff2a42cea5fa',
  'Get a good night sleep and review the script once, maybe twice before the presentation',
  true,
  NOW(),
  NOW()
) ON CONFLICT DO NOTHING; -- Skip if the option already exists

-- Insert option 2 for question 8
INSERT INTO payload.quiz_questions_options (
  id,
  _order,
  _parent_id,
  text,
  is_correct,
  created_at,
  updated_at
) VALUES (
  gen_random_uuid(),
  1,
  'cf88767f-6f8e-404c-b353-ff2a42cea5fa',
  'Present to someone else. Get feedback',
  false,
  NOW(),
  NOW()
) ON CONFLICT DO NOTHING; -- Skip if the option already exists

-- Insert option 3 for question 8
INSERT INTO payload.quiz_questions_options (
  id,
  _order,
  _parent_id,
  text,
  is_correct,
  created_at,
  updated_at
) VALUES (
  gen_random_uuid(),
  2,
  'cf88767f-6f8e-404c-b353-ff2a42cea5fa',
  'Run through the presentation two or three time working on length, simplifying language, and identifying likely questions',
  false,
  NOW(),
  NOW()
) ON CONFLICT DO NOTHING; -- Skip if the option already exists

-- Insert option 4 for question 8
INSERT INTO payload.quiz_questions_options (
  id,
  _order,
  _parent_id,
  text,
  is_correct,
  created_at,
  updated_at
) VALUES (
  gen_random_uuid(),
  3,
  'cf88767f-6f8e-404c-b353-ff2a42cea5fa',
  'Speak the presentation out loud and improvise. Test turns of phrases, identify key points that you want to make for each phrase',
  false,
  NOW(),
  NOW()
) ON CONFLICT DO NOTHING; -- Skip if the option already exists

-- Insert option 5 for question 8
INSERT INTO payload.quiz_questions_options (
  id,
  _order,
  _parent_id,
  text,
  is_correct,
  created_at,
  updated_at
) VALUES (
  gen_random_uuid(),
  4,
  'cf88767f-6f8e-404c-b353-ff2a42cea5fa',
  'Write down the verbal voice over and create a formal script',
  false,
  NOW(),
  NOW()
) ON CONFLICT DO NOTHING; -- Skip if the option already exists

-- Insert option 6 for question 8
INSERT INTO payload.quiz_questions_options (
  id,
  _order,
  _parent_id,
  text,
  is_correct,
  created_at,
  updated_at
) VALUES (
  gen_random_uuid(),
  5,
  'cf88767f-6f8e-404c-b353-ff2a42cea5fa',
  'Test the length of the presentation. Revise the deck, eliminating or combining slide ideas',
  false,
  NOW(),
  NOW()
) ON CONFLICT DO NOTHING; -- Skip if the option already exists

-- Insert option 7 for question 8
INSERT INTO payload.quiz_questions_options (
  id,
  _order,
  _parent_id,
  text,
  is_correct,
  created_at,
  updated_at
) VALUES (
  gen_random_uuid(),
  6,
  'cf88767f-6f8e-404c-b353-ff2a42cea5fa',
  'Run through the script a few more times and the put it aside',
  false,
  NOW(),
  NOW()
) ON CONFLICT DO NOTHING; -- Skip if the option already exists

-- Create relationship entry for the question to the quiz
INSERT INTO payload.quiz_questions_rels (
  id,
  _parent_id,
  field,
  value,
  created_at,
  updated_at
) VALUES (
  gen_random_uuid(),
  'cf88767f-6f8e-404c-b353-ff2a42cea5fa',
  'quiz_id',
  'e139a34c-c089-493e-93ff-1f85162fec6d',
  NOW(),
  NOW()
) ON CONFLICT DO NOTHING; -- Skip if the relationship already exists

-- Create bidirectional relationship entry for the quiz to the question
INSERT INTO payload.course_quizzes_rels (
  id,
  _parent_id,
  field,
  value,
  created_at,
  updated_at
) VALUES (
  gen_random_uuid(),
  'e139a34c-c089-493e-93ff-1f85162fec6d',
  'questions',
  'cf88767f-6f8e-404c-b353-ff2a42cea5fa',
  NOW(),
  NOW()
) ON CONFLICT DO NOTHING; -- Skip if the relationship already exists

-- Questions for quiz: Slide Composition Quiz (slide-composition-quiz, ID: d031754e-7eae-40d4-9a3f-9fb29cf5f93f)
-- Insert question 1 for quiz: Slide Composition Quiz
INSERT INTO payload.quiz_questions (
  id,
  question,
  quiz_id,
  quiz_id_id, -- Duplicate field for compatibility
  type,
  explanation,
  "order",
  created_at,
  updated_at
) VALUES (
  '871bce4b-f68c-46e8-9a5d-74452a10acb7', -- Generated UUID for the question
  'What goes in the headline?',
  'd031754e-7eae-40d4-9a3f-9fb29cf5f93f', -- Quiz ID
  'd031754e-7eae-40d4-9a3f-9fb29cf5f93f', -- Quiz ID (duplicate)
  'single-answer',
  '',
  0,
  NOW(),
  NOW()
) ON CONFLICT (id) DO NOTHING; -- Skip if the question already exists

-- Insert option 1 for question 1
INSERT INTO payload.quiz_questions_options (
  id,
  _order,
  _parent_id,
  text,
  is_correct,
  created_at,
  updated_at
) VALUES (
  gen_random_uuid(),
  0,
  '871bce4b-f68c-46e8-9a5d-74452a10acb7',
  'Your footnotes',
  false,
  NOW(),
  NOW()
) ON CONFLICT DO NOTHING; -- Skip if the option already exists

-- Insert option 2 for question 1
INSERT INTO payload.quiz_questions_options (
  id,
  _order,
  _parent_id,
  text,
  is_correct,
  created_at,
  updated_at
) VALUES (
  gen_random_uuid(),
  1,
  '871bce4b-f68c-46e8-9a5d-74452a10acb7',
  'Your voice-over script',
  false,
  NOW(),
  NOW()
) ON CONFLICT DO NOTHING; -- Skip if the option already exists

-- Insert option 3 for question 1
INSERT INTO payload.quiz_questions_options (
  id,
  _order,
  _parent_id,
  text,
  is_correct,
  created_at,
  updated_at
) VALUES (
  gen_random_uuid(),
  2,
  '871bce4b-f68c-46e8-9a5d-74452a10acb7',
  'Your slide title',
  false,
  NOW(),
  NOW()
) ON CONFLICT DO NOTHING; -- Skip if the option already exists

-- Insert option 4 for question 1
INSERT INTO payload.quiz_questions_options (
  id,
  _order,
  _parent_id,
  text,
  is_correct,
  created_at,
  updated_at
) VALUES (
  gen_random_uuid(),
  3,
  '871bce4b-f68c-46e8-9a5d-74452a10acb7',
  'The main message of the slide',
  true,
  NOW(),
  NOW()
) ON CONFLICT DO NOTHING; -- Skip if the option already exists

-- Create relationship entry for the question to the quiz
INSERT INTO payload.quiz_questions_rels (
  id,
  _parent_id,
  field,
  value,
  created_at,
  updated_at
) VALUES (
  gen_random_uuid(),
  '871bce4b-f68c-46e8-9a5d-74452a10acb7',
  'quiz_id',
  'd031754e-7eae-40d4-9a3f-9fb29cf5f93f',
  NOW(),
  NOW()
) ON CONFLICT DO NOTHING; -- Skip if the relationship already exists

-- Create bidirectional relationship entry for the quiz to the question
INSERT INTO payload.course_quizzes_rels (
  id,
  _parent_id,
  field,
  value,
  created_at,
  updated_at
) VALUES (
  gen_random_uuid(),
  'd031754e-7eae-40d4-9a3f-9fb29cf5f93f',
  'questions',
  '871bce4b-f68c-46e8-9a5d-74452a10acb7',
  NOW(),
  NOW()
) ON CONFLICT DO NOTHING; -- Skip if the relationship already exists

-- Insert question 2 for quiz: Slide Composition Quiz
INSERT INTO payload.quiz_questions (
  id,
  question,
  quiz_id,
  quiz_id_id, -- Duplicate field for compatibility
  type,
  explanation,
  "order",
  created_at,
  updated_at
) VALUES (
  'a672d7f2-2334-4ed3-bc29-7745d9425b5d', -- Generated UUID for the question
  'What goes in the body of the slide?',
  'd031754e-7eae-40d4-9a3f-9fb29cf5f93f', -- Quiz ID
  'd031754e-7eae-40d4-9a3f-9fb29cf5f93f', -- Quiz ID (duplicate)
  'single-answer',
  '',
  1,
  NOW(),
  NOW()
) ON CONFLICT (id) DO NOTHING; -- Skip if the question already exists

-- Insert option 1 for question 2
INSERT INTO payload.quiz_questions_options (
  id,
  _order,
  _parent_id,
  text,
  is_correct,
  created_at,
  updated_at
) VALUES (
  gen_random_uuid(),
  0,
  'a672d7f2-2334-4ed3-bc29-7745d9425b5d',
  'The supporting evidence that supports the main message',
  true,
  NOW(),
  NOW()
) ON CONFLICT DO NOTHING; -- Skip if the option already exists

-- Insert option 2 for question 2
INSERT INTO payload.quiz_questions_options (
  id,
  _order,
  _parent_id,
  text,
  is_correct,
  created_at,
  updated_at
) VALUES (
  gen_random_uuid(),
  1,
  'a672d7f2-2334-4ed3-bc29-7745d9425b5d',
  'Text',
  false,
  NOW(),
  NOW()
) ON CONFLICT DO NOTHING; -- Skip if the option already exists

-- Insert option 3 for question 2
INSERT INTO payload.quiz_questions_options (
  id,
  _order,
  _parent_id,
  text,
  is_correct,
  created_at,
  updated_at
) VALUES (
  gen_random_uuid(),
  2,
  'a672d7f2-2334-4ed3-bc29-7745d9425b5d',
  'Charts',
  false,
  NOW(),
  NOW()
) ON CONFLICT DO NOTHING; -- Skip if the option already exists

-- Insert option 4 for question 2
INSERT INTO payload.quiz_questions_options (
  id,
  _order,
  _parent_id,
  text,
  is_correct,
  created_at,
  updated_at
) VALUES (
  gen_random_uuid(),
  3,
  'a672d7f2-2334-4ed3-bc29-7745d9425b5d',
  'Clip art',
  false,
  NOW(),
  NOW()
) ON CONFLICT DO NOTHING; -- Skip if the option already exists

-- Create relationship entry for the question to the quiz
INSERT INTO payload.quiz_questions_rels (
  id,
  _parent_id,
  field,
  value,
  created_at,
  updated_at
) VALUES (
  gen_random_uuid(),
  'a672d7f2-2334-4ed3-bc29-7745d9425b5d',
  'quiz_id',
  'd031754e-7eae-40d4-9a3f-9fb29cf5f93f',
  NOW(),
  NOW()
) ON CONFLICT DO NOTHING; -- Skip if the relationship already exists

-- Create bidirectional relationship entry for the quiz to the question
INSERT INTO payload.course_quizzes_rels (
  id,
  _parent_id,
  field,
  value,
  created_at,
  updated_at
) VALUES (
  gen_random_uuid(),
  'd031754e-7eae-40d4-9a3f-9fb29cf5f93f',
  'questions',
  'a672d7f2-2334-4ed3-bc29-7745d9425b5d',
  NOW(),
  NOW()
) ON CONFLICT DO NOTHING; -- Skip if the relationship already exists

-- Insert question 3 for quiz: Slide Composition Quiz
INSERT INTO payload.quiz_questions (
  id,
  question,
  quiz_id,
  quiz_id_id, -- Duplicate field for compatibility
  type,
  explanation,
  "order",
  created_at,
  updated_at
) VALUES (
  '83b7b839-da45-4cf3-a470-91236f13adae', -- Generated UUID for the question
  'What is a swipe file?',
  'd031754e-7eae-40d4-9a3f-9fb29cf5f93f', -- Quiz ID
  'd031754e-7eae-40d4-9a3f-9fb29cf5f93f', -- Quiz ID (duplicate)
  'single-answer',
  '',
  2,
  NOW(),
  NOW()
) ON CONFLICT (id) DO NOTHING; -- Skip if the question already exists

-- Insert option 1 for question 3
INSERT INTO payload.quiz_questions_options (
  id,
  _order,
  _parent_id,
  text,
  is_correct,
  created_at,
  updated_at
) VALUES (
  gen_random_uuid(),
  0,
  '83b7b839-da45-4cf3-a470-91236f13adae',
  'Collection of useful slide designs and frameworks that you can utilize for inspiration',
  true,
  NOW(),
  NOW()
) ON CONFLICT DO NOTHING; -- Skip if the option already exists

-- Insert option 2 for question 3
INSERT INTO payload.quiz_questions_options (
  id,
  _order,
  _parent_id,
  text,
  is_correct,
  created_at,
  updated_at
) VALUES (
  gen_random_uuid(),
  1,
  '83b7b839-da45-4cf3-a470-91236f13adae',
  'Hacker code to get free templates',
  false,
  NOW(),
  NOW()
) ON CONFLICT DO NOTHING; -- Skip if the option already exists

-- Insert option 3 for question 3
INSERT INTO payload.quiz_questions_options (
  id,
  _order,
  _parent_id,
  text,
  is_correct,
  created_at,
  updated_at
) VALUES (
  gen_random_uuid(),
  2,
  '83b7b839-da45-4cf3-a470-91236f13adae',
  'Where you store illicit data',
  false,
  NOW(),
  NOW()
) ON CONFLICT DO NOTHING; -- Skip if the option already exists

-- Insert option 4 for question 3
INSERT INTO payload.quiz_questions_options (
  id,
  _order,
  _parent_id,
  text,
  is_correct,
  created_at,
  updated_at
) VALUES (
  gen_random_uuid(),
  3,
  '83b7b839-da45-4cf3-a470-91236f13adae',
  'Another name for a garbage can',
  false,
  NOW(),
  NOW()
) ON CONFLICT DO NOTHING; -- Skip if the option already exists

-- Create relationship entry for the question to the quiz
INSERT INTO payload.quiz_questions_rels (
  id,
  _parent_id,
  field,
  value,
  created_at,
  updated_at
) VALUES (
  gen_random_uuid(),
  '83b7b839-da45-4cf3-a470-91236f13adae',
  'quiz_id',
  'd031754e-7eae-40d4-9a3f-9fb29cf5f93f',
  NOW(),
  NOW()
) ON CONFLICT DO NOTHING; -- Skip if the relationship already exists

-- Create bidirectional relationship entry for the quiz to the question
INSERT INTO payload.course_quizzes_rels (
  id,
  _parent_id,
  field,
  value,
  created_at,
  updated_at
) VALUES (
  gen_random_uuid(),
  'd031754e-7eae-40d4-9a3f-9fb29cf5f93f',
  'questions',
  '83b7b839-da45-4cf3-a470-91236f13adae',
  NOW(),
  NOW()
) ON CONFLICT DO NOTHING; -- Skip if the relationship already exists

-- Insert question 4 for quiz: Slide Composition Quiz
INSERT INTO payload.quiz_questions (
  id,
  question,
  quiz_id,
  quiz_id_id, -- Duplicate field for compatibility
  type,
  explanation,
  "order",
  created_at,
  updated_at
) VALUES (
  'c52029d4-3809-4574-ade1-5dc272e00e95', -- Generated UUID for the question
  'When is the best time to use clip art?',
  'd031754e-7eae-40d4-9a3f-9fb29cf5f93f', -- Quiz ID
  'd031754e-7eae-40d4-9a3f-9fb29cf5f93f', -- Quiz ID (duplicate)
  'single-answer',
  '',
  3,
  NOW(),
  NOW()
) ON CONFLICT (id) DO NOTHING; -- Skip if the question already exists

-- Insert option 1 for question 4
INSERT INTO payload.quiz_questions_options (
  id,
  _order,
  _parent_id,
  text,
  is_correct,
  created_at,
  updated_at
) VALUES (
  gen_random_uuid(),
  0,
  'c52029d4-3809-4574-ade1-5dc272e00e95',
  'Never',
  true,
  NOW(),
  NOW()
) ON CONFLICT DO NOTHING; -- Skip if the option already exists

-- Insert option 2 for question 4
INSERT INTO payload.quiz_questions_options (
  id,
  _order,
  _parent_id,
  text,
  is_correct,
  created_at,
  updated_at
) VALUES (
  gen_random_uuid(),
  1,
  'c52029d4-3809-4574-ade1-5dc272e00e95',
  'In marketing and sales presentations, but not in finance presentations',
  false,
  NOW(),
  NOW()
) ON CONFLICT DO NOTHING; -- Skip if the option already exists

-- Insert option 3 for question 4
INSERT INTO payload.quiz_questions_options (
  id,
  _order,
  _parent_id,
  text,
  is_correct,
  created_at,
  updated_at
) VALUES (
  gen_random_uuid(),
  2,
  'c52029d4-3809-4574-ade1-5dc272e00e95',
  'No restrictions',
  false,
  NOW(),
  NOW()
) ON CONFLICT DO NOTHING; -- Skip if the option already exists

-- Insert option 4 for question 4
INSERT INTO payload.quiz_questions_options (
  id,
  _order,
  _parent_id,
  text,
  is_correct,
  created_at,
  updated_at
) VALUES (
  gen_random_uuid(),
  3,
  'c52029d4-3809-4574-ade1-5dc272e00e95',
  'When the clip art is of a cute cat',
  false,
  NOW(),
  NOW()
) ON CONFLICT DO NOTHING; -- Skip if the option already exists

-- Create relationship entry for the question to the quiz
INSERT INTO payload.quiz_questions_rels (
  id,
  _parent_id,
  field,
  value,
  created_at,
  updated_at
) VALUES (
  gen_random_uuid(),
  'c52029d4-3809-4574-ade1-5dc272e00e95',
  'quiz_id',
  'd031754e-7eae-40d4-9a3f-9fb29cf5f93f',
  NOW(),
  NOW()
) ON CONFLICT DO NOTHING; -- Skip if the relationship already exists

-- Create bidirectional relationship entry for the quiz to the question
INSERT INTO payload.course_quizzes_rels (
  id,
  _parent_id,
  field,
  value,
  created_at,
  updated_at
) VALUES (
  gen_random_uuid(),
  'd031754e-7eae-40d4-9a3f-9fb29cf5f93f',
  'questions',
  'c52029d4-3809-4574-ade1-5dc272e00e95',
  NOW(),
  NOW()
) ON CONFLICT DO NOTHING; -- Skip if the relationship already exists

-- Insert question 5 for quiz: Slide Composition Quiz
INSERT INTO payload.quiz_questions (
  id,
  question,
  quiz_id,
  quiz_id_id, -- Duplicate field for compatibility
  type,
  explanation,
  "order",
  created_at,
  updated_at
) VALUES (
  'c91a5288-1555-44bd-a77d-eeb493485a12', -- Generated UUID for the question
  'What elements can be repeated on all slides?',
  'd031754e-7eae-40d4-9a3f-9fb29cf5f93f', -- Quiz ID
  'd031754e-7eae-40d4-9a3f-9fb29cf5f93f', -- Quiz ID (duplicate)
  'multi-answer',
  '',
  4,
  NOW(),
  NOW()
) ON CONFLICT (id) DO NOTHING; -- Skip if the question already exists

-- Insert option 1 for question 5
INSERT INTO payload.quiz_questions_options (
  id,
  _order,
  _parent_id,
  text,
  is_correct,
  created_at,
  updated_at
) VALUES (
  gen_random_uuid(),
  0,
  'c91a5288-1555-44bd-a77d-eeb493485a12',
  'Company logo',
  false,
  NOW(),
  NOW()
) ON CONFLICT DO NOTHING; -- Skip if the option already exists

-- Insert option 2 for question 5
INSERT INTO payload.quiz_questions_options (
  id,
  _order,
  _parent_id,
  text,
  is_correct,
  created_at,
  updated_at
) VALUES (
  gen_random_uuid(),
  1,
  'c91a5288-1555-44bd-a77d-eeb493485a12',
  'Location for a headline',
  true,
  NOW(),
  NOW()
) ON CONFLICT DO NOTHING; -- Skip if the option already exists

-- Insert option 3 for question 5
INSERT INTO payload.quiz_questions_options (
  id,
  _order,
  _parent_id,
  text,
  is_correct,
  created_at,
  updated_at
) VALUES (
  gen_random_uuid(),
  2,
  'c91a5288-1555-44bd-a77d-eeb493485a12',
  'Location for footnotes',
  true,
  NOW(),
  NOW()
) ON CONFLICT DO NOTHING; -- Skip if the option already exists

-- Insert option 4 for question 5
INSERT INTO payload.quiz_questions_options (
  id,
  _order,
  _parent_id,
  text,
  is_correct,
  created_at,
  updated_at
) VALUES (
  gen_random_uuid(),
  3,
  'c91a5288-1555-44bd-a77d-eeb493485a12',
  'Trademark and confidentiality messages',
  false,
  NOW(),
  NOW()
) ON CONFLICT DO NOTHING; -- Skip if the option already exists

-- Insert option 5 for question 5
INSERT INTO payload.quiz_questions_options (
  id,
  _order,
  _parent_id,
  text,
  is_correct,
  created_at,
  updated_at
) VALUES (
  gen_random_uuid(),
  4,
  'c91a5288-1555-44bd-a77d-eeb493485a12',
  'Banners',
  false,
  NOW(),
  NOW()
) ON CONFLICT DO NOTHING; -- Skip if the option already exists

-- Insert option 6 for question 5
INSERT INTO payload.quiz_questions_options (
  id,
  _order,
  _parent_id,
  text,
  is_correct,
  created_at,
  updated_at
) VALUES (
  gen_random_uuid(),
  5,
  'c91a5288-1555-44bd-a77d-eeb493485a12',
  'Location  for page numbers',
  true,
  NOW(),
  NOW()
) ON CONFLICT DO NOTHING; -- Skip if the option already exists

-- Create relationship entry for the question to the quiz
INSERT INTO payload.quiz_questions_rels (
  id,
  _parent_id,
  field,
  value,
  created_at,
  updated_at
) VALUES (
  gen_random_uuid(),
  'c91a5288-1555-44bd-a77d-eeb493485a12',
  'quiz_id',
  'd031754e-7eae-40d4-9a3f-9fb29cf5f93f',
  NOW(),
  NOW()
) ON CONFLICT DO NOTHING; -- Skip if the relationship already exists

-- Create bidirectional relationship entry for the quiz to the question
INSERT INTO payload.course_quizzes_rels (
  id,
  _parent_id,
  field,
  value,
  created_at,
  updated_at
) VALUES (
  gen_random_uuid(),
  'd031754e-7eae-40d4-9a3f-9fb29cf5f93f',
  'questions',
  'c91a5288-1555-44bd-a77d-eeb493485a12',
  NOW(),
  NOW()
) ON CONFLICT DO NOTHING; -- Skip if the relationship already exists

-- Questions for quiz: Specialist Graphs Quiz (specialist-graphs-quiz, ID: 37d9c0b2-f1e0-4f90-8ad3-c9ca4e5ccd62)
-- Insert question 1 for quiz: Specialist Graphs Quiz
INSERT INTO payload.quiz_questions (
  id,
  question,
  quiz_id,
  quiz_id_id, -- Duplicate field for compatibility
  type,
  explanation,
  "order",
  created_at,
  updated_at
) VALUES (
  '4d5fd15b-0f2e-4cdc-bc95-405e4212b3af', -- Generated UUID for the question
  'What do we use Tornado diagrams for?',
  '37d9c0b2-f1e0-4f90-8ad3-c9ca4e5ccd62', -- Quiz ID
  '37d9c0b2-f1e0-4f90-8ad3-c9ca4e5ccd62', -- Quiz ID (duplicate)
  'single-answer',
  '',
  0,
  NOW(),
  NOW()
) ON CONFLICT (id) DO NOTHING; -- Skip if the question already exists

-- Insert option 1 for question 1
INSERT INTO payload.quiz_questions_options (
  id,
  _order,
  _parent_id,
  text,
  is_correct,
  created_at,
  updated_at
) VALUES (
  gen_random_uuid(),
  0,
  '4d5fd15b-0f2e-4cdc-bc95-405e4212b3af',
  'Composition of markets',
  false,
  NOW(),
  NOW()
) ON CONFLICT DO NOTHING; -- Skip if the option already exists

-- Insert option 2 for question 1
INSERT INTO payload.quiz_questions_options (
  id,
  _order,
  _parent_id,
  text,
  is_correct,
  created_at,
  updated_at
) VALUES (
  gen_random_uuid(),
  1,
  '4d5fd15b-0f2e-4cdc-bc95-405e4212b3af',
  'Nominal comparison',
  false,
  NOW(),
  NOW()
) ON CONFLICT DO NOTHING; -- Skip if the option already exists

-- Insert option 3 for question 1
INSERT INTO payload.quiz_questions_options (
  id,
  _order,
  _parent_id,
  text,
  is_correct,
  created_at,
  updated_at
) VALUES (
  gen_random_uuid(),
  2,
  '4d5fd15b-0f2e-4cdc-bc95-405e4212b3af',
  'Sensitivity analysis',
  true,
  NOW(),
  NOW()
) ON CONFLICT DO NOTHING; -- Skip if the option already exists

-- Insert option 4 for question 1
INSERT INTO payload.quiz_questions_options (
  id,
  _order,
  _parent_id,
  text,
  is_correct,
  created_at,
  updated_at
) VALUES (
  gen_random_uuid(),
  3,
  '4d5fd15b-0f2e-4cdc-bc95-405e4212b3af',
  'To display how several variables change over time',
  false,
  NOW(),
  NOW()
) ON CONFLICT DO NOTHING; -- Skip if the option already exists

-- Create relationship entry for the question to the quiz
INSERT INTO payload.quiz_questions_rels (
  id,
  _parent_id,
  field,
  value,
  created_at,
  updated_at
) VALUES (
  gen_random_uuid(),
  '4d5fd15b-0f2e-4cdc-bc95-405e4212b3af',
  'quiz_id',
  '37d9c0b2-f1e0-4f90-8ad3-c9ca4e5ccd62',
  NOW(),
  NOW()
) ON CONFLICT DO NOTHING; -- Skip if the relationship already exists

-- Create bidirectional relationship entry for the quiz to the question
INSERT INTO payload.course_quizzes_rels (
  id,
  _parent_id,
  field,
  value,
  created_at,
  updated_at
) VALUES (
  gen_random_uuid(),
  '37d9c0b2-f1e0-4f90-8ad3-c9ca4e5ccd62',
  'questions',
  '4d5fd15b-0f2e-4cdc-bc95-405e4212b3af',
  NOW(),
  NOW()
) ON CONFLICT DO NOTHING; -- Skip if the relationship already exists

-- Insert question 2 for quiz: Specialist Graphs Quiz
INSERT INTO payload.quiz_questions (
  id,
  question,
  quiz_id,
  quiz_id_id, -- Duplicate field for compatibility
  type,
  explanation,
  "order",
  created_at,
  updated_at
) VALUES (
  '4ddf9daa-8e7f-4d39-ad0b-87ea6b8341b9', -- Generated UUID for the question
  'When do we use a Bubble Chart?',
  '37d9c0b2-f1e0-4f90-8ad3-c9ca4e5ccd62', -- Quiz ID
  '37d9c0b2-f1e0-4f90-8ad3-c9ca4e5ccd62', -- Quiz ID (duplicate)
  'single-answer',
  '',
  1,
  NOW(),
  NOW()
) ON CONFLICT (id) DO NOTHING; -- Skip if the question already exists

-- Insert option 1 for question 2
INSERT INTO payload.quiz_questions_options (
  id,
  _order,
  _parent_id,
  text,
  is_correct,
  created_at,
  updated_at
) VALUES (
  gen_random_uuid(),
  0,
  '4ddf9daa-8e7f-4d39-ad0b-87ea6b8341b9',
  'For nominal comparisons',
  false,
  NOW(),
  NOW()
) ON CONFLICT DO NOTHING; -- Skip if the option already exists

-- Insert option 2 for question 2
INSERT INTO payload.quiz_questions_options (
  id,
  _order,
  _parent_id,
  text,
  is_correct,
  created_at,
  updated_at
) VALUES (
  gen_random_uuid(),
  1,
  '4ddf9daa-8e7f-4d39-ad0b-87ea6b8341b9',
  'When your scatter plot is ugly',
  false,
  NOW(),
  NOW()
) ON CONFLICT DO NOTHING; -- Skip if the option already exists

-- Insert option 3 for question 2
INSERT INTO payload.quiz_questions_options (
  id,
  _order,
  _parent_id,
  text,
  is_correct,
  created_at,
  updated_at
) VALUES (
  gen_random_uuid(),
  2,
  '4ddf9daa-8e7f-4d39-ad0b-87ea6b8341b9',
  'When you want to show three variables',
  true,
  NOW(),
  NOW()
) ON CONFLICT DO NOTHING; -- Skip if the option already exists

-- Insert option 4 for question 2
INSERT INTO payload.quiz_questions_options (
  id,
  _order,
  _parent_id,
  text,
  is_correct,
  created_at,
  updated_at
) VALUES (
  gen_random_uuid(),
  3,
  '4ddf9daa-8e7f-4d39-ad0b-87ea6b8341b9',
  'To show a time series',
  false,
  NOW(),
  NOW()
) ON CONFLICT DO NOTHING; -- Skip if the option already exists

-- Create relationship entry for the question to the quiz
INSERT INTO payload.quiz_questions_rels (
  id,
  _parent_id,
  field,
  value,
  created_at,
  updated_at
) VALUES (
  gen_random_uuid(),
  '4ddf9daa-8e7f-4d39-ad0b-87ea6b8341b9',
  'quiz_id',
  '37d9c0b2-f1e0-4f90-8ad3-c9ca4e5ccd62',
  NOW(),
  NOW()
) ON CONFLICT DO NOTHING; -- Skip if the relationship already exists

-- Create bidirectional relationship entry for the quiz to the question
INSERT INTO payload.course_quizzes_rels (
  id,
  _parent_id,
  field,
  value,
  created_at,
  updated_at
) VALUES (
  gen_random_uuid(),
  '37d9c0b2-f1e0-4f90-8ad3-c9ca4e5ccd62',
  'questions',
  '4ddf9daa-8e7f-4d39-ad0b-87ea6b8341b9',
  NOW(),
  NOW()
) ON CONFLICT DO NOTHING; -- Skip if the relationship already exists

-- Insert question 3 for quiz: Specialist Graphs Quiz
INSERT INTO payload.quiz_questions (
  id,
  question,
  quiz_id,
  quiz_id_id, -- Duplicate field for compatibility
  type,
  explanation,
  "order",
  created_at,
  updated_at
) VALUES (
  'c4b92a88-eaee-4d8c-a548-2ed030eb3531', -- Generated UUID for the question
  'What chart types should we try and avoid using?',
  '37d9c0b2-f1e0-4f90-8ad3-c9ca4e5ccd62', -- Quiz ID
  '37d9c0b2-f1e0-4f90-8ad3-c9ca4e5ccd62', -- Quiz ID (duplicate)
  'multi-answer',
  '',
  2,
  NOW(),
  NOW()
) ON CONFLICT (id) DO NOTHING; -- Skip if the question already exists

-- Insert option 1 for question 3
INSERT INTO payload.quiz_questions_options (
  id,
  _order,
  _parent_id,
  text,
  is_correct,
  created_at,
  updated_at
) VALUES (
  gen_random_uuid(),
  0,
  'c4b92a88-eaee-4d8c-a548-2ed030eb3531',
  'Donut Chart',
  true,
  NOW(),
  NOW()
) ON CONFLICT DO NOTHING; -- Skip if the option already exists

-- Insert option 2 for question 3
INSERT INTO payload.quiz_questions_options (
  id,
  _order,
  _parent_id,
  text,
  is_correct,
  created_at,
  updated_at
) VALUES (
  gen_random_uuid(),
  1,
  'c4b92a88-eaee-4d8c-a548-2ed030eb3531',
  'Waterfall Chart',
  false,
  NOW(),
  NOW()
) ON CONFLICT DO NOTHING; -- Skip if the option already exists

-- Insert option 3 for question 3
INSERT INTO payload.quiz_questions_options (
  id,
  _order,
  _parent_id,
  text,
  is_correct,
  created_at,
  updated_at
) VALUES (
  gen_random_uuid(),
  2,
  'c4b92a88-eaee-4d8c-a548-2ed030eb3531',
  'Pie Chart',
  true,
  NOW(),
  NOW()
) ON CONFLICT DO NOTHING; -- Skip if the option already exists

-- Insert option 4 for question 3
INSERT INTO payload.quiz_questions_options (
  id,
  _order,
  _parent_id,
  text,
  is_correct,
  created_at,
  updated_at
) VALUES (
  gen_random_uuid(),
  3,
  'c4b92a88-eaee-4d8c-a548-2ed030eb3531',
  'Circle chart',
  true,
  NOW(),
  NOW()
) ON CONFLICT DO NOTHING; -- Skip if the option already exists

-- Insert option 5 for question 3
INSERT INTO payload.quiz_questions_options (
  id,
  _order,
  _parent_id,
  text,
  is_correct,
  created_at,
  updated_at
) VALUES (
  gen_random_uuid(),
  4,
  'c4b92a88-eaee-4d8c-a548-2ed030eb3531',
  'Anything 3-D',
  true,
  NOW(),
  NOW()
) ON CONFLICT DO NOTHING; -- Skip if the option already exists

-- Insert option 6 for question 3
INSERT INTO payload.quiz_questions_options (
  id,
  _order,
  _parent_id,
  text,
  is_correct,
  created_at,
  updated_at
) VALUES (
  gen_random_uuid(),
  5,
  'c4b92a88-eaee-4d8c-a548-2ed030eb3531',
  'Merimekko Chart',
  false,
  NOW(),
  NOW()
) ON CONFLICT DO NOTHING; -- Skip if the option already exists

-- Create relationship entry for the question to the quiz
INSERT INTO payload.quiz_questions_rels (
  id,
  _parent_id,
  field,
  value,
  created_at,
  updated_at
) VALUES (
  gen_random_uuid(),
  'c4b92a88-eaee-4d8c-a548-2ed030eb3531',
  'quiz_id',
  '37d9c0b2-f1e0-4f90-8ad3-c9ca4e5ccd62',
  NOW(),
  NOW()
) ON CONFLICT DO NOTHING; -- Skip if the relationship already exists

-- Create bidirectional relationship entry for the quiz to the question
INSERT INTO payload.course_quizzes_rels (
  id,
  _parent_id,
  field,
  value,
  created_at,
  updated_at
) VALUES (
  gen_random_uuid(),
  '37d9c0b2-f1e0-4f90-8ad3-c9ca4e5ccd62',
  'questions',
  'c4b92a88-eaee-4d8c-a548-2ed030eb3531',
  NOW(),
  NOW()
) ON CONFLICT DO NOTHING; -- Skip if the relationship already exists

-- Insert question 4 for quiz: Specialist Graphs Quiz
INSERT INTO payload.quiz_questions (
  id,
  question,
  quiz_id,
  quiz_id_id, -- Duplicate field for compatibility
  type,
  explanation,
  "order",
  created_at,
  updated_at
) VALUES (
  'cbba777f-e0a0-4661-9845-237b21aaabf4', -- Generated UUID for the question
  'What is the best use of a Waterfall Chart?',
  '37d9c0b2-f1e0-4f90-8ad3-c9ca4e5ccd62', -- Quiz ID
  '37d9c0b2-f1e0-4f90-8ad3-c9ca4e5ccd62', -- Quiz ID (duplicate)
  'single-answer',
  '',
  3,
  NOW(),
  NOW()
) ON CONFLICT (id) DO NOTHING; -- Skip if the question already exists

-- Insert option 1 for question 4
INSERT INTO payload.quiz_questions_options (
  id,
  _order,
  _parent_id,
  text,
  is_correct,
  created_at,
  updated_at
) VALUES (
  gen_random_uuid(),
  0,
  'cbba777f-e0a0-4661-9845-237b21aaabf4',
  'To show a time series',
  false,
  NOW(),
  NOW()
) ON CONFLICT DO NOTHING; -- Skip if the option already exists

-- Insert option 2 for question 4
INSERT INTO payload.quiz_questions_options (
  id,
  _order,
  _parent_id,
  text,
  is_correct,
  created_at,
  updated_at
) VALUES (
  gen_random_uuid(),
  1,
  'cbba777f-e0a0-4661-9845-237b21aaabf4',
  'To show how increases and decreases in a balance affect that balance over time',
  true,
  NOW(),
  NOW()
) ON CONFLICT DO NOTHING; -- Skip if the option already exists

-- Insert option 3 for question 4
INSERT INTO payload.quiz_questions_options (
  id,
  _order,
  _parent_id,
  text,
  is_correct,
  created_at,
  updated_at
) VALUES (
  gen_random_uuid(),
  2,
  'cbba777f-e0a0-4661-9845-237b21aaabf4',
  'To show a part-to-whole relationship',
  false,
  NOW(),
  NOW()
) ON CONFLICT DO NOTHING; -- Skip if the option already exists

-- Insert option 4 for question 4
INSERT INTO payload.quiz_questions_options (
  id,
  _order,
  _parent_id,
  text,
  is_correct,
  created_at,
  updated_at
) VALUES (
  gen_random_uuid(),
  3,
  'cbba777f-e0a0-4661-9845-237b21aaabf4',
  'As a fancy nominal comparison bar chart',
  false,
  NOW(),
  NOW()
) ON CONFLICT DO NOTHING; -- Skip if the option already exists

-- Create relationship entry for the question to the quiz
INSERT INTO payload.quiz_questions_rels (
  id,
  _parent_id,
  field,
  value,
  created_at,
  updated_at
) VALUES (
  gen_random_uuid(),
  'cbba777f-e0a0-4661-9845-237b21aaabf4',
  'quiz_id',
  '37d9c0b2-f1e0-4f90-8ad3-c9ca4e5ccd62',
  NOW(),
  NOW()
) ON CONFLICT DO NOTHING; -- Skip if the relationship already exists

-- Create bidirectional relationship entry for the quiz to the question
INSERT INTO payload.course_quizzes_rels (
  id,
  _parent_id,
  field,
  value,
  created_at,
  updated_at
) VALUES (
  gen_random_uuid(),
  '37d9c0b2-f1e0-4f90-8ad3-c9ca4e5ccd62',
  'questions',
  'cbba777f-e0a0-4661-9845-237b21aaabf4',
  NOW(),
  NOW()
) ON CONFLICT DO NOTHING; -- Skip if the relationship already exists

-- Insert question 5 for quiz: Specialist Graphs Quiz
INSERT INTO payload.quiz_questions (
  id,
  question,
  quiz_id,
  quiz_id_id, -- Duplicate field for compatibility
  type,
  explanation,
  "order",
  created_at,
  updated_at
) VALUES (
  '01d3a45f-a412-4ddb-9023-2eb7f544e831', -- Generated UUID for the question
  'What is one of the more common uses of a Marimekko Chart?',
  '37d9c0b2-f1e0-4f90-8ad3-c9ca4e5ccd62', -- Quiz ID
  '37d9c0b2-f1e0-4f90-8ad3-c9ca4e5ccd62', -- Quiz ID (duplicate)
  'single-answer',
  '',
  4,
  NOW(),
  NOW()
) ON CONFLICT (id) DO NOTHING; -- Skip if the question already exists

-- Insert option 1 for question 5
INSERT INTO payload.quiz_questions_options (
  id,
  _order,
  _parent_id,
  text,
  is_correct,
  created_at,
  updated_at
) VALUES (
  gen_random_uuid(),
  0,
  '01d3a45f-a412-4ddb-9023-2eb7f544e831',
  'To confuse our audience',
  false,
  NOW(),
  NOW()
) ON CONFLICT DO NOTHING; -- Skip if the option already exists

-- Insert option 2 for question 5
INSERT INTO payload.quiz_questions_options (
  id,
  _order,
  _parent_id,
  text,
  is_correct,
  created_at,
  updated_at
) VALUES (
  gen_random_uuid(),
  1,
  '01d3a45f-a412-4ddb-9023-2eb7f544e831',
  'To show a time series',
  false,
  NOW(),
  NOW()
) ON CONFLICT DO NOTHING; -- Skip if the option already exists

-- Insert option 3 for question 5
INSERT INTO payload.quiz_questions_options (
  id,
  _order,
  _parent_id,
  text,
  is_correct,
  created_at,
  updated_at
) VALUES (
  gen_random_uuid(),
  2,
  '01d3a45f-a412-4ddb-9023-2eb7f544e831',
  'To show data on the Finnish textile industry',
  false,
  NOW(),
  NOW()
) ON CONFLICT DO NOTHING; -- Skip if the option already exists

-- Insert option 4 for question 5
INSERT INTO payload.quiz_questions_options (
  id,
  _order,
  _parent_id,
  text,
  is_correct,
  created_at,
  updated_at
) VALUES (
  gen_random_uuid(),
  3,
  '01d3a45f-a412-4ddb-9023-2eb7f544e831',
  'To display the composition of markets',
  true,
  NOW(),
  NOW()
) ON CONFLICT DO NOTHING; -- Skip if the option already exists

-- Create relationship entry for the question to the quiz
INSERT INTO payload.quiz_questions_rels (
  id,
  _parent_id,
  field,
  value,
  created_at,
  updated_at
) VALUES (
  gen_random_uuid(),
  '01d3a45f-a412-4ddb-9023-2eb7f544e831',
  'quiz_id',
  '37d9c0b2-f1e0-4f90-8ad3-c9ca4e5ccd62',
  NOW(),
  NOW()
) ON CONFLICT DO NOTHING; -- Skip if the relationship already exists

-- Create bidirectional relationship entry for the quiz to the question
INSERT INTO payload.course_quizzes_rels (
  id,
  _parent_id,
  field,
  value,
  created_at,
  updated_at
) VALUES (
  gen_random_uuid(),
  '37d9c0b2-f1e0-4f90-8ad3-c9ca4e5ccd62',
  'questions',
  '01d3a45f-a412-4ddb-9023-2eb7f544e831',
  NOW(),
  NOW()
) ON CONFLICT DO NOTHING; -- Skip if the relationship already exists

-- Insert question 6 for quiz: Specialist Graphs Quiz
INSERT INTO payload.quiz_questions (
  id,
  question,
  quiz_id,
  quiz_id_id, -- Duplicate field for compatibility
  type,
  explanation,
  "order",
  created_at,
  updated_at
) VALUES (
  'e9b507cc-880e-4fe5-9e9e-d46c85931109', -- Generated UUID for the question
  'What are Motion Charts used for?',
  '37d9c0b2-f1e0-4f90-8ad3-c9ca4e5ccd62', -- Quiz ID
  '37d9c0b2-f1e0-4f90-8ad3-c9ca4e5ccd62', -- Quiz ID (duplicate)
  'single-answer',
  '',
  5,
  NOW(),
  NOW()
) ON CONFLICT (id) DO NOTHING; -- Skip if the question already exists

-- Insert option 1 for question 6
INSERT INTO payload.quiz_questions_options (
  id,
  _order,
  _parent_id,
  text,
  is_correct,
  created_at,
  updated_at
) VALUES (
  gen_random_uuid(),
  0,
  'e9b507cc-880e-4fe5-9e9e-d46c85931109',
  'To explore how several variables change over time',
  true,
  NOW(),
  NOW()
) ON CONFLICT DO NOTHING; -- Skip if the option already exists

-- Insert option 2 for question 6
INSERT INTO payload.quiz_questions_options (
  id,
  _order,
  _parent_id,
  text,
  is_correct,
  created_at,
  updated_at
) VALUES (
  gen_random_uuid(),
  1,
  'e9b507cc-880e-4fe5-9e9e-d46c85931109',
  'Sensitivity analysis',
  false,
  NOW(),
  NOW()
) ON CONFLICT DO NOTHING; -- Skip if the option already exists

-- Insert option 3 for question 6
INSERT INTO payload.quiz_questions_options (
  id,
  _order,
  _parent_id,
  text,
  is_correct,
  created_at,
  updated_at
) VALUES (
  gen_random_uuid(),
  2,
  'e9b507cc-880e-4fe5-9e9e-d46c85931109',
  'Nominal comparison',
  false,
  NOW(),
  NOW()
) ON CONFLICT DO NOTHING; -- Skip if the option already exists

-- Insert option 4 for question 6
INSERT INTO payload.quiz_questions_options (
  id,
  _order,
  _parent_id,
  text,
  is_correct,
  created_at,
  updated_at
) VALUES (
  gen_random_uuid(),
  3,
  'e9b507cc-880e-4fe5-9e9e-d46c85931109',
  'Composition of markets',
  false,
  NOW(),
  NOW()
) ON CONFLICT DO NOTHING; -- Skip if the option already exists

-- Create relationship entry for the question to the quiz
INSERT INTO payload.quiz_questions_rels (
  id,
  _parent_id,
  field,
  value,
  created_at,
  updated_at
) VALUES (
  gen_random_uuid(),
  'e9b507cc-880e-4fe5-9e9e-d46c85931109',
  'quiz_id',
  '37d9c0b2-f1e0-4f90-8ad3-c9ca4e5ccd62',
  NOW(),
  NOW()
) ON CONFLICT DO NOTHING; -- Skip if the relationship already exists

-- Create bidirectional relationship entry for the quiz to the question
INSERT INTO payload.course_quizzes_rels (
  id,
  _parent_id,
  field,
  value,
  created_at,
  updated_at
) VALUES (
  gen_random_uuid(),
  '37d9c0b2-f1e0-4f90-8ad3-c9ca4e5ccd62',
  'questions',
  'e9b507cc-880e-4fe5-9e9e-d46c85931109',
  NOW(),
  NOW()
) ON CONFLICT DO NOTHING; -- Skip if the relationship already exists

-- Questions for quiz: Storyboards in Film Quiz (storyboards-in-film-quiz, ID: 605b4cdd-d16b-485e-857d-85edf4c7a5f9)
-- Insert question 1 for quiz: Storyboards in Film Quiz
INSERT INTO payload.quiz_questions (
  id,
  question,
  quiz_id,
  quiz_id_id, -- Duplicate field for compatibility
  type,
  explanation,
  "order",
  created_at,
  updated_at
) VALUES (
  '3ae89056-2a63-44c5-8a8a-5023d6c131d5', -- Generated UUID for the question
  'What is a storyboard?',
  '605b4cdd-d16b-485e-857d-85edf4c7a5f9', -- Quiz ID
  '605b4cdd-d16b-485e-857d-85edf4c7a5f9', -- Quiz ID (duplicate)
  'multiple_choice',
  '',
  0,
  NOW(),
  NOW()
) ON CONFLICT (id) DO NOTHING; -- Skip if the question already exists

-- Insert option 1 for question 1
INSERT INTO payload.quiz_questions_options (
  id,
  _order,
  _parent_id,
  text,
  is_correct,
  created_at,
  updated_at
) VALUES (
  gen_random_uuid(),
  0,
  '3ae89056-2a63-44c5-8a8a-5023d6c131d5',
  'A blueprint of the movie',
  true,
  NOW(),
  NOW()
) ON CONFLICT DO NOTHING; -- Skip if the option already exists

-- Insert option 2 for question 1
INSERT INTO payload.quiz_questions_options (
  id,
  _order,
  _parent_id,
  text,
  is_correct,
  created_at,
  updated_at
) VALUES (
  gen_random_uuid(),
  1,
  '3ae89056-2a63-44c5-8a8a-5023d6c131d5',
  'A cardboard board to pin up cartoon drawings',
  false,
  NOW(),
  NOW()
) ON CONFLICT DO NOTHING; -- Skip if the option already exists

-- Insert option 3 for question 1
INSERT INTO payload.quiz_questions_options (
  id,
  _order,
  _parent_id,
  text,
  is_correct,
  created_at,
  updated_at
) VALUES (
  gen_random_uuid(),
  2,
  '3ae89056-2a63-44c5-8a8a-5023d6c131d5',
  'What happens when you are subject to a boring story',
  false,
  NOW(),
  NOW()
) ON CONFLICT DO NOTHING; -- Skip if the option already exists

-- Insert option 4 for question 1
INSERT INTO payload.quiz_questions_options (
  id,
  _order,
  _parent_id,
  text,
  is_correct,
  created_at,
  updated_at
) VALUES (
  gen_random_uuid(),
  3,
  '3ae89056-2a63-44c5-8a8a-5023d6c131d5',
  'A Landyachts longboard design',
  false,
  NOW(),
  NOW()
) ON CONFLICT DO NOTHING; -- Skip if the option already exists

-- Create relationship entry for the question to the quiz
INSERT INTO payload.quiz_questions_rels (
  id,
  _parent_id,
  field,
  value,
  created_at,
  updated_at
) VALUES (
  gen_random_uuid(),
  '3ae89056-2a63-44c5-8a8a-5023d6c131d5',
  'quiz_id',
  '605b4cdd-d16b-485e-857d-85edf4c7a5f9',
  NOW(),
  NOW()
) ON CONFLICT DO NOTHING; -- Skip if the relationship already exists

-- Create bidirectional relationship entry for the quiz to the question
INSERT INTO payload.course_quizzes_rels (
  id,
  _parent_id,
  field,
  value,
  created_at,
  updated_at
) VALUES (
  gen_random_uuid(),
  '605b4cdd-d16b-485e-857d-85edf4c7a5f9',
  'questions',
  '3ae89056-2a63-44c5-8a8a-5023d6c131d5',
  NOW(),
  NOW()
) ON CONFLICT DO NOTHING; -- Skip if the relationship already exists

-- Insert question 2 for quiz: Storyboards in Film Quiz
INSERT INTO payload.quiz_questions (
  id,
  question,
  quiz_id,
  quiz_id_id, -- Duplicate field for compatibility
  type,
  explanation,
  "order",
  created_at,
  updated_at
) VALUES (
  '9bacb758-abf9-431c-80c7-19ac1d3899e3', -- Generated UUID for the question
  'Who invented storyboards?',
  '605b4cdd-d16b-485e-857d-85edf4c7a5f9', -- Quiz ID
  '605b4cdd-d16b-485e-857d-85edf4c7a5f9', -- Quiz ID (duplicate)
  'multiple_choice',
  '',
  1,
  NOW(),
  NOW()
) ON CONFLICT (id) DO NOTHING; -- Skip if the question already exists

-- Insert option 1 for question 2
INSERT INTO payload.quiz_questions_options (
  id,
  _order,
  _parent_id,
  text,
  is_correct,
  created_at,
  updated_at
) VALUES (
  gen_random_uuid(),
  0,
  '9bacb758-abf9-431c-80c7-19ac1d3899e3',
  'Steve Jobs',
  false,
  NOW(),
  NOW()
) ON CONFLICT DO NOTHING; -- Skip if the option already exists

-- Insert option 2 for question 2
INSERT INTO payload.quiz_questions_options (
  id,
  _order,
  _parent_id,
  text,
  is_correct,
  created_at,
  updated_at
) VALUES (
  gen_random_uuid(),
  1,
  '9bacb758-abf9-431c-80c7-19ac1d3899e3',
  'John Lasseter',
  false,
  NOW(),
  NOW()
) ON CONFLICT DO NOTHING; -- Skip if the option already exists

-- Insert option 3 for question 2
INSERT INTO payload.quiz_questions_options (
  id,
  _order,
  _parent_id,
  text,
  is_correct,
  created_at,
  updated_at
) VALUES (
  gen_random_uuid(),
  2,
  '9bacb758-abf9-431c-80c7-19ac1d3899e3',
  'Eric Goldberg',
  false,
  NOW(),
  NOW()
) ON CONFLICT DO NOTHING; -- Skip if the option already exists

-- Insert option 4 for question 2
INSERT INTO payload.quiz_questions_options (
  id,
  _order,
  _parent_id,
  text,
  is_correct,
  created_at,
  updated_at
) VALUES (
  gen_random_uuid(),
  3,
  '9bacb758-abf9-431c-80c7-19ac1d3899e3',
  'Walt Disney',
  true,
  NOW(),
  NOW()
) ON CONFLICT DO NOTHING; -- Skip if the option already exists

-- Create relationship entry for the question to the quiz
INSERT INTO payload.quiz_questions_rels (
  id,
  _parent_id,
  field,
  value,
  created_at,
  updated_at
) VALUES (
  gen_random_uuid(),
  '9bacb758-abf9-431c-80c7-19ac1d3899e3',
  'quiz_id',
  '605b4cdd-d16b-485e-857d-85edf4c7a5f9',
  NOW(),
  NOW()
) ON CONFLICT DO NOTHING; -- Skip if the relationship already exists

-- Create bidirectional relationship entry for the quiz to the question
INSERT INTO payload.course_quizzes_rels (
  id,
  _parent_id,
  field,
  value,
  created_at,
  updated_at
) VALUES (
  gen_random_uuid(),
  '605b4cdd-d16b-485e-857d-85edf4c7a5f9',
  'questions',
  '9bacb758-abf9-431c-80c7-19ac1d3899e3',
  NOW(),
  NOW()
) ON CONFLICT DO NOTHING; -- Skip if the relationship already exists

-- Insert question 3 for quiz: Storyboards in Film Quiz
INSERT INTO payload.quiz_questions (
  id,
  question,
  quiz_id,
  quiz_id_id, -- Duplicate field for compatibility
  type,
  explanation,
  "order",
  created_at,
  updated_at
) VALUES (
  '076ff313-2119-4ba4-90a2-5a0fc237ba5a', -- Generated UUID for the question
  'What was the great innovation of storyboarding?',
  '605b4cdd-d16b-485e-857d-85edf4c7a5f9', -- Quiz ID
  '605b4cdd-d16b-485e-857d-85edf4c7a5f9', -- Quiz ID (duplicate)
  'multiple_choice',
  '',
  2,
  NOW(),
  NOW()
) ON CONFLICT (id) DO NOTHING; -- Skip if the question already exists

-- Insert option 1 for question 3
INSERT INTO payload.quiz_questions_options (
  id,
  _order,
  _parent_id,
  text,
  is_correct,
  created_at,
  updated_at
) VALUES (
  gen_random_uuid(),
  0,
  '076ff313-2119-4ba4-90a2-5a0fc237ba5a',
  'The introduction of sound (Talkies)',
  false,
  NOW(),
  NOW()
) ON CONFLICT DO NOTHING; -- Skip if the option already exists

-- Insert option 2 for question 3
INSERT INTO payload.quiz_questions_options (
  id,
  _order,
  _parent_id,
  text,
  is_correct,
  created_at,
  updated_at
) VALUES (
  gen_random_uuid(),
  1,
  '076ff313-2119-4ba4-90a2-5a0fc237ba5a',
  'Allowed film makers to edit the film before making it',
  true,
  NOW(),
  NOW()
) ON CONFLICT DO NOTHING; -- Skip if the option already exists

-- Insert option 3 for question 3
INSERT INTO payload.quiz_questions_options (
  id,
  _order,
  _parent_id,
  text,
  is_correct,
  created_at,
  updated_at
) VALUES (
  gen_random_uuid(),
  2,
  '076ff313-2119-4ba4-90a2-5a0fc237ba5a',
  'The introduction of color',
  false,
  NOW(),
  NOW()
) ON CONFLICT DO NOTHING; -- Skip if the option already exists

-- Insert option 4 for question 3
INSERT INTO payload.quiz_questions_options (
  id,
  _order,
  _parent_id,
  text,
  is_correct,
  created_at,
  updated_at
) VALUES (
  gen_random_uuid(),
  3,
  '076ff313-2119-4ba4-90a2-5a0fc237ba5a',
  'The ability to draw your story',
  false,
  NOW(),
  NOW()
) ON CONFLICT DO NOTHING; -- Skip if the option already exists

-- Create relationship entry for the question to the quiz
INSERT INTO payload.quiz_questions_rels (
  id,
  _parent_id,
  field,
  value,
  created_at,
  updated_at
) VALUES (
  gen_random_uuid(),
  '076ff313-2119-4ba4-90a2-5a0fc237ba5a',
  'quiz_id',
  '605b4cdd-d16b-485e-857d-85edf4c7a5f9',
  NOW(),
  NOW()
) ON CONFLICT DO NOTHING; -- Skip if the relationship already exists

-- Create bidirectional relationship entry for the quiz to the question
INSERT INTO payload.course_quizzes_rels (
  id,
  _parent_id,
  field,
  value,
  created_at,
  updated_at
) VALUES (
  gen_random_uuid(),
  '605b4cdd-d16b-485e-857d-85edf4c7a5f9',
  'questions',
  '076ff313-2119-4ba4-90a2-5a0fc237ba5a',
  NOW(),
  NOW()
) ON CONFLICT DO NOTHING; -- Skip if the relationship already exists

-- Questions for quiz: Storyboards in Presentations Quiz (storyboards-in-presentations-quiz, ID: b0289f01-377b-4371-954c-9a5a0eec8463)
-- Insert question 1 for quiz: Storyboards in Presentations Quiz
INSERT INTO payload.quiz_questions (
  id,
  question,
  quiz_id,
  quiz_id_id, -- Duplicate field for compatibility
  type,
  explanation,
  "order",
  created_at,
  updated_at
) VALUES (
  'b59c7abf-5c21-41cd-a8d0-8a8a684715f6', -- Generated UUID for the question
  'What are the two approaches discussed in the lesson?',
  'b0289f01-377b-4371-954c-9a5a0eec8463', -- Quiz ID
  'b0289f01-377b-4371-954c-9a5a0eec8463', -- Quiz ID (duplicate)
  'multiple_choice',
  '',
  0,
  NOW(),
  NOW()
) ON CONFLICT (id) DO NOTHING; -- Skip if the question already exists

-- Insert option 1 for question 1
INSERT INTO payload.quiz_questions_options (
  id,
  _order,
  _parent_id,
  text,
  is_correct,
  created_at,
  updated_at
) VALUES (
  gen_random_uuid(),
  0,
  'b59c7abf-5c21-41cd-a8d0-8a8a684715f6',
  'Black & white and full color',
  false,
  NOW(),
  NOW()
) ON CONFLICT DO NOTHING; -- Skip if the option already exists

-- Insert option 2 for question 1
INSERT INTO payload.quiz_questions_options (
  id,
  _order,
  _parent_id,
  text,
  is_correct,
  created_at,
  updated_at
) VALUES (
  gen_random_uuid(),
  1,
  'b59c7abf-5c21-41cd-a8d0-8a8a684715f6',
  'Animated and static',
  false,
  NOW(),
  NOW()
) ON CONFLICT DO NOTHING; -- Skip if the option already exists

-- Insert option 3 for question 1
INSERT INTO payload.quiz_questions_options (
  id,
  _order,
  _parent_id,
  text,
  is_correct,
  created_at,
  updated_at
) VALUES (
  gen_random_uuid(),
  2,
  'b59c7abf-5c21-41cd-a8d0-8a8a684715f6',
  'Hand-drawn and computer assisted',
  false,
  NOW(),
  NOW()
) ON CONFLICT DO NOTHING; -- Skip if the option already exists

-- Insert option 4 for question 1
INSERT INTO payload.quiz_questions_options (
  id,
  _order,
  _parent_id,
  text,
  is_correct,
  created_at,
  updated_at
) VALUES (
  gen_random_uuid(),
  3,
  'b59c7abf-5c21-41cd-a8d0-8a8a684715f6',
  'Text-based outlining and storyboarding',
  true,
  NOW(),
  NOW()
) ON CONFLICT DO NOTHING; -- Skip if the option already exists

-- Create relationship entry for the question to the quiz
INSERT INTO payload.quiz_questions_rels (
  id,
  _parent_id,
  field,
  value,
  created_at,
  updated_at
) VALUES (
  gen_random_uuid(),
  'b59c7abf-5c21-41cd-a8d0-8a8a684715f6',
  'quiz_id',
  'b0289f01-377b-4371-954c-9a5a0eec8463',
  NOW(),
  NOW()
) ON CONFLICT DO NOTHING; -- Skip if the relationship already exists

-- Create bidirectional relationship entry for the quiz to the question
INSERT INTO payload.course_quizzes_rels (
  id,
  _parent_id,
  field,
  value,
  created_at,
  updated_at
) VALUES (
  gen_random_uuid(),
  'b0289f01-377b-4371-954c-9a5a0eec8463',
  'questions',
  'b59c7abf-5c21-41cd-a8d0-8a8a684715f6',
  NOW(),
  NOW()
) ON CONFLICT DO NOTHING; -- Skip if the relationship already exists

-- Insert question 2 for quiz: Storyboards in Presentations Quiz
INSERT INTO payload.quiz_questions (
  id,
  question,
  quiz_id,
  quiz_id_id, -- Duplicate field for compatibility
  type,
  explanation,
  "order",
  created_at,
  updated_at
) VALUES (
  '0a9e02cc-777d-470f-bc5f-32618934fe52', -- Generated UUID for the question
  'What tools are recommended to use for storyboarding?',
  'b0289f01-377b-4371-954c-9a5a0eec8463', -- Quiz ID
  'b0289f01-377b-4371-954c-9a5a0eec8463', -- Quiz ID (duplicate)
  'multiple_choice',
  '',
  1,
  NOW(),
  NOW()
) ON CONFLICT (id) DO NOTHING; -- Skip if the question already exists

-- Insert option 1 for question 2
INSERT INTO payload.quiz_questions_options (
  id,
  _order,
  _parent_id,
  text,
  is_correct,
  created_at,
  updated_at
) VALUES (
  gen_random_uuid(),
  0,
  '0a9e02cc-777d-470f-bc5f-32618934fe52',
  'A stone tablet and chisel',
  false,
  NOW(),
  NOW()
) ON CONFLICT DO NOTHING; -- Skip if the option already exists

-- Insert option 2 for question 2
INSERT INTO payload.quiz_questions_options (
  id,
  _order,
  _parent_id,
  text,
  is_correct,
  created_at,
  updated_at
) VALUES (
  gen_random_uuid(),
  1,
  '0a9e02cc-777d-470f-bc5f-32618934fe52',
  'PowerPoint',
  false,
  NOW(),
  NOW()
) ON CONFLICT DO NOTHING; -- Skip if the option already exists

-- Insert option 3 for question 2
INSERT INTO payload.quiz_questions_options (
  id,
  _order,
  _parent_id,
  text,
  is_correct,
  created_at,
  updated_at
) VALUES (
  gen_random_uuid(),
  2,
  '0a9e02cc-777d-470f-bc5f-32618934fe52',
  'Adobe Edge Animate',
  false,
  NOW(),
  NOW()
) ON CONFLICT DO NOTHING; -- Skip if the option already exists

-- Insert option 4 for question 2
INSERT INTO payload.quiz_questions_options (
  id,
  _order,
  _parent_id,
  text,
  is_correct,
  created_at,
  updated_at
) VALUES (
  gen_random_uuid(),
  3,
  '0a9e02cc-777d-470f-bc5f-32618934fe52',
  'Pen and paper',
  true,
  NOW(),
  NOW()
) ON CONFLICT DO NOTHING; -- Skip if the option already exists

-- Create relationship entry for the question to the quiz
INSERT INTO payload.quiz_questions_rels (
  id,
  _parent_id,
  field,
  value,
  created_at,
  updated_at
) VALUES (
  gen_random_uuid(),
  '0a9e02cc-777d-470f-bc5f-32618934fe52',
  'quiz_id',
  'b0289f01-377b-4371-954c-9a5a0eec8463',
  NOW(),
  NOW()
) ON CONFLICT DO NOTHING; -- Skip if the relationship already exists

-- Create bidirectional relationship entry for the quiz to the question
INSERT INTO payload.course_quizzes_rels (
  id,
  _parent_id,
  field,
  value,
  created_at,
  updated_at
) VALUES (
  gen_random_uuid(),
  'b0289f01-377b-4371-954c-9a5a0eec8463',
  'questions',
  '0a9e02cc-777d-470f-bc5f-32618934fe52',
  NOW(),
  NOW()
) ON CONFLICT DO NOTHING; -- Skip if the relationship already exists

-- Questions for quiz: What is Structure? Quiz (structure-quiz, ID: bf966022-1b2e-439c-b559-ff1ddbde9ef3)
-- Insert question 1 for quiz: What is Structure? Quiz
INSERT INTO payload.quiz_questions (
  id,
  question,
  quiz_id,
  quiz_id_id, -- Duplicate field for compatibility
  type,
  explanation,
  "order",
  created_at,
  updated_at
) VALUES (
  'f1862e9c-b1cf-4d0a-aae8-ce3f899f90fe', -- Generated UUID for the question
  'What is the principle of Abstraction?',
  'bf966022-1b2e-439c-b559-ff1ddbde9ef3', -- Quiz ID
  'bf966022-1b2e-439c-b559-ff1ddbde9ef3', -- Quiz ID (duplicate)
  'single-answer',
  '',
  0,
  NOW(),
  NOW()
) ON CONFLICT (id) DO NOTHING; -- Skip if the question already exists

-- Insert option 1 for question 1
INSERT INTO payload.quiz_questions_options (
  id,
  _order,
  _parent_id,
  text,
  is_correct,
  created_at,
  updated_at
) VALUES (
  gen_random_uuid(),
  0,
  'f1862e9c-b1cf-4d0a-aae8-ce3f899f90fe',
  'A grouping principle, whereby a hierarchy is adhered to with higher levels of abstraction (less detail) placed near the top, with more specific concepts underneath ',
  true,
  NOW(),
  NOW()
) ON CONFLICT DO NOTHING; -- Skip if the option already exists

-- Insert option 2 for question 1
INSERT INTO payload.quiz_questions_options (
  id,
  _order,
  _parent_id,
  text,
  is_correct,
  created_at,
  updated_at
) VALUES (
  gen_random_uuid(),
  1,
  'f1862e9c-b1cf-4d0a-aae8-ce3f899f90fe',
  'A John Grisham novel',
  false,
  NOW(),
  NOW()
) ON CONFLICT DO NOTHING; -- Skip if the option already exists

-- Insert option 3 for question 1
INSERT INTO payload.quiz_questions_options (
  id,
  _order,
  _parent_id,
  text,
  is_correct,
  created_at,
  updated_at
) VALUES (
  gen_random_uuid(),
  2,
  'f1862e9c-b1cf-4d0a-aae8-ce3f899f90fe',
  'An approach whereby we simplify our question so profoundly that we reach a level of enlightenment',
  false,
  NOW(),
  NOW()
) ON CONFLICT DO NOTHING; -- Skip if the option already exists

-- Create relationship entry for the question to the quiz
INSERT INTO payload.quiz_questions_rels (
  id,
  _parent_id,
  field,
  value,
  created_at,
  updated_at
) VALUES (
  gen_random_uuid(),
  'f1862e9c-b1cf-4d0a-aae8-ce3f899f90fe',
  'quiz_id',
  'bf966022-1b2e-439c-b559-ff1ddbde9ef3',
  NOW(),
  NOW()
) ON CONFLICT DO NOTHING; -- Skip if the relationship already exists

-- Create bidirectional relationship entry for the quiz to the question
INSERT INTO payload.course_quizzes_rels (
  id,
  _parent_id,
  field,
  value,
  created_at,
  updated_at
) VALUES (
  gen_random_uuid(),
  'bf966022-1b2e-439c-b559-ff1ddbde9ef3',
  'questions',
  'f1862e9c-b1cf-4d0a-aae8-ce3f899f90fe',
  NOW(),
  NOW()
) ON CONFLICT DO NOTHING; -- Skip if the relationship already exists

-- Insert question 2 for quiz: What is Structure? Quiz
INSERT INTO payload.quiz_questions (
  id,
  question,
  quiz_id,
  quiz_id_id, -- Duplicate field for compatibility
  type,
  explanation,
  "order",
  created_at,
  updated_at
) VALUES (
  '57a7f5b2-decd-452e-89b5-25122d947980', -- Generated UUID for the question
  'Which lists are MECE (pick 2)',
  'bf966022-1b2e-439c-b559-ff1ddbde9ef3', -- Quiz ID
  'bf966022-1b2e-439c-b559-ff1ddbde9ef3', -- Quiz ID (duplicate)
  'multi-answer',
  '',
  1,
  NOW(),
  NOW()
) ON CONFLICT (id) DO NOTHING; -- Skip if the question already exists

-- Insert option 1 for question 2
INSERT INTO payload.quiz_questions_options (
  id,
  _order,
  _parent_id,
  text,
  is_correct,
  created_at,
  updated_at
) VALUES (
  gen_random_uuid(),
  0,
  '57a7f5b2-decd-452e-89b5-25122d947980',
  'Profit=revenue minus expenses',
  true,
  NOW(),
  NOW()
) ON CONFLICT DO NOTHING; -- Skip if the option already exists

-- Insert option 2 for question 2
INSERT INTO payload.quiz_questions_options (
  id,
  _order,
  _parent_id,
  text,
  is_correct,
  created_at,
  updated_at
) VALUES (
  gen_random_uuid(),
  1,
  '57a7f5b2-decd-452e-89b5-25122d947980',
  'Star Wars films: New Hope, Empire, Revenge of the Sith',
  false,
  NOW(),
  NOW()
) ON CONFLICT DO NOTHING; -- Skip if the option already exists

-- Insert option 3 for question 2
INSERT INTO payload.quiz_questions_options (
  id,
  _order,
  _parent_id,
  text,
  is_correct,
  created_at,
  updated_at
) VALUES (
  gen_random_uuid(),
  2,
  '57a7f5b2-decd-452e-89b5-25122d947980',
  'The global population broken down into age groups of 0-20 year-olds, 21-40 year-olds, 41-60 year-olds, 61-80 year-olds, and 81 and over',
  true,
  NOW(),
  NOW()
) ON CONFLICT DO NOTHING; -- Skip if the option already exists

-- Create relationship entry for the question to the quiz
INSERT INTO payload.quiz_questions_rels (
  id,
  _parent_id,
  field,
  value,
  created_at,
  updated_at
) VALUES (
  gen_random_uuid(),
  '57a7f5b2-decd-452e-89b5-25122d947980',
  'quiz_id',
  'bf966022-1b2e-439c-b559-ff1ddbde9ef3',
  NOW(),
  NOW()
) ON CONFLICT DO NOTHING; -- Skip if the relationship already exists

-- Create bidirectional relationship entry for the quiz to the question
INSERT INTO payload.course_quizzes_rels (
  id,
  _parent_id,
  field,
  value,
  created_at,
  updated_at
) VALUES (
  gen_random_uuid(),
  'bf966022-1b2e-439c-b559-ff1ddbde9ef3',
  'questions',
  '57a7f5b2-decd-452e-89b5-25122d947980',
  NOW(),
  NOW()
) ON CONFLICT DO NOTHING; -- Skip if the relationship already exists

-- Insert question 3 for quiz: What is Structure? Quiz
INSERT INTO payload.quiz_questions (
  id,
  question,
  quiz_id,
  quiz_id_id, -- Duplicate field for compatibility
  type,
  explanation,
  "order",
  created_at,
  updated_at
) VALUES (
  'a37943f2-3c61-4124-b0ef-00ed2d133489', -- Generated UUID for the question
  'What are the three Golden Rules to follow when applying the principle of abstraction and organizing your ideas?',
  'bf966022-1b2e-439c-b559-ff1ddbde9ef3', -- Quiz ID
  'bf966022-1b2e-439c-b559-ff1ddbde9ef3', -- Quiz ID (duplicate)
  'multi-answer',
  '',
  2,
  NOW(),
  NOW()
) ON CONFLICT (id) DO NOTHING; -- Skip if the question already exists

-- Insert option 1 for question 3
INSERT INTO payload.quiz_questions_options (
  id,
  _order,
  _parent_id,
  text,
  is_correct,
  created_at,
  updated_at
) VALUES (
  gen_random_uuid(),
  0,
  'a37943f2-3c61-4124-b0ef-00ed2d133489',
  'Concepts should be arranged in the shape of a triangle',
  false,
  NOW(),
  NOW()
) ON CONFLICT DO NOTHING; -- Skip if the option already exists

-- Insert option 2 for question 3
INSERT INTO payload.quiz_questions_options (
  id,
  _order,
  _parent_id,
  text,
  is_correct,
  created_at,
  updated_at
) VALUES (
  gen_random_uuid(),
  1,
  'a37943f2-3c61-4124-b0ef-00ed2d133489',
  'Concepts at any level must be presented in a strict logical order',
  true,
  NOW(),
  NOW()
) ON CONFLICT DO NOTHING; -- Skip if the option already exists

-- Insert option 3 for question 3
INSERT INTO payload.quiz_questions_options (
  id,
  _order,
  _parent_id,
  text,
  is_correct,
  created_at,
  updated_at
) VALUES (
  gen_random_uuid(),
  2,
  'a37943f2-3c61-4124-b0ef-00ed2d133489',
  'Concepts in any group are always the same kind of idea',
  true,
  NOW(),
  NOW()
) ON CONFLICT DO NOTHING; -- Skip if the option already exists

-- Insert option 4 for question 3
INSERT INTO payload.quiz_questions_options (
  id,
  _order,
  _parent_id,
  text,
  is_correct,
  created_at,
  updated_at
) VALUES (
  gen_random_uuid(),
  3,
  'a37943f2-3c61-4124-b0ef-00ed2d133489',
  'Concepts or ideas at any level of your argument must be more abstract summaries of the concepts that are grouped below',
  true,
  NOW(),
  NOW()
) ON CONFLICT DO NOTHING; -- Skip if the option already exists

-- Insert option 5 for question 3
INSERT INTO payload.quiz_questions_options (
  id,
  _order,
  _parent_id,
  text,
  is_correct,
  created_at,
  updated_at
) VALUES (
  gen_random_uuid(),
  4,
  'a37943f2-3c61-4124-b0ef-00ed2d133489',
  'Concepts must be ordered alphabetically',
  false,
  NOW(),
  NOW()
) ON CONFLICT DO NOTHING; -- Skip if the option already exists

-- Insert option 6 for question 3
INSERT INTO payload.quiz_questions_options (
  id,
  _order,
  _parent_id,
  text,
  is_correct,
  created_at,
  updated_at
) VALUES (
  gen_random_uuid(),
  5,
  'a37943f2-3c61-4124-b0ef-00ed2d133489',
  'Ideas should be clever',
  false,
  NOW(),
  NOW()
) ON CONFLICT DO NOTHING; -- Skip if the option already exists

-- Create relationship entry for the question to the quiz
INSERT INTO payload.quiz_questions_rels (
  id,
  _parent_id,
  field,
  value,
  created_at,
  updated_at
) VALUES (
  gen_random_uuid(),
  'a37943f2-3c61-4124-b0ef-00ed2d133489',
  'quiz_id',
  'bf966022-1b2e-439c-b559-ff1ddbde9ef3',
  NOW(),
  NOW()
) ON CONFLICT DO NOTHING; -- Skip if the relationship already exists

-- Create bidirectional relationship entry for the quiz to the question
INSERT INTO payload.course_quizzes_rels (
  id,
  _parent_id,
  field,
  value,
  created_at,
  updated_at
) VALUES (
  gen_random_uuid(),
  'bf966022-1b2e-439c-b559-ff1ddbde9ef3',
  'questions',
  'a37943f2-3c61-4124-b0ef-00ed2d133489',
  NOW(),
  NOW()
) ON CONFLICT DO NOTHING; -- Skip if the relationship already exists

-- Insert question 4 for quiz: What is Structure? Quiz
INSERT INTO payload.quiz_questions (
  id,
  question,
  quiz_id,
  quiz_id_id, -- Duplicate field for compatibility
  type,
  explanation,
  "order",
  created_at,
  updated_at
) VALUES (
  '0237f640-e046-4973-8817-8d5a2fa81c65', -- Generated UUID for the question
  'Match the argument with whether it is deductive or inductive: ''Jill and Bob are friends. Jill likes to dance, cook and write. Bob likes to dance and cook. Therefore it can be assumed he also likes to write.',
  'bf966022-1b2e-439c-b559-ff1ddbde9ef3', -- Quiz ID
  'bf966022-1b2e-439c-b559-ff1ddbde9ef3', -- Quiz ID (duplicate)
  'single-answer',
  '',
  3,
  NOW(),
  NOW()
) ON CONFLICT (id) DO NOTHING; -- Skip if the question already exists

-- Insert option 1 for question 4
INSERT INTO payload.quiz_questions_options (
  id,
  _order,
  _parent_id,
  text,
  is_correct,
  created_at,
  updated_at
) VALUES (
  gen_random_uuid(),
  0,
  '0237f640-e046-4973-8817-8d5a2fa81c65',
  'Deductive',
  false,
  NOW(),
  NOW()
) ON CONFLICT DO NOTHING; -- Skip if the option already exists

-- Insert option 2 for question 4
INSERT INTO payload.quiz_questions_options (
  id,
  _order,
  _parent_id,
  text,
  is_correct,
  created_at,
  updated_at
) VALUES (
  gen_random_uuid(),
  1,
  '0237f640-e046-4973-8817-8d5a2fa81c65',
  'Inductive',
  true,
  NOW(),
  NOW()
) ON CONFLICT DO NOTHING; -- Skip if the option already exists

-- Create relationship entry for the question to the quiz
INSERT INTO payload.quiz_questions_rels (
  id,
  _parent_id,
  field,
  value,
  created_at,
  updated_at
) VALUES (
  gen_random_uuid(),
  '0237f640-e046-4973-8817-8d5a2fa81c65',
  'quiz_id',
  'bf966022-1b2e-439c-b559-ff1ddbde9ef3',
  NOW(),
  NOW()
) ON CONFLICT DO NOTHING; -- Skip if the relationship already exists

-- Create bidirectional relationship entry for the quiz to the question
INSERT INTO payload.course_quizzes_rels (
  id,
  _parent_id,
  field,
  value,
  created_at,
  updated_at
) VALUES (
  gen_random_uuid(),
  'bf966022-1b2e-439c-b559-ff1ddbde9ef3',
  'questions',
  '0237f640-e046-4973-8817-8d5a2fa81c65',
  NOW(),
  NOW()
) ON CONFLICT DO NOTHING; -- Skip if the relationship already exists

-- Insert question 5 for quiz: What is Structure? Quiz
INSERT INTO payload.quiz_questions (
  id,
  question,
  quiz_id,
  quiz_id_id, -- Duplicate field for compatibility
  type,
  explanation,
  "order",
  created_at,
  updated_at
) VALUES (
  '3deda616-8145-4d9f-bf41-b072675d5e23', -- Generated UUID for the question
  'Match the argument with whether it is deductive or inductive: ''All dogs are mammals. All mammals have kidneys. Therefore all dogs have kidneys.',
  'bf966022-1b2e-439c-b559-ff1ddbde9ef3', -- Quiz ID
  'bf966022-1b2e-439c-b559-ff1ddbde9ef3', -- Quiz ID (duplicate)
  'single-answer',
  '',
  4,
  NOW(),
  NOW()
) ON CONFLICT (id) DO NOTHING; -- Skip if the question already exists

-- Insert option 1 for question 5
INSERT INTO payload.quiz_questions_options (
  id,
  _order,
  _parent_id,
  text,
  is_correct,
  created_at,
  updated_at
) VALUES (
  gen_random_uuid(),
  0,
  '3deda616-8145-4d9f-bf41-b072675d5e23',
  'Inductive',
  false,
  NOW(),
  NOW()
) ON CONFLICT DO NOTHING; -- Skip if the option already exists

-- Insert option 2 for question 5
INSERT INTO payload.quiz_questions_options (
  id,
  _order,
  _parent_id,
  text,
  is_correct,
  created_at,
  updated_at
) VALUES (
  gen_random_uuid(),
  1,
  '3deda616-8145-4d9f-bf41-b072675d5e23',
  'Deductive',
  true,
  NOW(),
  NOW()
) ON CONFLICT DO NOTHING; -- Skip if the option already exists

-- Create relationship entry for the question to the quiz
INSERT INTO payload.quiz_questions_rels (
  id,
  _parent_id,
  field,
  value,
  created_at,
  updated_at
) VALUES (
  gen_random_uuid(),
  '3deda616-8145-4d9f-bf41-b072675d5e23',
  'quiz_id',
  'bf966022-1b2e-439c-b559-ff1ddbde9ef3',
  NOW(),
  NOW()
) ON CONFLICT DO NOTHING; -- Skip if the relationship already exists

-- Create bidirectional relationship entry for the quiz to the question
INSERT INTO payload.course_quizzes_rels (
  id,
  _parent_id,
  field,
  value,
  created_at,
  updated_at
) VALUES (
  gen_random_uuid(),
  'bf966022-1b2e-439c-b559-ff1ddbde9ef3',
  'questions',
  '3deda616-8145-4d9f-bf41-b072675d5e23',
  NOW(),
  NOW()
) ON CONFLICT DO NOTHING; -- Skip if the relationship already exists

-- Insert question 6 for quiz: What is Structure? Quiz
INSERT INTO payload.quiz_questions (
  id,
  question,
  quiz_id,
  quiz_id_id, -- Duplicate field for compatibility
  type,
  explanation,
  "order",
  created_at,
  updated_at
) VALUES (
  '50f28231-11d4-4893-84b8-8b890aae6702', -- Generated UUID for the question
  'What is the rule of 7 (updated)?',
  'bf966022-1b2e-439c-b559-ff1ddbde9ef3', -- Quiz ID
  'bf966022-1b2e-439c-b559-ff1ddbde9ef3', -- Quiz ID (duplicate)
  'single-answer',
  '',
  5,
  NOW(),
  NOW()
) ON CONFLICT (id) DO NOTHING; -- Skip if the question already exists

-- Insert option 1 for question 6
INSERT INTO payload.quiz_questions_options (
  id,
  _order,
  _parent_id,
  text,
  is_correct,
  created_at,
  updated_at
) VALUES (
  gen_random_uuid(),
  0,
  '50f28231-11d4-4893-84b8-8b890aae6702',
  'There is no such thing as 7 or 9 of anything. We should seek to structure our ideas into groups of 4-5 or less',
  true,
  NOW(),
  NOW()
) ON CONFLICT DO NOTHING; -- Skip if the option already exists

-- Insert option 2 for question 6
INSERT INTO payload.quiz_questions_options (
  id,
  _order,
  _parent_id,
  text,
  is_correct,
  created_at,
  updated_at
) VALUES (
  gen_random_uuid(),
  1,
  '50f28231-11d4-4893-84b8-8b890aae6702',
  'Rule for calculating compound interest',
  false,
  NOW(),
  NOW()
) ON CONFLICT DO NOTHING; -- Skip if the option already exists

-- Insert option 3 for question 6
INSERT INTO payload.quiz_questions_options (
  id,
  _order,
  _parent_id,
  text,
  is_correct,
  created_at,
  updated_at
) VALUES (
  gen_random_uuid(),
  2,
  '50f28231-11d4-4893-84b8-8b890aae6702',
  'Organize your ideas into groups of 7',
  false,
  NOW(),
  NOW()
) ON CONFLICT DO NOTHING; -- Skip if the option already exists

-- Insert option 4 for question 6
INSERT INTO payload.quiz_questions_options (
  id,
  _order,
  _parent_id,
  text,
  is_correct,
  created_at,
  updated_at
) VALUES (
  gen_random_uuid(),
  3,
  '50f28231-11d4-4893-84b8-8b890aae6702',
  'Movie staring Brad Pitt',
  false,
  NOW(),
  NOW()
) ON CONFLICT DO NOTHING; -- Skip if the option already exists

-- Create relationship entry for the question to the quiz
INSERT INTO payload.quiz_questions_rels (
  id,
  _parent_id,
  field,
  value,
  created_at,
  updated_at
) VALUES (
  gen_random_uuid(),
  '50f28231-11d4-4893-84b8-8b890aae6702',
  'quiz_id',
  'bf966022-1b2e-439c-b559-ff1ddbde9ef3',
  NOW(),
  NOW()
) ON CONFLICT DO NOTHING; -- Skip if the relationship already exists

-- Create bidirectional relationship entry for the quiz to the question
INSERT INTO payload.course_quizzes_rels (
  id,
  _parent_id,
  field,
  value,
  created_at,
  updated_at
) VALUES (
  gen_random_uuid(),
  'bf966022-1b2e-439c-b559-ff1ddbde9ef3',
  'questions',
  '50f28231-11d4-4893-84b8-8b890aae6702',
  NOW(),
  NOW()
) ON CONFLICT DO NOTHING; -- Skip if the relationship already exists

-- Questions for quiz: Tables vs Graphs Quiz (tables-vs-graphs-quiz, ID: 7c91edf1-8fa5-497d-b710-0742aa891221)
-- Insert question 1 for quiz: Tables vs Graphs Quiz
INSERT INTO payload.quiz_questions (
  id,
  question,
  quiz_id,
  quiz_id_id, -- Duplicate field for compatibility
  type,
  explanation,
  "order",
  created_at,
  updated_at
) VALUES (
  'a40f0769-2575-413c-bf31-fb109ecbbacc', -- Generated UUID for the question
  'What are the two defining characteristics of Tables?',
  '7c91edf1-8fa5-497d-b710-0742aa891221', -- Quiz ID
  '7c91edf1-8fa5-497d-b710-0742aa891221', -- Quiz ID (duplicate)
  'multi-answer',
  '',
  0,
  NOW(),
  NOW()
) ON CONFLICT (id) DO NOTHING; -- Skip if the question already exists

-- Insert option 1 for question 1
INSERT INTO payload.quiz_questions_options (
  id,
  _order,
  _parent_id,
  text,
  is_correct,
  created_at,
  updated_at
) VALUES (
  gen_random_uuid(),
  0,
  'a40f0769-2575-413c-bf31-fb109ecbbacc',
  'Information is encoded as text (words and numbers)',
  true,
  NOW(),
  NOW()
) ON CONFLICT DO NOTHING; -- Skip if the option already exists

-- Insert option 2 for question 1
INSERT INTO payload.quiz_questions_options (
  id,
  _order,
  _parent_id,
  text,
  is_correct,
  created_at,
  updated_at
) VALUES (
  gen_random_uuid(),
  1,
  'a40f0769-2575-413c-bf31-fb109ecbbacc',
  'They are black and white',
  false,
  NOW(),
  NOW()
) ON CONFLICT DO NOTHING; -- Skip if the option already exists

-- Insert option 3 for question 1
INSERT INTO payload.quiz_questions_options (
  id,
  _order,
  _parent_id,
  text,
  is_correct,
  created_at,
  updated_at
) VALUES (
  gen_random_uuid(),
  2,
  'a40f0769-2575-413c-bf31-fb109ecbbacc',
  'They are not as nice to look at as graphs',
  false,
  NOW(),
  NOW()
) ON CONFLICT DO NOTHING; -- Skip if the option already exists

-- Insert option 4 for question 1
INSERT INTO payload.quiz_questions_options (
  id,
  _order,
  _parent_id,
  text,
  is_correct,
  created_at,
  updated_at
) VALUES (
  gen_random_uuid(),
  3,
  'a40f0769-2575-413c-bf31-fb109ecbbacc',
  'They are arranged in columns and rows',
  true,
  NOW(),
  NOW()
) ON CONFLICT DO NOTHING; -- Skip if the option already exists

-- Create relationship entry for the question to the quiz
INSERT INTO payload.quiz_questions_rels (
  id,
  _parent_id,
  field,
  value,
  created_at,
  updated_at
) VALUES (
  gen_random_uuid(),
  'a40f0769-2575-413c-bf31-fb109ecbbacc',
  'quiz_id',
  '7c91edf1-8fa5-497d-b710-0742aa891221',
  NOW(),
  NOW()
) ON CONFLICT DO NOTHING; -- Skip if the relationship already exists

-- Create bidirectional relationship entry for the quiz to the question
INSERT INTO payload.course_quizzes_rels (
  id,
  _parent_id,
  field,
  value,
  created_at,
  updated_at
) VALUES (
  gen_random_uuid(),
  '7c91edf1-8fa5-497d-b710-0742aa891221',
  'questions',
  'a40f0769-2575-413c-bf31-fb109ecbbacc',
  NOW(),
  NOW()
) ON CONFLICT DO NOTHING; -- Skip if the relationship already exists

-- Insert question 2 for quiz: Tables vs Graphs Quiz
INSERT INTO payload.quiz_questions (
  id,
  question,
  quiz_id,
  quiz_id_id, -- Duplicate field for compatibility
  type,
  explanation,
  "order",
  created_at,
  updated_at
) VALUES (
  '95bda0a0-9b7d-4fbe-89b7-25a18a9dc78a', -- Generated UUID for the question
  'What re some of the primary benefits of a table?',
  '7c91edf1-8fa5-497d-b710-0742aa891221', -- Quiz ID
  '7c91edf1-8fa5-497d-b710-0742aa891221', -- Quiz ID (duplicate)
  'multi-answer',
  '',
  1,
  NOW(),
  NOW()
) ON CONFLICT (id) DO NOTHING; -- Skip if the question already exists

-- Insert option 1 for question 2
INSERT INTO payload.quiz_questions_options (
  id,
  _order,
  _parent_id,
  text,
  is_correct,
  created_at,
  updated_at
) VALUES (
  gen_random_uuid(),
  0,
  '95bda0a0-9b7d-4fbe-89b7-25a18a9dc78a',
  'Tables make it easy to look up individual values',
  true,
  NOW(),
  NOW()
) ON CONFLICT DO NOTHING; -- Skip if the option already exists

-- Insert option 2 for question 2
INSERT INTO payload.quiz_questions_options (
  id,
  _order,
  _parent_id,
  text,
  is_correct,
  created_at,
  updated_at
) VALUES (
  gen_random_uuid(),
  1,
  '95bda0a0-9b7d-4fbe-89b7-25a18a9dc78a',
  'Tables make it easy to compare pairs of related values',
  true,
  NOW(),
  NOW()
) ON CONFLICT DO NOTHING; -- Skip if the option already exists

-- Insert option 3 for question 2
INSERT INTO payload.quiz_questions_options (
  id,
  _order,
  _parent_id,
  text,
  is_correct,
  created_at,
  updated_at
) VALUES (
  gen_random_uuid(),
  2,
  '95bda0a0-9b7d-4fbe-89b7-25a18a9dc78a',
  'Textual encoding provides a level of precision that you cannot get in graphs',
  true,
  NOW(),
  NOW()
) ON CONFLICT DO NOTHING; -- Skip if the option already exists

-- Insert option 4 for question 2
INSERT INTO payload.quiz_questions_options (
  id,
  _order,
  _parent_id,
  text,
  is_correct,
  created_at,
  updated_at
) VALUES (
  gen_random_uuid(),
  3,
  '95bda0a0-9b7d-4fbe-89b7-25a18a9dc78a',
  'Tables are easier to create than graphs',
  false,
  NOW(),
  NOW()
) ON CONFLICT DO NOTHING; -- Skip if the option already exists

-- Insert option 5 for question 2
INSERT INTO payload.quiz_questions_options (
  id,
  _order,
  _parent_id,
  text,
  is_correct,
  created_at,
  updated_at
) VALUES (
  gen_random_uuid(),
  4,
  '95bda0a0-9b7d-4fbe-89b7-25a18a9dc78a',
  'Tables can handle larger data sets than graphs',
  false,
  NOW(),
  NOW()
) ON CONFLICT DO NOTHING; -- Skip if the option already exists

-- Create relationship entry for the question to the quiz
INSERT INTO payload.quiz_questions_rels (
  id,
  _parent_id,
  field,
  value,
  created_at,
  updated_at
) VALUES (
  gen_random_uuid(),
  '95bda0a0-9b7d-4fbe-89b7-25a18a9dc78a',
  'quiz_id',
  '7c91edf1-8fa5-497d-b710-0742aa891221',
  NOW(),
  NOW()
) ON CONFLICT DO NOTHING; -- Skip if the relationship already exists

-- Create bidirectional relationship entry for the quiz to the question
INSERT INTO payload.course_quizzes_rels (
  id,
  _parent_id,
  field,
  value,
  created_at,
  updated_at
) VALUES (
  gen_random_uuid(),
  '7c91edf1-8fa5-497d-b710-0742aa891221',
  'questions',
  '95bda0a0-9b7d-4fbe-89b7-25a18a9dc78a',
  NOW(),
  NOW()
) ON CONFLICT DO NOTHING; -- Skip if the relationship already exists

-- Insert question 3 for quiz: Tables vs Graphs Quiz
INSERT INTO payload.quiz_questions (
  id,
  question,
  quiz_id,
  quiz_id_id, -- Duplicate field for compatibility
  type,
  explanation,
  "order",
  created_at,
  updated_at
) VALUES (
  '91bc9e3c-be76-472b-af8e-dc4d6bd5ecfc', -- Generated UUID for the question
  'What are some of the characteristics that define graphs?',
  '7c91edf1-8fa5-497d-b710-0742aa891221', -- Quiz ID
  '7c91edf1-8fa5-497d-b710-0742aa891221', -- Quiz ID (duplicate)
  'multi-answer',
  '',
  2,
  NOW(),
  NOW()
) ON CONFLICT (id) DO NOTHING; -- Skip if the question already exists

-- Insert option 1 for question 3
INSERT INTO payload.quiz_questions_options (
  id,
  _order,
  _parent_id,
  text,
  is_correct,
  created_at,
  updated_at
) VALUES (
  gen_random_uuid(),
  0,
  '91bc9e3c-be76-472b-af8e-dc4d6bd5ecfc',
  'Information is encoded as text (words and numbers)',
  false,
  NOW(),
  NOW()
) ON CONFLICT DO NOTHING; -- Skip if the option already exists

-- Insert option 2 for question 3
INSERT INTO payload.quiz_questions_options (
  id,
  _order,
  _parent_id,
  text,
  is_correct,
  created_at,
  updated_at
) VALUES (
  gen_random_uuid(),
  1,
  '91bc9e3c-be76-472b-af8e-dc4d6bd5ecfc',
  'Axes provide scales (quantitative and categorical) that are used to label and assign value to the visual objects',
  true,
  NOW(),
  NOW()
) ON CONFLICT DO NOTHING; -- Skip if the option already exists

-- Insert option 3 for question 3
INSERT INTO payload.quiz_questions_options (
  id,
  _order,
  _parent_id,
  text,
  is_correct,
  created_at,
  updated_at
) VALUES (
  gen_random_uuid(),
  2,
  '91bc9e3c-be76-472b-af8e-dc4d6bd5ecfc',
  'They are nicer to look at than tables',
  false,
  NOW(),
  NOW()
) ON CONFLICT DO NOTHING; -- Skip if the option already exists

-- Insert option 4 for question 3
INSERT INTO payload.quiz_questions_options (
  id,
  _order,
  _parent_id,
  text,
  is_correct,
  created_at,
  updated_at
) VALUES (
  gen_random_uuid(),
  3,
  '91bc9e3c-be76-472b-af8e-dc4d6bd5ecfc',
  'They are typically in color',
  false,
  NOW(),
  NOW()
) ON CONFLICT DO NOTHING; -- Skip if the option already exists

-- Insert option 5 for question 3
INSERT INTO payload.quiz_questions_options (
  id,
  _order,
  _parent_id,
  text,
  is_correct,
  created_at,
  updated_at
) VALUES (
  gen_random_uuid(),
  4,
  '91bc9e3c-be76-472b-af8e-dc4d6bd5ecfc',
  'Values are encoded as visual objects in relation to the axis',
  true,
  NOW(),
  NOW()
) ON CONFLICT DO NOTHING; -- Skip if the option already exists

-- Insert option 6 for question 3
INSERT INTO payload.quiz_questions_options (
  id,
  _order,
  _parent_id,
  text,
  is_correct,
  created_at,
  updated_at
) VALUES (
  gen_random_uuid(),
  5,
  '91bc9e3c-be76-472b-af8e-dc4d6bd5ecfc',
  'Values are displayed within an area delineated by one or more axis',
  true,
  NOW(),
  NOW()
) ON CONFLICT DO NOTHING; -- Skip if the option already exists

-- Create relationship entry for the question to the quiz
INSERT INTO payload.quiz_questions_rels (
  id,
  _parent_id,
  field,
  value,
  created_at,
  updated_at
) VALUES (
  gen_random_uuid(),
  '91bc9e3c-be76-472b-af8e-dc4d6bd5ecfc',
  'quiz_id',
  '7c91edf1-8fa5-497d-b710-0742aa891221',
  NOW(),
  NOW()
) ON CONFLICT DO NOTHING; -- Skip if the relationship already exists

-- Create bidirectional relationship entry for the quiz to the question
INSERT INTO payload.course_quizzes_rels (
  id,
  _parent_id,
  field,
  value,
  created_at,
  updated_at
) VALUES (
  gen_random_uuid(),
  '7c91edf1-8fa5-497d-b710-0742aa891221',
  'questions',
  '91bc9e3c-be76-472b-af8e-dc4d6bd5ecfc',
  NOW(),
  NOW()
) ON CONFLICT DO NOTHING; -- Skip if the relationship already exists

-- Insert question 4 for quiz: Tables vs Graphs Quiz
INSERT INTO payload.quiz_questions (
  id,
  question,
  quiz_id,
  quiz_id_id, -- Duplicate field for compatibility
  type,
  explanation,
  "order",
  created_at,
  updated_at
) VALUES (
  '51173170-1c3b-4e12-82a6-39b576f8bc42', -- Generated UUID for the question
  'When should you use graphs?',
  '7c91edf1-8fa5-497d-b710-0742aa891221', -- Quiz ID
  '7c91edf1-8fa5-497d-b710-0742aa891221', -- Quiz ID (duplicate)
  'multi-answer',
  '',
  3,
  NOW(),
  NOW()
) ON CONFLICT (id) DO NOTHING; -- Skip if the question already exists

-- Insert option 1 for question 4
INSERT INTO payload.quiz_questions_options (
  id,
  _order,
  _parent_id,
  text,
  is_correct,
  created_at,
  updated_at
) VALUES (
  gen_random_uuid(),
  0,
  '51173170-1c3b-4e12-82a6-39b576f8bc42',
  'When the message or story is contained in the shape of the data',
  true,
  NOW(),
  NOW()
) ON CONFLICT DO NOTHING; -- Skip if the option already exists

-- Insert option 2 for question 4
INSERT INTO payload.quiz_questions_options (
  id,
  _order,
  _parent_id,
  text,
  is_correct,
  created_at,
  updated_at
) VALUES (
  gen_random_uuid(),
  1,
  '51173170-1c3b-4e12-82a6-39b576f8bc42',
  'When the display will be used to reveal relationships among whole sets of values',
  true,
  NOW(),
  NOW()
) ON CONFLICT DO NOTHING; -- Skip if the option already exists

-- Insert option 3 for question 4
INSERT INTO payload.quiz_questions_options (
  id,
  _order,
  _parent_id,
  text,
  is_correct,
  created_at,
  updated_at
) VALUES (
  gen_random_uuid(),
  2,
  '51173170-1c3b-4e12-82a6-39b576f8bc42',
  'When you need to ''sex-up'' a slide',
  false,
  NOW(),
  NOW()
) ON CONFLICT DO NOTHING; -- Skip if the option already exists

-- Insert option 4 for question 4
INSERT INTO payload.quiz_questions_options (
  id,
  _order,
  _parent_id,
  text,
  is_correct,
  created_at,
  updated_at
) VALUES (
  gen_random_uuid(),
  3,
  '51173170-1c3b-4e12-82a6-39b576f8bc42',
  'When you have production support and they can create the graph for you',
  false,
  NOW(),
  NOW()
) ON CONFLICT DO NOTHING; -- Skip if the option already exists

-- Create relationship entry for the question to the quiz
INSERT INTO payload.quiz_questions_rels (
  id,
  _parent_id,
  field,
  value,
  created_at,
  updated_at
) VALUES (
  gen_random_uuid(),
  '51173170-1c3b-4e12-82a6-39b576f8bc42',
  'quiz_id',
  '7c91edf1-8fa5-497d-b710-0742aa891221',
  NOW(),
  NOW()
) ON CONFLICT DO NOTHING; -- Skip if the relationship already exists

-- Create bidirectional relationship entry for the quiz to the question
INSERT INTO payload.course_quizzes_rels (
  id,
  _parent_id,
  field,
  value,
  created_at,
  updated_at
) VALUES (
  gen_random_uuid(),
  '7c91edf1-8fa5-497d-b710-0742aa891221',
  'questions',
  '51173170-1c3b-4e12-82a6-39b576f8bc42',
  NOW(),
  NOW()
) ON CONFLICT DO NOTHING; -- Skip if the relationship already exists

-- Questions for quiz: The Who Quiz (the-who-quiz, ID: 468eaa22-4d9d-412d-813f-e3fc5652180e)
-- Insert question 1 for quiz: The Who Quiz
INSERT INTO payload.quiz_questions (
  id,
  question,
  quiz_id,
  quiz_id_id, -- Duplicate field for compatibility
  type,
  explanation,
  "order",
  created_at,
  updated_at
) VALUES (
  '54e988f4-d173-4a43-9be2-913b0215cf61', -- Generated UUID for the question
  'Who is the hero of our presentation?',
  '468eaa22-4d9d-412d-813f-e3fc5652180e', -- Quiz ID
  '468eaa22-4d9d-412d-813f-e3fc5652180e', -- Quiz ID (duplicate)
  'single-answer',
  '',
  0,
  NOW(),
  NOW()
) ON CONFLICT (id) DO NOTHING; -- Skip if the question already exists

-- Insert option 1 for question 1
INSERT INTO payload.quiz_questions_options (
  id,
  _order,
  _parent_id,
  text,
  is_correct,
  created_at,
  updated_at
) VALUES (
  gen_random_uuid(),
  0,
  '54e988f4-d173-4a43-9be2-913b0215cf61',
  'Batman baby!',
  false,
  NOW(),
  NOW()
) ON CONFLICT DO NOTHING; -- Skip if the option already exists

-- Insert option 2 for question 1
INSERT INTO payload.quiz_questions_options (
  id,
  _order,
  _parent_id,
  text,
  is_correct,
  created_at,
  updated_at
) VALUES (
  gen_random_uuid(),
  1,
  '54e988f4-d173-4a43-9be2-913b0215cf61',
  'I am dammit!',
  false,
  NOW(),
  NOW()
) ON CONFLICT DO NOTHING; -- Skip if the option already exists

-- Insert option 3 for question 1
INSERT INTO payload.quiz_questions_options (
  id,
  _order,
  _parent_id,
  text,
  is_correct,
  created_at,
  updated_at
) VALUES (
  gen_random_uuid(),
  2,
  '54e988f4-d173-4a43-9be2-913b0215cf61',
  'The audience',
  true,
  NOW(),
  NOW()
) ON CONFLICT DO NOTHING; -- Skip if the option already exists

-- Insert option 4 for question 1
INSERT INTO payload.quiz_questions_options (
  id,
  _order,
  _parent_id,
  text,
  is_correct,
  created_at,
  updated_at
) VALUES (
  gen_random_uuid(),
  3,
  '54e988f4-d173-4a43-9be2-913b0215cf61',
  'Superman owns Batman',
  false,
  NOW(),
  NOW()
) ON CONFLICT DO NOTHING; -- Skip if the option already exists

-- Create relationship entry for the question to the quiz
INSERT INTO payload.quiz_questions_rels (
  id,
  _parent_id,
  field,
  value,
  created_at,
  updated_at
) VALUES (
  gen_random_uuid(),
  '54e988f4-d173-4a43-9be2-913b0215cf61',
  'quiz_id',
  '468eaa22-4d9d-412d-813f-e3fc5652180e',
  NOW(),
  NOW()
) ON CONFLICT DO NOTHING; -- Skip if the relationship already exists

-- Create bidirectional relationship entry for the quiz to the question
INSERT INTO payload.course_quizzes_rels (
  id,
  _parent_id,
  field,
  value,
  created_at,
  updated_at
) VALUES (
  gen_random_uuid(),
  '468eaa22-4d9d-412d-813f-e3fc5652180e',
  'questions',
  '54e988f4-d173-4a43-9be2-913b0215cf61',
  NOW(),
  NOW()
) ON CONFLICT DO NOTHING; -- Skip if the relationship already exists

-- Insert question 2 for quiz: The Who Quiz
INSERT INTO payload.quiz_questions (
  id,
  question,
  quiz_id,
  quiz_id_id, -- Duplicate field for compatibility
  type,
  explanation,
  "order",
  created_at,
  updated_at
) VALUES (
  'c9fb6a58-ca7f-4fc2-858c-a032f0537687', -- Generated UUID for the question
  'What is the Audience Map used for?',
  '468eaa22-4d9d-412d-813f-e3fc5652180e', -- Quiz ID
  '468eaa22-4d9d-412d-813f-e3fc5652180e', -- Quiz ID (duplicate)
  'single-answer',
  '',
  1,
  NOW(),
  NOW()
) ON CONFLICT (id) DO NOTHING; -- Skip if the question already exists

-- Insert option 1 for question 2
INSERT INTO payload.quiz_questions_options (
  id,
  _order,
  _parent_id,
  text,
  is_correct,
  created_at,
  updated_at
) VALUES (
  gen_random_uuid(),
  0,
  'c9fb6a58-ca7f-4fc2-858c-a032f0537687',
  'To be used to find your presentation venue. X marks the spot.',
  false,
  NOW(),
  NOW()
) ON CONFLICT DO NOTHING; -- Skip if the option already exists

-- Insert option 2 for question 2
INSERT INTO payload.quiz_questions_options (
  id,
  _order,
  _parent_id,
  text,
  is_correct,
  created_at,
  updated_at
) VALUES (
  gen_random_uuid(),
  1,
  'c9fb6a58-ca7f-4fc2-858c-a032f0537687',
  'To help identify the main decision maker',
  false,
  NOW(),
  NOW()
) ON CONFLICT DO NOTHING; -- Skip if the option already exists

-- Insert option 3 for question 2
INSERT INTO payload.quiz_questions_options (
  id,
  _order,
  _parent_id,
  text,
  is_correct,
  created_at,
  updated_at
) VALUES (
  gen_random_uuid(),
  2,
  'c9fb6a58-ca7f-4fc2-858c-a032f0537687',
  'To develop a strategic approach for engaging with your ''room''',
  true,
  NOW(),
  NOW()
) ON CONFLICT DO NOTHING; -- Skip if the option already exists

-- Create relationship entry for the question to the quiz
INSERT INTO payload.quiz_questions_rels (
  id,
  _parent_id,
  field,
  value,
  created_at,
  updated_at
) VALUES (
  gen_random_uuid(),
  'c9fb6a58-ca7f-4fc2-858c-a032f0537687',
  'quiz_id',
  '468eaa22-4d9d-412d-813f-e3fc5652180e',
  NOW(),
  NOW()
) ON CONFLICT DO NOTHING; -- Skip if the relationship already exists

-- Create bidirectional relationship entry for the quiz to the question
INSERT INTO payload.course_quizzes_rels (
  id,
  _parent_id,
  field,
  value,
  created_at,
  updated_at
) VALUES (
  gen_random_uuid(),
  '468eaa22-4d9d-412d-813f-e3fc5652180e',
  'questions',
  'c9fb6a58-ca7f-4fc2-858c-a032f0537687',
  NOW(),
  NOW()
) ON CONFLICT DO NOTHING; -- Skip if the relationship already exists

-- Insert question 3 for quiz: The Who Quiz
INSERT INTO payload.quiz_questions (
  id,
  question,
  quiz_id,
  quiz_id_id, -- Duplicate field for compatibility
  type,
  explanation,
  "order",
  created_at,
  updated_at
) VALUES (
  'e092fad1-788a-4ed0-bafb-ceee5b232684', -- Generated UUID for the question
  'What are the 4 quadrants of the Audience Map?',
  '468eaa22-4d9d-412d-813f-e3fc5652180e', -- Quiz ID
  '468eaa22-4d9d-412d-813f-e3fc5652180e', -- Quiz ID (duplicate)
  'single-answer',
  '',
  2,
  NOW(),
  NOW()
) ON CONFLICT (id) DO NOTHING; -- Skip if the question already exists

-- Insert option 1 for question 3
INSERT INTO payload.quiz_questions_options (
  id,
  _order,
  _parent_id,
  text,
  is_correct,
  created_at,
  updated_at
) VALUES (
  gen_random_uuid(),
  0,
  'e092fad1-788a-4ed0-bafb-ceee5b232684',
  'Senior, Junior, Advocate, Foe',
  false,
  NOW(),
  NOW()
) ON CONFLICT DO NOTHING; -- Skip if the option already exists

-- Insert option 2 for question 3
INSERT INTO payload.quiz_questions_options (
  id,
  _order,
  _parent_id,
  text,
  is_correct,
  created_at,
  updated_at
) VALUES (
  gen_random_uuid(),
  1,
  'e092fad1-788a-4ed0-bafb-ceee5b232684',
  'Personality, Power, Access, Resistance',
  true,
  NOW(),
  NOW()
) ON CONFLICT DO NOTHING; -- Skip if the option already exists

-- Insert option 3 for question 3
INSERT INTO payload.quiz_questions_options (
  id,
  _order,
  _parent_id,
  text,
  is_correct,
  created_at,
  updated_at
) VALUES (
  gen_random_uuid(),
  2,
  'e092fad1-788a-4ed0-bafb-ceee5b232684',
  'Friend, Foe, Advocate, Neutral',
  false,
  NOW(),
  NOW()
) ON CONFLICT DO NOTHING; -- Skip if the option already exists

-- Insert option 4 for question 3
INSERT INTO payload.quiz_questions_options (
  id,
  _order,
  _parent_id,
  text,
  is_correct,
  created_at,
  updated_at
) VALUES (
  gen_random_uuid(),
  3,
  'e092fad1-788a-4ed0-bafb-ceee5b232684',
  'North, South East and West',
  false,
  NOW(),
  NOW()
) ON CONFLICT DO NOTHING; -- Skip if the option already exists

-- Create relationship entry for the question to the quiz
INSERT INTO payload.quiz_questions_rels (
  id,
  _parent_id,
  field,
  value,
  created_at,
  updated_at
) VALUES (
  gen_random_uuid(),
  'e092fad1-788a-4ed0-bafb-ceee5b232684',
  'quiz_id',
  '468eaa22-4d9d-412d-813f-e3fc5652180e',
  NOW(),
  NOW()
) ON CONFLICT DO NOTHING; -- Skip if the relationship already exists

-- Create bidirectional relationship entry for the quiz to the question
INSERT INTO payload.course_quizzes_rels (
  id,
  _parent_id,
  field,
  value,
  created_at,
  updated_at
) VALUES (
  gen_random_uuid(),
  '468eaa22-4d9d-412d-813f-e3fc5652180e',
  'questions',
  'e092fad1-788a-4ed0-bafb-ceee5b232684',
  NOW(),
  NOW()
) ON CONFLICT DO NOTHING; -- Skip if the relationship already exists

-- Insert question 4 for quiz: The Who Quiz
INSERT INTO payload.quiz_questions (
  id,
  question,
  quiz_id,
  quiz_id_id, -- Duplicate field for compatibility
  type,
  explanation,
  "order",
  created_at,
  updated_at
) VALUES (
  '25db03c2-d846-4e72-8aa7-8f009dc81df6', -- Generated UUID for the question
  'Pick the question that corresponds with the ''Personality'' quadrant',
  '468eaa22-4d9d-412d-813f-e3fc5652180e', -- Quiz ID
  '468eaa22-4d9d-412d-813f-e3fc5652180e', -- Quiz ID (duplicate)
  'single-answer',
  '',
  3,
  NOW(),
  NOW()
) ON CONFLICT (id) DO NOTHING; -- Skip if the question already exists

-- Insert option 1 for question 4
INSERT INTO payload.quiz_questions_options (
  id,
  _order,
  _parent_id,
  text,
  is_correct,
  created_at,
  updated_at
) VALUES (
  gen_random_uuid(),
  0,
  '25db03c2-d846-4e72-8aa7-8f009dc81df6',
  'How do decisions get made?',
  false,
  NOW(),
  NOW()
) ON CONFLICT DO NOTHING; -- Skip if the option already exists

-- Insert option 2 for question 4
INSERT INTO payload.quiz_questions_options (
  id,
  _order,
  _parent_id,
  text,
  is_correct,
  created_at,
  updated_at
) VALUES (
  gen_random_uuid(),
  1,
  '25db03c2-d846-4e72-8aa7-8f009dc81df6',
  'What is their style, energy level, and emotional state?',
  true,
  NOW(),
  NOW()
) ON CONFLICT DO NOTHING; -- Skip if the option already exists

-- Insert option 3 for question 4
INSERT INTO payload.quiz_questions_options (
  id,
  _order,
  _parent_id,
  text,
  is_correct,
  created_at,
  updated_at
) VALUES (
  gen_random_uuid(),
  2,
  '25db03c2-d846-4e72-8aa7-8f009dc81df6',
  'Who are your ''friends in court''?',
  false,
  NOW(),
  NOW()
) ON CONFLICT DO NOTHING; -- Skip if the option already exists

-- Insert option 4 for question 4
INSERT INTO payload.quiz_questions_options (
  id,
  _order,
  _parent_id,
  text,
  is_correct,
  created_at,
  updated_at
) VALUES (
  gen_random_uuid(),
  3,
  '25db03c2-d846-4e72-8aa7-8f009dc81df6',
  'How does your audience like to consume information?',
  false,
  NOW(),
  NOW()
) ON CONFLICT DO NOTHING; -- Skip if the option already exists

-- Create relationship entry for the question to the quiz
INSERT INTO payload.quiz_questions_rels (
  id,
  _parent_id,
  field,
  value,
  created_at,
  updated_at
) VALUES (
  gen_random_uuid(),
  '25db03c2-d846-4e72-8aa7-8f009dc81df6',
  'quiz_id',
  '468eaa22-4d9d-412d-813f-e3fc5652180e',
  NOW(),
  NOW()
) ON CONFLICT DO NOTHING; -- Skip if the relationship already exists

-- Create bidirectional relationship entry for the quiz to the question
INSERT INTO payload.course_quizzes_rels (
  id,
  _parent_id,
  field,
  value,
  created_at,
  updated_at
) VALUES (
  gen_random_uuid(),
  '468eaa22-4d9d-412d-813f-e3fc5652180e',
  'questions',
  '25db03c2-d846-4e72-8aa7-8f009dc81df6',
  NOW(),
  NOW()
) ON CONFLICT DO NOTHING; -- Skip if the relationship already exists

-- Insert question 5 for quiz: The Who Quiz
INSERT INTO payload.quiz_questions (
  id,
  question,
  quiz_id,
  quiz_id_id, -- Duplicate field for compatibility
  type,
  explanation,
  "order",
  created_at,
  updated_at
) VALUES (
  'd5f2c5b7-1d8f-4f3e-9bd7-8770aaafa413', -- Generated UUID for the question
  'Pick the question that corresponds with the ''Access'' quadrant',
  '468eaa22-4d9d-412d-813f-e3fc5652180e', -- Quiz ID
  '468eaa22-4d9d-412d-813f-e3fc5652180e', -- Quiz ID (duplicate)
  'single-answer',
  '',
  4,
  NOW(),
  NOW()
) ON CONFLICT (id) DO NOTHING; -- Skip if the question already exists

-- Insert option 1 for question 5
INSERT INTO payload.quiz_questions_options (
  id,
  _order,
  _parent_id,
  text,
  is_correct,
  created_at,
  updated_at
) VALUES (
  gen_random_uuid(),
  0,
  'd5f2c5b7-1d8f-4f3e-9bd7-8770aaafa413',
  'How does your audience like to consume information?',
  true,
  NOW(),
  NOW()
) ON CONFLICT DO NOTHING; -- Skip if the option already exists

-- Insert option 2 for question 5
INSERT INTO payload.quiz_questions_options (
  id,
  _order,
  _parent_id,
  text,
  is_correct,
  created_at,
  updated_at
) VALUES (
  gen_random_uuid(),
  1,
  'd5f2c5b7-1d8f-4f3e-9bd7-8770aaafa413',
  'What is their style, energy level, and emotional state?',
  false,
  NOW(),
  NOW()
) ON CONFLICT DO NOTHING; -- Skip if the option already exists

-- Insert option 3 for question 5
INSERT INTO payload.quiz_questions_options (
  id,
  _order,
  _parent_id,
  text,
  is_correct,
  created_at,
  updated_at
) VALUES (
  gen_random_uuid(),
  2,
  'd5f2c5b7-1d8f-4f3e-9bd7-8770aaafa413',
  'How do decisions get made?',
  false,
  NOW(),
  NOW()
) ON CONFLICT DO NOTHING; -- Skip if the option already exists

-- Insert option 4 for question 5
INSERT INTO payload.quiz_questions_options (
  id,
  _order,
  _parent_id,
  text,
  is_correct,
  created_at,
  updated_at
) VALUES (
  gen_random_uuid(),
  3,
  'd5f2c5b7-1d8f-4f3e-9bd7-8770aaafa413',
  'Who are your ''friends in court''?',
  false,
  NOW(),
  NOW()
) ON CONFLICT DO NOTHING; -- Skip if the option already exists

-- Create relationship entry for the question to the quiz
INSERT INTO payload.quiz_questions_rels (
  id,
  _parent_id,
  field,
  value,
  created_at,
  updated_at
) VALUES (
  gen_random_uuid(),
  'd5f2c5b7-1d8f-4f3e-9bd7-8770aaafa413',
  'quiz_id',
  '468eaa22-4d9d-412d-813f-e3fc5652180e',
  NOW(),
  NOW()
) ON CONFLICT DO NOTHING; -- Skip if the relationship already exists

-- Create bidirectional relationship entry for the quiz to the question
INSERT INTO payload.course_quizzes_rels (
  id,
  _parent_id,
  field,
  value,
  created_at,
  updated_at
) VALUES (
  gen_random_uuid(),
  '468eaa22-4d9d-412d-813f-e3fc5652180e',
  'questions',
  'd5f2c5b7-1d8f-4f3e-9bd7-8770aaafa413',
  NOW(),
  NOW()
) ON CONFLICT DO NOTHING; -- Skip if the relationship already exists

-- Insert question 6 for quiz: The Who Quiz
INSERT INTO payload.quiz_questions (
  id,
  question,
  quiz_id,
  quiz_id_id, -- Duplicate field for compatibility
  type,
  explanation,
  "order",
  created_at,
  updated_at
) VALUES (
  '02119fc0-6f0f-4180-834f-786068915fa4', -- Generated UUID for the question
  'Pick the question that corresponds with the ''Power'' quadrant',
  '468eaa22-4d9d-412d-813f-e3fc5652180e', -- Quiz ID
  '468eaa22-4d9d-412d-813f-e3fc5652180e', -- Quiz ID (duplicate)
  'single-answer',
  '',
  5,
  NOW(),
  NOW()
) ON CONFLICT (id) DO NOTHING; -- Skip if the question already exists

-- Insert option 1 for question 6
INSERT INTO payload.quiz_questions_options (
  id,
  _order,
  _parent_id,
  text,
  is_correct,
  created_at,
  updated_at
) VALUES (
  gen_random_uuid(),
  0,
  '02119fc0-6f0f-4180-834f-786068915fa4',
  'How does your audience like to consume information?',
  false,
  NOW(),
  NOW()
) ON CONFLICT DO NOTHING; -- Skip if the option already exists

-- Insert option 2 for question 6
INSERT INTO payload.quiz_questions_options (
  id,
  _order,
  _parent_id,
  text,
  is_correct,
  created_at,
  updated_at
) VALUES (
  gen_random_uuid(),
  1,
  '02119fc0-6f0f-4180-834f-786068915fa4',
  'Who are your ''friends in court''?',
  false,
  NOW(),
  NOW()
) ON CONFLICT DO NOTHING; -- Skip if the option already exists

-- Insert option 3 for question 6
INSERT INTO payload.quiz_questions_options (
  id,
  _order,
  _parent_id,
  text,
  is_correct,
  created_at,
  updated_at
) VALUES (
  gen_random_uuid(),
  2,
  '02119fc0-6f0f-4180-834f-786068915fa4',
  'How do decisions get made?',
  true,
  NOW(),
  NOW()
) ON CONFLICT DO NOTHING; -- Skip if the option already exists

-- Insert option 4 for question 6
INSERT INTO payload.quiz_questions_options (
  id,
  _order,
  _parent_id,
  text,
  is_correct,
  created_at,
  updated_at
) VALUES (
  gen_random_uuid(),
  3,
  '02119fc0-6f0f-4180-834f-786068915fa4',
  'What is their style, energy level, and emotional state?',
  false,
  NOW(),
  NOW()
) ON CONFLICT DO NOTHING; -- Skip if the option already exists

-- Create relationship entry for the question to the quiz
INSERT INTO payload.quiz_questions_rels (
  id,
  _parent_id,
  field,
  value,
  created_at,
  updated_at
) VALUES (
  gen_random_uuid(),
  '02119fc0-6f0f-4180-834f-786068915fa4',
  'quiz_id',
  '468eaa22-4d9d-412d-813f-e3fc5652180e',
  NOW(),
  NOW()
) ON CONFLICT DO NOTHING; -- Skip if the relationship already exists

-- Create bidirectional relationship entry for the quiz to the question
INSERT INTO payload.course_quizzes_rels (
  id,
  _parent_id,
  field,
  value,
  created_at,
  updated_at
) VALUES (
  gen_random_uuid(),
  '468eaa22-4d9d-412d-813f-e3fc5652180e',
  'questions',
  '02119fc0-6f0f-4180-834f-786068915fa4',
  NOW(),
  NOW()
) ON CONFLICT DO NOTHING; -- Skip if the relationship already exists

-- Insert question 7 for quiz: The Who Quiz
INSERT INTO payload.quiz_questions (
  id,
  question,
  quiz_id,
  quiz_id_id, -- Duplicate field for compatibility
  type,
  explanation,
  "order",
  created_at,
  updated_at
) VALUES (
  '1bddb5ab-6537-4ec0-938c-125aa680265a', -- Generated UUID for the question
  'Pick the question that corresponds with the ''Resistance'' quadrant',
  '468eaa22-4d9d-412d-813f-e3fc5652180e', -- Quiz ID
  '468eaa22-4d9d-412d-813f-e3fc5652180e', -- Quiz ID (duplicate)
  'single-answer',
  '',
  6,
  NOW(),
  NOW()
) ON CONFLICT (id) DO NOTHING; -- Skip if the question already exists

-- Insert option 1 for question 7
INSERT INTO payload.quiz_questions_options (
  id,
  _order,
  _parent_id,
  text,
  is_correct,
  created_at,
  updated_at
) VALUES (
  gen_random_uuid(),
  0,
  '1bddb5ab-6537-4ec0-938c-125aa680265a',
  'How does your audience like to consume information?',
  false,
  NOW(),
  NOW()
) ON CONFLICT DO NOTHING; -- Skip if the option already exists

-- Insert option 2 for question 7
INSERT INTO payload.quiz_questions_options (
  id,
  _order,
  _parent_id,
  text,
  is_correct,
  created_at,
  updated_at
) VALUES (
  gen_random_uuid(),
  1,
  '1bddb5ab-6537-4ec0-938c-125aa680265a',
  'Who are your ''friends in court''?',
  true,
  NOW(),
  NOW()
) ON CONFLICT DO NOTHING; -- Skip if the option already exists

-- Insert option 3 for question 7
INSERT INTO payload.quiz_questions_options (
  id,
  _order,
  _parent_id,
  text,
  is_correct,
  created_at,
  updated_at
) VALUES (
  gen_random_uuid(),
  2,
  '1bddb5ab-6537-4ec0-938c-125aa680265a',
  'How do decisions get made?',
  false,
  NOW(),
  NOW()
) ON CONFLICT DO NOTHING; -- Skip if the option already exists

-- Insert option 4 for question 7
INSERT INTO payload.quiz_questions_options (
  id,
  _order,
  _parent_id,
  text,
  is_correct,
  created_at,
  updated_at
) VALUES (
  gen_random_uuid(),
  3,
  '1bddb5ab-6537-4ec0-938c-125aa680265a',
  'What is their style, energy level, and emotional state?',
  false,
  NOW(),
  NOW()
) ON CONFLICT DO NOTHING; -- Skip if the option already exists

-- Create relationship entry for the question to the quiz
INSERT INTO payload.quiz_questions_rels (
  id,
  _parent_id,
  field,
  value,
  created_at,
  updated_at
) VALUES (
  gen_random_uuid(),
  '1bddb5ab-6537-4ec0-938c-125aa680265a',
  'quiz_id',
  '468eaa22-4d9d-412d-813f-e3fc5652180e',
  NOW(),
  NOW()
) ON CONFLICT DO NOTHING; -- Skip if the relationship already exists

-- Create bidirectional relationship entry for the quiz to the question
INSERT INTO payload.course_quizzes_rels (
  id,
  _parent_id,
  field,
  value,
  created_at,
  updated_at
) VALUES (
  gen_random_uuid(),
  '468eaa22-4d9d-412d-813f-e3fc5652180e',
  'questions',
  '1bddb5ab-6537-4ec0-938c-125aa680265a',
  NOW(),
  NOW()
) ON CONFLICT DO NOTHING; -- Skip if the relationship already exists

-- Questions for quiz: Using Stories Quiz (using-stories-quiz, ID: 1fb4b5f4-c72f-475f-b1ca-6ca422706679)
-- Insert question 1 for quiz: Using Stories Quiz
INSERT INTO payload.quiz_questions (
  id,
  question,
  quiz_id,
  quiz_id_id, -- Duplicate field for compatibility
  type,
  explanation,
  "order",
  created_at,
  updated_at
) VALUES (
  'efc6c6b4-1ea4-4288-aa91-0158c794e4ea', -- Generated UUID for the question
  'Why are stories like a cup?',
  '1fb4b5f4-c72f-475f-b1ca-6ca422706679', -- Quiz ID
  '1fb4b5f4-c72f-475f-b1ca-6ca422706679', -- Quiz ID (duplicate)
  'single-answer',
  '',
  0,
  NOW(),
  NOW()
) ON CONFLICT (id) DO NOTHING; -- Skip if the question already exists

-- Insert option 1 for question 1
INSERT INTO payload.quiz_questions_options (
  id,
  _order,
  _parent_id,
  text,
  is_correct,
  created_at,
  updated_at
) VALUES (
  gen_random_uuid(),
  0,
  'efc6c6b4-1ea4-4288-aa91-0158c794e4ea',
  'Because they are the brain''s natural container for information',
  true,
  NOW(),
  NOW()
) ON CONFLICT DO NOTHING; -- Skip if the option already exists

-- Insert option 2 for question 1
INSERT INTO payload.quiz_questions_options (
  id,
  _order,
  _parent_id,
  text,
  is_correct,
  created_at,
  updated_at
) VALUES (
  gen_random_uuid(),
  1,
  'efc6c6b4-1ea4-4288-aa91-0158c794e4ea',
  'Because they are simple and straightforward',
  false,
  NOW(),
  NOW()
) ON CONFLICT DO NOTHING; -- Skip if the option already exists

-- Insert option 3 for question 1
INSERT INTO payload.quiz_questions_options (
  id,
  _order,
  _parent_id,
  text,
  is_correct,
  created_at,
  updated_at
) VALUES (
  gen_random_uuid(),
  2,
  'efc6c6b4-1ea4-4288-aa91-0158c794e4ea',
  'Because you can put in them whatever you like',
  false,
  NOW(),
  NOW()
) ON CONFLICT DO NOTHING; -- Skip if the option already exists

-- Insert option 4 for question 1
INSERT INTO payload.quiz_questions_options (
  id,
  _order,
  _parent_id,
  text,
  is_correct,
  created_at,
  updated_at
) VALUES (
  gen_random_uuid(),
  3,
  'efc6c6b4-1ea4-4288-aa91-0158c794e4ea',
  'Because they are delicate, and need to be handled carefully',
  false,
  NOW(),
  NOW()
) ON CONFLICT DO NOTHING; -- Skip if the option already exists

-- Create relationship entry for the question to the quiz
INSERT INTO payload.quiz_questions_rels (
  id,
  _parent_id,
  field,
  value,
  created_at,
  updated_at
) VALUES (
  gen_random_uuid(),
  'efc6c6b4-1ea4-4288-aa91-0158c794e4ea',
  'quiz_id',
  '1fb4b5f4-c72f-475f-b1ca-6ca422706679',
  NOW(),
  NOW()
) ON CONFLICT DO NOTHING; -- Skip if the relationship already exists

-- Create bidirectional relationship entry for the quiz to the question
INSERT INTO payload.course_quizzes_rels (
  id,
  _parent_id,
  field,
  value,
  created_at,
  updated_at
) VALUES (
  gen_random_uuid(),
  '1fb4b5f4-c72f-475f-b1ca-6ca422706679',
  'questions',
  'efc6c6b4-1ea4-4288-aa91-0158c794e4ea',
  NOW(),
  NOW()
) ON CONFLICT DO NOTHING; -- Skip if the relationship already exists

-- Insert question 2 for quiz: Using Stories Quiz
INSERT INTO payload.quiz_questions (
  id,
  question,
  quiz_id,
  quiz_id_id, -- Duplicate field for compatibility
  type,
  explanation,
  "order",
  created_at,
  updated_at
) VALUES (
  '62ee402a-214f-4596-9e26-a9c2db102613', -- Generated UUID for the question
  'What do stories add to our presentations? Why should be use them?',
  '1fb4b5f4-c72f-475f-b1ca-6ca422706679', -- Quiz ID
  '1fb4b5f4-c72f-475f-b1ca-6ca422706679', -- Quiz ID (duplicate)
  'multi-answer',
  '',
  1,
  NOW(),
  NOW()
) ON CONFLICT (id) DO NOTHING; -- Skip if the question already exists

-- Insert option 1 for question 2
INSERT INTO payload.quiz_questions_options (
  id,
  _order,
  _parent_id,
  text,
  is_correct,
  created_at,
  updated_at
) VALUES (
  gen_random_uuid(),
  0,
  '62ee402a-214f-4596-9e26-a9c2db102613',
  'Stories stop disagreement',
  true,
  NOW(),
  NOW()
) ON CONFLICT DO NOTHING; -- Skip if the option already exists

-- Insert option 2 for question 2
INSERT INTO payload.quiz_questions_options (
  id,
  _order,
  _parent_id,
  text,
  is_correct,
  created_at,
  updated_at
) VALUES (
  gen_random_uuid(),
  1,
  '62ee402a-214f-4596-9e26-a9c2db102613',
  'Stories make people laugh',
  false,
  NOW(),
  NOW()
) ON CONFLICT DO NOTHING; -- Skip if the option already exists

-- Insert option 3 for question 2
INSERT INTO payload.quiz_questions_options (
  id,
  _order,
  _parent_id,
  text,
  is_correct,
  created_at,
  updated_at
) VALUES (
  gen_random_uuid(),
  2,
  '62ee402a-214f-4596-9e26-a9c2db102613',
  'Stories lull your audience to sleep',
  false,
  NOW(),
  NOW()
) ON CONFLICT DO NOTHING; -- Skip if the option already exists

-- Insert option 4 for question 2
INSERT INTO payload.quiz_questions_options (
  id,
  _order,
  _parent_id,
  text,
  is_correct,
  created_at,
  updated_at
) VALUES (
  gen_random_uuid(),
  3,
  '62ee402a-214f-4596-9e26-a9c2db102613',
  'Stories make your message more memorable',
  true,
  NOW(),
  NOW()
) ON CONFLICT DO NOTHING; -- Skip if the option already exists

-- Insert option 5 for question 2
INSERT INTO payload.quiz_questions_options (
  id,
  _order,
  _parent_id,
  text,
  is_correct,
  created_at,
  updated_at
) VALUES (
  gen_random_uuid(),
  4,
  '62ee402a-214f-4596-9e26-a9c2db102613',
  'Stories increase trust',
  true,
  NOW(),
  NOW()
) ON CONFLICT DO NOTHING; -- Skip if the option already exists

-- Create relationship entry for the question to the quiz
INSERT INTO payload.quiz_questions_rels (
  id,
  _parent_id,
  field,
  value,
  created_at,
  updated_at
) VALUES (
  gen_random_uuid(),
  '62ee402a-214f-4596-9e26-a9c2db102613',
  'quiz_id',
  '1fb4b5f4-c72f-475f-b1ca-6ca422706679',
  NOW(),
  NOW()
) ON CONFLICT DO NOTHING; -- Skip if the relationship already exists

-- Create bidirectional relationship entry for the quiz to the question
INSERT INTO payload.course_quizzes_rels (
  id,
  _parent_id,
  field,
  value,
  created_at,
  updated_at
) VALUES (
  gen_random_uuid(),
  '1fb4b5f4-c72f-475f-b1ca-6ca422706679',
  'questions',
  '62ee402a-214f-4596-9e26-a9c2db102613',
  NOW(),
  NOW()
) ON CONFLICT DO NOTHING; -- Skip if the relationship already exists

-- Insert question 3 for quiz: Using Stories Quiz
INSERT INTO payload.quiz_questions (
  id,
  question,
  quiz_id,
  quiz_id_id, -- Duplicate field for compatibility
  type,
  explanation,
  "order",
  created_at,
  updated_at
) VALUES (
  '8c0cba0e-701b-4ef2-9976-4cab752462ed', -- Generated UUID for the question
  'What characteristics make stories memorable?',
  '1fb4b5f4-c72f-475f-b1ca-6ca422706679', -- Quiz ID
  '1fb4b5f4-c72f-475f-b1ca-6ca422706679', -- Quiz ID (duplicate)
  'multi-answer',
  '',
  2,
  NOW(),
  NOW()
) ON CONFLICT (id) DO NOTHING; -- Skip if the question already exists

-- Insert option 1 for question 3
INSERT INTO payload.quiz_questions_options (
  id,
  _order,
  _parent_id,
  text,
  is_correct,
  created_at,
  updated_at
) VALUES (
  gen_random_uuid(),
  0,
  '8c0cba0e-701b-4ef2-9976-4cab752462ed',
  'Concreteness',
  true,
  NOW(),
  NOW()
) ON CONFLICT DO NOTHING; -- Skip if the option already exists

-- Insert option 2 for question 3
INSERT INTO payload.quiz_questions_options (
  id,
  _order,
  _parent_id,
  text,
  is_correct,
  created_at,
  updated_at
) VALUES (
  gen_random_uuid(),
  1,
  '8c0cba0e-701b-4ef2-9976-4cab752462ed',
  'Unexpectedness',
  true,
  NOW(),
  NOW()
) ON CONFLICT DO NOTHING; -- Skip if the option already exists

-- Insert option 3 for question 3
INSERT INTO payload.quiz_questions_options (
  id,
  _order,
  _parent_id,
  text,
  is_correct,
  created_at,
  updated_at
) VALUES (
  gen_random_uuid(),
  2,
  '8c0cba0e-701b-4ef2-9976-4cab752462ed',
  'Credibility',
  true,
  NOW(),
  NOW()
) ON CONFLICT DO NOTHING; -- Skip if the option already exists

-- Insert option 4 for question 3
INSERT INTO payload.quiz_questions_options (
  id,
  _order,
  _parent_id,
  text,
  is_correct,
  created_at,
  updated_at
) VALUES (
  gen_random_uuid(),
  3,
  '8c0cba0e-701b-4ef2-9976-4cab752462ed',
  'Simplicity',
  true,
  NOW(),
  NOW()
) ON CONFLICT DO NOTHING; -- Skip if the option already exists

-- Insert option 5 for question 3
INSERT INTO payload.quiz_questions_options (
  id,
  _order,
  _parent_id,
  text,
  is_correct,
  created_at,
  updated_at
) VALUES (
  gen_random_uuid(),
  4,
  '8c0cba0e-701b-4ef2-9976-4cab752462ed',
  'Emotion',
  true,
  NOW(),
  NOW()
) ON CONFLICT DO NOTHING; -- Skip if the option already exists

-- Create relationship entry for the question to the quiz
INSERT INTO payload.quiz_questions_rels (
  id,
  _parent_id,
  field,
  value,
  created_at,
  updated_at
) VALUES (
  gen_random_uuid(),
  '8c0cba0e-701b-4ef2-9976-4cab752462ed',
  'quiz_id',
  '1fb4b5f4-c72f-475f-b1ca-6ca422706679',
  NOW(),
  NOW()
) ON CONFLICT DO NOTHING; -- Skip if the relationship already exists

-- Create bidirectional relationship entry for the quiz to the question
INSERT INTO payload.course_quizzes_rels (
  id,
  _parent_id,
  field,
  value,
  created_at,
  updated_at
) VALUES (
  gen_random_uuid(),
  '1fb4b5f4-c72f-475f-b1ca-6ca422706679',
  'questions',
  '8c0cba0e-701b-4ef2-9976-4cab752462ed',
  NOW(),
  NOW()
) ON CONFLICT DO NOTHING; -- Skip if the relationship already exists

-- Questions for quiz: Visual Perception and Communication Quiz (visual-perception-quiz, ID: 16c6823d-36d6-4ee0-846a-0457569fb731)
-- Insert question 1 for quiz: Visual Perception and Communication Quiz
INSERT INTO payload.quiz_questions (
  id,
  question,
  quiz_id,
  quiz_id_id, -- Duplicate field for compatibility
  type,
  explanation,
  "order",
  created_at,
  updated_at
) VALUES (
  'c9d94e21-7f78-468c-a305-aa9aa579fdb0', -- Generated UUID for the question
  'What is visual thinking?',
  '16c6823d-36d6-4ee0-846a-0457569fb731', -- Quiz ID
  '16c6823d-36d6-4ee0-846a-0457569fb731', -- Quiz ID (duplicate)
  'single-answer',
  '',
  0,
  NOW(),
  NOW()
) ON CONFLICT (id) DO NOTHING; -- Skip if the question already exists

-- Insert option 1 for question 1
INSERT INTO payload.quiz_questions_options (
  id,
  _order,
  _parent_id,
  text,
  is_correct,
  created_at,
  updated_at
) VALUES (
  gen_random_uuid(),
  0,
  'c9d94e21-7f78-468c-a305-aa9aa579fdb0',
  'Doodling',
  false,
  NOW(),
  NOW()
) ON CONFLICT DO NOTHING; -- Skip if the option already exists

-- Insert option 2 for question 1
INSERT INTO payload.quiz_questions_options (
  id,
  _order,
  _parent_id,
  text,
  is_correct,
  created_at,
  updated_at
) VALUES (
  gen_random_uuid(),
  1,
  'c9d94e21-7f78-468c-a305-aa9aa579fdb0',
  'The phenomenon of thinking through visual processing',
  true,
  NOW(),
  NOW()
) ON CONFLICT DO NOTHING; -- Skip if the option already exists

-- Insert option 3 for question 1
INSERT INTO payload.quiz_questions_options (
  id,
  _order,
  _parent_id,
  text,
  is_correct,
  created_at,
  updated_at
) VALUES (
  gen_random_uuid(),
  2,
  'c9d94e21-7f78-468c-a305-aa9aa579fdb0',
  'A thought cloud',
  false,
  NOW(),
  NOW()
) ON CONFLICT DO NOTHING; -- Skip if the option already exists

-- Insert option 4 for question 1
INSERT INTO payload.quiz_questions_options (
  id,
  _order,
  _parent_id,
  text,
  is_correct,
  created_at,
  updated_at
) VALUES (
  gen_random_uuid(),
  3,
  'c9d94e21-7f78-468c-a305-aa9aa579fdb0',
  'Complex visual charts',
  false,
  NOW(),
  NOW()
) ON CONFLICT DO NOTHING; -- Skip if the option already exists

-- Create relationship entry for the question to the quiz
INSERT INTO payload.quiz_questions_rels (
  id,
  _parent_id,
  field,
  value,
  created_at,
  updated_at
) VALUES (
  gen_random_uuid(),
  'c9d94e21-7f78-468c-a305-aa9aa579fdb0',
  'quiz_id',
  '16c6823d-36d6-4ee0-846a-0457569fb731',
  NOW(),
  NOW()
) ON CONFLICT DO NOTHING; -- Skip if the relationship already exists

-- Create bidirectional relationship entry for the quiz to the question
INSERT INTO payload.course_quizzes_rels (
  id,
  _parent_id,
  field,
  value,
  created_at,
  updated_at
) VALUES (
  gen_random_uuid(),
  '16c6823d-36d6-4ee0-846a-0457569fb731',
  'questions',
  'c9d94e21-7f78-468c-a305-aa9aa579fdb0',
  NOW(),
  NOW()
) ON CONFLICT DO NOTHING; -- Skip if the relationship already exists

-- Insert question 2 for quiz: Visual Perception and Communication Quiz
INSERT INTO payload.quiz_questions (
  id,
  question,
  quiz_id,
  quiz_id_id, -- Duplicate field for compatibility
  type,
  explanation,
  "order",
  created_at,
  updated_at
) VALUES (
  '79d2384e-a098-435d-806d-77d35032c964', -- Generated UUID for the question
  'Match the type of mental processing with the characteristic: ''Conscious, sequential, and slow/hard''',
  '16c6823d-36d6-4ee0-846a-0457569fb731', -- Quiz ID
  '16c6823d-36d6-4ee0-846a-0457569fb731', -- Quiz ID (duplicate)
  'single-answer',
  '',
  1,
  NOW(),
  NOW()
) ON CONFLICT (id) DO NOTHING; -- Skip if the question already exists

-- Insert option 1 for question 2
INSERT INTO payload.quiz_questions_options (
  id,
  _order,
  _parent_id,
  text,
  is_correct,
  created_at,
  updated_at
) VALUES (
  gen_random_uuid(),
  0,
  '79d2384e-a098-435d-806d-77d35032c964',
  'Attentive processing',
  true,
  NOW(),
  NOW()
) ON CONFLICT DO NOTHING; -- Skip if the option already exists

-- Insert option 2 for question 2
INSERT INTO payload.quiz_questions_options (
  id,
  _order,
  _parent_id,
  text,
  is_correct,
  created_at,
  updated_at
) VALUES (
  gen_random_uuid(),
  1,
  '79d2384e-a098-435d-806d-77d35032c964',
  'Pre-attentive processing',
  false,
  NOW(),
  NOW()
) ON CONFLICT DO NOTHING; -- Skip if the option already exists

-- Create relationship entry for the question to the quiz
INSERT INTO payload.quiz_questions_rels (
  id,
  _parent_id,
  field,
  value,
  created_at,
  updated_at
) VALUES (
  gen_random_uuid(),
  '79d2384e-a098-435d-806d-77d35032c964',
  'quiz_id',
  '16c6823d-36d6-4ee0-846a-0457569fb731',
  NOW(),
  NOW()
) ON CONFLICT DO NOTHING; -- Skip if the relationship already exists

-- Create bidirectional relationship entry for the quiz to the question
INSERT INTO payload.course_quizzes_rels (
  id,
  _parent_id,
  field,
  value,
  created_at,
  updated_at
) VALUES (
  gen_random_uuid(),
  '16c6823d-36d6-4ee0-846a-0457569fb731',
  'questions',
  '79d2384e-a098-435d-806d-77d35032c964',
  NOW(),
  NOW()
) ON CONFLICT DO NOTHING; -- Skip if the relationship already exists

-- Insert question 3 for quiz: Visual Perception and Communication Quiz
INSERT INTO payload.quiz_questions (
  id,
  question,
  quiz_id,
  quiz_id_id, -- Duplicate field for compatibility
  type,
  explanation,
  "order",
  created_at,
  updated_at
) VALUES (
  '81f8bf47-c6cf-4de0-b33b-f71a2bc4b9a9', -- Generated UUID for the question
  'Match the type of mental processing with the characteristic: ''Below the level of consciousness, very rapid''',
  '16c6823d-36d6-4ee0-846a-0457569fb731', -- Quiz ID
  '16c6823d-36d6-4ee0-846a-0457569fb731', -- Quiz ID (duplicate)
  'single-answer',
  '',
  2,
  NOW(),
  NOW()
) ON CONFLICT (id) DO NOTHING; -- Skip if the question already exists

-- Insert option 1 for question 3
INSERT INTO payload.quiz_questions_options (
  id,
  _order,
  _parent_id,
  text,
  is_correct,
  created_at,
  updated_at
) VALUES (
  gen_random_uuid(),
  0,
  '81f8bf47-c6cf-4de0-b33b-f71a2bc4b9a9',
  'Attentive processing',
  false,
  NOW(),
  NOW()
) ON CONFLICT DO NOTHING; -- Skip if the option already exists

-- Insert option 2 for question 3
INSERT INTO payload.quiz_questions_options (
  id,
  _order,
  _parent_id,
  text,
  is_correct,
  created_at,
  updated_at
) VALUES (
  gen_random_uuid(),
  1,
  '81f8bf47-c6cf-4de0-b33b-f71a2bc4b9a9',
  'Pre-attentive processing',
  true,
  NOW(),
  NOW()
) ON CONFLICT DO NOTHING; -- Skip if the option already exists

-- Create relationship entry for the question to the quiz
INSERT INTO payload.quiz_questions_rels (
  id,
  _parent_id,
  field,
  value,
  created_at,
  updated_at
) VALUES (
  gen_random_uuid(),
  '81f8bf47-c6cf-4de0-b33b-f71a2bc4b9a9',
  'quiz_id',
  '16c6823d-36d6-4ee0-846a-0457569fb731',
  NOW(),
  NOW()
) ON CONFLICT DO NOTHING; -- Skip if the relationship already exists

-- Create bidirectional relationship entry for the quiz to the question
INSERT INTO payload.course_quizzes_rels (
  id,
  _parent_id,
  field,
  value,
  created_at,
  updated_at
) VALUES (
  gen_random_uuid(),
  '16c6823d-36d6-4ee0-846a-0457569fb731',
  'questions',
  '81f8bf47-c6cf-4de0-b33b-f71a2bc4b9a9',
  NOW(),
  NOW()
) ON CONFLICT DO NOTHING; -- Skip if the relationship already exists

-- Insert question 4 for quiz: Visual Perception and Communication Quiz
INSERT INTO payload.quiz_questions (
  id,
  question,
  quiz_id,
  quiz_id_id, -- Duplicate field for compatibility
  type,
  explanation,
  "order",
  created_at,
  updated_at
) VALUES (
  'caa0a501-0a16-4c1e-a129-3b95f09dfbc5', -- Generated UUID for the question
  'What are the visual attribute triggers of pre-attentive processing?',
  '16c6823d-36d6-4ee0-846a-0457569fb731', -- Quiz ID
  '16c6823d-36d6-4ee0-846a-0457569fb731', -- Quiz ID (duplicate)
  'multi-answer',
  '',
  3,
  NOW(),
  NOW()
) ON CONFLICT (id) DO NOTHING; -- Skip if the question already exists

-- Insert option 1 for question 4
INSERT INTO payload.quiz_questions_options (
  id,
  _order,
  _parent_id,
  text,
  is_correct,
  created_at,
  updated_at
) VALUES (
  gen_random_uuid(),
  0,
  'caa0a501-0a16-4c1e-a129-3b95f09dfbc5',
  'Length',
  true,
  NOW(),
  NOW()
) ON CONFLICT DO NOTHING; -- Skip if the option already exists

-- Insert option 2 for question 4
INSERT INTO payload.quiz_questions_options (
  id,
  _order,
  _parent_id,
  text,
  is_correct,
  created_at,
  updated_at
) VALUES (
  gen_random_uuid(),
  1,
  'caa0a501-0a16-4c1e-a129-3b95f09dfbc5',
  '3D position',
  false,
  NOW(),
  NOW()
) ON CONFLICT DO NOTHING; -- Skip if the option already exists

-- Insert option 3 for question 4
INSERT INTO payload.quiz_questions_options (
  id,
  _order,
  _parent_id,
  text,
  is_correct,
  created_at,
  updated_at
) VALUES (
  gen_random_uuid(),
  2,
  'caa0a501-0a16-4c1e-a129-3b95f09dfbc5',
  'Color',
  false,
  NOW(),
  NOW()
) ON CONFLICT DO NOTHING; -- Skip if the option already exists

-- Insert option 4 for question 4
INSERT INTO payload.quiz_questions_options (
  id,
  _order,
  _parent_id,
  text,
  is_correct,
  created_at,
  updated_at
) VALUES (
  gen_random_uuid(),
  3,
  'caa0a501-0a16-4c1e-a129-3b95f09dfbc5',
  'Size',
  true,
  NOW(),
  NOW()
) ON CONFLICT DO NOTHING; -- Skip if the option already exists

-- Insert option 5 for question 4
INSERT INTO payload.quiz_questions_options (
  id,
  _order,
  _parent_id,
  text,
  is_correct,
  created_at,
  updated_at
) VALUES (
  gen_random_uuid(),
  4,
  'caa0a501-0a16-4c1e-a129-3b95f09dfbc5',
  'Motion',
  false,
  NOW(),
  NOW()
) ON CONFLICT DO NOTHING; -- Skip if the option already exists

-- Insert option 6 for question 4
INSERT INTO payload.quiz_questions_options (
  id,
  _order,
  _parent_id,
  text,
  is_correct,
  created_at,
  updated_at
) VALUES (
  gen_random_uuid(),
  5,
  'caa0a501-0a16-4c1e-a129-3b95f09dfbc5',
  'Hue',
  true,
  NOW(),
  NOW()
) ON CONFLICT DO NOTHING; -- Skip if the option already exists

-- Insert option 7 for question 4
INSERT INTO payload.quiz_questions_options (
  id,
  _order,
  _parent_id,
  text,
  is_correct,
  created_at,
  updated_at
) VALUES (
  gen_random_uuid(),
  6,
  'caa0a501-0a16-4c1e-a129-3b95f09dfbc5',
  'Texture',
  false,
  NOW(),
  NOW()
) ON CONFLICT DO NOTHING; -- Skip if the option already exists

-- Insert option 8 for question 4
INSERT INTO payload.quiz_questions_options (
  id,
  _order,
  _parent_id,
  text,
  is_correct,
  created_at,
  updated_at
) VALUES (
  gen_random_uuid(),
  7,
  'caa0a501-0a16-4c1e-a129-3b95f09dfbc5',
  'Shape',
  true,
  NOW(),
  NOW()
) ON CONFLICT DO NOTHING; -- Skip if the option already exists

-- Insert option 9 for question 4
INSERT INTO payload.quiz_questions_options (
  id,
  _order,
  _parent_id,
  text,
  is_correct,
  created_at,
  updated_at
) VALUES (
  gen_random_uuid(),
  8,
  'caa0a501-0a16-4c1e-a129-3b95f09dfbc5',
  'Width',
  true,
  NOW(),
  NOW()
) ON CONFLICT DO NOTHING; -- Skip if the option already exists

-- Insert option 10 for question 4
INSERT INTO payload.quiz_questions_options (
  id,
  _order,
  _parent_id,
  text,
  is_correct,
  created_at,
  updated_at
) VALUES (
  gen_random_uuid(),
  9,
  'caa0a501-0a16-4c1e-a129-3b95f09dfbc5',
  'Orientation',
  true,
  NOW(),
  NOW()
) ON CONFLICT DO NOTHING; -- Skip if the option already exists

-- Insert option 11 for question 4
INSERT INTO payload.quiz_questions_options (
  id,
  _order,
  _parent_id,
  text,
  is_correct,
  created_at,
  updated_at
) VALUES (
  gen_random_uuid(),
  10,
  'caa0a501-0a16-4c1e-a129-3b95f09dfbc5',
  'Enclosure',
  true,
  NOW(),
  NOW()
) ON CONFLICT DO NOTHING; -- Skip if the option already exists

-- Insert option 12 for question 4
INSERT INTO payload.quiz_questions_options (
  id,
  _order,
  _parent_id,
  text,
  is_correct,
  created_at,
  updated_at
) VALUES (
  gen_random_uuid(),
  11,
  'caa0a501-0a16-4c1e-a129-3b95f09dfbc5',
  '2D position',
  true,
  NOW(),
  NOW()
) ON CONFLICT DO NOTHING; -- Skip if the option already exists

-- Insert option 13 for question 4
INSERT INTO payload.quiz_questions_options (
  id,
  _order,
  _parent_id,
  text,
  is_correct,
  created_at,
  updated_at
) VALUES (
  gen_random_uuid(),
  12,
  'caa0a501-0a16-4c1e-a129-3b95f09dfbc5',
  'Intensity',
  true,
  NOW(),
  NOW()
) ON CONFLICT DO NOTHING; -- Skip if the option already exists

-- Create relationship entry for the question to the quiz
INSERT INTO payload.quiz_questions_rels (
  id,
  _parent_id,
  field,
  value,
  created_at,
  updated_at
) VALUES (
  gen_random_uuid(),
  'caa0a501-0a16-4c1e-a129-3b95f09dfbc5',
  'quiz_id',
  '16c6823d-36d6-4ee0-846a-0457569fb731',
  NOW(),
  NOW()
) ON CONFLICT DO NOTHING; -- Skip if the relationship already exists

-- Create bidirectional relationship entry for the quiz to the question
INSERT INTO payload.course_quizzes_rels (
  id,
  _parent_id,
  field,
  value,
  created_at,
  updated_at
) VALUES (
  gen_random_uuid(),
  '16c6823d-36d6-4ee0-846a-0457569fb731',
  'questions',
  'caa0a501-0a16-4c1e-a129-3b95f09dfbc5',
  NOW(),
  NOW()
) ON CONFLICT DO NOTHING; -- Skip if the relationship already exists

-- Questions for quiz: The Why (Next Steps) Quiz (why-next-steps-quiz, ID: 07af01e0-53d2-469b-992a-5c3a8c2ad02a)
-- Insert question 1 for quiz: The Why (Next Steps) Quiz
INSERT INTO payload.quiz_questions (
  id,
  question,
  quiz_id,
  quiz_id_id, -- Duplicate field for compatibility
  type,
  explanation,
  "order",
  created_at,
  updated_at
) VALUES (
  '8a428d7c-de74-40af-9b14-abb152a777ef', -- Generated UUID for the question
  'Who is Cicero?',
  '07af01e0-53d2-469b-992a-5c3a8c2ad02a', -- Quiz ID
  '07af01e0-53d2-469b-992a-5c3a8c2ad02a', -- Quiz ID (duplicate)
  'single-answer',
  '',
  0,
  NOW(),
  NOW()
) ON CONFLICT (id) DO NOTHING; -- Skip if the question already exists

-- Insert option 1 for question 1
INSERT INTO payload.quiz_questions_options (
  id,
  _order,
  _parent_id,
  text,
  is_correct,
  created_at,
  updated_at
) VALUES (
  gen_random_uuid(),
  0,
  '8a428d7c-de74-40af-9b14-abb152a777ef',
  'A PowerPoint macro',
  false,
  NOW(),
  NOW()
) ON CONFLICT DO NOTHING; -- Skip if the option already exists

-- Insert option 2 for question 1
INSERT INTO payload.quiz_questions_options (
  id,
  _order,
  _parent_id,
  text,
  is_correct,
  created_at,
  updated_at
) VALUES (
  gen_random_uuid(),
  1,
  '8a428d7c-de74-40af-9b14-abb152a777ef',
  'Some Italian dude who wasn''t nearly as effective as Demosthenes',
  true,
  NOW(),
  NOW()
) ON CONFLICT DO NOTHING; -- Skip if the option already exists

-- Insert option 3 for question 1
INSERT INTO payload.quiz_questions_options (
  id,
  _order,
  _parent_id,
  text,
  is_correct,
  created_at,
  updated_at
) VALUES (
  gen_random_uuid(),
  2,
  '8a428d7c-de74-40af-9b14-abb152a777ef',
  'Drake''s blind brother',
  false,
  NOW(),
  NOW()
) ON CONFLICT DO NOTHING; -- Skip if the option already exists

-- Create relationship entry for the question to the quiz
INSERT INTO payload.quiz_questions_rels (
  id,
  _parent_id,
  field,
  value,
  created_at,
  updated_at
) VALUES (
  gen_random_uuid(),
  '8a428d7c-de74-40af-9b14-abb152a777ef',
  'quiz_id',
  '07af01e0-53d2-469b-992a-5c3a8c2ad02a',
  NOW(),
  NOW()
) ON CONFLICT DO NOTHING; -- Skip if the relationship already exists

-- Create bidirectional relationship entry for the quiz to the question
INSERT INTO payload.course_quizzes_rels (
  id,
  _parent_id,
  field,
  value,
  created_at,
  updated_at
) VALUES (
  gen_random_uuid(),
  '07af01e0-53d2-469b-992a-5c3a8c2ad02a',
  'questions',
  '8a428d7c-de74-40af-9b14-abb152a777ef',
  NOW(),
  NOW()
) ON CONFLICT DO NOTHING; -- Skip if the relationship already exists

-- Insert question 2 for quiz: The Why (Next Steps) Quiz
INSERT INTO payload.quiz_questions (
  id,
  question,
  quiz_id,
  quiz_id_id, -- Duplicate field for compatibility
  type,
  explanation,
  "order",
  created_at,
  updated_at
) VALUES (
  '017803eb-122c-4461-b1e3-a941c68d145e', -- Generated UUID for the question
  'What is the ultimate objective of our presentation?',
  '07af01e0-53d2-469b-992a-5c3a8c2ad02a', -- Quiz ID
  '07af01e0-53d2-469b-992a-5c3a8c2ad02a', -- Quiz ID (duplicate)
  'single-answer',
  '',
  1,
  NOW(),
  NOW()
) ON CONFLICT (id) DO NOTHING; -- Skip if the question already exists

-- Insert option 1 for question 2
INSERT INTO payload.quiz_questions_options (
  id,
  _order,
  _parent_id,
  text,
  is_correct,
  created_at,
  updated_at
) VALUES (
  gen_random_uuid(),
  0,
  '017803eb-122c-4461-b1e3-a941c68d145e',
  'To prompt action!',
  true,
  NOW(),
  NOW()
) ON CONFLICT DO NOTHING; -- Skip if the option already exists

-- Insert option 2 for question 2
INSERT INTO payload.quiz_questions_options (
  id,
  _order,
  _parent_id,
  text,
  is_correct,
  created_at,
  updated_at
) VALUES (
  gen_random_uuid(),
  1,
  '017803eb-122c-4461-b1e3-a941c68d145e',
  'To get it over with',
  false,
  NOW(),
  NOW()
) ON CONFLICT DO NOTHING; -- Skip if the option already exists

-- Insert option 3 for question 2
INSERT INTO payload.quiz_questions_options (
  id,
  _order,
  _parent_id,
  text,
  is_correct,
  created_at,
  updated_at
) VALUES (
  gen_random_uuid(),
  2,
  '017803eb-122c-4461-b1e3-a941c68d145e',
  'To get praise for our slick PowerPoint skills',
  false,
  NOW(),
  NOW()
) ON CONFLICT DO NOTHING; -- Skip if the option already exists

-- Create relationship entry for the question to the quiz
INSERT INTO payload.quiz_questions_rels (
  id,
  _parent_id,
  field,
  value,
  created_at,
  updated_at
) VALUES (
  gen_random_uuid(),
  '017803eb-122c-4461-b1e3-a941c68d145e',
  'quiz_id',
  '07af01e0-53d2-469b-992a-5c3a8c2ad02a',
  NOW(),
  NOW()
) ON CONFLICT DO NOTHING; -- Skip if the relationship already exists

-- Create bidirectional relationship entry for the quiz to the question
INSERT INTO payload.course_quizzes_rels (
  id,
  _parent_id,
  field,
  value,
  created_at,
  updated_at
) VALUES (
  gen_random_uuid(),
  '07af01e0-53d2-469b-992a-5c3a8c2ad02a',
  'questions',
  '017803eb-122c-4461-b1e3-a941c68d145e',
  NOW(),
  NOW()
) ON CONFLICT DO NOTHING; -- Skip if the relationship already exists

-- Insert question 3 for quiz: The Why (Next Steps) Quiz
INSERT INTO payload.quiz_questions (
  id,
  question,
  quiz_id,
  quiz_id_id, -- Duplicate field for compatibility
  type,
  explanation,
  "order",
  created_at,
  updated_at
) VALUES (
  'a4f23441-e5fe-4101-b028-e87e3eeeabc5', -- Generated UUID for the question
  'Which of the following are reasonable next steps to follow your presentation?',
  '07af01e0-53d2-469b-992a-5c3a8c2ad02a', -- Quiz ID
  '07af01e0-53d2-469b-992a-5c3a8c2ad02a', -- Quiz ID (duplicate)
  'multi-answer',
  '',
  2,
  NOW(),
  NOW()
) ON CONFLICT (id) DO NOTHING; -- Skip if the question already exists

-- Insert option 1 for question 3
INSERT INTO payload.quiz_questions_options (
  id,
  _order,
  _parent_id,
  text,
  is_correct,
  created_at,
  updated_at
) VALUES (
  gen_random_uuid(),
  0,
  'a4f23441-e5fe-4101-b028-e87e3eeeabc5',
  'For your to develop a full proposal for the customer',
  false,
  NOW(),
  NOW()
) ON CONFLICT DO NOTHING; -- Skip if the option already exists

-- Insert option 2 for question 3
INSERT INTO payload.quiz_questions_options (
  id,
  _order,
  _parent_id,
  text,
  is_correct,
  created_at,
  updated_at
) VALUES (
  gen_random_uuid(),
  1,
  'a4f23441-e5fe-4101-b028-e87e3eeeabc5',
  'For the customer to test your software as part of a trial',
  true,
  NOW(),
  NOW()
) ON CONFLICT DO NOTHING; -- Skip if the option already exists

-- Insert option 3 for question 3
INSERT INTO payload.quiz_questions_options (
  id,
  _order,
  _parent_id,
  text,
  is_correct,
  created_at,
  updated_at
) VALUES (
  gen_random_uuid(),
  2,
  'a4f23441-e5fe-4101-b028-e87e3eeeabc5',
  'For the customer to schedule a follow-up demo with field staff',
  true,
  NOW(),
  NOW()
) ON CONFLICT DO NOTHING; -- Skip if the option already exists

-- Create relationship entry for the question to the quiz
INSERT INTO payload.quiz_questions_rels (
  id,
  _parent_id,
  field,
  value,
  created_at,
  updated_at
) VALUES (
  gen_random_uuid(),
  'a4f23441-e5fe-4101-b028-e87e3eeeabc5',
  'quiz_id',
  '07af01e0-53d2-469b-992a-5c3a8c2ad02a',
  NOW(),
  NOW()
) ON CONFLICT DO NOTHING; -- Skip if the relationship already exists

-- Create bidirectional relationship entry for the quiz to the question
INSERT INTO payload.course_quizzes_rels (
  id,
  _parent_id,
  field,
  value,
  created_at,
  updated_at
) VALUES (
  gen_random_uuid(),
  '07af01e0-53d2-469b-992a-5c3a8c2ad02a',
  'questions',
  'a4f23441-e5fe-4101-b028-e87e3eeeabc5',
  NOW(),
  NOW()
) ON CONFLICT DO NOTHING; -- Skip if the relationship already exists

-- Insert question 4 for quiz: The Why (Next Steps) Quiz
INSERT INTO payload.quiz_questions (
  id,
  question,
  quiz_id,
  quiz_id_id, -- Duplicate field for compatibility
  type,
  explanation,
  "order",
  created_at,
  updated_at
) VALUES (
  '658efd8c-04fb-48dc-80f8-4a17737d7b97', -- Generated UUID for the question
  'Where should the next steps go in your presentation?',
  '07af01e0-53d2-469b-992a-5c3a8c2ad02a', -- Quiz ID
  '07af01e0-53d2-469b-992a-5c3a8c2ad02a', -- Quiz ID (duplicate)
  'single-answer',
  '',
  3,
  NOW(),
  NOW()
) ON CONFLICT (id) DO NOTHING; -- Skip if the question already exists

-- Insert option 1 for question 4
INSERT INTO payload.quiz_questions_options (
  id,
  _order,
  _parent_id,
  text,
  is_correct,
  created_at,
  updated_at
) VALUES (
  gen_random_uuid(),
  0,
  '658efd8c-04fb-48dc-80f8-4a17737d7b97',
  'In your introduction, that is why you need to identify them at the beginning',
  false,
  NOW(),
  NOW()
) ON CONFLICT DO NOTHING; -- Skip if the option already exists

-- Insert option 2 for question 4
INSERT INTO payload.quiz_questions_options (
  id,
  _order,
  _parent_id,
  text,
  is_correct,
  created_at,
  updated_at
) VALUES (
  gen_random_uuid(),
  1,
  '658efd8c-04fb-48dc-80f8-4a17737d7b97',
  'In the footnotes',
  false,
  NOW(),
  NOW()
) ON CONFLICT DO NOTHING; -- Skip if the option already exists

-- Insert option 3 for question 4
INSERT INTO payload.quiz_questions_options (
  id,
  _order,
  _parent_id,
  text,
  is_correct,
  created_at,
  updated_at
) VALUES (
  gen_random_uuid(),
  2,
  '658efd8c-04fb-48dc-80f8-4a17737d7b97',
  'In a follow-up email',
  false,
  NOW(),
  NOW()
) ON CONFLICT DO NOTHING; -- Skip if the option already exists

-- Insert option 4 for question 4
INSERT INTO payload.quiz_questions_options (
  id,
  _order,
  _parent_id,
  text,
  is_correct,
  created_at,
  updated_at
) VALUES (
  gen_random_uuid(),
  3,
  '658efd8c-04fb-48dc-80f8-4a17737d7b97',
  'At the end of the presentation, but we need to identify their nature early as it might inform the development of the rest of the presentation',
  true,
  NOW(),
  NOW()
) ON CONFLICT DO NOTHING; -- Skip if the option already exists

-- Create relationship entry for the question to the quiz
INSERT INTO payload.quiz_questions_rels (
  id,
  _parent_id,
  field,
  value,
  created_at,
  updated_at
) VALUES (
  gen_random_uuid(),
  '658efd8c-04fb-48dc-80f8-4a17737d7b97',
  'quiz_id',
  '07af01e0-53d2-469b-992a-5c3a8c2ad02a',
  NOW(),
  NOW()
) ON CONFLICT DO NOTHING; -- Skip if the relationship already exists

-- Create bidirectional relationship entry for the quiz to the question
INSERT INTO payload.course_quizzes_rels (
  id,
  _parent_id,
  field,
  value,
  created_at,
  updated_at
) VALUES (
  gen_random_uuid(),
  '07af01e0-53d2-469b-992a-5c3a8c2ad02a',
  'questions',
  '658efd8c-04fb-48dc-80f8-4a17737d7b97',
  NOW(),
  NOW()
) ON CONFLICT DO NOTHING; -- Skip if the relationship already exists

-- Commit the transaction
COMMIT;
