-- Seed data for the quiz questions table
-- This file should be run after the quizzes seed file to ensure the quizzes exist

-- Start a transaction
BEGIN;

-- Questions for quiz: Standard Graphs Quiz (basic-graphs-quiz, ID: eaae2bca-9333-415f-9c04-5945d247ba7f)
-- Insert question 1 for quiz: Standard Graphs Quiz
INSERT INTO payload.quiz_questions (
  id,
  question,
  quiz_id,
  quiz_id_id, -- Duplicate field for compatibility
  type,
  explanation,
  "order",
  created_at,
  updated_at
) VALUES (
  '1f1c7042-2c53-4bee-8f69-2bdf1ab61db2', -- Generated UUID for the question
  'There are many types of relationships that we use graphs to display. What chart type best communicates the ''Part-to-Whole'' relationship?',
  'eaae2bca-9333-415f-9c04-5945d247ba7f', -- Quiz ID
  'eaae2bca-9333-415f-9c04-5945d247ba7f', -- Quiz ID (duplicate)
  'single-answer',
  '',
  0,
  NOW(),
  NOW()
) ON CONFLICT (id) DO NOTHING; -- Skip if the question already exists

-- Insert option 1 for question 1
INSERT INTO payload.quiz_questions_options (
  id,
  _order,
  _parent_id,
  text,
  is_correct,
  created_at,
  updated_at
) VALUES (
  gen_random_uuid(),
  0,
  '1f1c7042-2c53-4bee-8f69-2bdf1ab61db2',
  'Line Charts',
  false,
  NOW(),
  NOW()
) ON CONFLICT DO NOTHING; -- Skip if the option already exists

-- Insert option 2 for question 1
INSERT INTO payload.quiz_questions_options (
  id,
  _order,
  _parent_id,
  text,
  is_correct,
  created_at,
  updated_at
) VALUES (
  gen_random_uuid(),
  1,
  '1f1c7042-2c53-4bee-8f69-2bdf1ab61db2',
  'Scatter Plots',
  false,
  NOW(),
  NOW()
) ON CONFLICT DO NOTHING; -- Skip if the option already exists

-- Insert option 3 for question 1
INSERT INTO payload.quiz_questions_options (
  id,
  _order,
  _parent_id,
  text,
  is_correct,
  created_at,
  updated_at
) VALUES (
  gen_random_uuid(),
  2,
  '1f1c7042-2c53-4bee-8f69-2bdf1ab61db2',
  'Maps',
  false,
  NOW(),
  NOW()
) ON CONFLICT DO NOTHING; -- Skip if the option already exists

-- Insert option 4 for question 1
INSERT INTO payload.quiz_questions_options (
  id,
  _order,
  _parent_id,
  text,
  is_correct,
  created_at,
  updated_at
) VALUES (
  gen_random_uuid(),
  3,
  '1f1c7042-2c53-4bee-8f69-2bdf1ab61db2',
  'Box Plot',
  false,
  NOW(),
  NOW()
) ON CONFLICT DO NOTHING; -- Skip if the option already exists

-- Insert option 5 for question 1
INSERT INTO payload.quiz_questions_options (
  id,
  _order,
  _parent_id,
  text,
  is_correct,
  created_at,
  updated_at
) VALUES (
  gen_random_uuid(),
  4,
  '1f1c7042-2c53-4bee-8f69-2bdf1ab61db2',
  'Bar charts',
  true,
  NOW(),
  NOW()
) ON CONFLICT DO NOTHING; -- Skip if the option already exists

-- Create relationship entry for the question to the quiz
INSERT INTO payload.quiz_questions_rels (
  id,
  _parent_id,
  field,
  value,
  created_at,
  updated_at
) VALUES (
  gen_random_uuid(),
  '1f1c7042-2c53-4bee-8f69-2bdf1ab61db2',
  'quiz_id',
  'eaae2bca-9333-415f-9c04-5945d247ba7f',
  NOW(),
  NOW()
) ON CONFLICT DO NOTHING; -- Skip if the relationship already exists

-- Create bidirectional relationship entry for the quiz to the question
INSERT INTO payload.course_quizzes_rels (
  id,
  _parent_id,
  field,
  value,
  created_at,
  updated_at
) VALUES (
  gen_random_uuid(),
  'eaae2bca-9333-415f-9c04-5945d247ba7f',
  'questions',
  '1f1c7042-2c53-4bee-8f69-2bdf1ab61db2',
  NOW(),
  NOW()
) ON CONFLICT DO NOTHING; -- Skip if the relationship already exists

-- Insert question 2 for quiz: Standard Graphs Quiz
INSERT INTO payload.quiz_questions (
  id,
  question,
  quiz_id,
  quiz_id_id, -- Duplicate field for compatibility
  type,
  explanation,
  "order",
  created_at,
  updated_at
) VALUES (
  'd23b2d23-a9e2-4f0b-b9f1-59977e52f012', -- Generated UUID for the question
  'What chart type best communicates the ''Correlation'' relationship?',
  'eaae2bca-9333-415f-9c04-5945d247ba7f', -- Quiz ID
  'eaae2bca-9333-415f-9c04-5945d247ba7f', -- Quiz ID (duplicate)
  'single-answer',
  '',
  1,
  NOW(),
  NOW()
) ON CONFLICT (id) DO NOTHING; -- Skip if the question already exists

-- Insert option 1 for question 2
INSERT INTO payload.quiz_questions_options (
  id,
  _order,
  _parent_id,
  text,
  is_correct,
  created_at,
  updated_at
) VALUES (
  gen_random_uuid(),
  0,
  'd23b2d23-a9e2-4f0b-b9f1-59977e52f012',
  'Line Charts',
  false,
  NOW(),
  NOW()
) ON CONFLICT DO NOTHING; -- Skip if the option already exists

-- Insert option 2 for question 2
INSERT INTO payload.quiz_questions_options (
  id,
  _order,
  _parent_id,
  text,
  is_correct,
  created_at,
  updated_at
) VALUES (
  gen_random_uuid(),
  1,
  'd23b2d23-a9e2-4f0b-b9f1-59977e52f012',
  'Scatter Plots',
  true,
  NOW(),
  NOW()
) ON CONFLICT DO NOTHING; -- Skip if the option already exists

-- Insert option 3 for question 2
INSERT INTO payload.quiz_questions_options (
  id,
  _order,
  _parent_id,
  text,
  is_correct,
  created_at,
  updated_at
) VALUES (
  gen_random_uuid(),
  2,
  'd23b2d23-a9e2-4f0b-b9f1-59977e52f012',
  'Maps',
  false,
  NOW(),
  NOW()
) ON CONFLICT DO NOTHING; -- Skip if the option already exists

-- Insert option 4 for question 2
INSERT INTO payload.quiz_questions_options (
  id,
  _order,
  _parent_id,
  text,
  is_correct,
  created_at,
  updated_at
) VALUES (
  gen_random_uuid(),
  3,
  'd23b2d23-a9e2-4f0b-b9f1-59977e52f012',
  'Box Plot',
  false,
  NOW(),
  NOW()
) ON CONFLICT DO NOTHING; -- Skip if the option already exists

-- Insert option 5 for question 2
INSERT INTO payload.quiz_questions_options (
  id,
  _order,
  _parent_id,
  text,
  is_correct,
  created_at,
  updated_at
) VALUES (
  gen_random_uuid(),
  4,
  'd23b2d23-a9e2-4f0b-b9f1-59977e52f012',
  'Bar Charts',
  false,
  NOW(),
  NOW()
) ON CONFLICT DO NOTHING; -- Skip if the option already exists

-- Create relationship entry for the question to the quiz
INSERT INTO payload.quiz_questions_rels (
  id,
  _parent_id,
  field,
  value,
  created_at,
  updated_at
) VALUES (
  gen_random_uuid(),
  'd23b2d23-a9e2-4f0b-b9f1-59977e52f012',
  'quiz_id',
  'eaae2bca-9333-415f-9c04-5945d247ba7f',
  NOW(),
  NOW()
) ON CONFLICT DO NOTHING; -- Skip if the relationship already exists

-- Create bidirectional relationship entry for the quiz to the question
INSERT INTO payload.course_quizzes_rels (
  id,
  _parent_id,
  field,
  value,
  created_at,
  updated_at
) VALUES (
  gen_random_uuid(),
  'eaae2bca-9333-415f-9c04-5945d247ba7f',
  'questions',
  'd23b2d23-a9e2-4f0b-b9f1-59977e52f012',
  NOW(),
  NOW()
) ON CONFLICT DO NOTHING; -- Skip if the relationship already exists

-- Insert question 3 for quiz: Standard Graphs Quiz
INSERT INTO payload.quiz_questions (
  id,
  question,
  quiz_id,
  quiz_id_id, -- Duplicate field for compatibility
  type,
  explanation,
  "order",
  created_at,
  updated_at
) VALUES (
  '8e069e17-ab0e-42e4-bf1c-140e5cf8e6f9', -- Generated UUID for the question
  'What chart type best communicates the ''Time Series'' relationship?',
  'eaae2bca-9333-415f-9c04-5945d247ba7f', -- Quiz ID
  'eaae2bca-9333-415f-9c04-5945d247ba7f', -- Quiz ID (duplicate)
  'single-answer',
  '',
  2,
  NOW(),
  NOW()
) ON CONFLICT (id) DO NOTHING; -- Skip if the question already exists

-- Insert option 1 for question 3
INSERT INTO payload.quiz_questions_options (
  id,
  _order,
  _parent_id,
  text,
  is_correct,
  created_at,
  updated_at
) VALUES (
  gen_random_uuid(),
  0,
  '8e069e17-ab0e-42e4-bf1c-140e5cf8e6f9',
  'Line Charts',
  true,
  NOW(),
  NOW()
) ON CONFLICT DO NOTHING; -- Skip if the option already exists

-- Insert option 2 for question 3
INSERT INTO payload.quiz_questions_options (
  id,
  _order,
  _parent_id,
  text,
  is_correct,
  created_at,
  updated_at
) VALUES (
  gen_random_uuid(),
  1,
  '8e069e17-ab0e-42e4-bf1c-140e5cf8e6f9',
  'Scatter Plots',
  false,
  NOW(),
  NOW()
) ON CONFLICT DO NOTHING; -- Skip if the option already exists

-- Insert option 3 for question 3
INSERT INTO payload.quiz_questions_options (
  id,
  _order,
  _parent_id,
  text,
  is_correct,
  created_at,
  updated_at
) VALUES (
  gen_random_uuid(),
  2,
  '8e069e17-ab0e-42e4-bf1c-140e5cf8e6f9',
  'Maps',
  false,
  NOW(),
  NOW()
) ON CONFLICT DO NOTHING; -- Skip if the option already exists

-- Insert option 4 for question 3
INSERT INTO payload.quiz_questions_options (
  id,
  _order,
  _parent_id,
  text,
  is_correct,
  created_at,
  updated_at
) VALUES (
  gen_random_uuid(),
  3,
  '8e069e17-ab0e-42e4-bf1c-140e5cf8e6f9',
  'Box Plot',
  false,
  NOW(),
  NOW()
) ON CONFLICT DO NOTHING; -- Skip if the option already exists

-- Insert option 5 for question 3
INSERT INTO payload.quiz_questions_options (
  id,
  _order,
  _parent_id,
  text,
  is_correct,
  created_at,
  updated_at
) VALUES (
  gen_random_uuid(),
  4,
  '8e069e17-ab0e-42e4-bf1c-140e5cf8e6f9',
  'Bar Charts',
  false,
  NOW(),
  NOW()
) ON CONFLICT DO NOTHING; -- Skip if the option already exists

-- Create relationship entry for the question to the quiz
INSERT INTO payload.quiz_questions_rels (
  id,
  _parent_id,
  field,
  value,
  created_at,
  updated_at
) VALUES (
  gen_random_uuid(),
  '8e069e17-ab0e-42e4-bf1c-140e5cf8e6f9',
  'quiz_id',
  'eaae2bca-9333-415f-9c04-5945d247ba7f',
  NOW(),
  NOW()
) ON CONFLICT DO NOTHING; -- Skip if the relationship already exists

-- Create bidirectional relationship entry for the quiz to the question
INSERT INTO payload.course_quizzes_rels (
  id,
  _parent_id,
  field,
  value,
  created_at,
  updated_at
) VALUES (
  gen_random_uuid(),
  'eaae2bca-9333-415f-9c04-5945d247ba7f',
  'questions',
  '8e069e17-ab0e-42e4-bf1c-140e5cf8e6f9',
  NOW(),
  NOW()
) ON CONFLICT DO NOTHING; -- Skip if the relationship already exists

-- Insert question 4 for quiz: Standard Graphs Quiz
INSERT INTO payload.quiz_questions (
  id,
  question,
  quiz_id,
  quiz_id_id, -- Duplicate field for compatibility
  type,
  explanation,
  "order",
  created_at,
  updated_at
) VALUES (
  'd7f417f8-bef0-45ba-bc28-55e6570cc181', -- Generated UUID for the question
  'What chart types best communicates the ''Deviation'' relationship?',
  'eaae2bca-9333-415f-9c04-5945d247ba7f', -- Quiz ID
  'eaae2bca-9333-415f-9c04-5945d247ba7f', -- Quiz ID (duplicate)
  'multi-answer',
  '',
  3,
  NOW(),
  NOW()
) ON CONFLICT (id) DO NOTHING; -- Skip if the question already exists

-- Insert option 1 for question 4
INSERT INTO payload.quiz_questions_options (
  id,
  _order,
  _parent_id,
  text,
  is_correct,
  created_at,
  updated_at
) VALUES (
  gen_random_uuid(),
  0,
  'd7f417f8-bef0-45ba-bc28-55e6570cc181',
  'Line Charts',
  true,
  NOW(),
  NOW()
) ON CONFLICT DO NOTHING; -- Skip if the option already exists

-- Insert option 2 for question 4
INSERT INTO payload.quiz_questions_options (
  id,
  _order,
  _parent_id,
  text,
  is_correct,
  created_at,
  updated_at
) VALUES (
  gen_random_uuid(),
  1,
  'd7f417f8-bef0-45ba-bc28-55e6570cc181',
  'Scatter Plots',
  false,
  NOW(),
  NOW()
) ON CONFLICT DO NOTHING; -- Skip if the option already exists

-- Insert option 3 for question 4
INSERT INTO payload.quiz_questions_options (
  id,
  _order,
  _parent_id,
  text,
  is_correct,
  created_at,
  updated_at
) VALUES (
  gen_random_uuid(),
  2,
  'd7f417f8-bef0-45ba-bc28-55e6570cc181',
  'Maps',
  false,
  NOW(),
  NOW()
) ON CONFLICT DO NOTHING; -- Skip if the option already exists

-- Insert option 4 for question 4
INSERT INTO payload.quiz_questions_options (
  id,
  _order,
  _parent_id,
  text,
  is_correct,
  created_at,
  updated_at
) VALUES (
  gen_random_uuid(),
  3,
  'd7f417f8-bef0-45ba-bc28-55e6570cc181',
  'Box Plot',
  false,
  NOW(),
  NOW()
) ON CONFLICT DO NOTHING; -- Skip if the option already exists

-- Insert option 5 for question 4
INSERT INTO payload.quiz_questions_options (
  id,
  _order,
  _parent_id,
  text,
  is_correct,
  created_at,
  updated_at
) VALUES (
  gen_random_uuid(),
  4,
  'd7f417f8-bef0-45ba-bc28-55e6570cc181',
  'Bar Charts',
  true,
  NOW(),
  NOW()
) ON CONFLICT DO NOTHING; -- Skip if the option already exists

-- Create relationship entry for the question to the quiz
INSERT INTO payload.quiz_questions_rels (
  id,
  _parent_id,
  field,
  value,
  created_at,
  updated_at
) VALUES (
  gen_random_uuid(),
  'd7f417f8-bef0-45ba-bc28-55e6570cc181',
  'quiz_id',
  'eaae2bca-9333-415f-9c04-5945d247ba7f',
  NOW(),
  NOW()
) ON CONFLICT DO NOTHING; -- Skip if the relationship already exists

-- Create bidirectional relationship entry for the quiz to the question
INSERT INTO payload.course_quizzes_rels (
  id,
  _parent_id,
  field,
  value,
  created_at,
  updated_at
) VALUES (
  gen_random_uuid(),
  'eaae2bca-9333-415f-9c04-5945d247ba7f',
  'questions',
  'd7f417f8-bef0-45ba-bc28-55e6570cc181',
  NOW(),
  NOW()
) ON CONFLICT DO NOTHING; -- Skip if the relationship already exists

-- Insert question 5 for quiz: Standard Graphs Quiz
INSERT INTO payload.quiz_questions (
  id,
  question,
  quiz_id,
  quiz_id_id, -- Duplicate field for compatibility
  type,
  explanation,
  "order",
  created_at,
  updated_at
) VALUES (
  '67717857-13c6-4696-b963-c1e802992ac3', -- Generated UUID for the question
  'What chart type best communicates the ''Distribution'' relationship?',
  'eaae2bca-9333-415f-9c04-5945d247ba7f', -- Quiz ID
  'eaae2bca-9333-415f-9c04-5945d247ba7f', -- Quiz ID (duplicate)
  'single-answer',
  '',
  4,
  NOW(),
  NOW()
) ON CONFLICT (id) DO NOTHING; -- Skip if the question already exists

-- Insert option 1 for question 5
INSERT INTO payload.quiz_questions_options (
  id,
  _order,
  _parent_id,
  text,
  is_correct,
  created_at,
  updated_at
) VALUES (
  gen_random_uuid(),
  0,
  '67717857-13c6-4696-b963-c1e802992ac3',
  'Line Charts',
  false,
  NOW(),
  NOW()
) ON CONFLICT DO NOTHING; -- Skip if the option already exists

-- Insert option 2 for question 5
INSERT INTO payload.quiz_questions_options (
  id,
  _order,
  _parent_id,
  text,
  is_correct,
  created_at,
  updated_at
) VALUES (
  gen_random_uuid(),
  1,
  '67717857-13c6-4696-b963-c1e802992ac3',
  'Scatter Plots',
  false,
  NOW(),
  NOW()
) ON CONFLICT DO NOTHING; -- Skip if the option already exists

-- Insert option 3 for question 5
INSERT INTO payload.quiz_questions_options (
  id,
  _order,
  _parent_id,
  text,
  is_correct,
  created_at,
  updated_at
) VALUES (
  gen_random_uuid(),
  2,
  '67717857-13c6-4696-b963-c1e802992ac3',
  'Maps',
  false,
  NOW(),
  NOW()
) ON CONFLICT DO NOTHING; -- Skip if the option already exists

-- Insert option 4 for question 5
INSERT INTO payload.quiz_questions_options (
  id,
  _order,
  _parent_id,
  text,
  is_correct,
  created_at,
  updated_at
) VALUES (
  gen_random_uuid(),
  3,
  '67717857-13c6-4696-b963-c1e802992ac3',
  'Box Plot',
  true,
  NOW(),
  NOW()
) ON CONFLICT DO NOTHING; -- Skip if the option already exists

-- Insert option 5 for question 5
INSERT INTO payload.quiz_questions_options (
  id,
  _order,
  _parent_id,
  text,
  is_correct,
  created_at,
  updated_at
) VALUES (
  gen_random_uuid(),
  4,
  '67717857-13c6-4696-b963-c1e802992ac3',
  'Bar Charts',
  false,
  NOW(),
  NOW()
) ON CONFLICT DO NOTHING; -- Skip if the option already exists

-- Create relationship entry for the question to the quiz
INSERT INTO payload.quiz_questions_rels (
  id,
  _parent_id,
  field,
  value,
  created_at,
  updated_at
) VALUES (
  gen_random_uuid(),
  '67717857-13c6-4696-b963-c1e802992ac3',
  'quiz_id',
  'eaae2bca-9333-415f-9c04-5945d247ba7f',
  NOW(),
  NOW()
) ON CONFLICT DO NOTHING; -- Skip if the relationship already exists

-- Create bidirectional relationship entry for the quiz to the question
INSERT INTO payload.course_quizzes_rels (
  id,
  _parent_id,
  field,
  value,
  created_at,
  updated_at
) VALUES (
  gen_random_uuid(),
  'eaae2bca-9333-415f-9c04-5945d247ba7f',
  'questions',
  '67717857-13c6-4696-b963-c1e802992ac3',
  NOW(),
  NOW()
) ON CONFLICT DO NOTHING; -- Skip if the relationship already exists

-- Insert question 6 for quiz: Standard Graphs Quiz
INSERT INTO payload.quiz_questions (
  id,
  question,
  quiz_id,
  quiz_id_id, -- Duplicate field for compatibility
  type,
  explanation,
  "order",
  created_at,
  updated_at
) VALUES (
  '23352c05-5be5-4fe3-b92d-aae00700e2bd', -- Generated UUID for the question
  'What chart type best communicates the ''Nominal Comparison'' relationship',
  'eaae2bca-9333-415f-9c04-5945d247ba7f', -- Quiz ID
  'eaae2bca-9333-415f-9c04-5945d247ba7f', -- Quiz ID (duplicate)
  'single-answer',
  '',
  5,
  NOW(),
  NOW()
) ON CONFLICT (id) DO NOTHING; -- Skip if the question already exists

-- Insert option 1 for question 6
INSERT INTO payload.quiz_questions_options (
  id,
  _order,
  _parent_id,
  text,
  is_correct,
  created_at,
  updated_at
) VALUES (
  gen_random_uuid(),
  0,
  '23352c05-5be5-4fe3-b92d-aae00700e2bd',
  'Line Chart',
  false,
  NOW(),
  NOW()
) ON CONFLICT DO NOTHING; -- Skip if the option already exists

-- Insert option 2 for question 6
INSERT INTO payload.quiz_questions_options (
  id,
  _order,
  _parent_id,
  text,
  is_correct,
  created_at,
  updated_at
) VALUES (
  gen_random_uuid(),
  1,
  '23352c05-5be5-4fe3-b92d-aae00700e2bd',
  'Scatter Plot',
  false,
  NOW(),
  NOW()
) ON CONFLICT DO NOTHING; -- Skip if the option already exists

-- Insert option 3 for question 6
INSERT INTO payload.quiz_questions_options (
  id,
  _order,
  _parent_id,
  text,
  is_correct,
  created_at,
  updated_at
) VALUES (
  gen_random_uuid(),
  2,
  '23352c05-5be5-4fe3-b92d-aae00700e2bd',
  'Map',
  false,
  NOW(),
  NOW()
) ON CONFLICT DO NOTHING; -- Skip if the option already exists

-- Insert option 4 for question 6
INSERT INTO payload.quiz_questions_options (
  id,
  _order,
  _parent_id,
  text,
  is_correct,
  created_at,
  updated_at
) VALUES (
  gen_random_uuid(),
  3,
  '23352c05-5be5-4fe3-b92d-aae00700e2bd',
  'Box Plot',
  false,
  NOW(),
  NOW()
) ON CONFLICT DO NOTHING; -- Skip if the option already exists

-- Insert option 5 for question 6
INSERT INTO payload.quiz_questions_options (
  id,
  _order,
  _parent_id,
  text,
  is_correct,
  created_at,
  updated_at
) VALUES (
  gen_random_uuid(),
  4,
  '23352c05-5be5-4fe3-b92d-aae00700e2bd',
  'Bar Chart',
  true,
  NOW(),
  NOW()
) ON CONFLICT DO NOTHING; -- Skip if the option already exists

-- Create relationship entry for the question to the quiz
INSERT INTO payload.quiz_questions_rels (
  id,
  _parent_id,
  field,
  value,
  created_at,
  updated_at
) VALUES (
  gen_random_uuid(),
  '23352c05-5be5-4fe3-b92d-aae00700e2bd',
  'quiz_id',
  'eaae2bca-9333-415f-9c04-5945d247ba7f',
  NOW(),
  NOW()
) ON CONFLICT DO NOTHING; -- Skip if the relationship already exists

-- Create bidirectional relationship entry for the quiz to the question
INSERT INTO payload.course_quizzes_rels (
  id,
  _parent_id,
  field,
  value,
  created_at,
  updated_at
) VALUES (
  gen_random_uuid(),
  'eaae2bca-9333-415f-9c04-5945d247ba7f',
  'questions',
  '23352c05-5be5-4fe3-b92d-aae00700e2bd',
  NOW(),
  NOW()
) ON CONFLICT DO NOTHING; -- Skip if the relationship already exists

-- Insert question 7 for quiz: Standard Graphs Quiz
INSERT INTO payload.quiz_questions (
  id,
  question,
  quiz_id,
  quiz_id_id, -- Duplicate field for compatibility
  type,
  explanation,
  "order",
  created_at,
  updated_at
) VALUES (
  '09d3d2c8-61bf-42af-8891-64e15034688e', -- Generated UUID for the question
  'What chart type best communicates the ''Geospatial'' relationship?',
  'eaae2bca-9333-415f-9c04-5945d247ba7f', -- Quiz ID
  'eaae2bca-9333-415f-9c04-5945d247ba7f', -- Quiz ID (duplicate)
  'single-answer',
  '',
  6,
  NOW(),
  NOW()
) ON CONFLICT (id) DO NOTHING; -- Skip if the question already exists

-- Insert option 1 for question 7
INSERT INTO payload.quiz_questions_options (
  id,
  _order,
  _parent_id,
  text,
  is_correct,
  created_at,
  updated_at
) VALUES (
  gen_random_uuid(),
  0,
  '09d3d2c8-61bf-42af-8891-64e15034688e',
  'Line Chart',
  false,
  NOW(),
  NOW()
) ON CONFLICT DO NOTHING; -- Skip if the option already exists

-- Insert option 2 for question 7
INSERT INTO payload.quiz_questions_options (
  id,
  _order,
  _parent_id,
  text,
  is_correct,
  created_at,
  updated_at
) VALUES (
  gen_random_uuid(),
  1,
  '09d3d2c8-61bf-42af-8891-64e15034688e',
  'Scatter Plot',
  false,
  NOW(),
  NOW()
) ON CONFLICT DO NOTHING; -- Skip if the option already exists

-- Insert option 3 for question 7
INSERT INTO payload.quiz_questions_options (
  id,
  _order,
  _parent_id,
  text,
  is_correct,
  created_at,
  updated_at
) VALUES (
  gen_random_uuid(),
  2,
  '09d3d2c8-61bf-42af-8891-64e15034688e',
  'Map',
  true,
  NOW(),
  NOW()
) ON CONFLICT DO NOTHING; -- Skip if the option already exists

-- Insert option 4 for question 7
INSERT INTO payload.quiz_questions_options (
  id,
  _order,
  _parent_id,
  text,
  is_correct,
  created_at,
  updated_at
) VALUES (
  gen_random_uuid(),
  3,
  '09d3d2c8-61bf-42af-8891-64e15034688e',
  'Box Plot',
  false,
  NOW(),
  NOW()
) ON CONFLICT DO NOTHING; -- Skip if the option already exists

-- Insert option 5 for question 7
INSERT INTO payload.quiz_questions_options (
  id,
  _order,
  _parent_id,
  text,
  is_correct,
  created_at,
  updated_at
) VALUES (
  gen_random_uuid(),
  4,
  '09d3d2c8-61bf-42af-8891-64e15034688e',
  'Bar Chart',
  false,
  NOW(),
  NOW()
) ON CONFLICT DO NOTHING; -- Skip if the option already exists

-- Create relationship entry for the question to the quiz
INSERT INTO payload.quiz_questions_rels (
  id,
  _parent_id,
  field,
  value,
  created_at,
  updated_at
) VALUES (
  gen_random_uuid(),
  '09d3d2c8-61bf-42af-8891-64e15034688e',
  'quiz_id',
  'eaae2bca-9333-415f-9c04-5945d247ba7f',
  NOW(),
  NOW()
) ON CONFLICT DO NOTHING; -- Skip if the relationship already exists

-- Create bidirectional relationship entry for the quiz to the question
INSERT INTO payload.course_quizzes_rels (
  id,
  _parent_id,
  field,
  value,
  created_at,
  updated_at
) VALUES (
  gen_random_uuid(),
  'eaae2bca-9333-415f-9c04-5945d247ba7f',
  'questions',
  '09d3d2c8-61bf-42af-8891-64e15034688e',
  NOW(),
  NOW()
) ON CONFLICT DO NOTHING; -- Skip if the relationship already exists

-- Insert question 8 for quiz: Standard Graphs Quiz
INSERT INTO payload.quiz_questions (
  id,
  question,
  quiz_id,
  quiz_id_id, -- Duplicate field for compatibility
  type,
  explanation,
  "order",
  created_at,
  updated_at
) VALUES (
  '009641b8-4cd4-4f4e-a407-42692bbffa31', -- Generated UUID for the question
  'When should we use Pie Charts?',
  'eaae2bca-9333-415f-9c04-5945d247ba7f', -- Quiz ID
  'eaae2bca-9333-415f-9c04-5945d247ba7f', -- Quiz ID (duplicate)
  'single-answer',
  '',
  7,
  NOW(),
  NOW()
) ON CONFLICT (id) DO NOTHING; -- Skip if the question already exists

-- Insert option 1 for question 8
INSERT INTO payload.quiz_questions_options (
  id,
  _order,
  _parent_id,
  text,
  is_correct,
  created_at,
  updated_at
) VALUES (
  gen_random_uuid(),
  0,
  '009641b8-4cd4-4f4e-a407-42692bbffa31',
  'For part-to-whole relationships.',
  false,
  NOW(),
  NOW()
) ON CONFLICT DO NOTHING; -- Skip if the option already exists

-- Insert option 2 for question 8
INSERT INTO payload.quiz_questions_options (
  id,
  _order,
  _parent_id,
  text,
  is_correct,
  created_at,
  updated_at
) VALUES (
  gen_random_uuid(),
  1,
  '009641b8-4cd4-4f4e-a407-42692bbffa31',
  'For time series relationships',
  false,
  NOW(),
  NOW()
) ON CONFLICT DO NOTHING; -- Skip if the option already exists

-- Insert option 3 for question 8
INSERT INTO payload.quiz_questions_options (
  id,
  _order,
  _parent_id,
  text,
  is_correct,
  created_at,
  updated_at
) VALUES (
  gen_random_uuid(),
  2,
  '009641b8-4cd4-4f4e-a407-42692bbffa31',
  'For nominal comparison relationships',
  false,
  NOW(),
  NOW()
) ON CONFLICT DO NOTHING; -- Skip if the option already exists

-- Insert option 4 for question 8
INSERT INTO payload.quiz_questions_options (
  id,
  _order,
  _parent_id,
  text,
  is_correct,
  created_at,
  updated_at
) VALUES (
  gen_random_uuid(),
  3,
  '009641b8-4cd4-4f4e-a407-42692bbffa31',
  'Never.',
  true,
  NOW(),
  NOW()
) ON CONFLICT DO NOTHING; -- Skip if the option already exists

-- Create relationship entry for the question to the quiz
INSERT INTO payload.quiz_questions_rels (
  id,
  _parent_id,
  field,
  value,
  created_at,
  updated_at
) VALUES (
  gen_random_uuid(),
  '009641b8-4cd4-4f4e-a407-42692bbffa31',
  'quiz_id',
  'eaae2bca-9333-415f-9c04-5945d247ba7f',
  NOW(),
  NOW()
) ON CONFLICT DO NOTHING; -- Skip if the relationship already exists

-- Create bidirectional relationship entry for the quiz to the question
INSERT INTO payload.course_quizzes_rels (
  id,
  _parent_id,
  field,
  value,
  created_at,
  updated_at
) VALUES (
  gen_random_uuid(),
  'eaae2bca-9333-415f-9c04-5945d247ba7f',
  'questions',
  '009641b8-4cd4-4f4e-a407-42692bbffa31',
  NOW(),
  NOW()
) ON CONFLICT DO NOTHING; -- Skip if the relationship already exists

-- Questions for quiz: The Fundamental Elements of Design in Detail Quiz (elements-of-design-detail-quiz, ID: 39947494-081f-48f0-b810-5ff6a76cc239)
-- Insert question 1 for quiz: The Fundamental Elements of Design in Detail Quiz
INSERT INTO payload.quiz_questions (
  id,
  question,
  quiz_id,
  quiz_id_id, -- Duplicate field for compatibility
  type,
  explanation,
  "order",
  created_at,
  updated_at
) VALUES (
  'c5763a21-508d-4fb6-acbd-69e5e5053666', -- Generated UUID for the question
  'Why do we use contrast?',
  '39947494-081f-48f0-b810-5ff6a76cc239', -- Quiz ID
  '39947494-081f-48f0-b810-5ff6a76cc239', -- Quiz ID (duplicate)
  'single-answer',
  '',
  0,
  NOW(),
  NOW()
) ON CONFLICT (id) DO NOTHING; -- Skip if the question already exists

-- Insert option 1 for question 1
INSERT INTO payload.quiz_questions_options (
  id,
  _order,
  _parent_id,
  text,
  is_correct,
  created_at,
  updated_at
) VALUES (
  gen_random_uuid(),
  0,
  'c5763a21-508d-4fb6-acbd-69e5e5053666',
  'To make our computer monitor easier to read',
  false,
  NOW(),
  NOW()
) ON CONFLICT DO NOTHING; -- Skip if the option already exists

-- Insert option 2 for question 1
INSERT INTO payload.quiz_questions_options (
  id,
  _order,
  _parent_id,
  text,
  is_correct,
  created_at,
  updated_at
) VALUES (
  gen_random_uuid(),
  1,
  'c5763a21-508d-4fb6-acbd-69e5e5053666',
  'To fill up space',
  false,
  NOW(),
  NOW()
) ON CONFLICT DO NOTHING; -- Skip if the option already exists

-- Insert option 3 for question 1
INSERT INTO payload.quiz_questions_options (
  id,
  _order,
  _parent_id,
  text,
  is_correct,
  created_at,
  updated_at
) VALUES (
  gen_random_uuid(),
  2,
  'c5763a21-508d-4fb6-acbd-69e5e5053666',
  'Our eyes like it. It looks good',
  true,
  NOW(),
  NOW()
) ON CONFLICT DO NOTHING; -- Skip if the option already exists

-- Create relationship entry for the question to the quiz
INSERT INTO payload.quiz_questions_rels (
  id,
  _parent_id,
  field,
  value,
  created_at,
  updated_at
) VALUES (
  gen_random_uuid(),
  'c5763a21-508d-4fb6-acbd-69e5e5053666',
  'quiz_id',
  '39947494-081f-48f0-b810-5ff6a76cc239',
  NOW(),
  NOW()
) ON CONFLICT DO NOTHING; -- Skip if the relationship already exists

-- Create bidirectional relationship entry for the quiz to the question
INSERT INTO payload.course_quizzes_rels (
  id,
  _parent_id,
  field,
  value,
  created_at,
  updated_at
) VALUES (
  gen_random_uuid(),
  '39947494-081f-48f0-b810-5ff6a76cc239',
  'questions',
  'c5763a21-508d-4fb6-acbd-69e5e5053666',
  NOW(),
  NOW()
) ON CONFLICT DO NOTHING; -- Skip if the relationship already exists

-- Insert question 2 for quiz: The Fundamental Elements of Design in Detail Quiz
INSERT INTO payload.quiz_questions (
  id,
  question,
  quiz_id,
  quiz_id_id, -- Duplicate field for compatibility
  type,
  explanation,
  "order",
  created_at,
  updated_at
) VALUES (
  '2d187516-4fe4-49e9-98fd-80b1815be80c', -- Generated UUID for the question
  'How important is alignment?',
  '39947494-081f-48f0-b810-5ff6a76cc239', -- Quiz ID
  '39947494-081f-48f0-b810-5ff6a76cc239', -- Quiz ID (duplicate)
  'single-answer',
  '',
  1,
  NOW(),
  NOW()
) ON CONFLICT (id) DO NOTHING; -- Skip if the question already exists

-- Insert option 1 for question 2
INSERT INTO payload.quiz_questions_options (
  id,
  _order,
  _parent_id,
  text,
  is_correct,
  created_at,
  updated_at
) VALUES (
  gen_random_uuid(),
  0,
  '2d187516-4fe4-49e9-98fd-80b1815be80c',
  'Critically important (make sure you have learned how to use PowerPoint''s alignment tools)',
  true,
  NOW(),
  NOW()
) ON CONFLICT DO NOTHING; -- Skip if the option already exists

-- Create relationship entry for the question to the quiz
INSERT INTO payload.quiz_questions_rels (
  id,
  _parent_id,
  field,
  value,
  created_at,
  updated_at
) VALUES (
  gen_random_uuid(),
  '2d187516-4fe4-49e9-98fd-80b1815be80c',
  'quiz_id',
  '39947494-081f-48f0-b810-5ff6a76cc239',
  NOW(),
  NOW()
) ON CONFLICT DO NOTHING; -- Skip if the relationship already exists

-- Create bidirectional relationship entry for the quiz to the question
INSERT INTO payload.course_quizzes_rels (
  id,
  _parent_id,
  field,
  value,
  created_at,
  updated_at
) VALUES (
  gen_random_uuid(),
  '39947494-081f-48f0-b810-5ff6a76cc239',
  'questions',
  '2d187516-4fe4-49e9-98fd-80b1815be80c',
  NOW(),
  NOW()
) ON CONFLICT DO NOTHING; -- Skip if the relationship already exists

-- Insert question 3 for quiz: The Fundamental Elements of Design in Detail Quiz
INSERT INTO payload.quiz_questions (
  id,
  question,
  quiz_id,
  quiz_id_id, -- Duplicate field for compatibility
  type,
  explanation,
  "order",
  created_at,
  updated_at
) VALUES (
  '8de3cd46-5c9e-474f-b14a-70faec005d2d', -- Generated UUID for the question
  'How is the principle of proximity helpful?',
  '39947494-081f-48f0-b810-5ff6a76cc239', -- Quiz ID
  '39947494-081f-48f0-b810-5ff6a76cc239', -- Quiz ID (duplicate)
  'single-answer',
  '',
  2,
  NOW(),
  NOW()
) ON CONFLICT (id) DO NOTHING; -- Skip if the question already exists

-- Insert option 1 for question 3
INSERT INTO payload.quiz_questions_options (
  id,
  _order,
  _parent_id,
  text,
  is_correct,
  created_at,
  updated_at
) VALUES (
  gen_random_uuid(),
  0,
  '8de3cd46-5c9e-474f-b14a-70faec005d2d',
  'Helps us understand how groups are created (intentionally or unintentionally)',
  true,
  NOW(),
  NOW()
) ON CONFLICT DO NOTHING; -- Skip if the option already exists

-- Insert option 2 for question 3
INSERT INTO payload.quiz_questions_options (
  id,
  _order,
  _parent_id,
  text,
  is_correct,
  created_at,
  updated_at
) VALUES (
  gen_random_uuid(),
  1,
  '8de3cd46-5c9e-474f-b14a-70faec005d2d',
  'Allows us to squeeze more onto the page',
  false,
  NOW(),
  NOW()
) ON CONFLICT DO NOTHING; -- Skip if the option already exists

-- Insert option 3 for question 3
INSERT INTO payload.quiz_questions_options (
  id,
  _order,
  _parent_id,
  text,
  is_correct,
  created_at,
  updated_at
) VALUES (
  gen_random_uuid(),
  2,
  '8de3cd46-5c9e-474f-b14a-70faec005d2d',
  'Helps us get to know people',
  false,
  NOW(),
  NOW()
) ON CONFLICT DO NOTHING; -- Skip if the option already exists

-- Create relationship entry for the question to the quiz
INSERT INTO payload.quiz_questions_rels (
  id,
  _parent_id,
  field,
  value,
  created_at,
  updated_at
) VALUES (
  gen_random_uuid(),
  '8de3cd46-5c9e-474f-b14a-70faec005d2d',
  'quiz_id',
  '39947494-081f-48f0-b810-5ff6a76cc239',
  NOW(),
  NOW()
) ON CONFLICT DO NOTHING; -- Skip if the relationship already exists

-- Create bidirectional relationship entry for the quiz to the question
INSERT INTO payload.course_quizzes_rels (
  id,
  _parent_id,
  field,
  value,
  created_at,
  updated_at
) VALUES (
  gen_random_uuid(),
  '39947494-081f-48f0-b810-5ff6a76cc239',
  'questions',
  '8de3cd46-5c9e-474f-b14a-70faec005d2d',
  NOW(),
  NOW()
) ON CONFLICT DO NOTHING; -- Skip if the relationship already exists

-- Insert question 4 for quiz: The Fundamental Elements of Design in Detail Quiz
INSERT INTO payload.quiz_questions (
  id,
  question,
  quiz_id,
  quiz_id_id, -- Duplicate field for compatibility
  type,
  explanation,
  "order",
  created_at,
  updated_at
) VALUES (
  'db22f492-9143-4fb1-8655-4beaf329e38a', -- Generated UUID for the question
  'How many different font types should you use in a single presentation?',
  '39947494-081f-48f0-b810-5ff6a76cc239', -- Quiz ID
  '39947494-081f-48f0-b810-5ff6a76cc239', -- Quiz ID (duplicate)
  'single-answer',
  '',
  3,
  NOW(),
  NOW()
) ON CONFLICT (id) DO NOTHING; -- Skip if the question already exists

-- Insert option 1 for question 4
INSERT INTO payload.quiz_questions_options (
  id,
  _order,
  _parent_id,
  text,
  is_correct,
  created_at,
  updated_at
) VALUES (
  gen_random_uuid(),
  0,
  'db22f492-9143-4fb1-8655-4beaf329e38a',
  'As many as you can',
  false,
  NOW(),
  NOW()
) ON CONFLICT DO NOTHING; -- Skip if the option already exists

-- Insert option 2 for question 4
INSERT INTO payload.quiz_questions_options (
  id,
  _order,
  _parent_id,
  text,
  is_correct,
  created_at,
  updated_at
) VALUES (
  gen_random_uuid(),
  1,
  'db22f492-9143-4fb1-8655-4beaf329e38a',
  '4',
  false,
  NOW(),
  NOW()
) ON CONFLICT DO NOTHING; -- Skip if the option already exists

-- Insert option 3 for question 4
INSERT INTO payload.quiz_questions_options (
  id,
  _order,
  _parent_id,
  text,
  is_correct,
  created_at,
  updated_at
) VALUES (
  gen_random_uuid(),
  2,
  'db22f492-9143-4fb1-8655-4beaf329e38a',
  '1',
  false,
  NOW(),
  NOW()
) ON CONFLICT DO NOTHING; -- Skip if the option already exists

-- Insert option 4 for question 4
INSERT INTO payload.quiz_questions_options (
  id,
  _order,
  _parent_id,
  text,
  is_correct,
  created_at,
  updated_at
) VALUES (
  gen_random_uuid(),
  3,
  'db22f492-9143-4fb1-8655-4beaf329e38a',
  '2',
  true,
  NOW(),
  NOW()
) ON CONFLICT DO NOTHING; -- Skip if the option already exists

-- Insert option 5 for question 4
INSERT INTO payload.quiz_questions_options (
  id,
  _order,
  _parent_id,
  text,
  is_correct,
  created_at,
  updated_at
) VALUES (
  gen_random_uuid(),
  4,
  'db22f492-9143-4fb1-8655-4beaf329e38a',
  '3',
  false,
  NOW(),
  NOW()
) ON CONFLICT DO NOTHING; -- Skip if the option already exists

-- Create relationship entry for the question to the quiz
INSERT INTO payload.quiz_questions_rels (
  id,
  _parent_id,
  field,
  value,
  created_at,
  updated_at
) VALUES (
  gen_random_uuid(),
  'db22f492-9143-4fb1-8655-4beaf329e38a',
  'quiz_id',
  '39947494-081f-48f0-b810-5ff6a76cc239',
  NOW(),
  NOW()
) ON CONFLICT DO NOTHING; -- Skip if the relationship already exists

-- Create bidirectional relationship entry for the quiz to the question
INSERT INTO payload.course_quizzes_rels (
  id,
  _parent_id,
  field,
  value,
  created_at,
  updated_at
) VALUES (
  gen_random_uuid(),
  '39947494-081f-48f0-b810-5ff6a76cc239',
  'questions',
  'db22f492-9143-4fb1-8655-4beaf329e38a',
  NOW(),
  NOW()
) ON CONFLICT DO NOTHING; -- Skip if the relationship already exists

-- Insert question 5 for quiz: The Fundamental Elements of Design in Detail Quiz
INSERT INTO payload.quiz_questions (
  id,
  question,
  quiz_id,
  quiz_id_id, -- Duplicate field for compatibility
  type,
  explanation,
  "order",
  created_at,
  updated_at
) VALUES (
  'b4aa364a-212f-4969-b8b0-19ae7f0617aa', -- Generated UUID for the question
  'How many colors should we use in a presentation?',
  '39947494-081f-48f0-b810-5ff6a76cc239', -- Quiz ID
  '39947494-081f-48f0-b810-5ff6a76cc239', -- Quiz ID (duplicate)
  'single-answer',
  '',
  4,
  NOW(),
  NOW()
) ON CONFLICT (id) DO NOTHING; -- Skip if the question already exists

-- Insert option 1 for question 5
INSERT INTO payload.quiz_questions_options (
  id,
  _order,
  _parent_id,
  text,
  is_correct,
  created_at,
  updated_at
) VALUES (
  gen_random_uuid(),
  0,
  'b4aa364a-212f-4969-b8b0-19ae7f0617aa',
  '2 more than the number of fonts',
  false,
  NOW(),
  NOW()
) ON CONFLICT DO NOTHING; -- Skip if the option already exists

-- Insert option 2 for question 5
INSERT INTO payload.quiz_questions_options (
  id,
  _order,
  _parent_id,
  text,
  is_correct,
  created_at,
  updated_at
) VALUES (
  gen_random_uuid(),
  1,
  'b4aa364a-212f-4969-b8b0-19ae7f0617aa',
  '7',
  false,
  NOW(),
  NOW()
) ON CONFLICT DO NOTHING; -- Skip if the option already exists

-- Insert option 3 for question 5
INSERT INTO payload.quiz_questions_options (
  id,
  _order,
  _parent_id,
  text,
  is_correct,
  created_at,
  updated_at
) VALUES (
  gen_random_uuid(),
  2,
  'b4aa364a-212f-4969-b8b0-19ae7f0617aa',
  '4 to 5',
  false,
  NOW(),
  NOW()
) ON CONFLICT DO NOTHING; -- Skip if the option already exists

-- Insert option 4 for question 5
INSERT INTO payload.quiz_questions_options (
  id,
  _order,
  _parent_id,
  text,
  is_correct,
  created_at,
  updated_at
) VALUES (
  gen_random_uuid(),
  3,
  'b4aa364a-212f-4969-b8b0-19ae7f0617aa',
  '2 to 3',
  true,
  NOW(),
  NOW()
) ON CONFLICT DO NOTHING; -- Skip if the option already exists

-- Insert option 5 for question 5
INSERT INTO payload.quiz_questions_options (
  id,
  _order,
  _parent_id,
  text,
  is_correct,
  created_at,
  updated_at
) VALUES (
  gen_random_uuid(),
  4,
  'b4aa364a-212f-4969-b8b0-19ae7f0617aa',
  '1',
  false,
  NOW(),
  NOW()
) ON CONFLICT DO NOTHING; -- Skip if the option already exists

-- Create relationship entry for the question to the quiz
INSERT INTO payload.quiz_questions_rels (
  id,
  _parent_id,
  field,
  value,
  created_at,
  updated_at
) VALUES (
  gen_random_uuid(),
  'b4aa364a-212f-4969-b8b0-19ae7f0617aa',
  'quiz_id',
  '39947494-081f-48f0-b810-5ff6a76cc239',
  NOW(),
  NOW()
) ON CONFLICT DO NOTHING; -- Skip if the relationship already exists

-- Create bidirectional relationship entry for the quiz to the question
INSERT INTO payload.course_quizzes_rels (
  id,
  _parent_id,
  field,
  value,
  created_at,
  updated_at
) VALUES (
  gen_random_uuid(),
  '39947494-081f-48f0-b810-5ff6a76cc239',
  'questions',
  'b4aa364a-212f-4969-b8b0-19ae7f0617aa',
  NOW(),
  NOW()
) ON CONFLICT DO NOTHING; -- Skip if the relationship already exists

-- Insert question 6 for quiz: The Fundamental Elements of Design in Detail Quiz
INSERT INTO payload.quiz_questions (
  id,
  question,
  quiz_id,
  quiz_id_id, -- Duplicate field for compatibility
  type,
  explanation,
  "order",
  created_at,
  updated_at
) VALUES (
  'ea5eedce-0838-46dd-9e1f-c832f0cb5457', -- Generated UUID for the question
  'What should you do with whitespace?',
  '39947494-081f-48f0-b810-5ff6a76cc239', -- Quiz ID
  '39947494-081f-48f0-b810-5ff6a76cc239', -- Quiz ID (duplicate)
  'single-answer',
  '',
  5,
  NOW(),
  NOW()
) ON CONFLICT (id) DO NOTHING; -- Skip if the question already exists

-- Insert option 1 for question 6
INSERT INTO payload.quiz_questions_options (
  id,
  _order,
  _parent_id,
  text,
  is_correct,
  created_at,
  updated_at
) VALUES (
  gen_random_uuid(),
  0,
  'ea5eedce-0838-46dd-9e1f-c832f0cb5457',
  'Ensure you are using enough of it',
  true,
  NOW(),
  NOW()
) ON CONFLICT DO NOTHING; -- Skip if the option already exists

-- Insert option 2 for question 6
INSERT INTO payload.quiz_questions_options (
  id,
  _order,
  _parent_id,
  text,
  is_correct,
  created_at,
  updated_at
) VALUES (
  gen_random_uuid(),
  1,
  'ea5eedce-0838-46dd-9e1f-c832f0cb5457',
  'Color it blue, it is prettier',
  false,
  NOW(),
  NOW()
) ON CONFLICT DO NOTHING; -- Skip if the option already exists

-- Insert option 3 for question 6
INSERT INTO payload.quiz_questions_options (
  id,
  _order,
  _parent_id,
  text,
  is_correct,
  created_at,
  updated_at
) VALUES (
  gen_random_uuid(),
  2,
  'ea5eedce-0838-46dd-9e1f-c832f0cb5457',
  'Fill it up with text!',
  false,
  NOW(),
  NOW()
) ON CONFLICT DO NOTHING; -- Skip if the option already exists

-- Create relationship entry for the question to the quiz
INSERT INTO payload.quiz_questions_rels (
  id,
  _parent_id,
  field,
  value,
  created_at,
  updated_at
) VALUES (
  gen_random_uuid(),
  'ea5eedce-0838-46dd-9e1f-c832f0cb5457',
  'quiz_id',
  '39947494-081f-48f0-b810-5ff6a76cc239',
  NOW(),
  NOW()
) ON CONFLICT DO NOTHING; -- Skip if the relationship already exists

-- Create bidirectional relationship entry for the quiz to the question
INSERT INTO payload.course_quizzes_rels (
  id,
  _parent_id,
  field,
  value,
  created_at,
  updated_at
) VALUES (
  gen_random_uuid(),
  '39947494-081f-48f0-b810-5ff6a76cc239',
  'questions',
  'ea5eedce-0838-46dd-9e1f-c832f0cb5457',
  NOW(),
  NOW()
) ON CONFLICT DO NOTHING; -- Skip if the relationship already exists

-- Questions for quiz: Overview of Fact-based Persuasion Quiz (fact-persuasion-quiz, ID: 6c38f350-7194-4c87-b020-a874e5fb7380)
-- Insert question 1 for quiz: Overview of Fact-based Persuasion Quiz
INSERT INTO payload.quiz_questions (
  id,
  question,
  quiz_id,
  quiz_id_id, -- Duplicate field for compatibility
  type,
  explanation,
  "order",
  created_at,
  updated_at
) VALUES (
  '8dc2e2fe-b41e-4744-bf5f-98928cc90f89', -- Generated UUID for the question
  'What is the bare assertion fallacy?',
  '6c38f350-7194-4c87-b020-a874e5fb7380', -- Quiz ID
  '6c38f350-7194-4c87-b020-a874e5fb7380', -- Quiz ID (duplicate)
  'multi-answer',
  '',
  0,
  NOW(),
  NOW()
) ON CONFLICT (id) DO NOTHING; -- Skip if the question already exists

-- Insert option 1 for question 1
INSERT INTO payload.quiz_questions_options (
  id,
  _order,
  _parent_id,
  text,
  is_correct,
  created_at,
  updated_at
) VALUES (
  gen_random_uuid(),
  0,
  '8dc2e2fe-b41e-4744-bf5f-98928cc90f89',
  'A premise in an argument that is assumed to be true merely because it says that it is true',
  true,
  NOW(),
  NOW()
) ON CONFLICT DO NOTHING; -- Skip if the option already exists

-- Insert option 2 for question 1
INSERT INTO payload.quiz_questions_options (
  id,
  _order,
  _parent_id,
  text,
  is_correct,
  created_at,
  updated_at
) VALUES (
  gen_random_uuid(),
  1,
  '8dc2e2fe-b41e-4744-bf5f-98928cc90f89',
  'A Dan Brown novel',
  false,
  NOW(),
  NOW()
) ON CONFLICT DO NOTHING; -- Skip if the option already exists

-- Insert option 3 for question 1
INSERT INTO payload.quiz_questions_options (
  id,
  _order,
  _parent_id,
  text,
  is_correct,
  created_at,
  updated_at
) VALUES (
  gen_random_uuid(),
  2,
  '8dc2e2fe-b41e-4744-bf5f-98928cc90f89',
  'Claiming to be right because you say you are right',
  true,
  NOW(),
  NOW()
) ON CONFLICT DO NOTHING; -- Skip if the option already exists

-- Insert option 4 for question 1
INSERT INTO payload.quiz_questions_options (
  id,
  _order,
  _parent_id,
  text,
  is_correct,
  created_at,
  updated_at
) VALUES (
  gen_random_uuid(),
  3,
  '8dc2e2fe-b41e-4744-bf5f-98928cc90f89',
  'A dream where you are presenting naked',
  false,
  NOW(),
  NOW()
) ON CONFLICT DO NOTHING; -- Skip if the option already exists

-- Create relationship entry for the question to the quiz
INSERT INTO payload.quiz_questions_rels (
  id,
  _parent_id,
  field,
  value,
  created_at,
  updated_at
) VALUES (
  gen_random_uuid(),
  '8dc2e2fe-b41e-4744-bf5f-98928cc90f89',
  'quiz_id',
  '6c38f350-7194-4c87-b020-a874e5fb7380',
  NOW(),
  NOW()
) ON CONFLICT DO NOTHING; -- Skip if the relationship already exists

-- Create bidirectional relationship entry for the quiz to the question
INSERT INTO payload.course_quizzes_rels (
  id,
  _parent_id,
  field,
  value,
  created_at,
  updated_at
) VALUES (
  gen_random_uuid(),
  '6c38f350-7194-4c87-b020-a874e5fb7380',
  'questions',
  '8dc2e2fe-b41e-4744-bf5f-98928cc90f89',
  NOW(),
  NOW()
) ON CONFLICT DO NOTHING; -- Skip if the relationship already exists

-- Insert question 2 for quiz: Overview of Fact-based Persuasion Quiz
INSERT INTO payload.quiz_questions (
  id,
  question,
  quiz_id,
  quiz_id_id, -- Duplicate field for compatibility
  type,
  explanation,
  "order",
  created_at,
  updated_at
) VALUES (
  'f9631783-24a7-4b06-bb83-e3664bba75c6', -- Generated UUID for the question
  'What is graphical excellence?',
  '6c38f350-7194-4c87-b020-a874e5fb7380', -- Quiz ID
  '6c38f350-7194-4c87-b020-a874e5fb7380', -- Quiz ID (duplicate)
  'multi-answer',
  '',
  1,
  NOW(),
  NOW()
) ON CONFLICT (id) DO NOTHING; -- Skip if the question already exists

-- Insert option 1 for question 2
INSERT INTO payload.quiz_questions_options (
  id,
  _order,
  _parent_id,
  text,
  is_correct,
  created_at,
  updated_at
) VALUES (
  gen_random_uuid(),
  0,
  'f9631783-24a7-4b06-bb83-e3664bba75c6',
  'Beautiful',
  false,
  NOW(),
  NOW()
) ON CONFLICT DO NOTHING; -- Skip if the option already exists

-- Insert option 2 for question 2
INSERT INTO payload.quiz_questions_options (
  id,
  _order,
  _parent_id,
  text,
  is_correct,
  created_at,
  updated_at
) VALUES (
  gen_random_uuid(),
  1,
  'f9631783-24a7-4b06-bb83-e3664bba75c6',
  'Honest',
  true,
  NOW(),
  NOW()
) ON CONFLICT DO NOTHING; -- Skip if the option already exists

-- Insert option 3 for question 2
INSERT INTO payload.quiz_questions_options (
  id,
  _order,
  _parent_id,
  text,
  is_correct,
  created_at,
  updated_at
) VALUES (
  gen_random_uuid(),
  2,
  'f9631783-24a7-4b06-bb83-e3664bba75c6',
  'Multivariate',
  true,
  NOW(),
  NOW()
) ON CONFLICT DO NOTHING; -- Skip if the option already exists

-- Insert option 4 for question 2
INSERT INTO payload.quiz_questions_options (
  id,
  _order,
  _parent_id,
  text,
  is_correct,
  created_at,
  updated_at
) VALUES (
  gen_random_uuid(),
  3,
  'f9631783-24a7-4b06-bb83-e3664bba75c6',
  'Efficient',
  true,
  NOW(),
  NOW()
) ON CONFLICT DO NOTHING; -- Skip if the option already exists

-- Insert option 5 for question 2
INSERT INTO payload.quiz_questions_options (
  id,
  _order,
  _parent_id,
  text,
  is_correct,
  created_at,
  updated_at
) VALUES (
  gen_random_uuid(),
  4,
  'f9631783-24a7-4b06-bb83-e3664bba75c6',
  'Complicated',
  false,
  NOW(),
  NOW()
) ON CONFLICT DO NOTHING; -- Skip if the option already exists

-- Insert option 6 for question 2
INSERT INTO payload.quiz_questions_options (
  id,
  _order,
  _parent_id,
  text,
  is_correct,
  created_at,
  updated_at
) VALUES (
  gen_random_uuid(),
  5,
  'f9631783-24a7-4b06-bb83-e3664bba75c6',
  'Curved',
  false,
  NOW(),
  NOW()
) ON CONFLICT DO NOTHING; -- Skip if the option already exists

-- Create relationship entry for the question to the quiz
INSERT INTO payload.quiz_questions_rels (
  id,
  _parent_id,
  field,
  value,
  created_at,
  updated_at
) VALUES (
  gen_random_uuid(),
  'f9631783-24a7-4b06-bb83-e3664bba75c6',
  'quiz_id',
  '6c38f350-7194-4c87-b020-a874e5fb7380',
  NOW(),
  NOW()
) ON CONFLICT DO NOTHING; -- Skip if the relationship already exists

-- Create bidirectional relationship entry for the quiz to the question
INSERT INTO payload.course_quizzes_rels (
  id,
  _parent_id,
  field,
  value,
  created_at,
  updated_at
) VALUES (
  gen_random_uuid(),
  '6c38f350-7194-4c87-b020-a874e5fb7380',
  'questions',
  'f9631783-24a7-4b06-bb83-e3664bba75c6',
  NOW(),
  NOW()
) ON CONFLICT DO NOTHING; -- Skip if the relationship already exists

-- Questions for quiz: Gestalt Principles of Visual Perception Quiz (gestalt-principles-quiz, ID: 1f398711-01db-409c-81ae-c36c6d692020)
-- Insert question 1 for quiz: Gestalt Principles of Visual Perception Quiz
INSERT INTO payload.quiz_questions (
  id,
  question,
  quiz_id,
  quiz_id_id, -- Duplicate field for compatibility
  type,
  explanation,
  "order",
  created_at,
  updated_at
) VALUES (
  '55d9e7bf-b757-438b-a49c-b32b861a491c', -- Generated UUID for the question
  'Why have we repeated the principle of proximity in this lesson and the previous lesson?',
  '1f398711-01db-409c-81ae-c36c6d692020', -- Quiz ID
  '1f398711-01db-409c-81ae-c36c6d692020', -- Quiz ID (duplicate)
  'single-answer',
  '',
  0,
  NOW(),
  NOW()
) ON CONFLICT (id) DO NOTHING; -- Skip if the question already exists

-- Insert option 1 for question 1
INSERT INTO payload.quiz_questions_options (
  id,
  _order,
  _parent_id,
  text,
  is_correct,
  created_at,
  updated_at
) VALUES (
  gen_random_uuid(),
  0,
  '55d9e7bf-b757-438b-a49c-b32b861a491c',
  'Didn''t notice. The course is brilliant. Carry on!',
  true,
  NOW(),
  NOW()
) ON CONFLICT DO NOTHING; -- Skip if the option already exists

-- Insert option 2 for question 1
INSERT INTO payload.quiz_questions_options (
  id,
  _order,
  _parent_id,
  text,
  is_correct,
  created_at,
  updated_at
) VALUES (
  gen_random_uuid(),
  1,
  '55d9e7bf-b757-438b-a49c-b32b861a491c',
  'Because repetition ad nauseum helps me learn?...',
  false,
  NOW(),
  NOW()
) ON CONFLICT DO NOTHING; -- Skip if the option already exists

-- Insert option 3 for question 1
INSERT INTO payload.quiz_questions_options (
  id,
  _order,
  _parent_id,
  text,
  is_correct,
  created_at,
  updated_at
) VALUES (
  gen_random_uuid(),
  2,
  '55d9e7bf-b757-438b-a49c-b32b861a491c',
  'Yo lazy',
  false,
  NOW(),
  NOW()
) ON CONFLICT DO NOTHING; -- Skip if the option already exists

-- Create relationship entry for the question to the quiz
INSERT INTO payload.quiz_questions_rels (
  id,
  _parent_id,
  field,
  value,
  created_at,
  updated_at
) VALUES (
  gen_random_uuid(),
  '55d9e7bf-b757-438b-a49c-b32b861a491c',
  'quiz_id',
  '1f398711-01db-409c-81ae-c36c6d692020',
  NOW(),
  NOW()
) ON CONFLICT DO NOTHING; -- Skip if the relationship already exists

-- Create bidirectional relationship entry for the quiz to the question
INSERT INTO payload.course_quizzes_rels (
  id,
  _parent_id,
  field,
  value,
  created_at,
  updated_at
) VALUES (
  gen_random_uuid(),
  '1f398711-01db-409c-81ae-c36c6d692020',
  'questions',
  '55d9e7bf-b757-438b-a49c-b32b861a491c',
  NOW(),
  NOW()
) ON CONFLICT DO NOTHING; -- Skip if the relationship already exists

-- Insert question 2 for quiz: Gestalt Principles of Visual Perception Quiz
INSERT INTO payload.quiz_questions (
  id,
  question,
  quiz_id,
  quiz_id_id, -- Duplicate field for compatibility
  type,
  explanation,
  "order",
  created_at,
  updated_at
) VALUES (
  '8d0c46fa-928a-4d8e-945a-cf165d05f3d1', -- Generated UUID for the question
  'The principle of similarity states that we tend to group things which share visual characteristics such as:',
  '1f398711-01db-409c-81ae-c36c6d692020', -- Quiz ID
  '1f398711-01db-409c-81ae-c36c6d692020', -- Quiz ID (duplicate)
  'multi-answer',
  '',
  1,
  NOW(),
  NOW()
) ON CONFLICT (id) DO NOTHING; -- Skip if the question already exists

-- Insert option 1 for question 2
INSERT INTO payload.quiz_questions_options (
  id,
  _order,
  _parent_id,
  text,
  is_correct,
  created_at,
  updated_at
) VALUES (
  gen_random_uuid(),
  0,
  '8d0c46fa-928a-4d8e-945a-cf165d05f3d1',
  'Size',
  true,
  NOW(),
  NOW()
) ON CONFLICT DO NOTHING; -- Skip if the option already exists

-- Insert option 2 for question 2
INSERT INTO payload.quiz_questions_options (
  id,
  _order,
  _parent_id,
  text,
  is_correct,
  created_at,
  updated_at
) VALUES (
  gen_random_uuid(),
  1,
  '8d0c46fa-928a-4d8e-945a-cf165d05f3d1',
  'Shape',
  true,
  NOW(),
  NOW()
) ON CONFLICT DO NOTHING; -- Skip if the option already exists

-- Insert option 3 for question 2
INSERT INTO payload.quiz_questions_options (
  id,
  _order,
  _parent_id,
  text,
  is_correct,
  created_at,
  updated_at
) VALUES (
  gen_random_uuid(),
  2,
  '8d0c46fa-928a-4d8e-945a-cf165d05f3d1',
  'Color',
  true,
  NOW(),
  NOW()
) ON CONFLICT DO NOTHING; -- Skip if the option already exists

-- Insert option 4 for question 2
INSERT INTO payload.quiz_questions_options (
  id,
  _order,
  _parent_id,
  text,
  is_correct,
  created_at,
  updated_at
) VALUES (
  gen_random_uuid(),
  3,
  '8d0c46fa-928a-4d8e-945a-cf165d05f3d1',
  'Orientation',
  true,
  NOW(),
  NOW()
) ON CONFLICT DO NOTHING; -- Skip if the option already exists

-- Insert option 5 for question 2
INSERT INTO payload.quiz_questions_options (
  id,
  _order,
  _parent_id,
  text,
  is_correct,
  created_at,
  updated_at
) VALUES (
  gen_random_uuid(),
  4,
  '8d0c46fa-928a-4d8e-945a-cf165d05f3d1',
  'Sound',
  false,
  NOW(),
  NOW()
) ON CONFLICT DO NOTHING; -- Skip if the option already exists

-- Insert option 6 for question 2
INSERT INTO payload.quiz_questions_options (
  id,
  _order,
  _parent_id,
  text,
  is_correct,
  created_at,
  updated_at
) VALUES (
  gen_random_uuid(),
  5,
  '8d0c46fa-928a-4d8e-945a-cf165d05f3d1',
  'Length',
  false,
  NOW(),
  NOW()
) ON CONFLICT DO NOTHING; -- Skip if the option already exists

-- Insert option 7 for question 2
INSERT INTO payload.quiz_questions_options (
  id,
  _order,
  _parent_id,
  text,
  is_correct,
  created_at,
  updated_at
) VALUES (
  gen_random_uuid(),
  6,
  '8d0c46fa-928a-4d8e-945a-cf165d05f3d1',
  'Distance',
  false,
  NOW(),
  NOW()
) ON CONFLICT DO NOTHING; -- Skip if the option already exists

-- Create relationship entry for the question to the quiz
INSERT INTO payload.quiz_questions_rels (
  id,
  _parent_id,
  field,
  value,
  created_at,
  updated_at
) VALUES (
  gen_random_uuid(),
  '8d0c46fa-928a-4d8e-945a-cf165d05f3d1',
  'quiz_id',
  '1f398711-01db-409c-81ae-c36c6d692020',
  NOW(),
  NOW()
) ON CONFLICT DO NOTHING; -- Skip if the relationship already exists

-- Create bidirectional relationship entry for the quiz to the question
INSERT INTO payload.course_quizzes_rels (
  id,
  _parent_id,
  field,
  value,
  created_at,
  updated_at
) VALUES (
  gen_random_uuid(),
  '1f398711-01db-409c-81ae-c36c6d692020',
  'questions',
  '8d0c46fa-928a-4d8e-945a-cf165d05f3d1',
  NOW(),
  NOW()
) ON CONFLICT DO NOTHING; -- Skip if the relationship already exists

-- Insert question 3 for quiz: Gestalt Principles of Visual Perception Quiz
INSERT INTO payload.quiz_questions (
  id,
  question,
  quiz_id,
  quiz_id_id, -- Duplicate field for compatibility
  type,
  explanation,
  "order",
  created_at,
  updated_at
) VALUES (
  'ef293cba-bdd8-4146-9fe0-2965ac04872f', -- Generated UUID for the question
  'What is symmetry associated with?',
  '1f398711-01db-409c-81ae-c36c6d692020', -- Quiz ID
  '1f398711-01db-409c-81ae-c36c6d692020', -- Quiz ID (duplicate)
  'multi-answer',
  '',
  2,
  NOW(),
  NOW()
) ON CONFLICT (id) DO NOTHING; -- Skip if the question already exists

-- Insert option 1 for question 3
INSERT INTO payload.quiz_questions_options (
  id,
  _order,
  _parent_id,
  text,
  is_correct,
  created_at,
  updated_at
) VALUES (
  gen_random_uuid(),
  0,
  'ef293cba-bdd8-4146-9fe0-2965ac04872f',
  'Stability',
  true,
  NOW(),
  NOW()
) ON CONFLICT DO NOTHING; -- Skip if the option already exists

-- Insert option 2 for question 3
INSERT INTO payload.quiz_questions_options (
  id,
  _order,
  _parent_id,
  text,
  is_correct,
  created_at,
  updated_at
) VALUES (
  gen_random_uuid(),
  1,
  'ef293cba-bdd8-4146-9fe0-2965ac04872f',
  'Consistency',
  true,
  NOW(),
  NOW()
) ON CONFLICT DO NOTHING; -- Skip if the option already exists

-- Insert option 3 for question 3
INSERT INTO payload.quiz_questions_options (
  id,
  _order,
  _parent_id,
  text,
  is_correct,
  created_at,
  updated_at
) VALUES (
  gen_random_uuid(),
  2,
  'ef293cba-bdd8-4146-9fe0-2965ac04872f',
  'Structure',
  true,
  NOW(),
  NOW()
) ON CONFLICT DO NOTHING; -- Skip if the option already exists

-- Insert option 4 for question 3
INSERT INTO payload.quiz_questions_options (
  id,
  _order,
  _parent_id,
  text,
  is_correct,
  created_at,
  updated_at
) VALUES (
  gen_random_uuid(),
  3,
  'ef293cba-bdd8-4146-9fe0-2965ac04872f',
  'Rhythm',
  false,
  NOW(),
  NOW()
) ON CONFLICT DO NOTHING; -- Skip if the option already exists

-- Insert option 5 for question 3
INSERT INTO payload.quiz_questions_options (
  id,
  _order,
  _parent_id,
  text,
  is_correct,
  created_at,
  updated_at
) VALUES (
  gen_random_uuid(),
  4,
  'ef293cba-bdd8-4146-9fe0-2965ac04872f',
  'Twins',
  false,
  NOW(),
  NOW()
) ON CONFLICT DO NOTHING; -- Skip if the option already exists

-- Insert option 6 for question 3
INSERT INTO payload.quiz_questions_options (
  id,
  _order,
  _parent_id,
  text,
  is_correct,
  created_at,
  updated_at
) VALUES (
  gen_random_uuid(),
  5,
  'ef293cba-bdd8-4146-9fe0-2965ac04872f',
  'Music',
  false,
  NOW(),
  NOW()
) ON CONFLICT DO NOTHING; -- Skip if the option already exists

-- Create relationship entry for the question to the quiz
INSERT INTO payload.quiz_questions_rels (
  id,
  _parent_id,
  field,
  value,
  created_at,
  updated_at
) VALUES (
  gen_random_uuid(),
  'ef293cba-bdd8-4146-9fe0-2965ac04872f',
  'quiz_id',
  '1f398711-01db-409c-81ae-c36c6d692020',
  NOW(),
  NOW()
) ON CONFLICT DO NOTHING; -- Skip if the relationship already exists

-- Create bidirectional relationship entry for the quiz to the question
INSERT INTO payload.course_quizzes_rels (
  id,
  _parent_id,
  field,
  value,
  created_at,
  updated_at
) VALUES (
  gen_random_uuid(),
  '1f398711-01db-409c-81ae-c36c6d692020',
  'questions',
  'ef293cba-bdd8-4146-9fe0-2965ac04872f',
  NOW(),
  NOW()
) ON CONFLICT DO NOTHING; -- Skip if the relationship already exists

-- Insert question 4 for quiz: Gestalt Principles of Visual Perception Quiz
INSERT INTO payload.quiz_questions (
  id,
  question,
  quiz_id,
  quiz_id_id, -- Duplicate field for compatibility
  type,
  explanation,
  "order",
  created_at,
  updated_at
) VALUES (
  '703e9a31-ede7-4a7f-a384-84ebb3ce946f', -- Generated UUID for the question
  'What does the principle of connection state?',
  '1f398711-01db-409c-81ae-c36c6d692020', -- Quiz ID
  '1f398711-01db-409c-81ae-c36c6d692020', -- Quiz ID (duplicate)
  'single-answer',
  '',
  3,
  NOW(),
  NOW()
) ON CONFLICT (id) DO NOTHING; -- Skip if the question already exists

-- Insert option 1 for question 4
INSERT INTO payload.quiz_questions_options (
  id,
  _order,
  _parent_id,
  text,
  is_correct,
  created_at,
  updated_at
) VALUES (
  gen_random_uuid(),
  0,
  '703e9a31-ede7-4a7f-a384-84ebb3ce946f',
  'Elements that are visually connected are perceived as more related than elements with no connection',
  true,
  NOW(),
  NOW()
) ON CONFLICT DO NOTHING; -- Skip if the option already exists

-- Insert option 2 for question 4
INSERT INTO payload.quiz_questions_options (
  id,
  _order,
  _parent_id,
  text,
  is_correct,
  created_at,
  updated_at
) VALUES (
  gen_random_uuid(),
  1,
  '703e9a31-ede7-4a7f-a384-84ebb3ce946f',
  'We need to connect our most important ideas',
  false,
  NOW(),
  NOW()
) ON CONFLICT DO NOTHING; -- Skip if the option already exists

-- Insert option 3 for question 4
INSERT INTO payload.quiz_questions_options (
  id,
  _order,
  _parent_id,
  text,
  is_correct,
  created_at,
  updated_at
) VALUES (
  gen_random_uuid(),
  2,
  '703e9a31-ede7-4a7f-a384-84ebb3ce946f',
  'I just can''t make no connection',
  false,
  NOW(),
  NOW()
) ON CONFLICT DO NOTHING; -- Skip if the option already exists

-- Create relationship entry for the question to the quiz
INSERT INTO payload.quiz_questions_rels (
  id,
  _parent_id,
  field,
  value,
  created_at,
  updated_at
) VALUES (
  gen_random_uuid(),
  '703e9a31-ede7-4a7f-a384-84ebb3ce946f',
  'quiz_id',
  '1f398711-01db-409c-81ae-c36c6d692020',
  NOW(),
  NOW()
) ON CONFLICT DO NOTHING; -- Skip if the relationship already exists

-- Create bidirectional relationship entry for the quiz to the question
INSERT INTO payload.course_quizzes_rels (
  id,
  _parent_id,
  field,
  value,
  created_at,
  updated_at
) VALUES (
  gen_random_uuid(),
  '1f398711-01db-409c-81ae-c36c6d692020',
  'questions',
  '703e9a31-ede7-4a7f-a384-84ebb3ce946f',
  NOW(),
  NOW()
) ON CONFLICT DO NOTHING; -- Skip if the relationship already exists

-- Questions for quiz: Idea Generation Quiz (idea-generation-quiz, ID: c33a575c-ab74-4f6d-af06-a9d50465794c)
-- Insert question 1 for quiz: Idea Generation Quiz
INSERT INTO payload.quiz_questions (
  id,
  question,
  quiz_id,
  quiz_id_id, -- Duplicate field for compatibility
  type,
  explanation,
  "order",
  created_at,
  updated_at
) VALUES (
  '62a08a1a-247f-472f-bbcd-3f13c427b8a0', -- Generated UUID for the question
  'What is the key to making brainstorming as effective as possible?',
  'c33a575c-ab74-4f6d-af06-a9d50465794c', -- Quiz ID
  'c33a575c-ab74-4f6d-af06-a9d50465794c', -- Quiz ID (duplicate)
  'single-answer',
  '',
  0,
  NOW(),
  NOW()
) ON CONFLICT (id) DO NOTHING; -- Skip if the question already exists

-- Insert option 1 for question 1
INSERT INTO payload.quiz_questions_options (
  id,
  _order,
  _parent_id,
  text,
  is_correct,
  created_at,
  updated_at
) VALUES (
  gen_random_uuid(),
  0,
  '62a08a1a-247f-472f-bbcd-3f13c427b8a0',
  'Conduct brainstorming sessions early in the day',
  false,
  NOW(),
  NOW()
) ON CONFLICT DO NOTHING; -- Skip if the option already exists

-- Insert option 2 for question 1
INSERT INTO payload.quiz_questions_options (
  id,
  _order,
  _parent_id,
  text,
  is_correct,
  created_at,
  updated_at
) VALUES (
  gen_random_uuid(),
  1,
  '62a08a1a-247f-472f-bbcd-3f13c427b8a0',
  'Eat lots of sugar',
  false,
  NOW(),
  NOW()
) ON CONFLICT DO NOTHING; -- Skip if the option already exists

-- Insert option 3 for question 1
INSERT INTO payload.quiz_questions_options (
  id,
  _order,
  _parent_id,
  text,
  is_correct,
  created_at,
  updated_at
) VALUES (
  gen_random_uuid(),
  2,
  '62a08a1a-247f-472f-bbcd-3f13c427b8a0',
  'Don''t use brainstorming, it doesn''t work',
  false,
  NOW(),
  NOW()
) ON CONFLICT DO NOTHING; -- Skip if the option already exists

-- Insert option 4 for question 1
INSERT INTO payload.quiz_questions_options (
  id,
  _order,
  _parent_id,
  text,
  is_correct,
  created_at,
  updated_at
) VALUES (
  gen_random_uuid(),
  3,
  '62a08a1a-247f-472f-bbcd-3f13c427b8a0',
  'Engage in debate and dissent',
  true,
  NOW(),
  NOW()
) ON CONFLICT DO NOTHING; -- Skip if the option already exists

-- Create relationship entry for the question to the quiz
INSERT INTO payload.quiz_questions_rels (
  id,
  _parent_id,
  field,
  value,
  created_at,
  updated_at
) VALUES (
  gen_random_uuid(),
  '62a08a1a-247f-472f-bbcd-3f13c427b8a0',
  'quiz_id',
  'c33a575c-ab74-4f6d-af06-a9d50465794c',
  NOW(),
  NOW()
) ON CONFLICT DO NOTHING; -- Skip if the relationship already exists

-- Create bidirectional relationship entry for the quiz to the question
INSERT INTO payload.course_quizzes_rels (
  id,
  _parent_id,
  field,
  value,
  created_at,
  updated_at
) VALUES (
  gen_random_uuid(),
  'c33a575c-ab74-4f6d-af06-a9d50465794c',
  'questions',
  '62a08a1a-247f-472f-bbcd-3f13c427b8a0',
  NOW(),
  NOW()
) ON CONFLICT DO NOTHING; -- Skip if the relationship already exists

-- Insert question 2 for quiz: Idea Generation Quiz
INSERT INTO payload.quiz_questions (
  id,
  question,
  quiz_id,
  quiz_id_id, -- Duplicate field for compatibility
  type,
  explanation,
  "order",
  created_at,
  updated_at
) VALUES (
  'a867c1ff-a1a2-4d08-aa86-52b2830ac595', -- Generated UUID for the question
  'What are our Cardinal Rules of brainstorming?',
  'c33a575c-ab74-4f6d-af06-a9d50465794c', -- Quiz ID
  'c33a575c-ab74-4f6d-af06-a9d50465794c', -- Quiz ID (duplicate)
  'multi-answer',
  '',
  1,
  NOW(),
  NOW()
) ON CONFLICT (id) DO NOTHING; -- Skip if the question already exists

-- Insert option 1 for question 2
INSERT INTO payload.quiz_questions_options (
  id,
  _order,
  _parent_id,
  text,
  is_correct,
  created_at,
  updated_at
) VALUES (
  gen_random_uuid(),
  0,
  'a867c1ff-a1a2-4d08-aa86-52b2830ac595',
  'Plan your participants',
  true,
  NOW(),
  NOW()
) ON CONFLICT DO NOTHING; -- Skip if the option already exists

-- Insert option 2 for question 2
INSERT INTO payload.quiz_questions_options (
  id,
  _order,
  _parent_id,
  text,
  is_correct,
  created_at,
  updated_at
) VALUES (
  gen_random_uuid(),
  1,
  'a867c1ff-a1a2-4d08-aa86-52b2830ac595',
  'Focus on ideas',
  true,
  NOW(),
  NOW()
) ON CONFLICT DO NOTHING; -- Skip if the option already exists

-- Insert option 3 for question 2
INSERT INTO payload.quiz_questions_options (
  id,
  _order,
  _parent_id,
  text,
  is_correct,
  created_at,
  updated_at
) VALUES (
  gen_random_uuid(),
  2,
  'a867c1ff-a1a2-4d08-aa86-52b2830ac595',
  'Structure the session',
  true,
  NOW(),
  NOW()
) ON CONFLICT DO NOTHING; -- Skip if the option already exists

-- Insert option 4 for question 2
INSERT INTO payload.quiz_questions_options (
  id,
  _order,
  _parent_id,
  text,
  is_correct,
  created_at,
  updated_at
) VALUES (
  gen_random_uuid(),
  3,
  'a867c1ff-a1a2-4d08-aa86-52b2830ac595',
  'Establish rules in advance',
  true,
  NOW(),
  NOW()
) ON CONFLICT DO NOTHING; -- Skip if the option already exists

-- Insert option 5 for question 2
INSERT INTO payload.quiz_questions_options (
  id,
  _order,
  _parent_id,
  text,
  is_correct,
  created_at,
  updated_at
) VALUES (
  gen_random_uuid(),
  4,
  'a867c1ff-a1a2-4d08-aa86-52b2830ac595',
  'Free associate',
  false,
  NOW(),
  NOW()
) ON CONFLICT DO NOTHING; -- Skip if the option already exists

-- Insert option 6 for question 2
INSERT INTO payload.quiz_questions_options (
  id,
  _order,
  _parent_id,
  text,
  is_correct,
  created_at,
  updated_at
) VALUES (
  gen_random_uuid(),
  5,
  'a867c1ff-a1a2-4d08-aa86-52b2830ac595',
  'Only invite the single people',
  false,
  NOW(),
  NOW()
) ON CONFLICT DO NOTHING; -- Skip if the option already exists

-- Insert option 7 for question 2
INSERT INTO payload.quiz_questions_options (
  id,
  _order,
  _parent_id,
  text,
  is_correct,
  created_at,
  updated_at
) VALUES (
  gen_random_uuid(),
  6,
  'a867c1ff-a1a2-4d08-aa86-52b2830ac595',
  'Focus on having fun',
  false,
  NOW(),
  NOW()
) ON CONFLICT DO NOTHING; -- Skip if the option already exists

-- Insert option 8 for question 2
INSERT INTO payload.quiz_questions_options (
  id,
  _order,
  _parent_id,
  text,
  is_correct,
  created_at,
  updated_at
) VALUES (
  gen_random_uuid(),
  7,
  'a867c1ff-a1a2-4d08-aa86-52b2830ac595',
  'Eat, drink, and be merry',
  false,
  NOW(),
  NOW()
) ON CONFLICT DO NOTHING; -- Skip if the option already exists

-- Insert option 9 for question 2
INSERT INTO payload.quiz_questions_options (
  id,
  _order,
  _parent_id,
  text,
  is_correct,
  created_at,
  updated_at
) VALUES (
  gen_random_uuid(),
  8,
  'a867c1ff-a1a2-4d08-aa86-52b2830ac595',
  'Conduct sessions on a Friday',
  false,
  NOW(),
  NOW()
) ON CONFLICT DO NOTHING; -- Skip if the option already exists

-- Create relationship entry for the question to the quiz
INSERT INTO payload.quiz_questions_rels (
  id,
  _parent_id,
  field,
  value,
  created_at,
  updated_at
) VALUES (
  gen_random_uuid(),
  'a867c1ff-a1a2-4d08-aa86-52b2830ac595',
  'quiz_id',
  'c33a575c-ab74-4f6d-af06-a9d50465794c',
  NOW(),
  NOW()
) ON CONFLICT DO NOTHING; -- Skip if the relationship already exists

-- Create bidirectional relationship entry for the quiz to the question
INSERT INTO payload.course_quizzes_rels (
  id,
  _parent_id,
  field,
  value,
  created_at,
  updated_at
) VALUES (
  gen_random_uuid(),
  'c33a575c-ab74-4f6d-af06-a9d50465794c',
  'questions',
  'a867c1ff-a1a2-4d08-aa86-52b2830ac595',
  NOW(),
  NOW()
) ON CONFLICT DO NOTHING; -- Skip if the relationship already exists

-- Insert question 3 for quiz: Idea Generation Quiz
INSERT INTO payload.quiz_questions (
  id,
  question,
  quiz_id,
  quiz_id_id, -- Duplicate field for compatibility
  type,
  explanation,
  "order",
  created_at,
  updated_at
) VALUES (
  '03b2466f-cbb0-478a-a3da-c20de8a86f30', -- Generated UUID for the question
  'What was the golden rule talked about in this lesson?',
  'c33a575c-ab74-4f6d-af06-a9d50465794c', -- Quiz ID
  'c33a575c-ab74-4f6d-af06-a9d50465794c', -- Quiz ID (duplicate)
  'single-answer',
  '',
  2,
  NOW(),
  NOW()
) ON CONFLICT (id) DO NOTHING; -- Skip if the question already exists

-- Insert option 1 for question 3
INSERT INTO payload.quiz_questions_options (
  id,
  _order,
  _parent_id,
  text,
  is_correct,
  created_at,
  updated_at
) VALUES (
  gen_random_uuid(),
  0,
  '03b2466f-cbb0-478a-a3da-c20de8a86f30',
  'Facts known by the audience go in the Introduction',
  false,
  NOW(),
  NOW()
) ON CONFLICT DO NOTHING; -- Skip if the option already exists

-- Insert option 2 for question 3
INSERT INTO payload.quiz_questions_options (
  id,
  _order,
  _parent_id,
  text,
  is_correct,
  created_at,
  updated_at
) VALUES (
  gen_random_uuid(),
  1,
  '03b2466f-cbb0-478a-a3da-c20de8a86f30',
  'We are creating our presentation to answer a question in the mind of our audience',
  false,
  NOW(),
  NOW()
) ON CONFLICT DO NOTHING; -- Skip if the option already exists

-- Insert option 3 for question 3
INSERT INTO payload.quiz_questions_options (
  id,
  _order,
  _parent_id,
  text,
  is_correct,
  created_at,
  updated_at
) VALUES (
  gen_random_uuid(),
  2,
  '03b2466f-cbb0-478a-a3da-c20de8a86f30',
  'Our audience is the hero',
  false,
  NOW(),
  NOW()
) ON CONFLICT DO NOTHING; -- Skip if the option already exists

-- Insert option 4 for question 3
INSERT INTO payload.quiz_questions_options (
  id,
  _order,
  _parent_id,
  text,
  is_correct,
  created_at,
  updated_at
) VALUES (
  gen_random_uuid(),
  3,
  '03b2466f-cbb0-478a-a3da-c20de8a86f30',
  'Our objective is to compel our audience to do something',
  false,
  NOW(),
  NOW()
) ON CONFLICT DO NOTHING; -- Skip if the option already exists

-- Insert option 5 for question 3
INSERT INTO payload.quiz_questions_options (
  id,
  _order,
  _parent_id,
  text,
  is_correct,
  created_at,
  updated_at
) VALUES (
  gen_random_uuid(),
  4,
  '03b2466f-cbb0-478a-a3da-c20de8a86f30',
  'Follow a process',
  false,
  NOW(),
  NOW()
) ON CONFLICT DO NOTHING; -- Skip if the option already exists

-- Insert option 6 for question 3
INSERT INTO payload.quiz_questions_options (
  id,
  _order,
  _parent_id,
  text,
  is_correct,
  created_at,
  updated_at
) VALUES (
  gen_random_uuid(),
  5,
  '03b2466f-cbb0-478a-a3da-c20de8a86f30',
  'Create ideas first, slides second',
  true,
  NOW(),
  NOW()
) ON CONFLICT DO NOTHING; -- Skip if the option already exists

-- Create relationship entry for the question to the quiz
INSERT INTO payload.quiz_questions_rels (
  id,
  _parent_id,
  field,
  value,
  created_at,
  updated_at
) VALUES (
  gen_random_uuid(),
  '03b2466f-cbb0-478a-a3da-c20de8a86f30',
  'quiz_id',
  'c33a575c-ab74-4f6d-af06-a9d50465794c',
  NOW(),
  NOW()
) ON CONFLICT DO NOTHING; -- Skip if the relationship already exists

-- Create bidirectional relationship entry for the quiz to the question
INSERT INTO payload.course_quizzes_rels (
  id,
  _parent_id,
  field,
  value,
  created_at,
  updated_at
) VALUES (
  gen_random_uuid(),
  'c33a575c-ab74-4f6d-af06-a9d50465794c',
  'questions',
  '03b2466f-cbb0-478a-a3da-c20de8a86f30',
  NOW(),
  NOW()
) ON CONFLICT DO NOTHING; -- Skip if the relationship already exists

-- Questions for quiz: The Why (Introductions) Quiz (introductions-quiz, ID: 388995ef-f2a1-471e-a6c0-49c29c6f519c)
-- Insert question 1 for quiz: The Why (Introductions) Quiz
INSERT INTO payload.quiz_questions (
  id,
  question,
  quiz_id,
  quiz_id_id, -- Duplicate field for compatibility
  type,
  explanation,
  "order",
  created_at,
  updated_at
) VALUES (
  'd9a4d6af-1754-468d-b963-f167eb9acbce', -- Generated UUID for the question
  'Hypothetical example: We are in the finance department and are giving an update. What is the best way for us to frame our presentation?',
  '388995ef-f2a1-471e-a6c0-49c29c6f519c', -- Quiz ID
  '388995ef-f2a1-471e-a6c0-49c29c6f519c', -- Quiz ID (duplicate)
  'single-answer',
  '',
  0,
  NOW(),
  NOW()
) ON CONFLICT (id) DO NOTHING; -- Skip if the question already exists

-- Insert option 1 for question 1
INSERT INTO payload.quiz_questions_options (
  id,
  _order,
  _parent_id,
  text,
  is_correct,
  created_at,
  updated_at
) VALUES (
  gen_random_uuid(),
  0,
  'd9a4d6af-1754-468d-b963-f167eb9acbce',
  'Finance update',
  false,
  NOW(),
  NOW()
) ON CONFLICT DO NOTHING; -- Skip if the option already exists

-- Insert option 2 for question 1
INSERT INTO payload.quiz_questions_options (
  id,
  _order,
  _parent_id,
  text,
  is_correct,
  created_at,
  updated_at
) VALUES (
  gen_random_uuid(),
  1,
  'd9a4d6af-1754-468d-b963-f167eb9acbce',
  'Cost cutting recommendations',
  false,
  NOW(),
  NOW()
) ON CONFLICT DO NOTHING; -- Skip if the option already exists

-- Insert option 3 for question 1
INSERT INTO payload.quiz_questions_options (
  id,
  _order,
  _parent_id,
  text,
  is_correct,
  created_at,
  updated_at
) VALUES (
  gen_random_uuid(),
  2,
  'd9a4d6af-1754-468d-b963-f167eb9acbce',
  'Quarterly review',
  false,
  NOW(),
  NOW()
) ON CONFLICT DO NOTHING; -- Skip if the option already exists

-- Insert option 4 for question 1
INSERT INTO payload.quiz_questions_options (
  id,
  _order,
  _parent_id,
  text,
  is_correct,
  created_at,
  updated_at
) VALUES (
  gen_random_uuid(),
  3,
  'd9a4d6af-1754-468d-b963-f167eb9acbce',
  'How did we perform last quarter, and what do we need to do differently?',
  true,
  NOW(),
  NOW()
) ON CONFLICT DO NOTHING; -- Skip if the option already exists

-- Create relationship entry for the question to the quiz
INSERT INTO payload.quiz_questions_rels (
  id,
  _parent_id,
  field,
  value,
  created_at,
  updated_at
) VALUES (
  gen_random_uuid(),
  'd9a4d6af-1754-468d-b963-f167eb9acbce',
  'quiz_id',
  '388995ef-f2a1-471e-a6c0-49c29c6f519c',
  NOW(),
  NOW()
) ON CONFLICT DO NOTHING; -- Skip if the relationship already exists

-- Create bidirectional relationship entry for the quiz to the question
INSERT INTO payload.course_quizzes_rels (
  id,
  _parent_id,
  field,
  value,
  created_at,
  updated_at
) VALUES (
  gen_random_uuid(),
  '388995ef-f2a1-471e-a6c0-49c29c6f519c',
  'questions',
  'd9a4d6af-1754-468d-b963-f167eb9acbce',
  NOW(),
  NOW()
) ON CONFLICT DO NOTHING; -- Skip if the relationship already exists

-- Insert question 2 for quiz: The Why (Introductions) Quiz
INSERT INTO payload.quiz_questions (
  id,
  question,
  quiz_id,
  quiz_id_id, -- Duplicate field for compatibility
  type,
  explanation,
  "order",
  created_at,
  updated_at
) VALUES (
  'e12418c7-63ed-4069-8a7e-412590b911ec', -- Generated UUID for the question
  'Why are we creating our presentation?',
  '388995ef-f2a1-471e-a6c0-49c29c6f519c', -- Quiz ID
  '388995ef-f2a1-471e-a6c0-49c29c6f519c', -- Quiz ID (duplicate)
  'single-answer',
  '',
  1,
  NOW(),
  NOW()
) ON CONFLICT (id) DO NOTHING; -- Skip if the question already exists

-- Insert option 1 for question 2
INSERT INTO payload.quiz_questions_options (
  id,
  _order,
  _parent_id,
  text,
  is_correct,
  created_at,
  updated_at
) VALUES (
  gen_random_uuid(),
  0,
  'e12418c7-63ed-4069-8a7e-412590b911ec',
  'To sell our product to a customer',
  false,
  NOW(),
  NOW()
) ON CONFLICT DO NOTHING; -- Skip if the option already exists

-- Insert option 2 for question 2
INSERT INTO payload.quiz_questions_options (
  id,
  _order,
  _parent_id,
  text,
  is_correct,
  created_at,
  updated_at
) VALUES (
  gen_random_uuid(),
  1,
  'e12418c7-63ed-4069-8a7e-412590b911ec',
  'To answer a question in the mind of our audience',
  true,
  NOW(),
  NOW()
) ON CONFLICT DO NOTHING; -- Skip if the option already exists

-- Insert option 3 for question 2
INSERT INTO payload.quiz_questions_options (
  id,
  _order,
  _parent_id,
  text,
  is_correct,
  created_at,
  updated_at
) VALUES (
  gen_random_uuid(),
  2,
  'e12418c7-63ed-4069-8a7e-412590b911ec',
  'To practice our PowerPoint skills',
  false,
  NOW(),
  NOW()
) ON CONFLICT DO NOTHING; -- Skip if the option already exists

-- Insert option 4 for question 2
INSERT INTO payload.quiz_questions_options (
  id,
  _order,
  _parent_id,
  text,
  is_correct,
  created_at,
  updated_at
) VALUES (
  gen_random_uuid(),
  3,
  'e12418c7-63ed-4069-8a7e-412590b911ec',
  'To raise money for our start-up',
  false,
  NOW(),
  NOW()
) ON CONFLICT DO NOTHING; -- Skip if the option already exists

-- Insert option 5 for question 2
INSERT INTO payload.quiz_questions_options (
  id,
  _order,
  _parent_id,
  text,
  is_correct,
  created_at,
  updated_at
) VALUES (
  gen_random_uuid(),
  4,
  'e12418c7-63ed-4069-8a7e-412590b911ec',
  'Becuase we have been asked to by our boss',
  false,
  NOW(),
  NOW()
) ON CONFLICT DO NOTHING; -- Skip if the option already exists

-- Create relationship entry for the question to the quiz
INSERT INTO payload.quiz_questions_rels (
  id,
  _parent_id,
  field,
  value,
  created_at,
  updated_at
) VALUES (
  gen_random_uuid(),
  'e12418c7-63ed-4069-8a7e-412590b911ec',
  'quiz_id',
  '388995ef-f2a1-471e-a6c0-49c29c6f519c',
  NOW(),
  NOW()
) ON CONFLICT DO NOTHING; -- Skip if the relationship already exists

-- Create bidirectional relationship entry for the quiz to the question
INSERT INTO payload.course_quizzes_rels (
  id,
  _parent_id,
  field,
  value,
  created_at,
  updated_at
) VALUES (
  gen_random_uuid(),
  '388995ef-f2a1-471e-a6c0-49c29c6f519c',
  'questions',
  'e12418c7-63ed-4069-8a7e-412590b911ec',
  NOW(),
  NOW()
) ON CONFLICT DO NOTHING; -- Skip if the relationship already exists

-- Insert question 3 for quiz: The Why (Introductions) Quiz
INSERT INTO payload.quiz_questions (
  id,
  question,
  quiz_id,
  quiz_id_id, -- Duplicate field for compatibility
  type,
  explanation,
  "order",
  created_at,
  updated_at
) VALUES (
  '79692c72-5b96-4084-898e-dd9f48611593', -- Generated UUID for the question
  'What are they four parts to our introduction?',
  '388995ef-f2a1-471e-a6c0-49c29c6f519c', -- Quiz ID
  '388995ef-f2a1-471e-a6c0-49c29c6f519c', -- Quiz ID (duplicate)
  'multi-answer',
  '',
  2,
  NOW(),
  NOW()
) ON CONFLICT (id) DO NOTHING; -- Skip if the question already exists

-- Insert option 1 for question 3
INSERT INTO payload.quiz_questions_options (
  id,
  _order,
  _parent_id,
  text,
  is_correct,
  created_at,
  updated_at
) VALUES (
  gen_random_uuid(),
  0,
  '79692c72-5b96-4084-898e-dd9f48611593',
  'Context',
  true,
  NOW(),
  NOW()
) ON CONFLICT DO NOTHING; -- Skip if the option already exists

-- Insert option 2 for question 3
INSERT INTO payload.quiz_questions_options (
  id,
  _order,
  _parent_id,
  text,
  is_correct,
  created_at,
  updated_at
) VALUES (
  gen_random_uuid(),
  1,
  '79692c72-5b96-4084-898e-dd9f48611593',
  'Catalyst',
  true,
  NOW(),
  NOW()
) ON CONFLICT DO NOTHING; -- Skip if the option already exists

-- Insert option 3 for question 3
INSERT INTO payload.quiz_questions_options (
  id,
  _order,
  _parent_id,
  text,
  is_correct,
  created_at,
  updated_at
) VALUES (
  gen_random_uuid(),
  2,
  '79692c72-5b96-4084-898e-dd9f48611593',
  'Beginning',
  false,
  NOW(),
  NOW()
) ON CONFLICT DO NOTHING; -- Skip if the option already exists

-- Insert option 4 for question 3
INSERT INTO payload.quiz_questions_options (
  id,
  _order,
  _parent_id,
  text,
  is_correct,
  created_at,
  updated_at
) VALUES (
  gen_random_uuid(),
  3,
  '79692c72-5b96-4084-898e-dd9f48611593',
  'End',
  false,
  NOW(),
  NOW()
) ON CONFLICT DO NOTHING; -- Skip if the option already exists

-- Insert option 5 for question 3
INSERT INTO payload.quiz_questions_options (
  id,
  _order,
  _parent_id,
  text,
  is_correct,
  created_at,
  updated_at
) VALUES (
  gen_random_uuid(),
  4,
  '79692c72-5b96-4084-898e-dd9f48611593',
  'Middle',
  false,
  NOW(),
  NOW()
) ON CONFLICT DO NOTHING; -- Skip if the option already exists

-- Insert option 6 for question 3
INSERT INTO payload.quiz_questions_options (
  id,
  _order,
  _parent_id,
  text,
  is_correct,
  created_at,
  updated_at
) VALUES (
  gen_random_uuid(),
  5,
  '79692c72-5b96-4084-898e-dd9f48611593',
  'The Why',
  false,
  NOW(),
  NOW()
) ON CONFLICT DO NOTHING; -- Skip if the option already exists

-- Insert option 7 for question 3
INSERT INTO payload.quiz_questions_options (
  id,
  _order,
  _parent_id,
  text,
  is_correct,
  created_at,
  updated_at
) VALUES (
  gen_random_uuid(),
  6,
  '79692c72-5b96-4084-898e-dd9f48611593',
  'Answer',
  true,
  NOW(),
  NOW()
) ON CONFLICT DO NOTHING; -- Skip if the option already exists

-- Insert option 8 for question 3
INSERT INTO payload.quiz_questions_options (
  id,
  _order,
  _parent_id,
  text,
  is_correct,
  created_at,
  updated_at
) VALUES (
  gen_random_uuid(),
  7,
  '79692c72-5b96-4084-898e-dd9f48611593',
  'Question',
  true,
  NOW(),
  NOW()
) ON CONFLICT DO NOTHING; -- Skip if the option already exists

-- Create relationship entry for the question to the quiz
INSERT INTO payload.quiz_questions_rels (
  id,
  _parent_id,
  field,
  value,
  created_at,
  updated_at
) VALUES (
  gen_random_uuid(),
  '79692c72-5b96-4084-898e-dd9f48611593',
  'quiz_id',
  '388995ef-f2a1-471e-a6c0-49c29c6f519c',
  NOW(),
  NOW()
) ON CONFLICT DO NOTHING; -- Skip if the relationship already exists

-- Create bidirectional relationship entry for the quiz to the question
INSERT INTO payload.course_quizzes_rels (
  id,
  _parent_id,
  field,
  value,
  created_at,
  updated_at
) VALUES (
  gen_random_uuid(),
  '388995ef-f2a1-471e-a6c0-49c29c6f519c',
  'questions',
  '79692c72-5b96-4084-898e-dd9f48611593',
  NOW(),
  NOW()
) ON CONFLICT DO NOTHING; -- Skip if the relationship already exists

-- Insert question 4 for quiz: The Why (Introductions) Quiz
INSERT INTO payload.quiz_questions (
  id,
  question,
  quiz_id,
  quiz_id_id, -- Duplicate field for compatibility
  type,
  explanation,
  "order",
  created_at,
  updated_at
) VALUES (
  'ef8256a0-f978-45e8-9fa5-89622f625314', -- Generated UUID for the question
  'What is the Context part of the Introduction?',
  '388995ef-f2a1-471e-a6c0-49c29c6f519c', -- Quiz ID
  '388995ef-f2a1-471e-a6c0-49c29c6f519c', -- Quiz ID (duplicate)
  'single-answer',
  '',
  3,
  NOW(),
  NOW()
) ON CONFLICT (id) DO NOTHING; -- Skip if the question already exists

-- Insert option 1 for question 4
INSERT INTO payload.quiz_questions_options (
  id,
  _order,
  _parent_id,
  text,
  is_correct,
  created_at,
  updated_at
) VALUES (
  gen_random_uuid(),
  0,
  'ef8256a0-f978-45e8-9fa5-89622f625314',
  'The objective of the presentation',
  false,
  NOW(),
  NOW()
) ON CONFLICT DO NOTHING; -- Skip if the option already exists

-- Insert option 2 for question 4
INSERT INTO payload.quiz_questions_options (
  id,
  _order,
  _parent_id,
  text,
  is_correct,
  created_at,
  updated_at
) VALUES (
  gen_random_uuid(),
  1,
  'ef8256a0-f978-45e8-9fa5-89622f625314',
  'The background to the presentation that includes facts already known to your audience',
  true,
  NOW(),
  NOW()
) ON CONFLICT DO NOTHING; -- Skip if the option already exists

-- Insert option 3 for question 4
INSERT INTO payload.quiz_questions_options (
  id,
  _order,
  _parent_id,
  text,
  is_correct,
  created_at,
  updated_at
) VALUES (
  gen_random_uuid(),
  2,
  'ef8256a0-f978-45e8-9fa5-89622f625314',
  'The answer to the question',
  false,
  NOW(),
  NOW()
) ON CONFLICT DO NOTHING; -- Skip if the option already exists

-- Create relationship entry for the question to the quiz
INSERT INTO payload.quiz_questions_rels (
  id,
  _parent_id,
  field,
  value,
  created_at,
  updated_at
) VALUES (
  gen_random_uuid(),
  'ef8256a0-f978-45e8-9fa5-89622f625314',
  'quiz_id',
  '388995ef-f2a1-471e-a6c0-49c29c6f519c',
  NOW(),
  NOW()
) ON CONFLICT DO NOTHING; -- Skip if the relationship already exists

-- Create bidirectional relationship entry for the quiz to the question
INSERT INTO payload.course_quizzes_rels (
  id,
  _parent_id,
  field,
  value,
  created_at,
  updated_at
) VALUES (
  gen_random_uuid(),
  '388995ef-f2a1-471e-a6c0-49c29c6f519c',
  'questions',
  'ef8256a0-f978-45e8-9fa5-89622f625314',
  NOW(),
  NOW()
) ON CONFLICT DO NOTHING; -- Skip if the relationship already exists

-- Insert question 5 for quiz: The Why (Introductions) Quiz
INSERT INTO payload.quiz_questions (
  id,
  question,
  quiz_id,
  quiz_id_id, -- Duplicate field for compatibility
  type,
  explanation,
  "order",
  created_at,
  updated_at
) VALUES (
  '6b34709a-c28e-45b1-8675-c2978d0675ad', -- Generated UUID for the question
  'What is the Catalyst portion of the Introduction?',
  '388995ef-f2a1-471e-a6c0-49c29c6f519c', -- Quiz ID
  '388995ef-f2a1-471e-a6c0-49c29c6f519c', -- Quiz ID (duplicate)
  'multi-answer',
  '',
  4,
  NOW(),
  NOW()
) ON CONFLICT (id) DO NOTHING; -- Skip if the question already exists

-- Insert option 1 for question 5
INSERT INTO payload.quiz_questions_options (
  id,
  _order,
  _parent_id,
  text,
  is_correct,
  created_at,
  updated_at
) VALUES (
  gen_random_uuid(),
  0,
  '6b34709a-c28e-45b1-8675-c2978d0675ad',
  'An event or trigger, sometimes referred to as the complication',
  true,
  NOW(),
  NOW()
) ON CONFLICT DO NOTHING; -- Skip if the option already exists

-- Insert option 2 for question 5
INSERT INTO payload.quiz_questions_options (
  id,
  _order,
  _parent_id,
  text,
  is_correct,
  created_at,
  updated_at
) VALUES (
  gen_random_uuid(),
  1,
  '6b34709a-c28e-45b1-8675-c2978d0675ad',
  'The techniques that speed-up the development of a presentation',
  false,
  NOW(),
  NOW()
) ON CONFLICT DO NOTHING; -- Skip if the option already exists

-- Insert option 3 for question 5
INSERT INTO payload.quiz_questions_options (
  id,
  _order,
  _parent_id,
  text,
  is_correct,
  created_at,
  updated_at
) VALUES (
  gen_random_uuid(),
  2,
  '6b34709a-c28e-45b1-8675-c2978d0675ad',
  'A leading presentation development platform',
  false,
  NOW(),
  NOW()
) ON CONFLICT DO NOTHING; -- Skip if the option already exists

-- Insert option 4 for question 5
INSERT INTO payload.quiz_questions_options (
  id,
  _order,
  _parent_id,
  text,
  is_correct,
  created_at,
  updated_at
) VALUES (
  gen_random_uuid(),
  3,
  '6b34709a-c28e-45b1-8675-c2978d0675ad',
  'What happened or changed that created the need for you to write this presentation',
  true,
  NOW(),
  NOW()
) ON CONFLICT DO NOTHING; -- Skip if the option already exists

-- Create relationship entry for the question to the quiz
INSERT INTO payload.quiz_questions_rels (
  id,
  _parent_id,
  field,
  value,
  created_at,
  updated_at
) VALUES (
  gen_random_uuid(),
  '6b34709a-c28e-45b1-8675-c2978d0675ad',
  'quiz_id',
  '388995ef-f2a1-471e-a6c0-49c29c6f519c',
  NOW(),
  NOW()
) ON CONFLICT DO NOTHING; -- Skip if the relationship already exists

-- Create bidirectional relationship entry for the quiz to the question
INSERT INTO payload.course_quizzes_rels (
  id,
  _parent_id,
  field,
  value,
  created_at,
  updated_at
) VALUES (
  gen_random_uuid(),
  '388995ef-f2a1-471e-a6c0-49c29c6f519c',
  'questions',
  '6b34709a-c28e-45b1-8675-c2978d0675ad',
  NOW(),
  NOW()
) ON CONFLICT DO NOTHING; -- Skip if the relationship already exists

-- Insert question 6 for quiz: The Why (Introductions) Quiz
INSERT INTO payload.quiz_questions (
  id,
  question,
  quiz_id,
  quiz_id_id, -- Duplicate field for compatibility
  type,
  explanation,
  "order",
  created_at,
  updated_at
) VALUES (
  '69c7e7b1-f1a9-4fe7-ab97-f636713f8916', -- Generated UUID for the question
  'What is the Question portion of the Introduction?',
  '388995ef-f2a1-471e-a6c0-49c29c6f519c', -- Quiz ID
  '388995ef-f2a1-471e-a6c0-49c29c6f519c', -- Quiz ID (duplicate)
  'multi-answer',
  '',
  5,
  NOW(),
  NOW()
) ON CONFLICT (id) DO NOTHING; -- Skip if the question already exists

-- Insert option 1 for question 6
INSERT INTO payload.quiz_questions_options (
  id,
  _order,
  _parent_id,
  text,
  is_correct,
  created_at,
  updated_at
) VALUES (
  gen_random_uuid(),
  0,
  '69c7e7b1-f1a9-4fe7-ab97-f636713f8916',
  'What we are trying to plant in the mind of the audience with the context and catalyst portions of the Introduction',
  true,
  NOW(),
  NOW()
) ON CONFLICT DO NOTHING; -- Skip if the option already exists

-- Insert option 2 for question 6
INSERT INTO payload.quiz_questions_options (
  id,
  _order,
  _parent_id,
  text,
  is_correct,
  created_at,
  updated_at
) VALUES (
  gen_random_uuid(),
  1,
  '69c7e7b1-f1a9-4fe7-ab97-f636713f8916',
  'The natural question that arises in the mind of the audience',
  true,
  NOW(),
  NOW()
) ON CONFLICT DO NOTHING; -- Skip if the option already exists

-- Insert option 3 for question 6
INSERT INTO payload.quiz_questions_options (
  id,
  _order,
  _parent_id,
  text,
  is_correct,
  created_at,
  updated_at
) VALUES (
  gen_random_uuid(),
  2,
  '69c7e7b1-f1a9-4fe7-ab97-f636713f8916',
  'The ''topic'' of the presentation',
  true,
  NOW(),
  NOW()
) ON CONFLICT DO NOTHING; -- Skip if the option already exists

-- Create relationship entry for the question to the quiz
INSERT INTO payload.quiz_questions_rels (
  id,
  _parent_id,
  field,
  value,
  created_at,
  updated_at
) VALUES (
  gen_random_uuid(),
  '69c7e7b1-f1a9-4fe7-ab97-f636713f8916',
  'quiz_id',
  '388995ef-f2a1-471e-a6c0-49c29c6f519c',
  NOW(),
  NOW()
) ON CONFLICT DO NOTHING; -- Skip if the relationship already exists

-- Create bidirectional relationship entry for the quiz to the question
INSERT INTO payload.course_quizzes_rels (
  id,
  _parent_id,
  field,
  value,
  created_at,
  updated_at
) VALUES (
  gen_random_uuid(),
  '388995ef-f2a1-471e-a6c0-49c29c6f519c',
  'questions',
  '69c7e7b1-f1a9-4fe7-ab97-f636713f8916',
  NOW(),
  NOW()
) ON CONFLICT DO NOTHING; -- Skip if the relationship already exists

-- Questions for quiz: Our Process Quiz (our-process-quiz, ID: 97c2ce1c-9435-4b57-86e2-c1177c2234c2)
-- Insert question 1 for quiz: Our Process Quiz
INSERT INTO payload.quiz_questions (
  id,
  question,
  quiz_id,
  quiz_id_id, -- Duplicate field for compatibility
  type,
  explanation,
  "order",
  created_at,
  updated_at
) VALUES (
  'd9b5f6ce-49c7-45fb-b12e-115158834998', -- Generated UUID for the question
  'Why is it important to follow a process to develop a presentation?',
  '97c2ce1c-9435-4b57-86e2-c1177c2234c2', -- Quiz ID
  '97c2ce1c-9435-4b57-86e2-c1177c2234c2', -- Quiz ID (duplicate)
  'single-answer',
  '',
  0,
  NOW(),
  NOW()
) ON CONFLICT (id) DO NOTHING; -- Skip if the question already exists

-- Insert option 1 for question 1
INSERT INTO payload.quiz_questions_options (
  id,
  _order,
  _parent_id,
  text,
  is_correct,
  created_at,
  updated_at
) VALUES (
  gen_random_uuid(),
  0,
  'd9b5f6ce-49c7-45fb-b12e-115158834998',
  'If you are really good, you don''t need to follow a process!',
  false,
  NOW(),
  NOW()
) ON CONFLICT DO NOTHING; -- Skip if the option already exists

-- Insert option 2 for question 1
INSERT INTO payload.quiz_questions_options (
  id,
  _order,
  _parent_id,
  text,
  is_correct,
  created_at,
  updated_at
) VALUES (
  gen_random_uuid(),
  1,
  'd9b5f6ce-49c7-45fb-b12e-115158834998',
  'Because creating presentations is all about left brain thinking',
  false,
  NOW(),
  NOW()
) ON CONFLICT DO NOTHING; -- Skip if the option already exists

-- Insert option 3 for question 1
INSERT INTO payload.quiz_questions_options (
  id,
  _order,
  _parent_id,
  text,
  is_correct,
  created_at,
  updated_at
) VALUES (
  gen_random_uuid(),
  2,
  'd9b5f6ce-49c7-45fb-b12e-115158834998',
  'Because there is not such thing as creativity',
  false,
  NOW(),
  NOW()
) ON CONFLICT DO NOTHING; -- Skip if the option already exists

-- Insert option 4 for question 1
INSERT INTO payload.quiz_questions_options (
  id,
  _order,
  _parent_id,
  text,
  is_correct,
  created_at,
  updated_at
) VALUES (
  gen_random_uuid(),
  3,
  'd9b5f6ce-49c7-45fb-b12e-115158834998',
  'Because it is very easy to focus on the wrong thing, and be led astray',
  true,
  NOW(),
  NOW()
) ON CONFLICT DO NOTHING; -- Skip if the option already exists

-- Create relationship entry for the question to the quiz
INSERT INTO payload.quiz_questions_rels (
  id,
  _parent_id,
  field,
  value,
  created_at,
  updated_at
) VALUES (
  gen_random_uuid(),
  'd9b5f6ce-49c7-45fb-b12e-115158834998',
  'quiz_id',
  '97c2ce1c-9435-4b57-86e2-c1177c2234c2',
  NOW(),
  NOW()
) ON CONFLICT DO NOTHING; -- Skip if the relationship already exists

-- Create bidirectional relationship entry for the quiz to the question
INSERT INTO payload.course_quizzes_rels (
  id,
  _parent_id,
  field,
  value,
  created_at,
  updated_at
) VALUES (
  gen_random_uuid(),
  '97c2ce1c-9435-4b57-86e2-c1177c2234c2',
  'questions',
  'd9b5f6ce-49c7-45fb-b12e-115158834998',
  NOW(),
  NOW()
) ON CONFLICT DO NOTHING; -- Skip if the relationship already exists

-- Insert question 2 for quiz: Our Process Quiz
INSERT INTO payload.quiz_questions (
  id,
  question,
  quiz_id,
  quiz_id_id, -- Duplicate field for compatibility
  type,
  explanation,
  "order",
  created_at,
  updated_at
) VALUES (
  'f115e20c-3437-4394-a991-c82438c0ee95', -- Generated UUID for the question
  'What is the 1st step of our process?',
  '97c2ce1c-9435-4b57-86e2-c1177c2234c2', -- Quiz ID
  '97c2ce1c-9435-4b57-86e2-c1177c2234c2', -- Quiz ID (duplicate)
  'single-answer',
  '',
  1,
  NOW(),
  NOW()
) ON CONFLICT (id) DO NOTHING; -- Skip if the question already exists

-- Insert option 1 for question 2
INSERT INTO payload.quiz_questions_options (
  id,
  _order,
  _parent_id,
  text,
  is_correct,
  created_at,
  updated_at
) VALUES (
  gen_random_uuid(),
  0,
  'f115e20c-3437-4394-a991-c82438c0ee95',
  'Who is our audience?',
  true,
  NOW(),
  NOW()
) ON CONFLICT DO NOTHING; -- Skip if the option already exists

-- Insert option 2 for question 2
INSERT INTO payload.quiz_questions_options (
  id,
  _order,
  _parent_id,
  text,
  is_correct,
  created_at,
  updated_at
) VALUES (
  gen_random_uuid(),
  1,
  'f115e20c-3437-4394-a991-c82438c0ee95',
  'Why are we speaking to our audience (identify their question)?',
  false,
  NOW(),
  NOW()
) ON CONFLICT DO NOTHING; -- Skip if the option already exists

-- Insert option 3 for question 2
INSERT INTO payload.quiz_questions_options (
  id,
  _order,
  _parent_id,
  text,
  is_correct,
  created_at,
  updated_at
) VALUES (
  gen_random_uuid(),
  2,
  'f115e20c-3437-4394-a991-c82438c0ee95',
  'What is our answer?',
  false,
  NOW(),
  NOW()
) ON CONFLICT DO NOTHING; -- Skip if the option already exists

-- Insert option 4 for question 2
INSERT INTO payload.quiz_questions_options (
  id,
  _order,
  _parent_id,
  text,
  is_correct,
  created_at,
  updated_at
) VALUES (
  gen_random_uuid(),
  3,
  'f115e20c-3437-4394-a991-c82438c0ee95',
  'How will we deliver this presentation?',
  false,
  NOW(),
  NOW()
) ON CONFLICT DO NOTHING; -- Skip if the option already exists

-- Create relationship entry for the question to the quiz
INSERT INTO payload.quiz_questions_rels (
  id,
  _parent_id,
  field,
  value,
  created_at,
  updated_at
) VALUES (
  gen_random_uuid(),
  'f115e20c-3437-4394-a991-c82438c0ee95',
  'quiz_id',
  '97c2ce1c-9435-4b57-86e2-c1177c2234c2',
  NOW(),
  NOW()
) ON CONFLICT DO NOTHING; -- Skip if the relationship already exists

-- Create bidirectional relationship entry for the quiz to the question
INSERT INTO payload.course_quizzes_rels (
  id,
  _parent_id,
  field,
  value,
  created_at,
  updated_at
) VALUES (
  gen_random_uuid(),
  '97c2ce1c-9435-4b57-86e2-c1177c2234c2',
  'questions',
  'f115e20c-3437-4394-a991-c82438c0ee95',
  NOW(),
  NOW()
) ON CONFLICT DO NOTHING; -- Skip if the relationship already exists

-- Insert question 3 for quiz: Our Process Quiz
INSERT INTO payload.quiz_questions (
  id,
  question,
  quiz_id,
  quiz_id_id, -- Duplicate field for compatibility
  type,
  explanation,
  "order",
  created_at,
  updated_at
) VALUES (
  'c0c91fd0-21c8-4214-b22c-0eff822c5067', -- Generated UUID for the question
  'What is the 2nd step of our process?',
  '97c2ce1c-9435-4b57-86e2-c1177c2234c2', -- Quiz ID
  '97c2ce1c-9435-4b57-86e2-c1177c2234c2', -- Quiz ID (duplicate)
  'single-answer',
  '',
  2,
  NOW(),
  NOW()
) ON CONFLICT (id) DO NOTHING; -- Skip if the question already exists

-- Insert option 1 for question 3
INSERT INTO payload.quiz_questions_options (
  id,
  _order,
  _parent_id,
  text,
  is_correct,
  created_at,
  updated_at
) VALUES (
  gen_random_uuid(),
  0,
  'c0c91fd0-21c8-4214-b22c-0eff822c5067',
  'Who is our audience?',
  false,
  NOW(),
  NOW()
) ON CONFLICT DO NOTHING; -- Skip if the option already exists

-- Insert option 2 for question 3
INSERT INTO payload.quiz_questions_options (
  id,
  _order,
  _parent_id,
  text,
  is_correct,
  created_at,
  updated_at
) VALUES (
  gen_random_uuid(),
  1,
  'c0c91fd0-21c8-4214-b22c-0eff822c5067',
  'Why are we speaking to our audience (identify their question)?',
  true,
  NOW(),
  NOW()
) ON CONFLICT DO NOTHING; -- Skip if the option already exists

-- Insert option 3 for question 3
INSERT INTO payload.quiz_questions_options (
  id,
  _order,
  _parent_id,
  text,
  is_correct,
  created_at,
  updated_at
) VALUES (
  gen_random_uuid(),
  2,
  'c0c91fd0-21c8-4214-b22c-0eff822c5067',
  'What is our answer?',
  false,
  NOW(),
  NOW()
) ON CONFLICT DO NOTHING; -- Skip if the option already exists

-- Insert option 4 for question 3
INSERT INTO payload.quiz_questions_options (
  id,
  _order,
  _parent_id,
  text,
  is_correct,
  created_at,
  updated_at
) VALUES (
  gen_random_uuid(),
  3,
  'c0c91fd0-21c8-4214-b22c-0eff822c5067',
  'How will we deliver this presentation?',
  false,
  NOW(),
  NOW()
) ON CONFLICT DO NOTHING; -- Skip if the option already exists

-- Create relationship entry for the question to the quiz
INSERT INTO payload.quiz_questions_rels (
  id,
  _parent_id,
  field,
  value,
  created_at,
  updated_at
) VALUES (
  gen_random_uuid(),
  'c0c91fd0-21c8-4214-b22c-0eff822c5067',
  'quiz_id',
  '97c2ce1c-9435-4b57-86e2-c1177c2234c2',
  NOW(),
  NOW()
) ON CONFLICT DO NOTHING; -- Skip if the relationship already exists

-- Create bidirectional relationship entry for the quiz to the question
INSERT INTO payload.course_quizzes_rels (
  id,
  _parent_id,
  field,
  value,
  created_at,
  updated_at
) VALUES (
  gen_random_uuid(),
  '97c2ce1c-9435-4b57-86e2-c1177c2234c2',
  'questions',
  'c0c91fd0-21c8-4214-b22c-0eff822c5067',
  NOW(),
  NOW()
) ON CONFLICT DO NOTHING; -- Skip if the relationship already exists

-- Insert question 4 for quiz: Our Process Quiz
INSERT INTO payload.quiz_questions (
  id,
  question,
  quiz_id,
  quiz_id_id, -- Duplicate field for compatibility
  type,
  explanation,
  "order",
  created_at,
  updated_at
) VALUES (
  '5c55bf9c-4df7-4fda-95fc-b4f037631bb4', -- Generated UUID for the question
  'What is the 3rd step of our process?',
  '97c2ce1c-9435-4b57-86e2-c1177c2234c2', -- Quiz ID
  '97c2ce1c-9435-4b57-86e2-c1177c2234c2', -- Quiz ID (duplicate)
  'single-answer',
  '',
  3,
  NOW(),
  NOW()
) ON CONFLICT (id) DO NOTHING; -- Skip if the question already exists

-- Insert option 1 for question 4
INSERT INTO payload.quiz_questions_options (
  id,
  _order,
  _parent_id,
  text,
  is_correct,
  created_at,
  updated_at
) VALUES (
  gen_random_uuid(),
  0,
  '5c55bf9c-4df7-4fda-95fc-b4f037631bb4',
  'Who is our audience?',
  false,
  NOW(),
  NOW()
) ON CONFLICT DO NOTHING; -- Skip if the option already exists

-- Insert option 2 for question 4
INSERT INTO payload.quiz_questions_options (
  id,
  _order,
  _parent_id,
  text,
  is_correct,
  created_at,
  updated_at
) VALUES (
  gen_random_uuid(),
  1,
  '5c55bf9c-4df7-4fda-95fc-b4f037631bb4',
  'Why are we speaking to our audience (identify their question)?',
  false,
  NOW(),
  NOW()
) ON CONFLICT DO NOTHING; -- Skip if the option already exists

-- Insert option 3 for question 4
INSERT INTO payload.quiz_questions_options (
  id,
  _order,
  _parent_id,
  text,
  is_correct,
  created_at,
  updated_at
) VALUES (
  gen_random_uuid(),
  2,
  '5c55bf9c-4df7-4fda-95fc-b4f037631bb4',
  'What is our answer?',
  true,
  NOW(),
  NOW()
) ON CONFLICT DO NOTHING; -- Skip if the option already exists

-- Insert option 4 for question 4
INSERT INTO payload.quiz_questions_options (
  id,
  _order,
  _parent_id,
  text,
  is_correct,
  created_at,
  updated_at
) VALUES (
  gen_random_uuid(),
  3,
  '5c55bf9c-4df7-4fda-95fc-b4f037631bb4',
  'How will we deliver this presentation?',
  false,
  NOW(),
  NOW()
) ON CONFLICT DO NOTHING; -- Skip if the option already exists

-- Create relationship entry for the question to the quiz
INSERT INTO payload.quiz_questions_rels (
  id,
  _parent_id,
  field,
  value,
  created_at,
  updated_at
) VALUES (
  gen_random_uuid(),
  '5c55bf9c-4df7-4fda-95fc-b4f037631bb4',
  'quiz_id',
  '97c2ce1c-9435-4b57-86e2-c1177c2234c2',
  NOW(),
  NOW()
) ON CONFLICT DO NOTHING; -- Skip if the relationship already exists

-- Create bidirectional relationship entry for the quiz to the question
INSERT INTO payload.course_quizzes_rels (
  id,
  _parent_id,
  field,
  value,
  created_at,
  updated_at
) VALUES (
  gen_random_uuid(),
  '97c2ce1c-9435-4b57-86e2-c1177c2234c2',
  'questions',
  '5c55bf9c-4df7-4fda-95fc-b4f037631bb4',
  NOW(),
  NOW()
) ON CONFLICT DO NOTHING; -- Skip if the relationship already exists

-- Insert question 5 for quiz: Our Process Quiz
INSERT INTO payload.quiz_questions (
  id,
  question,
  quiz_id,
  quiz_id_id, -- Duplicate field for compatibility
  type,
  explanation,
  "order",
  created_at,
  updated_at
) VALUES (
  '0e18f876-be43-442a-a602-f7efa2f79dd7', -- Generated UUID for the question
  'What is the 4th step of our process?',
  '97c2ce1c-9435-4b57-86e2-c1177c2234c2', -- Quiz ID
  '97c2ce1c-9435-4b57-86e2-c1177c2234c2', -- Quiz ID (duplicate)
  'single-answer',
  '',
  4,
  NOW(),
  NOW()
) ON CONFLICT (id) DO NOTHING; -- Skip if the question already exists

-- Insert option 1 for question 5
INSERT INTO payload.quiz_questions_options (
  id,
  _order,
  _parent_id,
  text,
  is_correct,
  created_at,
  updated_at
) VALUES (
  gen_random_uuid(),
  0,
  '0e18f876-be43-442a-a602-f7efa2f79dd7',
  'Who is our audience?',
  false,
  NOW(),
  NOW()
) ON CONFLICT DO NOTHING; -- Skip if the option already exists

-- Insert option 2 for question 5
INSERT INTO payload.quiz_questions_options (
  id,
  _order,
  _parent_id,
  text,
  is_correct,
  created_at,
  updated_at
) VALUES (
  gen_random_uuid(),
  1,
  '0e18f876-be43-442a-a602-f7efa2f79dd7',
  'Why are we speaking to our audience (identify their question)?',
  false,
  NOW(),
  NOW()
) ON CONFLICT DO NOTHING; -- Skip if the option already exists

-- Insert option 3 for question 5
INSERT INTO payload.quiz_questions_options (
  id,
  _order,
  _parent_id,
  text,
  is_correct,
  created_at,
  updated_at
) VALUES (
  gen_random_uuid(),
  2,
  '0e18f876-be43-442a-a602-f7efa2f79dd7',
  'What is our answer?',
  false,
  NOW(),
  NOW()
) ON CONFLICT DO NOTHING; -- Skip if the option already exists

-- Insert option 4 for question 5
INSERT INTO payload.quiz_questions_options (
  id,
  _order,
  _parent_id,
  text,
  is_correct,
  created_at,
  updated_at
) VALUES (
  gen_random_uuid(),
  3,
  '0e18f876-be43-442a-a602-f7efa2f79dd7',
  'How will we deliver this presentation?',
  true,
  NOW(),
  NOW()
) ON CONFLICT DO NOTHING; -- Skip if the option already exists

-- Create relationship entry for the question to the quiz
INSERT INTO payload.quiz_questions_rels (
  id,
  _parent_id,
  field,
  value,
  created_at,
  updated_at
) VALUES (
  gen_random_uuid(),
  '0e18f876-be43-442a-a602-f7efa2f79dd7',
  'quiz_id',
  '97c2ce1c-9435-4b57-86e2-c1177c2234c2',
  NOW(),
  NOW()
) ON CONFLICT DO NOTHING; -- Skip if the relationship already exists

-- Create bidirectional relationship entry for the quiz to the question
INSERT INTO payload.course_quizzes_rels (
  id,
  _parent_id,
  field,
  value,
  created_at,
  updated_at
) VALUES (
  gen_random_uuid(),
  '97c2ce1c-9435-4b57-86e2-c1177c2234c2',
  'questions',
  '0e18f876-be43-442a-a602-f7efa2f79dd7',
  NOW(),
  NOW()
) ON CONFLICT DO NOTHING; -- Skip if the relationship already exists

-- Insert question 6 for quiz: Our Process Quiz
INSERT INTO payload.quiz_questions (
  id,
  question,
  quiz_id,
  quiz_id_id, -- Duplicate field for compatibility
  type,
  explanation,
  "order",
  created_at,
  updated_at
) VALUES (
  '2ca72239-21c2-4df9-a07b-b4621c4a044f', -- Generated UUID for the question
  'Our first step is ''The Who''. What do we mean by this?',
  '97c2ce1c-9435-4b57-86e2-c1177c2234c2', -- Quiz ID
  '97c2ce1c-9435-4b57-86e2-c1177c2234c2', -- Quiz ID (duplicate)
  'single-answer',
  '',
  5,
  NOW(),
  NOW()
) ON CONFLICT (id) DO NOTHING; -- Skip if the question already exists

-- Insert option 1 for question 6
INSERT INTO payload.quiz_questions_options (
  id,
  _order,
  _parent_id,
  text,
  is_correct,
  created_at,
  updated_at
) VALUES (
  gen_random_uuid(),
  0,
  '2ca72239-21c2-4df9-a07b-b4621c4a044f',
  'Determine who your audience truly is. Who are you speaking to?',
  true,
  NOW(),
  NOW()
) ON CONFLICT DO NOTHING; -- Skip if the option already exists

-- Insert option 2 for question 6
INSERT INTO payload.quiz_questions_options (
  id,
  _order,
  _parent_id,
  text,
  is_correct,
  created_at,
  updated_at
) VALUES (
  gen_random_uuid(),
  1,
  '2ca72239-21c2-4df9-a07b-b4621c4a044f',
  'The Who is a famous English rock band',
  false,
  NOW(),
  NOW()
) ON CONFLICT DO NOTHING; -- Skip if the option already exists

-- Insert option 3 for question 6
INSERT INTO payload.quiz_questions_options (
  id,
  _order,
  _parent_id,
  text,
  is_correct,
  created_at,
  updated_at
) VALUES (
  gen_random_uuid(),
  2,
  '2ca72239-21c2-4df9-a07b-b4621c4a044f',
  'Determining our answer to a key question',
  false,
  NOW(),
  NOW()
) ON CONFLICT DO NOTHING; -- Skip if the option already exists

-- Create relationship entry for the question to the quiz
INSERT INTO payload.quiz_questions_rels (
  id,
  _parent_id,
  field,
  value,
  created_at,
  updated_at
) VALUES (
  gen_random_uuid(),
  '2ca72239-21c2-4df9-a07b-b4621c4a044f',
  'quiz_id',
  '97c2ce1c-9435-4b57-86e2-c1177c2234c2',
  NOW(),
  NOW()
) ON CONFLICT DO NOTHING; -- Skip if the relationship already exists

-- Create bidirectional relationship entry for the quiz to the question
INSERT INTO payload.course_quizzes_rels (
  id,
  _parent_id,
  field,
  value,
  created_at,
  updated_at
) VALUES (
  gen_random_uuid(),
  '97c2ce1c-9435-4b57-86e2-c1177c2234c2',
  'questions',
  '2ca72239-21c2-4df9-a07b-b4621c4a044f',
  NOW(),
  NOW()
) ON CONFLICT DO NOTHING; -- Skip if the relationship already exists

-- Insert question 7 for quiz: Our Process Quiz
INSERT INTO payload.quiz_questions (
  id,
  question,
  quiz_id,
  quiz_id_id, -- Duplicate field for compatibility
  type,
  explanation,
  "order",
  created_at,
  updated_at
) VALUES (
  '750ab177-b8e8-492e-b2ed-372e44143be2', -- Generated UUID for the question
  'The second step in our process is ''The Why''. What do we mean by this?',
  '97c2ce1c-9435-4b57-86e2-c1177c2234c2', -- Quiz ID
  '97c2ce1c-9435-4b57-86e2-c1177c2234c2', -- Quiz ID (duplicate)
  'single-answer',
  '',
  6,
  NOW(),
  NOW()
) ON CONFLICT (id) DO NOTHING; -- Skip if the question already exists

-- Insert option 1 for question 7
INSERT INTO payload.quiz_questions_options (
  id,
  _order,
  _parent_id,
  text,
  is_correct,
  created_at,
  updated_at
) VALUES (
  gen_random_uuid(),
  0,
  '750ab177-b8e8-492e-b2ed-372e44143be2',
  'Determine the question inside the mind of our audience and what we want the audience to do a the end',
  true,
  NOW(),
  NOW()
) ON CONFLICT DO NOTHING; -- Skip if the option already exists

-- Insert option 2 for question 7
INSERT INTO payload.quiz_questions_options (
  id,
  _order,
  _parent_id,
  text,
  is_correct,
  created_at,
  updated_at
) VALUES (
  gen_random_uuid(),
  1,
  '750ab177-b8e8-492e-b2ed-372e44143be2',
  'Determine our personal objective from creating the presentation',
  false,
  NOW(),
  NOW()
) ON CONFLICT DO NOTHING; -- Skip if the option already exists

-- Insert option 3 for question 7
INSERT INTO payload.quiz_questions_options (
  id,
  _order,
  _parent_id,
  text,
  is_correct,
  created_at,
  updated_at
) VALUES (
  gen_random_uuid(),
  2,
  '750ab177-b8e8-492e-b2ed-372e44143be2',
  'A process of deep existential soul searching to ensure you are a confident speaker',
  false,
  NOW(),
  NOW()
) ON CONFLICT DO NOTHING; -- Skip if the option already exists

-- Create relationship entry for the question to the quiz
INSERT INTO payload.quiz_questions_rels (
  id,
  _parent_id,
  field,
  value,
  created_at,
  updated_at
) VALUES (
  gen_random_uuid(),
  '750ab177-b8e8-492e-b2ed-372e44143be2',
  'quiz_id',
  '97c2ce1c-9435-4b57-86e2-c1177c2234c2',
  NOW(),
  NOW()
) ON CONFLICT DO NOTHING; -- Skip if the relationship already exists

-- Create bidirectional relationship entry for the quiz to the question
INSERT INTO payload.course_quizzes_rels (
  id,
  _parent_id,
  field,
  value,
  created_at,
  updated_at
) VALUES (
  gen_random_uuid(),
  '97c2ce1c-9435-4b57-86e2-c1177c2234c2',
  'questions',
  '750ab177-b8e8-492e-b2ed-372e44143be2',
  NOW(),
  NOW()
) ON CONFLICT DO NOTHING; -- Skip if the relationship already exists

-- Insert question 8 for quiz: Our Process Quiz
INSERT INTO payload.quiz_questions (
  id,
  question,
  quiz_id,
  quiz_id_id, -- Duplicate field for compatibility
  type,
  explanation,
  "order",
  created_at,
  updated_at
) VALUES (
  '3bd1e958-f81b-422f-97f3-b8851dd48dd5', -- Generated UUID for the question
  'The third step in our process is ''The What''. What does ''The What'' focus on?',
  '97c2ce1c-9435-4b57-86e2-c1177c2234c2', -- Quiz ID
  '97c2ce1c-9435-4b57-86e2-c1177c2234c2', -- Quiz ID (duplicate)
  'single-answer',
  '',
  7,
  NOW(),
  NOW()
) ON CONFLICT (id) DO NOTHING; -- Skip if the question already exists

-- Insert option 1 for question 8
INSERT INTO payload.quiz_questions_options (
  id,
  _order,
  _parent_id,
  text,
  is_correct,
  created_at,
  updated_at
) VALUES (
  gen_random_uuid(),
  0,
  '3bd1e958-f81b-422f-97f3-b8851dd48dd5',
  'Themes from Biggie Smalls'' debut album ''Ready to Die'' which featured ''The What'' on track 9',
  false,
  NOW(),
  NOW()
) ON CONFLICT DO NOTHING; -- Skip if the option already exists

-- Insert option 2 for question 8
INSERT INTO payload.quiz_questions_options (
  id,
  _order,
  _parent_id,
  text,
  is_correct,
  created_at,
  updated_at
) VALUES (
  gen_random_uuid(),
  1,
  '3bd1e958-f81b-422f-97f3-b8851dd48dd5',
  'Determining what types of slides we need to create',
  false,
  NOW(),
  NOW()
) ON CONFLICT DO NOTHING; -- Skip if the option already exists

-- Insert option 3 for question 8
INSERT INTO payload.quiz_questions_options (
  id,
  _order,
  _parent_id,
  text,
  is_correct,
  created_at,
  updated_at
) VALUES (
  gen_random_uuid(),
  2,
  '3bd1e958-f81b-422f-97f3-b8851dd48dd5',
  'Determining what it is we want our Audience to do as a result of the presentation',
  false,
  NOW(),
  NOW()
) ON CONFLICT DO NOTHING; -- Skip if the option already exists

-- Insert option 4 for question 8
INSERT INTO payload.quiz_questions_options (
  id,
  _order,
  _parent_id,
  text,
  is_correct,
  created_at,
  updated_at
) VALUES (
  gen_random_uuid(),
  3,
  '3bd1e958-f81b-422f-97f3-b8851dd48dd5',
  'Determining the answer to the question that has been planted in the mind of the audience',
  true,
  NOW(),
  NOW()
) ON CONFLICT DO NOTHING; -- Skip if the option already exists

-- Create relationship entry for the question to the quiz
INSERT INTO payload.quiz_questions_rels (
  id,
  _parent_id,
  field,
  value,
  created_at,
  updated_at
) VALUES (
  gen_random_uuid(),
  '3bd1e958-f81b-422f-97f3-b8851dd48dd5',
  'quiz_id',
  '97c2ce1c-9435-4b57-86e2-c1177c2234c2',
  NOW(),
  NOW()
) ON CONFLICT DO NOTHING; -- Skip if the relationship already exists

-- Create bidirectional relationship entry for the quiz to the question
INSERT INTO payload.course_quizzes_rels (
  id,
  _parent_id,
  field,
  value,
  created_at,
  updated_at
) VALUES (
  gen_random_uuid(),
  '97c2ce1c-9435-4b57-86e2-c1177c2234c2',
  'questions',
  '3bd1e958-f81b-422f-97f3-b8851dd48dd5',
  NOW(),
  NOW()
) ON CONFLICT DO NOTHING; -- Skip if the relationship already exists

-- Insert question 9 for quiz: Our Process Quiz
INSERT INTO payload.quiz_questions (
  id,
  question,
  quiz_id,
  quiz_id_id, -- Duplicate field for compatibility
  type,
  explanation,
  "order",
  created_at,
  updated_at
) VALUES (
  'c87fccc0-c9ed-40ca-9062-ec3cb27fdaf4', -- Generated UUID for the question
  'The final step in our process is ''The How''. What is the focus of ''The How''?',
  '97c2ce1c-9435-4b57-86e2-c1177c2234c2', -- Quiz ID
  '97c2ce1c-9435-4b57-86e2-c1177c2234c2', -- Quiz ID (duplicate)
  'single-answer',
  '',
  8,
  NOW(),
  NOW()
) ON CONFLICT (id) DO NOTHING; -- Skip if the question already exists

-- Insert option 1 for question 9
INSERT INTO payload.quiz_questions_options (
  id,
  _order,
  _parent_id,
  text,
  is_correct,
  created_at,
  updated_at
) VALUES (
  gen_random_uuid(),
  0,
  'c87fccc0-c9ed-40ca-9062-ec3cb27fdaf4',
  'How to create beautiful slides',
  false,
  NOW(),
  NOW()
) ON CONFLICT DO NOTHING; -- Skip if the option already exists

-- Insert option 2 for question 9
INSERT INTO payload.quiz_questions_options (
  id,
  _order,
  _parent_id,
  text,
  is_correct,
  created_at,
  updated_at
) VALUES (
  gen_random_uuid(),
  1,
  'c87fccc0-c9ed-40ca-9062-ec3cb27fdaf4',
  'How to answer our audience''s question',
  false,
  NOW(),
  NOW()
) ON CONFLICT DO NOTHING; -- Skip if the option already exists

-- Insert option 3 for question 9
INSERT INTO payload.quiz_questions_options (
  id,
  _order,
  _parent_id,
  text,
  is_correct,
  created_at,
  updated_at
) VALUES (
  gen_random_uuid(),
  2,
  'c87fccc0-c9ed-40ca-9062-ec3cb27fdaf4',
  'This is how we do it!',
  false,
  NOW(),
  NOW()
) ON CONFLICT DO NOTHING; -- Skip if the option already exists

-- Insert option 4 for question 9
INSERT INTO payload.quiz_questions_options (
  id,
  _order,
  _parent_id,
  text,
  is_correct,
  created_at,
  updated_at
) VALUES (
  gen_random_uuid(),
  3,
  'c87fccc0-c9ed-40ca-9062-ec3cb27fdaf4',
  'How we will deliver the presentation',
  true,
  NOW(),
  NOW()
) ON CONFLICT DO NOTHING; -- Skip if the option already exists

-- Create relationship entry for the question to the quiz
INSERT INTO payload.quiz_questions_rels (
  id,
  _parent_id,
  field,
  value,
  created_at,
  updated_at
) VALUES (
  gen_random_uuid(),
  'c87fccc0-c9ed-40ca-9062-ec3cb27fdaf4',
  'quiz_id',
  '97c2ce1c-9435-4b57-86e2-c1177c2234c2',
  NOW(),
  NOW()
) ON CONFLICT DO NOTHING; -- Skip if the relationship already exists

-- Create bidirectional relationship entry for the quiz to the question
INSERT INTO payload.course_quizzes_rels (
  id,
  _parent_id,
  field,
  value,
  created_at,
  updated_at
) VALUES (
  gen_random_uuid(),
  '97c2ce1c-9435-4b57-86e2-c1177c2234c2',
  'questions',
  'c87fccc0-c9ed-40ca-9062-ec3cb27fdaf4',
  NOW(),
  NOW()
) ON CONFLICT DO NOTHING; -- Skip if the relationship already exists

-- Questions for quiz: Overview of the Fundamental Elements of Design Quiz (overview-elements-of-design-quiz, ID: 318848e0-95a1-499d-b154-f93cb146d32d)
-- Insert question 1 for quiz: Overview of the Fundamental Elements of Design Quiz
INSERT INTO payload.quiz_questions (
  id,
  question,
  quiz_id,
  quiz_id_id, -- Duplicate field for compatibility
  type,
  explanation,
  "order",
  created_at,
  updated_at
) VALUES (
  '659017c1-2caf-45c7-9142-4bc62d5a3e45', -- Generated UUID for the question
  'What are some of the fundamental elements and principles of design?',
  '318848e0-95a1-499d-b154-f93cb146d32d', -- Quiz ID
  '318848e0-95a1-499d-b154-f93cb146d32d', -- Quiz ID (duplicate)
  'multi-answer',
  '',
  0,
  NOW(),
  NOW()
) ON CONFLICT (id) DO NOTHING; -- Skip if the question already exists

-- Insert option 1 for question 1
INSERT INTO payload.quiz_questions_options (
  id,
  _order,
  _parent_id,
  text,
  is_correct,
  created_at,
  updated_at
) VALUES (
  gen_random_uuid(),
  0,
  '659017c1-2caf-45c7-9142-4bc62d5a3e45',
  'Shape & Form',
  true,
  NOW(),
  NOW()
) ON CONFLICT DO NOTHING; -- Skip if the option already exists

-- Insert option 2 for question 1
INSERT INTO payload.quiz_questions_options (
  id,
  _order,
  _parent_id,
  text,
  is_correct,
  created_at,
  updated_at
) VALUES (
  gen_random_uuid(),
  1,
  '659017c1-2caf-45c7-9142-4bc62d5a3e45',
  'Rick Astley',
  false,
  NOW(),
  NOW()
) ON CONFLICT DO NOTHING; -- Skip if the option already exists

-- Insert option 3 for question 1
INSERT INTO payload.quiz_questions_options (
  id,
  _order,
  _parent_id,
  text,
  is_correct,
  created_at,
  updated_at
) VALUES (
  gen_random_uuid(),
  2,
  '659017c1-2caf-45c7-9142-4bc62d5a3e45',
  'Color',
  true,
  NOW(),
  NOW()
) ON CONFLICT DO NOTHING; -- Skip if the option already exists

-- Insert option 4 for question 1
INSERT INTO payload.quiz_questions_options (
  id,
  _order,
  _parent_id,
  text,
  is_correct,
  created_at,
  updated_at
) VALUES (
  gen_random_uuid(),
  3,
  '659017c1-2caf-45c7-9142-4bc62d5a3e45',
  'Composition',
  true,
  NOW(),
  NOW()
) ON CONFLICT DO NOTHING; -- Skip if the option already exists

-- Insert option 5 for question 1
INSERT INTO payload.quiz_questions_options (
  id,
  _order,
  _parent_id,
  text,
  is_correct,
  created_at,
  updated_at
) VALUES (
  gen_random_uuid(),
  4,
  '659017c1-2caf-45c7-9142-4bc62d5a3e45',
  'Contrast',
  true,
  NOW(),
  NOW()
) ON CONFLICT DO NOTHING; -- Skip if the option already exists

-- Insert option 6 for question 1
INSERT INTO payload.quiz_questions_options (
  id,
  _order,
  _parent_id,
  text,
  is_correct,
  created_at,
  updated_at
) VALUES (
  gen_random_uuid(),
  5,
  '659017c1-2caf-45c7-9142-4bc62d5a3e45',
  'Line',
  true,
  NOW(),
  NOW()
) ON CONFLICT DO NOTHING; -- Skip if the option already exists

-- Insert option 7 for question 1
INSERT INTO payload.quiz_questions_options (
  id,
  _order,
  _parent_id,
  text,
  is_correct,
  created_at,
  updated_at
) VALUES (
  gen_random_uuid(),
  6,
  '659017c1-2caf-45c7-9142-4bc62d5a3e45',
  'Point',
  true,
  NOW(),
  NOW()
) ON CONFLICT DO NOTHING; -- Skip if the option already exists

-- Insert option 8 for question 1
INSERT INTO payload.quiz_questions_options (
  id,
  _order,
  _parent_id,
  text,
  is_correct,
  created_at,
  updated_at
) VALUES (
  gen_random_uuid(),
  7,
  '659017c1-2caf-45c7-9142-4bc62d5a3e45',
  'Negative Space',
  true,
  NOW(),
  NOW()
) ON CONFLICT DO NOTHING; -- Skip if the option already exists

-- Create relationship entry for the question to the quiz
INSERT INTO payload.quiz_questions_rels (
  id,
  _parent_id,
  field,
  value,
  created_at,
  updated_at
) VALUES (
  gen_random_uuid(),
  '659017c1-2caf-45c7-9142-4bc62d5a3e45',
  'quiz_id',
  '318848e0-95a1-499d-b154-f93cb146d32d',
  NOW(),
  NOW()
) ON CONFLICT DO NOTHING; -- Skip if the relationship already exists

-- Create bidirectional relationship entry for the quiz to the question
INSERT INTO payload.course_quizzes_rels (
  id,
  _parent_id,
  field,
  value,
  created_at,
  updated_at
) VALUES (
  gen_random_uuid(),
  '318848e0-95a1-499d-b154-f93cb146d32d',
  'questions',
  '659017c1-2caf-45c7-9142-4bc62d5a3e45',
  NOW(),
  NOW()
) ON CONFLICT DO NOTHING; -- Skip if the relationship already exists

-- Questions for quiz: Performance Quiz (performance-quiz, ID: 4cdebb01-ddf3-4c57-9967-3674d2d4b160)
-- Insert question 1 for quiz: Performance Quiz
INSERT INTO payload.quiz_questions (
  id,
  question,
  quiz_id,
  quiz_id_id, -- Duplicate field for compatibility
  type,
  explanation,
  "order",
  created_at,
  updated_at
) VALUES (
  'f7662017-e415-475e-a019-54ec80c67189', -- Generated UUID for the question
  'What can we do to try and set the right tone?',
  '4cdebb01-ddf3-4c57-9967-3674d2d4b160', -- Quiz ID
  '4cdebb01-ddf3-4c57-9967-3674d2d4b160', -- Quiz ID (duplicate)
  'multi-answer',
  '',
  0,
  NOW(),
  NOW()
) ON CONFLICT (id) DO NOTHING; -- Skip if the question already exists

-- Insert option 1 for question 1
INSERT INTO payload.quiz_questions_options (
  id,
  _order,
  _parent_id,
  text,
  is_correct,
  created_at,
  updated_at
) VALUES (
  gen_random_uuid(),
  0,
  'f7662017-e415-475e-a019-54ec80c67189',
  'Send a well prepared agenda in advance',
  true,
  NOW(),
  NOW()
) ON CONFLICT DO NOTHING; -- Skip if the option already exists

-- Insert option 2 for question 1
INSERT INTO payload.quiz_questions_options (
  id,
  _order,
  _parent_id,
  text,
  is_correct,
  created_at,
  updated_at
) VALUES (
  gen_random_uuid(),
  1,
  'f7662017-e415-475e-a019-54ec80c67189',
  'Dress appropriately',
  true,
  NOW(),
  NOW()
) ON CONFLICT DO NOTHING; -- Skip if the option already exists

-- Insert option 3 for question 1
INSERT INTO payload.quiz_questions_options (
  id,
  _order,
  _parent_id,
  text,
  is_correct,
  created_at,
  updated_at
) VALUES (
  gen_random_uuid(),
  2,
  'f7662017-e415-475e-a019-54ec80c67189',
  'Adopt the appropriate disposition for the meeting',
  true,
  NOW(),
  NOW()
) ON CONFLICT DO NOTHING; -- Skip if the option already exists

-- Insert option 4 for question 1
INSERT INTO payload.quiz_questions_options (
  id,
  _order,
  _parent_id,
  text,
  is_correct,
  created_at,
  updated_at
) VALUES (
  gen_random_uuid(),
  3,
  'f7662017-e415-475e-a019-54ec80c67189',
  'Tell a joke',
  false,
  NOW(),
  NOW()
) ON CONFLICT DO NOTHING; -- Skip if the option already exists

-- Insert option 5 for question 1
INSERT INTO payload.quiz_questions_options (
  id,
  _order,
  _parent_id,
  text,
  is_correct,
  created_at,
  updated_at
) VALUES (
  gen_random_uuid(),
  4,
  'f7662017-e415-475e-a019-54ec80c67189',
  'Lead the group in song',
  false,
  NOW(),
  NOW()
) ON CONFLICT DO NOTHING; -- Skip if the option already exists

-- Create relationship entry for the question to the quiz
INSERT INTO payload.quiz_questions_rels (
  id,
  _parent_id,
  field,
  value,
  created_at,
  updated_at
) VALUES (
  gen_random_uuid(),
  'f7662017-e415-475e-a019-54ec80c67189',
  'quiz_id',
  '4cdebb01-ddf3-4c57-9967-3674d2d4b160',
  NOW(),
  NOW()
) ON CONFLICT DO NOTHING; -- Skip if the relationship already exists

-- Create bidirectional relationship entry for the quiz to the question
INSERT INTO payload.course_quizzes_rels (
  id,
  _parent_id,
  field,
  value,
  created_at,
  updated_at
) VALUES (
  gen_random_uuid(),
  '4cdebb01-ddf3-4c57-9967-3674d2d4b160',
  'questions',
  'f7662017-e415-475e-a019-54ec80c67189',
  NOW(),
  NOW()
) ON CONFLICT DO NOTHING; -- Skip if the relationship already exists

-- Insert question 2 for quiz: Performance Quiz
INSERT INTO payload.quiz_questions (
  id,
  question,
  quiz_id,
  quiz_id_id, -- Duplicate field for compatibility
  type,
  explanation,
  "order",
  created_at,
  updated_at
) VALUES (
  'd48672ff-a3b6-414f-9695-e434da5e4a4a', -- Generated UUID for the question
  'What are some things you can do to manage stress?',
  '4cdebb01-ddf3-4c57-9967-3674d2d4b160', -- Quiz ID
  '4cdebb01-ddf3-4c57-9967-3674d2d4b160', -- Quiz ID (duplicate)
  'multi-answer',
  '',
  1,
  NOW(),
  NOW()
) ON CONFLICT (id) DO NOTHING; -- Skip if the question already exists

-- Insert option 1 for question 2
INSERT INTO payload.quiz_questions_options (
  id,
  _order,
  _parent_id,
  text,
  is_correct,
  created_at,
  updated_at
) VALUES (
  gen_random_uuid(),
  0,
  'd48672ff-a3b6-414f-9695-e434da5e4a4a',
  'Quite your mind',
  true,
  NOW(),
  NOW()
) ON CONFLICT DO NOTHING; -- Skip if the option already exists

-- Insert option 2 for question 2
INSERT INTO payload.quiz_questions_options (
  id,
  _order,
  _parent_id,
  text,
  is_correct,
  created_at,
  updated_at
) VALUES (
  gen_random_uuid(),
  1,
  'd48672ff-a3b6-414f-9695-e434da5e4a4a',
  'Laugh',
  true,
  NOW(),
  NOW()
) ON CONFLICT DO NOTHING; -- Skip if the option already exists

-- Insert option 3 for question 2
INSERT INTO payload.quiz_questions_options (
  id,
  _order,
  _parent_id,
  text,
  is_correct,
  created_at,
  updated_at
) VALUES (
  gen_random_uuid(),
  2,
  'd48672ff-a3b6-414f-9695-e434da5e4a4a',
  'Primal therapy',
  false,
  NOW(),
  NOW()
) ON CONFLICT DO NOTHING; -- Skip if the option already exists

-- Insert option 4 for question 2
INSERT INTO payload.quiz_questions_options (
  id,
  _order,
  _parent_id,
  text,
  is_correct,
  created_at,
  updated_at
) VALUES (
  gen_random_uuid(),
  3,
  'd48672ff-a3b6-414f-9695-e434da5e4a4a',
  'Prepare',
  true,
  NOW(),
  NOW()
) ON CONFLICT DO NOTHING; -- Skip if the option already exists

-- Insert option 5 for question 2
INSERT INTO payload.quiz_questions_options (
  id,
  _order,
  _parent_id,
  text,
  is_correct,
  created_at,
  updated_at
) VALUES (
  gen_random_uuid(),
  4,
  'd48672ff-a3b6-414f-9695-e434da5e4a4a',
  'Breathe',
  true,
  NOW(),
  NOW()
) ON CONFLICT DO NOTHING; -- Skip if the option already exists

-- Insert option 6 for question 2
INSERT INTO payload.quiz_questions_options (
  id,
  _order,
  _parent_id,
  text,
  is_correct,
  created_at,
  updated_at
) VALUES (
  gen_random_uuid(),
  5,
  'd48672ff-a3b6-414f-9695-e434da5e4a4a',
  'Don''t worry about the presentation until the last minute',
  false,
  NOW(),
  NOW()
) ON CONFLICT DO NOTHING; -- Skip if the option already exists

-- Insert option 7 for question 2
INSERT INTO payload.quiz_questions_options (
  id,
  _order,
  _parent_id,
  text,
  is_correct,
  created_at,
  updated_at
) VALUES (
  gen_random_uuid(),
  6,
  'd48672ff-a3b6-414f-9695-e434da5e4a4a',
  'Talk to yourself like a crazy person',
  false,
  NOW(),
  NOW()
) ON CONFLICT DO NOTHING; -- Skip if the option already exists

-- Create relationship entry for the question to the quiz
INSERT INTO payload.quiz_questions_rels (
  id,
  _parent_id,
  field,
  value,
  created_at,
  updated_at
) VALUES (
  gen_random_uuid(),
  'd48672ff-a3b6-414f-9695-e434da5e4a4a',
  'quiz_id',
  '4cdebb01-ddf3-4c57-9967-3674d2d4b160',
  NOW(),
  NOW()
) ON CONFLICT DO NOTHING; -- Skip if the relationship already exists

-- Create bidirectional relationship entry for the quiz to the question
INSERT INTO payload.course_quizzes_rels (
  id,
  _parent_id,
  field,
  value,
  created_at,
  updated_at
) VALUES (
  gen_random_uuid(),
  '4cdebb01-ddf3-4c57-9967-3674d2d4b160',
  'questions',
  'd48672ff-a3b6-414f-9695-e434da5e4a4a',
  NOW(),
  NOW()
) ON CONFLICT DO NOTHING; -- Skip if the relationship already exists

-- Insert question 3 for quiz: Performance Quiz
INSERT INTO payload.quiz_questions (
  id,
  question,
  quiz_id,
  quiz_id_id, -- Duplicate field for compatibility
  type,
  explanation,
  "order",
  created_at,
  updated_at
) VALUES (
  'ba5bf114-6811-4e62-9722-bed6af2ad286', -- Generated UUID for the question
  'What body language and delivery mistakes should you be on the lookout for?',
  '4cdebb01-ddf3-4c57-9967-3674d2d4b160', -- Quiz ID
  '4cdebb01-ddf3-4c57-9967-3674d2d4b160', -- Quiz ID (duplicate)
  'multi-answer',
  '',
  2,
  NOW(),
  NOW()
) ON CONFLICT (id) DO NOTHING; -- Skip if the question already exists

-- Insert option 1 for question 3
INSERT INTO payload.quiz_questions_options (
  id,
  _order,
  _parent_id,
  text,
  is_correct,
  created_at,
  updated_at
) VALUES (
  gen_random_uuid(),
  0,
  'ba5bf114-6811-4e62-9722-bed6af2ad286',
  'Verbal ticks',
  true,
  NOW(),
  NOW()
) ON CONFLICT DO NOTHING; -- Skip if the option already exists

-- Insert option 2 for question 3
INSERT INTO payload.quiz_questions_options (
  id,
  _order,
  _parent_id,
  text,
  is_correct,
  created_at,
  updated_at
) VALUES (
  gen_random_uuid(),
  1,
  'ba5bf114-6811-4e62-9722-bed6af2ad286',
  'Talking to the screen',
  true,
  NOW(),
  NOW()
) ON CONFLICT DO NOTHING; -- Skip if the option already exists

-- Insert option 3 for question 3
INSERT INTO payload.quiz_questions_options (
  id,
  _order,
  _parent_id,
  text,
  is_correct,
  created_at,
  updated_at
) VALUES (
  gen_random_uuid(),
  2,
  'ba5bf114-6811-4e62-9722-bed6af2ad286',
  'Closed posture',
  true,
  NOW(),
  NOW()
) ON CONFLICT DO NOTHING; -- Skip if the option already exists

-- Insert option 4 for question 3
INSERT INTO payload.quiz_questions_options (
  id,
  _order,
  _parent_id,
  text,
  is_correct,
  created_at,
  updated_at
) VALUES (
  gen_random_uuid(),
  3,
  'ba5bf114-6811-4e62-9722-bed6af2ad286',
  'Being over prepared',
  false,
  NOW(),
  NOW()
) ON CONFLICT DO NOTHING; -- Skip if the option already exists

-- Insert option 5 for question 3
INSERT INTO payload.quiz_questions_options (
  id,
  _order,
  _parent_id,
  text,
  is_correct,
  created_at,
  updated_at
) VALUES (
  gen_random_uuid(),
  4,
  'ba5bf114-6811-4e62-9722-bed6af2ad286',
  'Not displaying any emotion',
  true,
  NOW(),
  NOW()
) ON CONFLICT DO NOTHING; -- Skip if the option already exists

-- Create relationship entry for the question to the quiz
INSERT INTO payload.quiz_questions_rels (
  id,
  _parent_id,
  field,
  value,
  created_at,
  updated_at
) VALUES (
  gen_random_uuid(),
  'ba5bf114-6811-4e62-9722-bed6af2ad286',
  'quiz_id',
  '4cdebb01-ddf3-4c57-9967-3674d2d4b160',
  NOW(),
  NOW()
) ON CONFLICT DO NOTHING; -- Skip if the relationship already exists

-- Create bidirectional relationship entry for the quiz to the question
INSERT INTO payload.course_quizzes_rels (
  id,
  _parent_id,
  field,
  value,
  created_at,
  updated_at
) VALUES (
  gen_random_uuid(),
  '4cdebb01-ddf3-4c57-9967-3674d2d4b160',
  'questions',
  'ba5bf114-6811-4e62-9722-bed6af2ad286',
  NOW(),
  NOW()
) ON CONFLICT DO NOTHING; -- Skip if the relationship already exists

-- Questions for quiz: Perparation & Practice Quiz (preparation-practice-quiz, ID: 1980df95-649a-4756-8365-be4896232d7e)
-- Insert question 1 for quiz: Perparation & Practice Quiz
INSERT INTO payload.quiz_questions (
  id,
  question,
  quiz_id,
  quiz_id_id, -- Duplicate field for compatibility
  type,
  explanation,
  "order",
  created_at,
  updated_at
) VALUES (
  '41d154b6-828f-42da-9517-374a51de295f', -- Generated UUID for the question
  'When preparing and practicing the delivery of your presentation, what four factors should you focus on?',
  '1980df95-649a-4756-8365-be4896232d7e', -- Quiz ID
  '1980df95-649a-4756-8365-be4896232d7e', -- Quiz ID (duplicate)
  'multi-answer',
  '',
  0,
  NOW(),
  NOW()
) ON CONFLICT (id) DO NOTHING; -- Skip if the question already exists

-- Insert option 1 for question 1
INSERT INTO payload.quiz_questions_options (
  id,
  _order,
  _parent_id,
  text,
  is_correct,
  created_at,
  updated_at
) VALUES (
  gen_random_uuid(),
  0,
  '41d154b6-828f-42da-9517-374a51de295f',
  'Timing of your jokes',
  false,
  NOW(),
  NOW()
) ON CONFLICT DO NOTHING; -- Skip if the option already exists

-- Insert option 2 for question 1
INSERT INTO payload.quiz_questions_options (
  id,
  _order,
  _parent_id,
  text,
  is_correct,
  created_at,
  updated_at
) VALUES (
  gen_random_uuid(),
  1,
  '41d154b6-828f-42da-9517-374a51de295f',
  'Clarity',
  true,
  NOW(),
  NOW()
) ON CONFLICT DO NOTHING; -- Skip if the option already exists

-- Insert option 3 for question 1
INSERT INTO payload.quiz_questions_options (
  id,
  _order,
  _parent_id,
  text,
  is_correct,
  created_at,
  updated_at
) VALUES (
  gen_random_uuid(),
  2,
  '41d154b6-828f-42da-9517-374a51de295f',
  'Hair, make-up and clothes',
  false,
  NOW(),
  NOW()
) ON CONFLICT DO NOTHING; -- Skip if the option already exists

-- Insert option 4 for question 1
INSERT INTO payload.quiz_questions_options (
  id,
  _order,
  _parent_id,
  text,
  is_correct,
  created_at,
  updated_at
) VALUES (
  gen_random_uuid(),
  3,
  '41d154b6-828f-42da-9517-374a51de295f',
  'Pace',
  true,
  NOW(),
  NOW()
) ON CONFLICT DO NOTHING; -- Skip if the option already exists

-- Insert option 5 for question 1
INSERT INTO payload.quiz_questions_options (
  id,
  _order,
  _parent_id,
  text,
  is_correct,
  created_at,
  updated_at
) VALUES (
  gen_random_uuid(),
  4,
  '41d154b6-828f-42da-9517-374a51de295f',
  'Engaging with the audience',
  true,
  NOW(),
  NOW()
) ON CONFLICT DO NOTHING; -- Skip if the option already exists

-- Insert option 6 for question 1
INSERT INTO payload.quiz_questions_options (
  id,
  _order,
  _parent_id,
  text,
  is_correct,
  created_at,
  updated_at
) VALUES (
  gen_random_uuid(),
  5,
  '41d154b6-828f-42da-9517-374a51de295f',
  'Timbre of your voice',
  false,
  NOW(),
  NOW()
) ON CONFLICT DO NOTHING; -- Skip if the option already exists

-- Insert option 7 for question 1
INSERT INTO payload.quiz_questions_options (
  id,
  _order,
  _parent_id,
  text,
  is_correct,
  created_at,
  updated_at
) VALUES (
  gen_random_uuid(),
  6,
  '41d154b6-828f-42da-9517-374a51de295f',
  'Smiling and making eye contact',
  true,
  NOW(),
  NOW()
) ON CONFLICT DO NOTHING; -- Skip if the option already exists

-- Create relationship entry for the question to the quiz
INSERT INTO payload.quiz_questions_rels (
  id,
  _parent_id,
  field,
  value,
  created_at,
  updated_at
) VALUES (
  gen_random_uuid(),
  '41d154b6-828f-42da-9517-374a51de295f',
  'quiz_id',
  '1980df95-649a-4756-8365-be4896232d7e',
  NOW(),
  NOW()
) ON CONFLICT DO NOTHING; -- Skip if the relationship already exists

-- Create bidirectional relationship entry for the quiz to the question
INSERT INTO payload.course_quizzes_rels (
  id,
  _parent_id,
  field,
  value,
  created_at,
  updated_at
) VALUES (
  gen_random_uuid(),
  '1980df95-649a-4756-8365-be4896232d7e',
  'questions',
  '41d154b6-828f-42da-9517-374a51de295f',
  NOW(),
  NOW()
) ON CONFLICT DO NOTHING; -- Skip if the relationship already exists

-- Insert question 2 for quiz: Perparation & Practice Quiz
INSERT INTO payload.quiz_questions (
  id,
  question,
  quiz_id,
  quiz_id_id, -- Duplicate field for compatibility
  type,
  explanation,
  "order",
  created_at,
  updated_at
) VALUES (
  '95914591-8e59-4428-8b3f-89c71c7b8662', -- Generated UUID for the question
  'What is the first step of the recommended preparation process?',
  '1980df95-649a-4756-8365-be4896232d7e', -- Quiz ID
  '1980df95-649a-4756-8365-be4896232d7e', -- Quiz ID (duplicate)
  'single-answer',
  '',
  1,
  NOW(),
  NOW()
) ON CONFLICT (id) DO NOTHING; -- Skip if the question already exists

-- Insert option 1 for question 2
INSERT INTO payload.quiz_questions_options (
  id,
  _order,
  _parent_id,
  text,
  is_correct,
  created_at,
  updated_at
) VALUES (
  gen_random_uuid(),
  0,
  '95914591-8e59-4428-8b3f-89c71c7b8662',
  'Get a good night sleep and review the script once, maybe twice before the presentation',
  false,
  NOW(),
  NOW()
) ON CONFLICT DO NOTHING; -- Skip if the option already exists

-- Insert option 2 for question 2
INSERT INTO payload.quiz_questions_options (
  id,
  _order,
  _parent_id,
  text,
  is_correct,
  created_at,
  updated_at
) VALUES (
  gen_random_uuid(),
  1,
  '95914591-8e59-4428-8b3f-89c71c7b8662',
  'Present to someone else. Get feedback',
  false,
  NOW(),
  NOW()
) ON CONFLICT DO NOTHING; -- Skip if the option already exists

-- Insert option 3 for question 2
INSERT INTO payload.quiz_questions_options (
  id,
  _order,
  _parent_id,
  text,
  is_correct,
  created_at,
  updated_at
) VALUES (
  gen_random_uuid(),
  2,
  '95914591-8e59-4428-8b3f-89c71c7b8662',
  'Run through the presentation two or three time working on length, simplifying language, and identifying likely questions',
  false,
  NOW(),
  NOW()
) ON CONFLICT DO NOTHING; -- Skip if the option already exists

-- Insert option 4 for question 2
INSERT INTO payload.quiz_questions_options (
  id,
  _order,
  _parent_id,
  text,
  is_correct,
  created_at,
  updated_at
) VALUES (
  gen_random_uuid(),
  3,
  '95914591-8e59-4428-8b3f-89c71c7b8662',
  'Speak the presentation out loud and improvise. Test turns of phrases, identify key points that you want to make for each phrase',
  true,
  NOW(),
  NOW()
) ON CONFLICT DO NOTHING; -- Skip if the option already exists

-- Insert option 5 for question 2
INSERT INTO payload.quiz_questions_options (
  id,
  _order,
  _parent_id,
  text,
  is_correct,
  created_at,
  updated_at
) VALUES (
  gen_random_uuid(),
  4,
  '95914591-8e59-4428-8b3f-89c71c7b8662',
  'Write down the verbal voice over and create a formal script',
  false,
  NOW(),
  NOW()
) ON CONFLICT DO NOTHING; -- Skip if the option already exists

-- Insert option 6 for question 2
INSERT INTO payload.quiz_questions_options (
  id,
  _order,
  _parent_id,
  text,
  is_correct,
  created_at,
  updated_at
) VALUES (
  gen_random_uuid(),
  5,
  '95914591-8e59-4428-8b3f-89c71c7b8662',
  'Test the length of the presentation. Revise the deck, eliminating or combining slide ideas',
  false,
  NOW(),
  NOW()
) ON CONFLICT DO NOTHING; -- Skip if the option already exists

-- Insert option 7 for question 2
INSERT INTO payload.quiz_questions_options (
  id,
  _order,
  _parent_id,
  text,
  is_correct,
  created_at,
  updated_at
) VALUES (
  gen_random_uuid(),
  6,
  '95914591-8e59-4428-8b3f-89c71c7b8662',
  'Run through the script a few more times and the put it aside',
  false,
  NOW(),
  NOW()
) ON CONFLICT DO NOTHING; -- Skip if the option already exists

-- Create relationship entry for the question to the quiz
INSERT INTO payload.quiz_questions_rels (
  id,
  _parent_id,
  field,
  value,
  created_at,
  updated_at
) VALUES (
  gen_random_uuid(),
  '95914591-8e59-4428-8b3f-89c71c7b8662',
  'quiz_id',
  '1980df95-649a-4756-8365-be4896232d7e',
  NOW(),
  NOW()
) ON CONFLICT DO NOTHING; -- Skip if the relationship already exists

-- Create bidirectional relationship entry for the quiz to the question
INSERT INTO payload.course_quizzes_rels (
  id,
  _parent_id,
  field,
  value,
  created_at,
  updated_at
) VALUES (
  gen_random_uuid(),
  '1980df95-649a-4756-8365-be4896232d7e',
  'questions',
  '95914591-8e59-4428-8b3f-89c71c7b8662',
  NOW(),
  NOW()
) ON CONFLICT DO NOTHING; -- Skip if the relationship already exists

-- Insert question 3 for quiz: Perparation & Practice Quiz
INSERT INTO payload.quiz_questions (
  id,
  question,
  quiz_id,
  quiz_id_id, -- Duplicate field for compatibility
  type,
  explanation,
  "order",
  created_at,
  updated_at
) VALUES (
  '62f34436-bf56-4eee-9d94-b50a5a7f529a', -- Generated UUID for the question
  'What is the second step of the recommended preparation process?',
  '1980df95-649a-4756-8365-be4896232d7e', -- Quiz ID
  '1980df95-649a-4756-8365-be4896232d7e', -- Quiz ID (duplicate)
  'single-answer',
  '',
  2,
  NOW(),
  NOW()
) ON CONFLICT (id) DO NOTHING; -- Skip if the question already exists

-- Insert option 1 for question 3
INSERT INTO payload.quiz_questions_options (
  id,
  _order,
  _parent_id,
  text,
  is_correct,
  created_at,
  updated_at
) VALUES (
  gen_random_uuid(),
  0,
  '62f34436-bf56-4eee-9d94-b50a5a7f529a',
  'Get a good night sleep and review the script once, maybe twice before the presentation',
  false,
  NOW(),
  NOW()
) ON CONFLICT DO NOTHING; -- Skip if the option already exists

-- Insert option 2 for question 3
INSERT INTO payload.quiz_questions_options (
  id,
  _order,
  _parent_id,
  text,
  is_correct,
  created_at,
  updated_at
) VALUES (
  gen_random_uuid(),
  1,
  '62f34436-bf56-4eee-9d94-b50a5a7f529a',
  'Present to someone else. Get feedback',
  false,
  NOW(),
  NOW()
) ON CONFLICT DO NOTHING; -- Skip if the option already exists

-- Insert option 3 for question 3
INSERT INTO payload.quiz_questions_options (
  id,
  _order,
  _parent_id,
  text,
  is_correct,
  created_at,
  updated_at
) VALUES (
  gen_random_uuid(),
  2,
  '62f34436-bf56-4eee-9d94-b50a5a7f529a',
  'Run through the presentation two or three time working on length, simplifying language, and identifying likely questions',
  false,
  NOW(),
  NOW()
) ON CONFLICT DO NOTHING; -- Skip if the option already exists

-- Insert option 4 for question 3
INSERT INTO payload.quiz_questions_options (
  id,
  _order,
  _parent_id,
  text,
  is_correct,
  created_at,
  updated_at
) VALUES (
  gen_random_uuid(),
  3,
  '62f34436-bf56-4eee-9d94-b50a5a7f529a',
  'Speak the presentation out loud and improvise. Test turns of phrases, identify key points that you want to make for each phrase',
  false,
  NOW(),
  NOW()
) ON CONFLICT DO NOTHING; -- Skip if the option already exists

-- Insert option 5 for question 3
INSERT INTO payload.quiz_questions_options (
  id,
  _order,
  _parent_id,
  text,
  is_correct,
  created_at,
  updated_at
) VALUES (
  gen_random_uuid(),
  4,
  '62f34436-bf56-4eee-9d94-b50a5a7f529a',
  'Write down the verbal voice over and create a formal script',
  true,
  NOW(),
  NOW()
) ON CONFLICT DO NOTHING; -- Skip if the option already exists

-- Insert option 6 for question 3
INSERT INTO payload.quiz_questions_options (
  id,
  _order,
  _parent_id,
  text,
  is_correct,
  created_at,
  updated_at
) VALUES (
  gen_random_uuid(),
  5,
  '62f34436-bf56-4eee-9d94-b50a5a7f529a',
  'Test the length of the presentation. Revise the deck, eliminating or combining slide ideas',
  false,
  NOW(),
  NOW()
) ON CONFLICT DO NOTHING; -- Skip if the option already exists

-- Insert option 7 for question 3
INSERT INTO payload.quiz_questions_options (
  id,
  _order,
  _parent_id,
  text,
  is_correct,
  created_at,
  updated_at
) VALUES (
  gen_random_uuid(),
  6,
  '62f34436-bf56-4eee-9d94-b50a5a7f529a',
  'Run through the script a few more times and the put it aside',
  false,
  NOW(),
  NOW()
) ON CONFLICT DO NOTHING; -- Skip if the option already exists

-- Create relationship entry for the question to the quiz
INSERT INTO payload.quiz_questions_rels (
  id,
  _parent_id,
  field,
  value,
  created_at,
  updated_at
) VALUES (
  gen_random_uuid(),
  '62f34436-bf56-4eee-9d94-b50a5a7f529a',
  'quiz_id',
  '1980df95-649a-4756-8365-be4896232d7e',
  NOW(),
  NOW()
) ON CONFLICT DO NOTHING; -- Skip if the relationship already exists

-- Create bidirectional relationship entry for the quiz to the question
INSERT INTO payload.course_quizzes_rels (
  id,
  _parent_id,
  field,
  value,
  created_at,
  updated_at
) VALUES (
  gen_random_uuid(),
  '1980df95-649a-4756-8365-be4896232d7e',
  'questions',
  '62f34436-bf56-4eee-9d94-b50a5a7f529a',
  NOW(),
  NOW()
) ON CONFLICT DO NOTHING; -- Skip if the relationship already exists

-- Insert question 4 for quiz: Perparation & Practice Quiz
INSERT INTO payload.quiz_questions (
  id,
  question,
  quiz_id,
  quiz_id_id, -- Duplicate field for compatibility
  type,
  explanation,
  "order",
  created_at,
  updated_at
) VALUES (
  'f07b7a1c-a191-4263-9ae0-f26c50fcc170', -- Generated UUID for the question
  'What is the third step of the recommended preparation process?',
  '1980df95-649a-4756-8365-be4896232d7e', -- Quiz ID
  '1980df95-649a-4756-8365-be4896232d7e', -- Quiz ID (duplicate)
  'single-answer',
  '',
  3,
  NOW(),
  NOW()
) ON CONFLICT (id) DO NOTHING; -- Skip if the question already exists

-- Insert option 1 for question 4
INSERT INTO payload.quiz_questions_options (
  id,
  _order,
  _parent_id,
  text,
  is_correct,
  created_at,
  updated_at
) VALUES (
  gen_random_uuid(),
  0,
  'f07b7a1c-a191-4263-9ae0-f26c50fcc170',
  'Get a good night sleep and review the script once, maybe twice before the presentation',
  false,
  NOW(),
  NOW()
) ON CONFLICT DO NOTHING; -- Skip if the option already exists

-- Insert option 2 for question 4
INSERT INTO payload.quiz_questions_options (
  id,
  _order,
  _parent_id,
  text,
  is_correct,
  created_at,
  updated_at
) VALUES (
  gen_random_uuid(),
  1,
  'f07b7a1c-a191-4263-9ae0-f26c50fcc170',
  'Present to someone else. Get feedback',
  false,
  NOW(),
  NOW()
) ON CONFLICT DO NOTHING; -- Skip if the option already exists

-- Insert option 3 for question 4
INSERT INTO payload.quiz_questions_options (
  id,
  _order,
  _parent_id,
  text,
  is_correct,
  created_at,
  updated_at
) VALUES (
  gen_random_uuid(),
  2,
  'f07b7a1c-a191-4263-9ae0-f26c50fcc170',
  'Run through the presentation two or three time working on length, simplifying language, and identifying likely questions',
  true,
  NOW(),
  NOW()
) ON CONFLICT DO NOTHING; -- Skip if the option already exists

-- Insert option 4 for question 4
INSERT INTO payload.quiz_questions_options (
  id,
  _order,
  _parent_id,
  text,
  is_correct,
  created_at,
  updated_at
) VALUES (
  gen_random_uuid(),
  3,
  'f07b7a1c-a191-4263-9ae0-f26c50fcc170',
  'Speak the presentation out loud and improvise. Test turns of phrases, identify key points that you want to make for each phrase',
  false,
  NOW(),
  NOW()
) ON CONFLICT DO NOTHING; -- Skip if the option already exists

-- Insert option 5 for question 4
INSERT INTO payload.quiz_questions_options (
  id,
  _order,
  _parent_id,
  text,
  is_correct,
  created_at,
  updated_at
) VALUES (
  gen_random_uuid(),
  4,
  'f07b7a1c-a191-4263-9ae0-f26c50fcc170',
  'Write down the verbal voice over and create a formal script',
  false,
  NOW(),
  NOW()
) ON CONFLICT DO NOTHING; -- Skip if the option already exists

-- Insert option 6 for question 4
INSERT INTO payload.quiz_questions_options (
  id,
  _order,
  _parent_id,
  text,
  is_correct,
  created_at,
  updated_at
) VALUES (
  gen_random_uuid(),
  5,
  'f07b7a1c-a191-4263-9ae0-f26c50fcc170',
  'Test the length of the presentation. Revise the deck, eliminating or combining slide ideas',
  false,
  NOW(),
  NOW()
) ON CONFLICT DO NOTHING; -- Skip if the option already exists

-- Insert option 7 for question 4
INSERT INTO payload.quiz_questions_options (
  id,
  _order,
  _parent_id,
  text,
  is_correct,
  created_at,
  updated_at
) VALUES (
  gen_random_uuid(),
  6,
  'f07b7a1c-a191-4263-9ae0-f26c50fcc170',
  'Run through the script a few more times and the put it aside',
  false,
  NOW(),
  NOW()
) ON CONFLICT DO NOTHING; -- Skip if the option already exists

-- Create relationship entry for the question to the quiz
INSERT INTO payload.quiz_questions_rels (
  id,
  _parent_id,
  field,
  value,
  created_at,
  updated_at
) VALUES (
  gen_random_uuid(),
  'f07b7a1c-a191-4263-9ae0-f26c50fcc170',
  'quiz_id',
  '1980df95-649a-4756-8365-be4896232d7e',
  NOW(),
  NOW()
) ON CONFLICT DO NOTHING; -- Skip if the relationship already exists

-- Create bidirectional relationship entry for the quiz to the question
INSERT INTO payload.course_quizzes_rels (
  id,
  _parent_id,
  field,
  value,
  created_at,
  updated_at
) VALUES (
  gen_random_uuid(),
  '1980df95-649a-4756-8365-be4896232d7e',
  'questions',
  'f07b7a1c-a191-4263-9ae0-f26c50fcc170',
  NOW(),
  NOW()
) ON CONFLICT DO NOTHING; -- Skip if the relationship already exists

-- Insert question 5 for quiz: Perparation & Practice Quiz
INSERT INTO payload.quiz_questions (
  id,
  question,
  quiz_id,
  quiz_id_id, -- Duplicate field for compatibility
  type,
  explanation,
  "order",
  created_at,
  updated_at
) VALUES (
  '7853942e-b765-48d9-b959-3f8a374b3468', -- Generated UUID for the question
  'What is the fourth step of the recommended preparation process?',
  '1980df95-649a-4756-8365-be4896232d7e', -- Quiz ID
  '1980df95-649a-4756-8365-be4896232d7e', -- Quiz ID (duplicate)
  'single-answer',
  '',
  4,
  NOW(),
  NOW()
) ON CONFLICT (id) DO NOTHING; -- Skip if the question already exists

-- Insert option 1 for question 5
INSERT INTO payload.quiz_questions_options (
  id,
  _order,
  _parent_id,
  text,
  is_correct,
  created_at,
  updated_at
) VALUES (
  gen_random_uuid(),
  0,
  '7853942e-b765-48d9-b959-3f8a374b3468',
  'Get a good night sleep and review the script once, maybe twice before the presentation',
  false,
  NOW(),
  NOW()
) ON CONFLICT DO NOTHING; -- Skip if the option already exists

-- Insert option 2 for question 5
INSERT INTO payload.quiz_questions_options (
  id,
  _order,
  _parent_id,
  text,
  is_correct,
  created_at,
  updated_at
) VALUES (
  gen_random_uuid(),
  1,
  '7853942e-b765-48d9-b959-3f8a374b3468',
  'Present to someone else. Get feedback',
  false,
  NOW(),
  NOW()
) ON CONFLICT DO NOTHING; -- Skip if the option already exists

-- Insert option 3 for question 5
INSERT INTO payload.quiz_questions_options (
  id,
  _order,
  _parent_id,
  text,
  is_correct,
  created_at,
  updated_at
) VALUES (
  gen_random_uuid(),
  2,
  '7853942e-b765-48d9-b959-3f8a374b3468',
  'Run through the presentation two or three time working on length, simplifying language, and identifying likely questions',
  false,
  NOW(),
  NOW()
) ON CONFLICT DO NOTHING; -- Skip if the option already exists

-- Insert option 4 for question 5
INSERT INTO payload.quiz_questions_options (
  id,
  _order,
  _parent_id,
  text,
  is_correct,
  created_at,
  updated_at
) VALUES (
  gen_random_uuid(),
  3,
  '7853942e-b765-48d9-b959-3f8a374b3468',
  'Speak the presentation out loud and improvise. Test turns of phrases, identify key points that you want to make for each phrase',
  false,
  NOW(),
  NOW()
) ON CONFLICT DO NOTHING; -- Skip if the option already exists

-- Insert option 5 for question 5
INSERT INTO payload.quiz_questions_options (
  id,
  _order,
  _parent_id,
  text,
  is_correct,
  created_at,
  updated_at
) VALUES (
  gen_random_uuid(),
  4,
  '7853942e-b765-48d9-b959-3f8a374b3468',
  'Write down the verbal voice over and create a formal script',
  false,
  NOW(),
  NOW()
) ON CONFLICT DO NOTHING; -- Skip if the option already exists

-- Insert option 6 for question 5
INSERT INTO payload.quiz_questions_options (
  id,
  _order,
  _parent_id,
  text,
  is_correct,
  created_at,
  updated_at
) VALUES (
  gen_random_uuid(),
  5,
  '7853942e-b765-48d9-b959-3f8a374b3468',
  'Test the length of the presentation. Revise the deck, eliminating or combining slide ideas',
  true,
  NOW(),
  NOW()
) ON CONFLICT DO NOTHING; -- Skip if the option already exists

-- Insert option 7 for question 5
INSERT INTO payload.quiz_questions_options (
  id,
  _order,
  _parent_id,
  text,
  is_correct,
  created_at,
  updated_at
) VALUES (
  gen_random_uuid(),
  6,
  '7853942e-b765-48d9-b959-3f8a374b3468',
  'Run through the script a few more times and the put it aside',
  false,
  NOW(),
  NOW()
) ON CONFLICT DO NOTHING; -- Skip if the option already exists

-- Create relationship entry for the question to the quiz
INSERT INTO payload.quiz_questions_rels (
  id,
  _parent_id,
  field,
  value,
  created_at,
  updated_at
) VALUES (
  gen_random_uuid(),
  '7853942e-b765-48d9-b959-3f8a374b3468',
  'quiz_id',
  '1980df95-649a-4756-8365-be4896232d7e',
  NOW(),
  NOW()
) ON CONFLICT DO NOTHING; -- Skip if the relationship already exists

-- Create bidirectional relationship entry for the quiz to the question
INSERT INTO payload.course_quizzes_rels (
  id,
  _parent_id,
  field,
  value,
  created_at,
  updated_at
) VALUES (
  gen_random_uuid(),
  '1980df95-649a-4756-8365-be4896232d7e',
  'questions',
  '7853942e-b765-48d9-b959-3f8a374b3468',
  NOW(),
  NOW()
) ON CONFLICT DO NOTHING; -- Skip if the relationship already exists

-- Insert question 6 for quiz: Perparation & Practice Quiz
INSERT INTO payload.quiz_questions (
  id,
  question,
  quiz_id,
  quiz_id_id, -- Duplicate field for compatibility
  type,
  explanation,
  "order",
  created_at,
  updated_at
) VALUES (
  'c7d27861-c2d0-41f0-94c3-57191fe58dc9', -- Generated UUID for the question
  'What is the fifth step pf the recommended preparation process?',
  '1980df95-649a-4756-8365-be4896232d7e', -- Quiz ID
  '1980df95-649a-4756-8365-be4896232d7e', -- Quiz ID (duplicate)
  'single-answer',
  '',
  5,
  NOW(),
  NOW()
) ON CONFLICT (id) DO NOTHING; -- Skip if the question already exists

-- Insert option 1 for question 6
INSERT INTO payload.quiz_questions_options (
  id,
  _order,
  _parent_id,
  text,
  is_correct,
  created_at,
  updated_at
) VALUES (
  gen_random_uuid(),
  0,
  'c7d27861-c2d0-41f0-94c3-57191fe58dc9',
  'Get a good night sleep and review the script once, maybe twice before the presentation',
  false,
  NOW(),
  NOW()
) ON CONFLICT DO NOTHING; -- Skip if the option already exists

-- Insert option 2 for question 6
INSERT INTO payload.quiz_questions_options (
  id,
  _order,
  _parent_id,
  text,
  is_correct,
  created_at,
  updated_at
) VALUES (
  gen_random_uuid(),
  1,
  'c7d27861-c2d0-41f0-94c3-57191fe58dc9',
  'Present to someone else. Get feedback',
  true,
  NOW(),
  NOW()
) ON CONFLICT DO NOTHING; -- Skip if the option already exists

-- Insert option 3 for question 6
INSERT INTO payload.quiz_questions_options (
  id,
  _order,
  _parent_id,
  text,
  is_correct,
  created_at,
  updated_at
) VALUES (
  gen_random_uuid(),
  2,
  'c7d27861-c2d0-41f0-94c3-57191fe58dc9',
  'Run through the presentation two or three time working on length, simplifying language, and identifying likely questions',
  false,
  NOW(),
  NOW()
) ON CONFLICT DO NOTHING; -- Skip if the option already exists

-- Insert option 4 for question 6
INSERT INTO payload.quiz_questions_options (
  id,
  _order,
  _parent_id,
  text,
  is_correct,
  created_at,
  updated_at
) VALUES (
  gen_random_uuid(),
  3,
  'c7d27861-c2d0-41f0-94c3-57191fe58dc9',
  'Speak the presentation out loud and improvise. Test turns of phrases, identify key points that you want to make for each phrase',
  false,
  NOW(),
  NOW()
) ON CONFLICT DO NOTHING; -- Skip if the option already exists

-- Insert option 5 for question 6
INSERT INTO payload.quiz_questions_options (
  id,
  _order,
  _parent_id,
  text,
  is_correct,
  created_at,
  updated_at
) VALUES (
  gen_random_uuid(),
  4,
  'c7d27861-c2d0-41f0-94c3-57191fe58dc9',
  'Write down the verbal voice over and create a formal script',
  false,
  NOW(),
  NOW()
) ON CONFLICT DO NOTHING; -- Skip if the option already exists

-- Insert option 6 for question 6
INSERT INTO payload.quiz_questions_options (
  id,
  _order,
  _parent_id,
  text,
  is_correct,
  created_at,
  updated_at
) VALUES (
  gen_random_uuid(),
  5,
  'c7d27861-c2d0-41f0-94c3-57191fe58dc9',
  'Test the length of the presentation. Revise the deck, eliminating or combining slide ideas',
  false,
  NOW(),
  NOW()
) ON CONFLICT DO NOTHING; -- Skip if the option already exists

-- Insert option 7 for question 6
INSERT INTO payload.quiz_questions_options (
  id,
  _order,
  _parent_id,
  text,
  is_correct,
  created_at,
  updated_at
) VALUES (
  gen_random_uuid(),
  6,
  'c7d27861-c2d0-41f0-94c3-57191fe58dc9',
  'Run through the script a few more times and the put it aside',
  false,
  NOW(),
  NOW()
) ON CONFLICT DO NOTHING; -- Skip if the option already exists

-- Create relationship entry for the question to the quiz
INSERT INTO payload.quiz_questions_rels (
  id,
  _parent_id,
  field,
  value,
  created_at,
  updated_at
) VALUES (
  gen_random_uuid(),
  'c7d27861-c2d0-41f0-94c3-57191fe58dc9',
  'quiz_id',
  '1980df95-649a-4756-8365-be4896232d7e',
  NOW(),
  NOW()
) ON CONFLICT DO NOTHING; -- Skip if the relationship already exists

-- Create bidirectional relationship entry for the quiz to the question
INSERT INTO payload.course_quizzes_rels (
  id,
  _parent_id,
  field,
  value,
  created_at,
  updated_at
) VALUES (
  gen_random_uuid(),
  '1980df95-649a-4756-8365-be4896232d7e',
  'questions',
  'c7d27861-c2d0-41f0-94c3-57191fe58dc9',
  NOW(),
  NOW()
) ON CONFLICT DO NOTHING; -- Skip if the relationship already exists

-- Insert question 7 for quiz: Perparation & Practice Quiz
INSERT INTO payload.quiz_questions (
  id,
  question,
  quiz_id,
  quiz_id_id, -- Duplicate field for compatibility
  type,
  explanation,
  "order",
  created_at,
  updated_at
) VALUES (
  'cc264e3a-6655-4598-a329-aff2883e4af0', -- Generated UUID for the question
  'What is the sixth step of the recommended preparation process?',
  '1980df95-649a-4756-8365-be4896232d7e', -- Quiz ID
  '1980df95-649a-4756-8365-be4896232d7e', -- Quiz ID (duplicate)
  'single-answer',
  '',
  6,
  NOW(),
  NOW()
) ON CONFLICT (id) DO NOTHING; -- Skip if the question already exists

-- Insert option 1 for question 7
INSERT INTO payload.quiz_questions_options (
  id,
  _order,
  _parent_id,
  text,
  is_correct,
  created_at,
  updated_at
) VALUES (
  gen_random_uuid(),
  0,
  'cc264e3a-6655-4598-a329-aff2883e4af0',
  'Get a good night sleep and review the script once, maybe twice before the presentation',
  false,
  NOW(),
  NOW()
) ON CONFLICT DO NOTHING; -- Skip if the option already exists

-- Insert option 2 for question 7
INSERT INTO payload.quiz_questions_options (
  id,
  _order,
  _parent_id,
  text,
  is_correct,
  created_at,
  updated_at
) VALUES (
  gen_random_uuid(),
  1,
  'cc264e3a-6655-4598-a329-aff2883e4af0',
  'Present to someone else. Get feedback',
  false,
  NOW(),
  NOW()
) ON CONFLICT DO NOTHING; -- Skip if the option already exists

-- Insert option 3 for question 7
INSERT INTO payload.quiz_questions_options (
  id,
  _order,
  _parent_id,
  text,
  is_correct,
  created_at,
  updated_at
) VALUES (
  gen_random_uuid(),
  2,
  'cc264e3a-6655-4598-a329-aff2883e4af0',
  'Run through the presentation two or three time working on length, simplifying language, and identifying likely questions',
  false,
  NOW(),
  NOW()
) ON CONFLICT DO NOTHING; -- Skip if the option already exists

-- Insert option 4 for question 7
INSERT INTO payload.quiz_questions_options (
  id,
  _order,
  _parent_id,
  text,
  is_correct,
  created_at,
  updated_at
) VALUES (
  gen_random_uuid(),
  3,
  'cc264e3a-6655-4598-a329-aff2883e4af0',
  'Speak the presentation out loud and improvise. Test turns of phrases, identify key points that you want to make for each phrase',
  false,
  NOW(),
  NOW()
) ON CONFLICT DO NOTHING; -- Skip if the option already exists

-- Insert option 5 for question 7
INSERT INTO payload.quiz_questions_options (
  id,
  _order,
  _parent_id,
  text,
  is_correct,
  created_at,
  updated_at
) VALUES (
  gen_random_uuid(),
  4,
  'cc264e3a-6655-4598-a329-aff2883e4af0',
  'Write down the verbal voice over and create a formal script',
  false,
  NOW(),
  NOW()
) ON CONFLICT DO NOTHING; -- Skip if the option already exists

-- Insert option 6 for question 7
INSERT INTO payload.quiz_questions_options (
  id,
  _order,
  _parent_id,
  text,
  is_correct,
  created_at,
  updated_at
) VALUES (
  gen_random_uuid(),
  5,
  'cc264e3a-6655-4598-a329-aff2883e4af0',
  'Test the length of the presentation. Revise the deck, eliminating or combining slide ideas',
  false,
  NOW(),
  NOW()
) ON CONFLICT DO NOTHING; -- Skip if the option already exists

-- Insert option 7 for question 7
INSERT INTO payload.quiz_questions_options (
  id,
  _order,
  _parent_id,
  text,
  is_correct,
  created_at,
  updated_at
) VALUES (
  gen_random_uuid(),
  6,
  'cc264e3a-6655-4598-a329-aff2883e4af0',
  'Run through the script a few more times and the put it aside',
  true,
  NOW(),
  NOW()
) ON CONFLICT DO NOTHING; -- Skip if the option already exists

-- Create relationship entry for the question to the quiz
INSERT INTO payload.quiz_questions_rels (
  id,
  _parent_id,
  field,
  value,
  created_at,
  updated_at
) VALUES (
  gen_random_uuid(),
  'cc264e3a-6655-4598-a329-aff2883e4af0',
  'quiz_id',
  '1980df95-649a-4756-8365-be4896232d7e',
  NOW(),
  NOW()
) ON CONFLICT DO NOTHING; -- Skip if the relationship already exists

-- Create bidirectional relationship entry for the quiz to the question
INSERT INTO payload.course_quizzes_rels (
  id,
  _parent_id,
  field,
  value,
  created_at,
  updated_at
) VALUES (
  gen_random_uuid(),
  '1980df95-649a-4756-8365-be4896232d7e',
  'questions',
  'cc264e3a-6655-4598-a329-aff2883e4af0',
  NOW(),
  NOW()
) ON CONFLICT DO NOTHING; -- Skip if the relationship already exists

-- Insert question 8 for quiz: Perparation & Practice Quiz
INSERT INTO payload.quiz_questions (
  id,
  question,
  quiz_id,
  quiz_id_id, -- Duplicate field for compatibility
  type,
  explanation,
  "order",
  created_at,
  updated_at
) VALUES (
  '61052d50-7629-4500-9438-9d8f1b549537', -- Generated UUID for the question
  'What is the seventh step of the recommended preparation process?',
  '1980df95-649a-4756-8365-be4896232d7e', -- Quiz ID
  '1980df95-649a-4756-8365-be4896232d7e', -- Quiz ID (duplicate)
  'single-answer',
  '',
  7,
  NOW(),
  NOW()
) ON CONFLICT (id) DO NOTHING; -- Skip if the question already exists

-- Insert option 1 for question 8
INSERT INTO payload.quiz_questions_options (
  id,
  _order,
  _parent_id,
  text,
  is_correct,
  created_at,
  updated_at
) VALUES (
  gen_random_uuid(),
  0,
  '61052d50-7629-4500-9438-9d8f1b549537',
  'Get a good night sleep and review the script once, maybe twice before the presentation',
  true,
  NOW(),
  NOW()
) ON CONFLICT DO NOTHING; -- Skip if the option already exists

-- Insert option 2 for question 8
INSERT INTO payload.quiz_questions_options (
  id,
  _order,
  _parent_id,
  text,
  is_correct,
  created_at,
  updated_at
) VALUES (
  gen_random_uuid(),
  1,
  '61052d50-7629-4500-9438-9d8f1b549537',
  'Present to someone else. Get feedback',
  false,
  NOW(),
  NOW()
) ON CONFLICT DO NOTHING; -- Skip if the option already exists

-- Insert option 3 for question 8
INSERT INTO payload.quiz_questions_options (
  id,
  _order,
  _parent_id,
  text,
  is_correct,
  created_at,
  updated_at
) VALUES (
  gen_random_uuid(),
  2,
  '61052d50-7629-4500-9438-9d8f1b549537',
  'Run through the presentation two or three time working on length, simplifying language, and identifying likely questions',
  false,
  NOW(),
  NOW()
) ON CONFLICT DO NOTHING; -- Skip if the option already exists

-- Insert option 4 for question 8
INSERT INTO payload.quiz_questions_options (
  id,
  _order,
  _parent_id,
  text,
  is_correct,
  created_at,
  updated_at
) VALUES (
  gen_random_uuid(),
  3,
  '61052d50-7629-4500-9438-9d8f1b549537',
  'Speak the presentation out loud and improvise. Test turns of phrases, identify key points that you want to make for each phrase',
  false,
  NOW(),
  NOW()
) ON CONFLICT DO NOTHING; -- Skip if the option already exists

-- Insert option 5 for question 8
INSERT INTO payload.quiz_questions_options (
  id,
  _order,
  _parent_id,
  text,
  is_correct,
  created_at,
  updated_at
) VALUES (
  gen_random_uuid(),
  4,
  '61052d50-7629-4500-9438-9d8f1b549537',
  'Write down the verbal voice over and create a formal script',
  false,
  NOW(),
  NOW()
) ON CONFLICT DO NOTHING; -- Skip if the option already exists

-- Insert option 6 for question 8
INSERT INTO payload.quiz_questions_options (
  id,
  _order,
  _parent_id,
  text,
  is_correct,
  created_at,
  updated_at
) VALUES (
  gen_random_uuid(),
  5,
  '61052d50-7629-4500-9438-9d8f1b549537',
  'Test the length of the presentation. Revise the deck, eliminating or combining slide ideas',
  false,
  NOW(),
  NOW()
) ON CONFLICT DO NOTHING; -- Skip if the option already exists

-- Insert option 7 for question 8
INSERT INTO payload.quiz_questions_options (
  id,
  _order,
  _parent_id,
  text,
  is_correct,
  created_at,
  updated_at
) VALUES (
  gen_random_uuid(),
  6,
  '61052d50-7629-4500-9438-9d8f1b549537',
  'Run through the script a few more times and the put it aside',
  false,
  NOW(),
  NOW()
) ON CONFLICT DO NOTHING; -- Skip if the option already exists

-- Create relationship entry for the question to the quiz
INSERT INTO payload.quiz_questions_rels (
  id,
  _parent_id,
  field,
  value,
  created_at,
  updated_at
) VALUES (
  gen_random_uuid(),
  '61052d50-7629-4500-9438-9d8f1b549537',
  'quiz_id',
  '1980df95-649a-4756-8365-be4896232d7e',
  NOW(),
  NOW()
) ON CONFLICT DO NOTHING; -- Skip if the relationship already exists

-- Create bidirectional relationship entry for the quiz to the question
INSERT INTO payload.course_quizzes_rels (
  id,
  _parent_id,
  field,
  value,
  created_at,
  updated_at
) VALUES (
  gen_random_uuid(),
  '1980df95-649a-4756-8365-be4896232d7e',
  'questions',
  '61052d50-7629-4500-9438-9d8f1b549537',
  NOW(),
  NOW()
) ON CONFLICT DO NOTHING; -- Skip if the relationship already exists

-- Questions for quiz: Slide Composition Quiz (slide-composition-quiz, ID: e24f2173-c214-47c6-bf9c-9788033d7c2c)
-- Insert question 1 for quiz: Slide Composition Quiz
INSERT INTO payload.quiz_questions (
  id,
  question,
  quiz_id,
  quiz_id_id, -- Duplicate field for compatibility
  type,
  explanation,
  "order",
  created_at,
  updated_at
) VALUES (
  'a68c7029-a2b9-4408-9fda-e2690aaceb5c', -- Generated UUID for the question
  'What goes in the headline?',
  'e24f2173-c214-47c6-bf9c-9788033d7c2c', -- Quiz ID
  'e24f2173-c214-47c6-bf9c-9788033d7c2c', -- Quiz ID (duplicate)
  'single-answer',
  '',
  0,
  NOW(),
  NOW()
) ON CONFLICT (id) DO NOTHING; -- Skip if the question already exists

-- Insert option 1 for question 1
INSERT INTO payload.quiz_questions_options (
  id,
  _order,
  _parent_id,
  text,
  is_correct,
  created_at,
  updated_at
) VALUES (
  gen_random_uuid(),
  0,
  'a68c7029-a2b9-4408-9fda-e2690aaceb5c',
  'Your footnotes',
  false,
  NOW(),
  NOW()
) ON CONFLICT DO NOTHING; -- Skip if the option already exists

-- Insert option 2 for question 1
INSERT INTO payload.quiz_questions_options (
  id,
  _order,
  _parent_id,
  text,
  is_correct,
  created_at,
  updated_at
) VALUES (
  gen_random_uuid(),
  1,
  'a68c7029-a2b9-4408-9fda-e2690aaceb5c',
  'Your voice-over script',
  false,
  NOW(),
  NOW()
) ON CONFLICT DO NOTHING; -- Skip if the option already exists

-- Insert option 3 for question 1
INSERT INTO payload.quiz_questions_options (
  id,
  _order,
  _parent_id,
  text,
  is_correct,
  created_at,
  updated_at
) VALUES (
  gen_random_uuid(),
  2,
  'a68c7029-a2b9-4408-9fda-e2690aaceb5c',
  'Your slide title',
  false,
  NOW(),
  NOW()
) ON CONFLICT DO NOTHING; -- Skip if the option already exists

-- Insert option 4 for question 1
INSERT INTO payload.quiz_questions_options (
  id,
  _order,
  _parent_id,
  text,
  is_correct,
  created_at,
  updated_at
) VALUES (
  gen_random_uuid(),
  3,
  'a68c7029-a2b9-4408-9fda-e2690aaceb5c',
  'The main message of the slide',
  true,
  NOW(),
  NOW()
) ON CONFLICT DO NOTHING; -- Skip if the option already exists

-- Create relationship entry for the question to the quiz
INSERT INTO payload.quiz_questions_rels (
  id,
  _parent_id,
  field,
  value,
  created_at,
  updated_at
) VALUES (
  gen_random_uuid(),
  'a68c7029-a2b9-4408-9fda-e2690aaceb5c',
  'quiz_id',
  'e24f2173-c214-47c6-bf9c-9788033d7c2c',
  NOW(),
  NOW()
) ON CONFLICT DO NOTHING; -- Skip if the relationship already exists

-- Create bidirectional relationship entry for the quiz to the question
INSERT INTO payload.course_quizzes_rels (
  id,
  _parent_id,
  field,
  value,
  created_at,
  updated_at
) VALUES (
  gen_random_uuid(),
  'e24f2173-c214-47c6-bf9c-9788033d7c2c',
  'questions',
  'a68c7029-a2b9-4408-9fda-e2690aaceb5c',
  NOW(),
  NOW()
) ON CONFLICT DO NOTHING; -- Skip if the relationship already exists

-- Insert question 2 for quiz: Slide Composition Quiz
INSERT INTO payload.quiz_questions (
  id,
  question,
  quiz_id,
  quiz_id_id, -- Duplicate field for compatibility
  type,
  explanation,
  "order",
  created_at,
  updated_at
) VALUES (
  '848243a1-7c31-431f-96f8-c8e08b0714b1', -- Generated UUID for the question
  'What goes in the body of the slide?',
  'e24f2173-c214-47c6-bf9c-9788033d7c2c', -- Quiz ID
  'e24f2173-c214-47c6-bf9c-9788033d7c2c', -- Quiz ID (duplicate)
  'single-answer',
  '',
  1,
  NOW(),
  NOW()
) ON CONFLICT (id) DO NOTHING; -- Skip if the question already exists

-- Insert option 1 for question 2
INSERT INTO payload.quiz_questions_options (
  id,
  _order,
  _parent_id,
  text,
  is_correct,
  created_at,
  updated_at
) VALUES (
  gen_random_uuid(),
  0,
  '848243a1-7c31-431f-96f8-c8e08b0714b1',
  'The supporting evidence that supports the main message',
  true,
  NOW(),
  NOW()
) ON CONFLICT DO NOTHING; -- Skip if the option already exists

-- Insert option 2 for question 2
INSERT INTO payload.quiz_questions_options (
  id,
  _order,
  _parent_id,
  text,
  is_correct,
  created_at,
  updated_at
) VALUES (
  gen_random_uuid(),
  1,
  '848243a1-7c31-431f-96f8-c8e08b0714b1',
  'Text',
  false,
  NOW(),
  NOW()
) ON CONFLICT DO NOTHING; -- Skip if the option already exists

-- Insert option 3 for question 2
INSERT INTO payload.quiz_questions_options (
  id,
  _order,
  _parent_id,
  text,
  is_correct,
  created_at,
  updated_at
) VALUES (
  gen_random_uuid(),
  2,
  '848243a1-7c31-431f-96f8-c8e08b0714b1',
  'Charts',
  false,
  NOW(),
  NOW()
) ON CONFLICT DO NOTHING; -- Skip if the option already exists

-- Insert option 4 for question 2
INSERT INTO payload.quiz_questions_options (
  id,
  _order,
  _parent_id,
  text,
  is_correct,
  created_at,
  updated_at
) VALUES (
  gen_random_uuid(),
  3,
  '848243a1-7c31-431f-96f8-c8e08b0714b1',
  'Clip art',
  false,
  NOW(),
  NOW()
) ON CONFLICT DO NOTHING; -- Skip if the option already exists

-- Create relationship entry for the question to the quiz
INSERT INTO payload.quiz_questions_rels (
  id,
  _parent_id,
  field,
  value,
  created_at,
  updated_at
) VALUES (
  gen_random_uuid(),
  '848243a1-7c31-431f-96f8-c8e08b0714b1',
  'quiz_id',
  'e24f2173-c214-47c6-bf9c-9788033d7c2c',
  NOW(),
  NOW()
) ON CONFLICT DO NOTHING; -- Skip if the relationship already exists

-- Create bidirectional relationship entry for the quiz to the question
INSERT INTO payload.course_quizzes_rels (
  id,
  _parent_id,
  field,
  value,
  created_at,
  updated_at
) VALUES (
  gen_random_uuid(),
  'e24f2173-c214-47c6-bf9c-9788033d7c2c',
  'questions',
  '848243a1-7c31-431f-96f8-c8e08b0714b1',
  NOW(),
  NOW()
) ON CONFLICT DO NOTHING; -- Skip if the relationship already exists

-- Insert question 3 for quiz: Slide Composition Quiz
INSERT INTO payload.quiz_questions (
  id,
  question,
  quiz_id,
  quiz_id_id, -- Duplicate field for compatibility
  type,
  explanation,
  "order",
  created_at,
  updated_at
) VALUES (
  '9b82e87e-9af7-4b6b-a101-aa5881c1394c', -- Generated UUID for the question
  'What is a swipe file?',
  'e24f2173-c214-47c6-bf9c-9788033d7c2c', -- Quiz ID
  'e24f2173-c214-47c6-bf9c-9788033d7c2c', -- Quiz ID (duplicate)
  'single-answer',
  '',
  2,
  NOW(),
  NOW()
) ON CONFLICT (id) DO NOTHING; -- Skip if the question already exists

-- Insert option 1 for question 3
INSERT INTO payload.quiz_questions_options (
  id,
  _order,
  _parent_id,
  text,
  is_correct,
  created_at,
  updated_at
) VALUES (
  gen_random_uuid(),
  0,
  '9b82e87e-9af7-4b6b-a101-aa5881c1394c',
  'Collection of useful slide designs and frameworks that you can utilize for inspiration',
  true,
  NOW(),
  NOW()
) ON CONFLICT DO NOTHING; -- Skip if the option already exists

-- Insert option 2 for question 3
INSERT INTO payload.quiz_questions_options (
  id,
  _order,
  _parent_id,
  text,
  is_correct,
  created_at,
  updated_at
) VALUES (
  gen_random_uuid(),
  1,
  '9b82e87e-9af7-4b6b-a101-aa5881c1394c',
  'Hacker code to get free templates',
  false,
  NOW(),
  NOW()
) ON CONFLICT DO NOTHING; -- Skip if the option already exists

-- Insert option 3 for question 3
INSERT INTO payload.quiz_questions_options (
  id,
  _order,
  _parent_id,
  text,
  is_correct,
  created_at,
  updated_at
) VALUES (
  gen_random_uuid(),
  2,
  '9b82e87e-9af7-4b6b-a101-aa5881c1394c',
  'Where you store illicit data',
  false,
  NOW(),
  NOW()
) ON CONFLICT DO NOTHING; -- Skip if the option already exists

-- Insert option 4 for question 3
INSERT INTO payload.quiz_questions_options (
  id,
  _order,
  _parent_id,
  text,
  is_correct,
  created_at,
  updated_at
) VALUES (
  gen_random_uuid(),
  3,
  '9b82e87e-9af7-4b6b-a101-aa5881c1394c',
  'Another name for a garbage can',
  false,
  NOW(),
  NOW()
) ON CONFLICT DO NOTHING; -- Skip if the option already exists

-- Create relationship entry for the question to the quiz
INSERT INTO payload.quiz_questions_rels (
  id,
  _parent_id,
  field,
  value,
  created_at,
  updated_at
) VALUES (
  gen_random_uuid(),
  '9b82e87e-9af7-4b6b-a101-aa5881c1394c',
  'quiz_id',
  'e24f2173-c214-47c6-bf9c-9788033d7c2c',
  NOW(),
  NOW()
) ON CONFLICT DO NOTHING; -- Skip if the relationship already exists

-- Create bidirectional relationship entry for the quiz to the question
INSERT INTO payload.course_quizzes_rels (
  id,
  _parent_id,
  field,
  value,
  created_at,
  updated_at
) VALUES (
  gen_random_uuid(),
  'e24f2173-c214-47c6-bf9c-9788033d7c2c',
  'questions',
  '9b82e87e-9af7-4b6b-a101-aa5881c1394c',
  NOW(),
  NOW()
) ON CONFLICT DO NOTHING; -- Skip if the relationship already exists

-- Insert question 4 for quiz: Slide Composition Quiz
INSERT INTO payload.quiz_questions (
  id,
  question,
  quiz_id,
  quiz_id_id, -- Duplicate field for compatibility
  type,
  explanation,
  "order",
  created_at,
  updated_at
) VALUES (
  '89e0e0c6-cdca-4c10-9511-722bec925bc8', -- Generated UUID for the question
  'When is the best time to use clip art?',
  'e24f2173-c214-47c6-bf9c-9788033d7c2c', -- Quiz ID
  'e24f2173-c214-47c6-bf9c-9788033d7c2c', -- Quiz ID (duplicate)
  'single-answer',
  '',
  3,
  NOW(),
  NOW()
) ON CONFLICT (id) DO NOTHING; -- Skip if the question already exists

-- Insert option 1 for question 4
INSERT INTO payload.quiz_questions_options (
  id,
  _order,
  _parent_id,
  text,
  is_correct,
  created_at,
  updated_at
) VALUES (
  gen_random_uuid(),
  0,
  '89e0e0c6-cdca-4c10-9511-722bec925bc8',
  'Never',
  true,
  NOW(),
  NOW()
) ON CONFLICT DO NOTHING; -- Skip if the option already exists

-- Insert option 2 for question 4
INSERT INTO payload.quiz_questions_options (
  id,
  _order,
  _parent_id,
  text,
  is_correct,
  created_at,
  updated_at
) VALUES (
  gen_random_uuid(),
  1,
  '89e0e0c6-cdca-4c10-9511-722bec925bc8',
  'In marketing and sales presentations, but not in finance presentations',
  false,
  NOW(),
  NOW()
) ON CONFLICT DO NOTHING; -- Skip if the option already exists

-- Insert option 3 for question 4
INSERT INTO payload.quiz_questions_options (
  id,
  _order,
  _parent_id,
  text,
  is_correct,
  created_at,
  updated_at
) VALUES (
  gen_random_uuid(),
  2,
  '89e0e0c6-cdca-4c10-9511-722bec925bc8',
  'No restrictions',
  false,
  NOW(),
  NOW()
) ON CONFLICT DO NOTHING; -- Skip if the option already exists

-- Insert option 4 for question 4
INSERT INTO payload.quiz_questions_options (
  id,
  _order,
  _parent_id,
  text,
  is_correct,
  created_at,
  updated_at
) VALUES (
  gen_random_uuid(),
  3,
  '89e0e0c6-cdca-4c10-9511-722bec925bc8',
  'When the clip art is of a cute cat',
  false,
  NOW(),
  NOW()
) ON CONFLICT DO NOTHING; -- Skip if the option already exists

-- Create relationship entry for the question to the quiz
INSERT INTO payload.quiz_questions_rels (
  id,
  _parent_id,
  field,
  value,
  created_at,
  updated_at
) VALUES (
  gen_random_uuid(),
  '89e0e0c6-cdca-4c10-9511-722bec925bc8',
  'quiz_id',
  'e24f2173-c214-47c6-bf9c-9788033d7c2c',
  NOW(),
  NOW()
) ON CONFLICT DO NOTHING; -- Skip if the relationship already exists

-- Create bidirectional relationship entry for the quiz to the question
INSERT INTO payload.course_quizzes_rels (
  id,
  _parent_id,
  field,
  value,
  created_at,
  updated_at
) VALUES (
  gen_random_uuid(),
  'e24f2173-c214-47c6-bf9c-9788033d7c2c',
  'questions',
  '89e0e0c6-cdca-4c10-9511-722bec925bc8',
  NOW(),
  NOW()
) ON CONFLICT DO NOTHING; -- Skip if the relationship already exists

-- Insert question 5 for quiz: Slide Composition Quiz
INSERT INTO payload.quiz_questions (
  id,
  question,
  quiz_id,
  quiz_id_id, -- Duplicate field for compatibility
  type,
  explanation,
  "order",
  created_at,
  updated_at
) VALUES (
  'ba4f9d0e-7996-4bf6-ab9a-aa79de5d076c', -- Generated UUID for the question
  'What elements can be repeated on all slides?',
  'e24f2173-c214-47c6-bf9c-9788033d7c2c', -- Quiz ID
  'e24f2173-c214-47c6-bf9c-9788033d7c2c', -- Quiz ID (duplicate)
  'multi-answer',
  '',
  4,
  NOW(),
  NOW()
) ON CONFLICT (id) DO NOTHING; -- Skip if the question already exists

-- Insert option 1 for question 5
INSERT INTO payload.quiz_questions_options (
  id,
  _order,
  _parent_id,
  text,
  is_correct,
  created_at,
  updated_at
) VALUES (
  gen_random_uuid(),
  0,
  'ba4f9d0e-7996-4bf6-ab9a-aa79de5d076c',
  'Company logo',
  false,
  NOW(),
  NOW()
) ON CONFLICT DO NOTHING; -- Skip if the option already exists

-- Insert option 2 for question 5
INSERT INTO payload.quiz_questions_options (
  id,
  _order,
  _parent_id,
  text,
  is_correct,
  created_at,
  updated_at
) VALUES (
  gen_random_uuid(),
  1,
  'ba4f9d0e-7996-4bf6-ab9a-aa79de5d076c',
  'Location for a headline',
  true,
  NOW(),
  NOW()
) ON CONFLICT DO NOTHING; -- Skip if the option already exists

-- Insert option 3 for question 5
INSERT INTO payload.quiz_questions_options (
  id,
  _order,
  _parent_id,
  text,
  is_correct,
  created_at,
  updated_at
) VALUES (
  gen_random_uuid(),
  2,
  'ba4f9d0e-7996-4bf6-ab9a-aa79de5d076c',
  'Location for footnotes',
  true,
  NOW(),
  NOW()
) ON CONFLICT DO NOTHING; -- Skip if the option already exists

-- Insert option 4 for question 5
INSERT INTO payload.quiz_questions_options (
  id,
  _order,
  _parent_id,
  text,
  is_correct,
  created_at,
  updated_at
) VALUES (
  gen_random_uuid(),
  3,
  'ba4f9d0e-7996-4bf6-ab9a-aa79de5d076c',
  'Trademark and confidentiality messages',
  false,
  NOW(),
  NOW()
) ON CONFLICT DO NOTHING; -- Skip if the option already exists

-- Insert option 5 for question 5
INSERT INTO payload.quiz_questions_options (
  id,
  _order,
  _parent_id,
  text,
  is_correct,
  created_at,
  updated_at
) VALUES (
  gen_random_uuid(),
  4,
  'ba4f9d0e-7996-4bf6-ab9a-aa79de5d076c',
  'Banners',
  false,
  NOW(),
  NOW()
) ON CONFLICT DO NOTHING; -- Skip if the option already exists

-- Insert option 6 for question 5
INSERT INTO payload.quiz_questions_options (
  id,
  _order,
  _parent_id,
  text,
  is_correct,
  created_at,
  updated_at
) VALUES (
  gen_random_uuid(),
  5,
  'ba4f9d0e-7996-4bf6-ab9a-aa79de5d076c',
  'Location  for page numbers',
  true,
  NOW(),
  NOW()
) ON CONFLICT DO NOTHING; -- Skip if the option already exists

-- Create relationship entry for the question to the quiz
INSERT INTO payload.quiz_questions_rels (
  id,
  _parent_id,
  field,
  value,
  created_at,
  updated_at
) VALUES (
  gen_random_uuid(),
  'ba4f9d0e-7996-4bf6-ab9a-aa79de5d076c',
  'quiz_id',
  'e24f2173-c214-47c6-bf9c-9788033d7c2c',
  NOW(),
  NOW()
) ON CONFLICT DO NOTHING; -- Skip if the relationship already exists

-- Create bidirectional relationship entry for the quiz to the question
INSERT INTO payload.course_quizzes_rels (
  id,
  _parent_id,
  field,
  value,
  created_at,
  updated_at
) VALUES (
  gen_random_uuid(),
  'e24f2173-c214-47c6-bf9c-9788033d7c2c',
  'questions',
  'ba4f9d0e-7996-4bf6-ab9a-aa79de5d076c',
  NOW(),
  NOW()
) ON CONFLICT DO NOTHING; -- Skip if the relationship already exists

-- Questions for quiz: Specialist Graphs Quiz (specialist-graphs-quiz, ID: 5030eae7-bb4c-4278-a21d-14c15ec1ea86)
-- Insert question 1 for quiz: Specialist Graphs Quiz
INSERT INTO payload.quiz_questions (
  id,
  question,
  quiz_id,
  quiz_id_id, -- Duplicate field for compatibility
  type,
  explanation,
  "order",
  created_at,
  updated_at
) VALUES (
  '1bb02471-7234-468c-82c2-ad4882aa4ac0', -- Generated UUID for the question
  'What do we use Tornado diagrams for?',
  '5030eae7-bb4c-4278-a21d-14c15ec1ea86', -- Quiz ID
  '5030eae7-bb4c-4278-a21d-14c15ec1ea86', -- Quiz ID (duplicate)
  'single-answer',
  '',
  0,
  NOW(),
  NOW()
) ON CONFLICT (id) DO NOTHING; -- Skip if the question already exists

-- Insert option 1 for question 1
INSERT INTO payload.quiz_questions_options (
  id,
  _order,
  _parent_id,
  text,
  is_correct,
  created_at,
  updated_at
) VALUES (
  gen_random_uuid(),
  0,
  '1bb02471-7234-468c-82c2-ad4882aa4ac0',
  'Composition of markets',
  false,
  NOW(),
  NOW()
) ON CONFLICT DO NOTHING; -- Skip if the option already exists

-- Insert option 2 for question 1
INSERT INTO payload.quiz_questions_options (
  id,
  _order,
  _parent_id,
  text,
  is_correct,
  created_at,
  updated_at
) VALUES (
  gen_random_uuid(),
  1,
  '1bb02471-7234-468c-82c2-ad4882aa4ac0',
  'Nominal comparison',
  false,
  NOW(),
  NOW()
) ON CONFLICT DO NOTHING; -- Skip if the option already exists

-- Insert option 3 for question 1
INSERT INTO payload.quiz_questions_options (
  id,
  _order,
  _parent_id,
  text,
  is_correct,
  created_at,
  updated_at
) VALUES (
  gen_random_uuid(),
  2,
  '1bb02471-7234-468c-82c2-ad4882aa4ac0',
  'Sensitivity analysis',
  true,
  NOW(),
  NOW()
) ON CONFLICT DO NOTHING; -- Skip if the option already exists

-- Insert option 4 for question 1
INSERT INTO payload.quiz_questions_options (
  id,
  _order,
  _parent_id,
  text,
  is_correct,
  created_at,
  updated_at
) VALUES (
  gen_random_uuid(),
  3,
  '1bb02471-7234-468c-82c2-ad4882aa4ac0',
  'To display how several variables change over time',
  false,
  NOW(),
  NOW()
) ON CONFLICT DO NOTHING; -- Skip if the option already exists

-- Create relationship entry for the question to the quiz
INSERT INTO payload.quiz_questions_rels (
  id,
  _parent_id,
  field,
  value,
  created_at,
  updated_at
) VALUES (
  gen_random_uuid(),
  '1bb02471-7234-468c-82c2-ad4882aa4ac0',
  'quiz_id',
  '5030eae7-bb4c-4278-a21d-14c15ec1ea86',
  NOW(),
  NOW()
) ON CONFLICT DO NOTHING; -- Skip if the relationship already exists

-- Create bidirectional relationship entry for the quiz to the question
INSERT INTO payload.course_quizzes_rels (
  id,
  _parent_id,
  field,
  value,
  created_at,
  updated_at
) VALUES (
  gen_random_uuid(),
  '5030eae7-bb4c-4278-a21d-14c15ec1ea86',
  'questions',
  '1bb02471-7234-468c-82c2-ad4882aa4ac0',
  NOW(),
  NOW()
) ON CONFLICT DO NOTHING; -- Skip if the relationship already exists

-- Insert question 2 for quiz: Specialist Graphs Quiz
INSERT INTO payload.quiz_questions (
  id,
  question,
  quiz_id,
  quiz_id_id, -- Duplicate field for compatibility
  type,
  explanation,
  "order",
  created_at,
  updated_at
) VALUES (
  'b4b20048-ae22-4a51-ab36-c5e68223fe97', -- Generated UUID for the question
  'When do we use a Bubble Chart?',
  '5030eae7-bb4c-4278-a21d-14c15ec1ea86', -- Quiz ID
  '5030eae7-bb4c-4278-a21d-14c15ec1ea86', -- Quiz ID (duplicate)
  'single-answer',
  '',
  1,
  NOW(),
  NOW()
) ON CONFLICT (id) DO NOTHING; -- Skip if the question already exists

-- Insert option 1 for question 2
INSERT INTO payload.quiz_questions_options (
  id,
  _order,
  _parent_id,
  text,
  is_correct,
  created_at,
  updated_at
) VALUES (
  gen_random_uuid(),
  0,
  'b4b20048-ae22-4a51-ab36-c5e68223fe97',
  'For nominal comparisons',
  false,
  NOW(),
  NOW()
) ON CONFLICT DO NOTHING; -- Skip if the option already exists

-- Insert option 2 for question 2
INSERT INTO payload.quiz_questions_options (
  id,
  _order,
  _parent_id,
  text,
  is_correct,
  created_at,
  updated_at
) VALUES (
  gen_random_uuid(),
  1,
  'b4b20048-ae22-4a51-ab36-c5e68223fe97',
  'When your scatter plot is ugly',
  false,
  NOW(),
  NOW()
) ON CONFLICT DO NOTHING; -- Skip if the option already exists

-- Insert option 3 for question 2
INSERT INTO payload.quiz_questions_options (
  id,
  _order,
  _parent_id,
  text,
  is_correct,
  created_at,
  updated_at
) VALUES (
  gen_random_uuid(),
  2,
  'b4b20048-ae22-4a51-ab36-c5e68223fe97',
  'When you want to show three variables',
  true,
  NOW(),
  NOW()
) ON CONFLICT DO NOTHING; -- Skip if the option already exists

-- Insert option 4 for question 2
INSERT INTO payload.quiz_questions_options (
  id,
  _order,
  _parent_id,
  text,
  is_correct,
  created_at,
  updated_at
) VALUES (
  gen_random_uuid(),
  3,
  'b4b20048-ae22-4a51-ab36-c5e68223fe97',
  'To show a time series',
  false,
  NOW(),
  NOW()
) ON CONFLICT DO NOTHING; -- Skip if the option already exists

-- Create relationship entry for the question to the quiz
INSERT INTO payload.quiz_questions_rels (
  id,
  _parent_id,
  field,
  value,
  created_at,
  updated_at
) VALUES (
  gen_random_uuid(),
  'b4b20048-ae22-4a51-ab36-c5e68223fe97',
  'quiz_id',
  '5030eae7-bb4c-4278-a21d-14c15ec1ea86',
  NOW(),
  NOW()
) ON CONFLICT DO NOTHING; -- Skip if the relationship already exists

-- Create bidirectional relationship entry for the quiz to the question
INSERT INTO payload.course_quizzes_rels (
  id,
  _parent_id,
  field,
  value,
  created_at,
  updated_at
) VALUES (
  gen_random_uuid(),
  '5030eae7-bb4c-4278-a21d-14c15ec1ea86',
  'questions',
  'b4b20048-ae22-4a51-ab36-c5e68223fe97',
  NOW(),
  NOW()
) ON CONFLICT DO NOTHING; -- Skip if the relationship already exists

-- Insert question 3 for quiz: Specialist Graphs Quiz
INSERT INTO payload.quiz_questions (
  id,
  question,
  quiz_id,
  quiz_id_id, -- Duplicate field for compatibility
  type,
  explanation,
  "order",
  created_at,
  updated_at
) VALUES (
  '5b0961d4-a1e4-4804-81af-0e1f57743134', -- Generated UUID for the question
  'What chart types should we try and avoid using?',
  '5030eae7-bb4c-4278-a21d-14c15ec1ea86', -- Quiz ID
  '5030eae7-bb4c-4278-a21d-14c15ec1ea86', -- Quiz ID (duplicate)
  'multi-answer',
  '',
  2,
  NOW(),
  NOW()
) ON CONFLICT (id) DO NOTHING; -- Skip if the question already exists

-- Insert option 1 for question 3
INSERT INTO payload.quiz_questions_options (
  id,
  _order,
  _parent_id,
  text,
  is_correct,
  created_at,
  updated_at
) VALUES (
  gen_random_uuid(),
  0,
  '5b0961d4-a1e4-4804-81af-0e1f57743134',
  'Donut Chart',
  true,
  NOW(),
  NOW()
) ON CONFLICT DO NOTHING; -- Skip if the option already exists

-- Insert option 2 for question 3
INSERT INTO payload.quiz_questions_options (
  id,
  _order,
  _parent_id,
  text,
  is_correct,
  created_at,
  updated_at
) VALUES (
  gen_random_uuid(),
  1,
  '5b0961d4-a1e4-4804-81af-0e1f57743134',
  'Waterfall Chart',
  false,
  NOW(),
  NOW()
) ON CONFLICT DO NOTHING; -- Skip if the option already exists

-- Insert option 3 for question 3
INSERT INTO payload.quiz_questions_options (
  id,
  _order,
  _parent_id,
  text,
  is_correct,
  created_at,
  updated_at
) VALUES (
  gen_random_uuid(),
  2,
  '5b0961d4-a1e4-4804-81af-0e1f57743134',
  'Pie Chart',
  true,
  NOW(),
  NOW()
) ON CONFLICT DO NOTHING; -- Skip if the option already exists

-- Insert option 4 for question 3
INSERT INTO payload.quiz_questions_options (
  id,
  _order,
  _parent_id,
  text,
  is_correct,
  created_at,
  updated_at
) VALUES (
  gen_random_uuid(),
  3,
  '5b0961d4-a1e4-4804-81af-0e1f57743134',
  'Circle chart',
  true,
  NOW(),
  NOW()
) ON CONFLICT DO NOTHING; -- Skip if the option already exists

-- Insert option 5 for question 3
INSERT INTO payload.quiz_questions_options (
  id,
  _order,
  _parent_id,
  text,
  is_correct,
  created_at,
  updated_at
) VALUES (
  gen_random_uuid(),
  4,
  '5b0961d4-a1e4-4804-81af-0e1f57743134',
  'Anything 3-D',
  true,
  NOW(),
  NOW()
) ON CONFLICT DO NOTHING; -- Skip if the option already exists

-- Insert option 6 for question 3
INSERT INTO payload.quiz_questions_options (
  id,
  _order,
  _parent_id,
  text,
  is_correct,
  created_at,
  updated_at
) VALUES (
  gen_random_uuid(),
  5,
  '5b0961d4-a1e4-4804-81af-0e1f57743134',
  'Merimekko Chart',
  false,
  NOW(),
  NOW()
) ON CONFLICT DO NOTHING; -- Skip if the option already exists

-- Create relationship entry for the question to the quiz
INSERT INTO payload.quiz_questions_rels (
  id,
  _parent_id,
  field,
  value,
  created_at,
  updated_at
) VALUES (
  gen_random_uuid(),
  '5b0961d4-a1e4-4804-81af-0e1f57743134',
  'quiz_id',
  '5030eae7-bb4c-4278-a21d-14c15ec1ea86',
  NOW(),
  NOW()
) ON CONFLICT DO NOTHING; -- Skip if the relationship already exists

-- Create bidirectional relationship entry for the quiz to the question
INSERT INTO payload.course_quizzes_rels (
  id,
  _parent_id,
  field,
  value,
  created_at,
  updated_at
) VALUES (
  gen_random_uuid(),
  '5030eae7-bb4c-4278-a21d-14c15ec1ea86',
  'questions',
  '5b0961d4-a1e4-4804-81af-0e1f57743134',
  NOW(),
  NOW()
) ON CONFLICT DO NOTHING; -- Skip if the relationship already exists

-- Insert question 4 for quiz: Specialist Graphs Quiz
INSERT INTO payload.quiz_questions (
  id,
  question,
  quiz_id,
  quiz_id_id, -- Duplicate field for compatibility
  type,
  explanation,
  "order",
  created_at,
  updated_at
) VALUES (
  '2b46071e-8335-40fc-b48e-ce3a997ef06a', -- Generated UUID for the question
  'What is the best use of a Waterfall Chart?',
  '5030eae7-bb4c-4278-a21d-14c15ec1ea86', -- Quiz ID
  '5030eae7-bb4c-4278-a21d-14c15ec1ea86', -- Quiz ID (duplicate)
  'single-answer',
  '',
  3,
  NOW(),
  NOW()
) ON CONFLICT (id) DO NOTHING; -- Skip if the question already exists

-- Insert option 1 for question 4
INSERT INTO payload.quiz_questions_options (
  id,
  _order,
  _parent_id,
  text,
  is_correct,
  created_at,
  updated_at
) VALUES (
  gen_random_uuid(),
  0,
  '2b46071e-8335-40fc-b48e-ce3a997ef06a',
  'To show a time series',
  false,
  NOW(),
  NOW()
) ON CONFLICT DO NOTHING; -- Skip if the option already exists

-- Insert option 2 for question 4
INSERT INTO payload.quiz_questions_options (
  id,
  _order,
  _parent_id,
  text,
  is_correct,
  created_at,
  updated_at
) VALUES (
  gen_random_uuid(),
  1,
  '2b46071e-8335-40fc-b48e-ce3a997ef06a',
  'To show how increases and decreases in a balance affect that balance over time',
  true,
  NOW(),
  NOW()
) ON CONFLICT DO NOTHING; -- Skip if the option already exists

-- Insert option 3 for question 4
INSERT INTO payload.quiz_questions_options (
  id,
  _order,
  _parent_id,
  text,
  is_correct,
  created_at,
  updated_at
) VALUES (
  gen_random_uuid(),
  2,
  '2b46071e-8335-40fc-b48e-ce3a997ef06a',
  'To show a part-to-whole relationship',
  false,
  NOW(),
  NOW()
) ON CONFLICT DO NOTHING; -- Skip if the option already exists

-- Insert option 4 for question 4
INSERT INTO payload.quiz_questions_options (
  id,
  _order,
  _parent_id,
  text,
  is_correct,
  created_at,
  updated_at
) VALUES (
  gen_random_uuid(),
  3,
  '2b46071e-8335-40fc-b48e-ce3a997ef06a',
  'As a fancy nominal comparison bar chart',
  false,
  NOW(),
  NOW()
) ON CONFLICT DO NOTHING; -- Skip if the option already exists

-- Create relationship entry for the question to the quiz
INSERT INTO payload.quiz_questions_rels (
  id,
  _parent_id,
  field,
  value,
  created_at,
  updated_at
) VALUES (
  gen_random_uuid(),
  '2b46071e-8335-40fc-b48e-ce3a997ef06a',
  'quiz_id',
  '5030eae7-bb4c-4278-a21d-14c15ec1ea86',
  NOW(),
  NOW()
) ON CONFLICT DO NOTHING; -- Skip if the relationship already exists

-- Create bidirectional relationship entry for the quiz to the question
INSERT INTO payload.course_quizzes_rels (
  id,
  _parent_id,
  field,
  value,
  created_at,
  updated_at
) VALUES (
  gen_random_uuid(),
  '5030eae7-bb4c-4278-a21d-14c15ec1ea86',
  'questions',
  '2b46071e-8335-40fc-b48e-ce3a997ef06a',
  NOW(),
  NOW()
) ON CONFLICT DO NOTHING; -- Skip if the relationship already exists

-- Insert question 5 for quiz: Specialist Graphs Quiz
INSERT INTO payload.quiz_questions (
  id,
  question,
  quiz_id,
  quiz_id_id, -- Duplicate field for compatibility
  type,
  explanation,
  "order",
  created_at,
  updated_at
) VALUES (
  'd0e5b0c8-c8b9-4eb3-b3b2-5fb8dbbfed69', -- Generated UUID for the question
  'What is one of the more common uses of a Marimekko Chart?',
  '5030eae7-bb4c-4278-a21d-14c15ec1ea86', -- Quiz ID
  '5030eae7-bb4c-4278-a21d-14c15ec1ea86', -- Quiz ID (duplicate)
  'single-answer',
  '',
  4,
  NOW(),
  NOW()
) ON CONFLICT (id) DO NOTHING; -- Skip if the question already exists

-- Insert option 1 for question 5
INSERT INTO payload.quiz_questions_options (
  id,
  _order,
  _parent_id,
  text,
  is_correct,
  created_at,
  updated_at
) VALUES (
  gen_random_uuid(),
  0,
  'd0e5b0c8-c8b9-4eb3-b3b2-5fb8dbbfed69',
  'To confuse our audience',
  false,
  NOW(),
  NOW()
) ON CONFLICT DO NOTHING; -- Skip if the option already exists

-- Insert option 2 for question 5
INSERT INTO payload.quiz_questions_options (
  id,
  _order,
  _parent_id,
  text,
  is_correct,
  created_at,
  updated_at
) VALUES (
  gen_random_uuid(),
  1,
  'd0e5b0c8-c8b9-4eb3-b3b2-5fb8dbbfed69',
  'To show a time series',
  false,
  NOW(),
  NOW()
) ON CONFLICT DO NOTHING; -- Skip if the option already exists

-- Insert option 3 for question 5
INSERT INTO payload.quiz_questions_options (
  id,
  _order,
  _parent_id,
  text,
  is_correct,
  created_at,
  updated_at
) VALUES (
  gen_random_uuid(),
  2,
  'd0e5b0c8-c8b9-4eb3-b3b2-5fb8dbbfed69',
  'To show data on the Finnish textile industry',
  false,
  NOW(),
  NOW()
) ON CONFLICT DO NOTHING; -- Skip if the option already exists

-- Insert option 4 for question 5
INSERT INTO payload.quiz_questions_options (
  id,
  _order,
  _parent_id,
  text,
  is_correct,
  created_at,
  updated_at
) VALUES (
  gen_random_uuid(),
  3,
  'd0e5b0c8-c8b9-4eb3-b3b2-5fb8dbbfed69',
  'To display the composition of markets',
  true,
  NOW(),
  NOW()
) ON CONFLICT DO NOTHING; -- Skip if the option already exists

-- Create relationship entry for the question to the quiz
INSERT INTO payload.quiz_questions_rels (
  id,
  _parent_id,
  field,
  value,
  created_at,
  updated_at
) VALUES (
  gen_random_uuid(),
  'd0e5b0c8-c8b9-4eb3-b3b2-5fb8dbbfed69',
  'quiz_id',
  '5030eae7-bb4c-4278-a21d-14c15ec1ea86',
  NOW(),
  NOW()
) ON CONFLICT DO NOTHING; -- Skip if the relationship already exists

-- Create bidirectional relationship entry for the quiz to the question
INSERT INTO payload.course_quizzes_rels (
  id,
  _parent_id,
  field,
  value,
  created_at,
  updated_at
) VALUES (
  gen_random_uuid(),
  '5030eae7-bb4c-4278-a21d-14c15ec1ea86',
  'questions',
  'd0e5b0c8-c8b9-4eb3-b3b2-5fb8dbbfed69',
  NOW(),
  NOW()
) ON CONFLICT DO NOTHING; -- Skip if the relationship already exists

-- Insert question 6 for quiz: Specialist Graphs Quiz
INSERT INTO payload.quiz_questions (
  id,
  question,
  quiz_id,
  quiz_id_id, -- Duplicate field for compatibility
  type,
  explanation,
  "order",
  created_at,
  updated_at
) VALUES (
  '58c6281e-4734-45ed-9a3a-dfd8156aa4fc', -- Generated UUID for the question
  'What are Motion Charts used for?',
  '5030eae7-bb4c-4278-a21d-14c15ec1ea86', -- Quiz ID
  '5030eae7-bb4c-4278-a21d-14c15ec1ea86', -- Quiz ID (duplicate)
  'single-answer',
  '',
  5,
  NOW(),
  NOW()
) ON CONFLICT (id) DO NOTHING; -- Skip if the question already exists

-- Insert option 1 for question 6
INSERT INTO payload.quiz_questions_options (
  id,
  _order,
  _parent_id,
  text,
  is_correct,
  created_at,
  updated_at
) VALUES (
  gen_random_uuid(),
  0,
  '58c6281e-4734-45ed-9a3a-dfd8156aa4fc',
  'To explore how several variables change over time',
  true,
  NOW(),
  NOW()
) ON CONFLICT DO NOTHING; -- Skip if the option already exists

-- Insert option 2 for question 6
INSERT INTO payload.quiz_questions_options (
  id,
  _order,
  _parent_id,
  text,
  is_correct,
  created_at,
  updated_at
) VALUES (
  gen_random_uuid(),
  1,
  '58c6281e-4734-45ed-9a3a-dfd8156aa4fc',
  'Sensitivity analysis',
  false,
  NOW(),
  NOW()
) ON CONFLICT DO NOTHING; -- Skip if the option already exists

-- Insert option 3 for question 6
INSERT INTO payload.quiz_questions_options (
  id,
  _order,
  _parent_id,
  text,
  is_correct,
  created_at,
  updated_at
) VALUES (
  gen_random_uuid(),
  2,
  '58c6281e-4734-45ed-9a3a-dfd8156aa4fc',
  'Nominal comparison',
  false,
  NOW(),
  NOW()
) ON CONFLICT DO NOTHING; -- Skip if the option already exists

-- Insert option 4 for question 6
INSERT INTO payload.quiz_questions_options (
  id,
  _order,
  _parent_id,
  text,
  is_correct,
  created_at,
  updated_at
) VALUES (
  gen_random_uuid(),
  3,
  '58c6281e-4734-45ed-9a3a-dfd8156aa4fc',
  'Composition of markets',
  false,
  NOW(),
  NOW()
) ON CONFLICT DO NOTHING; -- Skip if the option already exists

-- Create relationship entry for the question to the quiz
INSERT INTO payload.quiz_questions_rels (
  id,
  _parent_id,
  field,
  value,
  created_at,
  updated_at
) VALUES (
  gen_random_uuid(),
  '58c6281e-4734-45ed-9a3a-dfd8156aa4fc',
  'quiz_id',
  '5030eae7-bb4c-4278-a21d-14c15ec1ea86',
  NOW(),
  NOW()
) ON CONFLICT DO NOTHING; -- Skip if the relationship already exists

-- Create bidirectional relationship entry for the quiz to the question
INSERT INTO payload.course_quizzes_rels (
  id,
  _parent_id,
  field,
  value,
  created_at,
  updated_at
) VALUES (
  gen_random_uuid(),
  '5030eae7-bb4c-4278-a21d-14c15ec1ea86',
  'questions',
  '58c6281e-4734-45ed-9a3a-dfd8156aa4fc',
  NOW(),
  NOW()
) ON CONFLICT DO NOTHING; -- Skip if the relationship already exists

-- Questions for quiz: Storyboards in Film Quiz (storyboards-in-film-quiz, ID: 4cd1a1eb-79da-41c7-9a04-2dbdcdb84f27)
-- Insert question 1 for quiz: Storyboards in Film Quiz
INSERT INTO payload.quiz_questions (
  id,
  question,
  quiz_id,
  quiz_id_id, -- Duplicate field for compatibility
  type,
  explanation,
  "order",
  created_at,
  updated_at
) VALUES (
  '38928840-be42-4a23-8149-42a565a5d91b', -- Generated UUID for the question
  'What is a storyboard?',
  '4cd1a1eb-79da-41c7-9a04-2dbdcdb84f27', -- Quiz ID
  '4cd1a1eb-79da-41c7-9a04-2dbdcdb84f27', -- Quiz ID (duplicate)
  'multiple_choice',
  '',
  0,
  NOW(),
  NOW()
) ON CONFLICT (id) DO NOTHING; -- Skip if the question already exists

-- Insert option 1 for question 1
INSERT INTO payload.quiz_questions_options (
  id,
  _order,
  _parent_id,
  text,
  is_correct,
  created_at,
  updated_at
) VALUES (
  gen_random_uuid(),
  0,
  '38928840-be42-4a23-8149-42a565a5d91b',
  'A blueprint of the movie',
  true,
  NOW(),
  NOW()
) ON CONFLICT DO NOTHING; -- Skip if the option already exists

-- Insert option 2 for question 1
INSERT INTO payload.quiz_questions_options (
  id,
  _order,
  _parent_id,
  text,
  is_correct,
  created_at,
  updated_at
) VALUES (
  gen_random_uuid(),
  1,
  '38928840-be42-4a23-8149-42a565a5d91b',
  'A cardboard board to pin up cartoon drawings',
  false,
  NOW(),
  NOW()
) ON CONFLICT DO NOTHING; -- Skip if the option already exists

-- Insert option 3 for question 1
INSERT INTO payload.quiz_questions_options (
  id,
  _order,
  _parent_id,
  text,
  is_correct,
  created_at,
  updated_at
) VALUES (
  gen_random_uuid(),
  2,
  '38928840-be42-4a23-8149-42a565a5d91b',
  'What happens when you are subject to a boring story',
  false,
  NOW(),
  NOW()
) ON CONFLICT DO NOTHING; -- Skip if the option already exists

-- Insert option 4 for question 1
INSERT INTO payload.quiz_questions_options (
  id,
  _order,
  _parent_id,
  text,
  is_correct,
  created_at,
  updated_at
) VALUES (
  gen_random_uuid(),
  3,
  '38928840-be42-4a23-8149-42a565a5d91b',
  'A Landyachts longboard design',
  false,
  NOW(),
  NOW()
) ON CONFLICT DO NOTHING; -- Skip if the option already exists

-- Create relationship entry for the question to the quiz
INSERT INTO payload.quiz_questions_rels (
  id,
  _parent_id,
  field,
  value,
  created_at,
  updated_at
) VALUES (
  gen_random_uuid(),
  '38928840-be42-4a23-8149-42a565a5d91b',
  'quiz_id',
  '4cd1a1eb-79da-41c7-9a04-2dbdcdb84f27',
  NOW(),
  NOW()
) ON CONFLICT DO NOTHING; -- Skip if the relationship already exists

-- Create bidirectional relationship entry for the quiz to the question
INSERT INTO payload.course_quizzes_rels (
  id,
  _parent_id,
  field,
  value,
  created_at,
  updated_at
) VALUES (
  gen_random_uuid(),
  '4cd1a1eb-79da-41c7-9a04-2dbdcdb84f27',
  'questions',
  '38928840-be42-4a23-8149-42a565a5d91b',
  NOW(),
  NOW()
) ON CONFLICT DO NOTHING; -- Skip if the relationship already exists

-- Insert question 2 for quiz: Storyboards in Film Quiz
INSERT INTO payload.quiz_questions (
  id,
  question,
  quiz_id,
  quiz_id_id, -- Duplicate field for compatibility
  type,
  explanation,
  "order",
  created_at,
  updated_at
) VALUES (
  'ab49482a-491f-4959-a277-02cbc772b772', -- Generated UUID for the question
  'Who invented storyboards?',
  '4cd1a1eb-79da-41c7-9a04-2dbdcdb84f27', -- Quiz ID
  '4cd1a1eb-79da-41c7-9a04-2dbdcdb84f27', -- Quiz ID (duplicate)
  'multiple_choice',
  '',
  1,
  NOW(),
  NOW()
) ON CONFLICT (id) DO NOTHING; -- Skip if the question already exists

-- Insert option 1 for question 2
INSERT INTO payload.quiz_questions_options (
  id,
  _order,
  _parent_id,
  text,
  is_correct,
  created_at,
  updated_at
) VALUES (
  gen_random_uuid(),
  0,
  'ab49482a-491f-4959-a277-02cbc772b772',
  'Steve Jobs',
  false,
  NOW(),
  NOW()
) ON CONFLICT DO NOTHING; -- Skip if the option already exists

-- Insert option 2 for question 2
INSERT INTO payload.quiz_questions_options (
  id,
  _order,
  _parent_id,
  text,
  is_correct,
  created_at,
  updated_at
) VALUES (
  gen_random_uuid(),
  1,
  'ab49482a-491f-4959-a277-02cbc772b772',
  'John Lasseter',
  false,
  NOW(),
  NOW()
) ON CONFLICT DO NOTHING; -- Skip if the option already exists

-- Insert option 3 for question 2
INSERT INTO payload.quiz_questions_options (
  id,
  _order,
  _parent_id,
  text,
  is_correct,
  created_at,
  updated_at
) VALUES (
  gen_random_uuid(),
  2,
  'ab49482a-491f-4959-a277-02cbc772b772',
  'Eric Goldberg',
  false,
  NOW(),
  NOW()
) ON CONFLICT DO NOTHING; -- Skip if the option already exists

-- Insert option 4 for question 2
INSERT INTO payload.quiz_questions_options (
  id,
  _order,
  _parent_id,
  text,
  is_correct,
  created_at,
  updated_at
) VALUES (
  gen_random_uuid(),
  3,
  'ab49482a-491f-4959-a277-02cbc772b772',
  'Walt Disney',
  true,
  NOW(),
  NOW()
) ON CONFLICT DO NOTHING; -- Skip if the option already exists

-- Create relationship entry for the question to the quiz
INSERT INTO payload.quiz_questions_rels (
  id,
  _parent_id,
  field,
  value,
  created_at,
  updated_at
) VALUES (
  gen_random_uuid(),
  'ab49482a-491f-4959-a277-02cbc772b772',
  'quiz_id',
  '4cd1a1eb-79da-41c7-9a04-2dbdcdb84f27',
  NOW(),
  NOW()
) ON CONFLICT DO NOTHING; -- Skip if the relationship already exists

-- Create bidirectional relationship entry for the quiz to the question
INSERT INTO payload.course_quizzes_rels (
  id,
  _parent_id,
  field,
  value,
  created_at,
  updated_at
) VALUES (
  gen_random_uuid(),
  '4cd1a1eb-79da-41c7-9a04-2dbdcdb84f27',
  'questions',
  'ab49482a-491f-4959-a277-02cbc772b772',
  NOW(),
  NOW()
) ON CONFLICT DO NOTHING; -- Skip if the relationship already exists

-- Insert question 3 for quiz: Storyboards in Film Quiz
INSERT INTO payload.quiz_questions (
  id,
  question,
  quiz_id,
  quiz_id_id, -- Duplicate field for compatibility
  type,
  explanation,
  "order",
  created_at,
  updated_at
) VALUES (
  '09ec3956-47e6-4ed2-8d32-bd720ff9df26', -- Generated UUID for the question
  'What was the great innovation of storyboarding?',
  '4cd1a1eb-79da-41c7-9a04-2dbdcdb84f27', -- Quiz ID
  '4cd1a1eb-79da-41c7-9a04-2dbdcdb84f27', -- Quiz ID (duplicate)
  'multiple_choice',
  '',
  2,
  NOW(),
  NOW()
) ON CONFLICT (id) DO NOTHING; -- Skip if the question already exists

-- Insert option 1 for question 3
INSERT INTO payload.quiz_questions_options (
  id,
  _order,
  _parent_id,
  text,
  is_correct,
  created_at,
  updated_at
) VALUES (
  gen_random_uuid(),
  0,
  '09ec3956-47e6-4ed2-8d32-bd720ff9df26',
  'The introduction of sound (Talkies)',
  false,
  NOW(),
  NOW()
) ON CONFLICT DO NOTHING; -- Skip if the option already exists

-- Insert option 2 for question 3
INSERT INTO payload.quiz_questions_options (
  id,
  _order,
  _parent_id,
  text,
  is_correct,
  created_at,
  updated_at
) VALUES (
  gen_random_uuid(),
  1,
  '09ec3956-47e6-4ed2-8d32-bd720ff9df26',
  'Allowed film makers to edit the film before making it',
  true,
  NOW(),
  NOW()
) ON CONFLICT DO NOTHING; -- Skip if the option already exists

-- Insert option 3 for question 3
INSERT INTO payload.quiz_questions_options (
  id,
  _order,
  _parent_id,
  text,
  is_correct,
  created_at,
  updated_at
) VALUES (
  gen_random_uuid(),
  2,
  '09ec3956-47e6-4ed2-8d32-bd720ff9df26',
  'The introduction of color',
  false,
  NOW(),
  NOW()
) ON CONFLICT DO NOTHING; -- Skip if the option already exists

-- Insert option 4 for question 3
INSERT INTO payload.quiz_questions_options (
  id,
  _order,
  _parent_id,
  text,
  is_correct,
  created_at,
  updated_at
) VALUES (
  gen_random_uuid(),
  3,
  '09ec3956-47e6-4ed2-8d32-bd720ff9df26',
  'The ability to draw your story',
  false,
  NOW(),
  NOW()
) ON CONFLICT DO NOTHING; -- Skip if the option already exists

-- Create relationship entry for the question to the quiz
INSERT INTO payload.quiz_questions_rels (
  id,
  _parent_id,
  field,
  value,
  created_at,
  updated_at
) VALUES (
  gen_random_uuid(),
  '09ec3956-47e6-4ed2-8d32-bd720ff9df26',
  'quiz_id',
  '4cd1a1eb-79da-41c7-9a04-2dbdcdb84f27',
  NOW(),
  NOW()
) ON CONFLICT DO NOTHING; -- Skip if the relationship already exists

-- Create bidirectional relationship entry for the quiz to the question
INSERT INTO payload.course_quizzes_rels (
  id,
  _parent_id,
  field,
  value,
  created_at,
  updated_at
) VALUES (
  gen_random_uuid(),
  '4cd1a1eb-79da-41c7-9a04-2dbdcdb84f27',
  'questions',
  '09ec3956-47e6-4ed2-8d32-bd720ff9df26',
  NOW(),
  NOW()
) ON CONFLICT DO NOTHING; -- Skip if the relationship already exists

-- Questions for quiz: Storyboards in Presentations Quiz (storyboards-in-presentations-quiz, ID: 0252961e-9b59-4c9d-9289-2f04b053bf6e)
-- Insert question 1 for quiz: Storyboards in Presentations Quiz
INSERT INTO payload.quiz_questions (
  id,
  question,
  quiz_id,
  quiz_id_id, -- Duplicate field for compatibility
  type,
  explanation,
  "order",
  created_at,
  updated_at
) VALUES (
  '2379ed5c-1737-425f-a9da-0a850e7fedc8', -- Generated UUID for the question
  'What are the two approaches discussed in the lesson?',
  '0252961e-9b59-4c9d-9289-2f04b053bf6e', -- Quiz ID
  '0252961e-9b59-4c9d-9289-2f04b053bf6e', -- Quiz ID (duplicate)
  'multiple_choice',
  '',
  0,
  NOW(),
  NOW()
) ON CONFLICT (id) DO NOTHING; -- Skip if the question already exists

-- Insert option 1 for question 1
INSERT INTO payload.quiz_questions_options (
  id,
  _order,
  _parent_id,
  text,
  is_correct,
  created_at,
  updated_at
) VALUES (
  gen_random_uuid(),
  0,
  '2379ed5c-1737-425f-a9da-0a850e7fedc8',
  'Black & white and full color',
  false,
  NOW(),
  NOW()
) ON CONFLICT DO NOTHING; -- Skip if the option already exists

-- Insert option 2 for question 1
INSERT INTO payload.quiz_questions_options (
  id,
  _order,
  _parent_id,
  text,
  is_correct,
  created_at,
  updated_at
) VALUES (
  gen_random_uuid(),
  1,
  '2379ed5c-1737-425f-a9da-0a850e7fedc8',
  'Animated and static',
  false,
  NOW(),
  NOW()
) ON CONFLICT DO NOTHING; -- Skip if the option already exists

-- Insert option 3 for question 1
INSERT INTO payload.quiz_questions_options (
  id,
  _order,
  _parent_id,
  text,
  is_correct,
  created_at,
  updated_at
) VALUES (
  gen_random_uuid(),
  2,
  '2379ed5c-1737-425f-a9da-0a850e7fedc8',
  'Hand-drawn and computer assisted',
  false,
  NOW(),
  NOW()
) ON CONFLICT DO NOTHING; -- Skip if the option already exists

-- Insert option 4 for question 1
INSERT INTO payload.quiz_questions_options (
  id,
  _order,
  _parent_id,
  text,
  is_correct,
  created_at,
  updated_at
) VALUES (
  gen_random_uuid(),
  3,
  '2379ed5c-1737-425f-a9da-0a850e7fedc8',
  'Text-based outlining and storyboarding',
  true,
  NOW(),
  NOW()
) ON CONFLICT DO NOTHING; -- Skip if the option already exists

-- Create relationship entry for the question to the quiz
INSERT INTO payload.quiz_questions_rels (
  id,
  _parent_id,
  field,
  value,
  created_at,
  updated_at
) VALUES (
  gen_random_uuid(),
  '2379ed5c-1737-425f-a9da-0a850e7fedc8',
  'quiz_id',
  '0252961e-9b59-4c9d-9289-2f04b053bf6e',
  NOW(),
  NOW()
) ON CONFLICT DO NOTHING; -- Skip if the relationship already exists

-- Create bidirectional relationship entry for the quiz to the question
INSERT INTO payload.course_quizzes_rels (
  id,
  _parent_id,
  field,
  value,
  created_at,
  updated_at
) VALUES (
  gen_random_uuid(),
  '0252961e-9b59-4c9d-9289-2f04b053bf6e',
  'questions',
  '2379ed5c-1737-425f-a9da-0a850e7fedc8',
  NOW(),
  NOW()
) ON CONFLICT DO NOTHING; -- Skip if the relationship already exists

-- Insert question 2 for quiz: Storyboards in Presentations Quiz
INSERT INTO payload.quiz_questions (
  id,
  question,
  quiz_id,
  quiz_id_id, -- Duplicate field for compatibility
  type,
  explanation,
  "order",
  created_at,
  updated_at
) VALUES (
  '34b40718-ba5d-411c-9521-3d811aac08b2', -- Generated UUID for the question
  'What tools are recommended to use for storyboarding?',
  '0252961e-9b59-4c9d-9289-2f04b053bf6e', -- Quiz ID
  '0252961e-9b59-4c9d-9289-2f04b053bf6e', -- Quiz ID (duplicate)
  'multiple_choice',
  '',
  1,
  NOW(),
  NOW()
) ON CONFLICT (id) DO NOTHING; -- Skip if the question already exists

-- Insert option 1 for question 2
INSERT INTO payload.quiz_questions_options (
  id,
  _order,
  _parent_id,
  text,
  is_correct,
  created_at,
  updated_at
) VALUES (
  gen_random_uuid(),
  0,
  '34b40718-ba5d-411c-9521-3d811aac08b2',
  'A stone tablet and chisel',
  false,
  NOW(),
  NOW()
) ON CONFLICT DO NOTHING; -- Skip if the option already exists

-- Insert option 2 for question 2
INSERT INTO payload.quiz_questions_options (
  id,
  _order,
  _parent_id,
  text,
  is_correct,
  created_at,
  updated_at
) VALUES (
  gen_random_uuid(),
  1,
  '34b40718-ba5d-411c-9521-3d811aac08b2',
  'PowerPoint',
  false,
  NOW(),
  NOW()
) ON CONFLICT DO NOTHING; -- Skip if the option already exists

-- Insert option 3 for question 2
INSERT INTO payload.quiz_questions_options (
  id,
  _order,
  _parent_id,
  text,
  is_correct,
  created_at,
  updated_at
) VALUES (
  gen_random_uuid(),
  2,
  '34b40718-ba5d-411c-9521-3d811aac08b2',
  'Adobe Edge Animate',
  false,
  NOW(),
  NOW()
) ON CONFLICT DO NOTHING; -- Skip if the option already exists

-- Insert option 4 for question 2
INSERT INTO payload.quiz_questions_options (
  id,
  _order,
  _parent_id,
  text,
  is_correct,
  created_at,
  updated_at
) VALUES (
  gen_random_uuid(),
  3,
  '34b40718-ba5d-411c-9521-3d811aac08b2',
  'Pen and paper',
  true,
  NOW(),
  NOW()
) ON CONFLICT DO NOTHING; -- Skip if the option already exists

-- Create relationship entry for the question to the quiz
INSERT INTO payload.quiz_questions_rels (
  id,
  _parent_id,
  field,
  value,
  created_at,
  updated_at
) VALUES (
  gen_random_uuid(),
  '34b40718-ba5d-411c-9521-3d811aac08b2',
  'quiz_id',
  '0252961e-9b59-4c9d-9289-2f04b053bf6e',
  NOW(),
  NOW()
) ON CONFLICT DO NOTHING; -- Skip if the relationship already exists

-- Create bidirectional relationship entry for the quiz to the question
INSERT INTO payload.course_quizzes_rels (
  id,
  _parent_id,
  field,
  value,
  created_at,
  updated_at
) VALUES (
  gen_random_uuid(),
  '0252961e-9b59-4c9d-9289-2f04b053bf6e',
  'questions',
  '34b40718-ba5d-411c-9521-3d811aac08b2',
  NOW(),
  NOW()
) ON CONFLICT DO NOTHING; -- Skip if the relationship already exists

-- Questions for quiz: What is Structure? Quiz (structure-quiz, ID: 4a503b5e-8afd-4d28-8eb1-6e6ac22ac9d7)
-- Insert question 1 for quiz: What is Structure? Quiz
INSERT INTO payload.quiz_questions (
  id,
  question,
  quiz_id,
  quiz_id_id, -- Duplicate field for compatibility
  type,
  explanation,
  "order",
  created_at,
  updated_at
) VALUES (
  '2bc37ee3-7467-4723-872a-2c78772a83cb', -- Generated UUID for the question
  'What is the principle of Abstraction?',
  '4a503b5e-8afd-4d28-8eb1-6e6ac22ac9d7', -- Quiz ID
  '4a503b5e-8afd-4d28-8eb1-6e6ac22ac9d7', -- Quiz ID (duplicate)
  'single-answer',
  '',
  0,
  NOW(),
  NOW()
) ON CONFLICT (id) DO NOTHING; -- Skip if the question already exists

-- Insert option 1 for question 1
INSERT INTO payload.quiz_questions_options (
  id,
  _order,
  _parent_id,
  text,
  is_correct,
  created_at,
  updated_at
) VALUES (
  gen_random_uuid(),
  0,
  '2bc37ee3-7467-4723-872a-2c78772a83cb',
  'A grouping principle, whereby a hierarchy is adhered to with higher levels of abstraction (less detail) placed near the top, with more specific concepts underneath ',
  true,
  NOW(),
  NOW()
) ON CONFLICT DO NOTHING; -- Skip if the option already exists

-- Insert option 2 for question 1
INSERT INTO payload.quiz_questions_options (
  id,
  _order,
  _parent_id,
  text,
  is_correct,
  created_at,
  updated_at
) VALUES (
  gen_random_uuid(),
  1,
  '2bc37ee3-7467-4723-872a-2c78772a83cb',
  'A John Grisham novel',
  false,
  NOW(),
  NOW()
) ON CONFLICT DO NOTHING; -- Skip if the option already exists

-- Insert option 3 for question 1
INSERT INTO payload.quiz_questions_options (
  id,
  _order,
  _parent_id,
  text,
  is_correct,
  created_at,
  updated_at
) VALUES (
  gen_random_uuid(),
  2,
  '2bc37ee3-7467-4723-872a-2c78772a83cb',
  'An approach whereby we simplify our question so profoundly that we reach a level of enlightenment',
  false,
  NOW(),
  NOW()
) ON CONFLICT DO NOTHING; -- Skip if the option already exists

-- Create relationship entry for the question to the quiz
INSERT INTO payload.quiz_questions_rels (
  id,
  _parent_id,
  field,
  value,
  created_at,
  updated_at
) VALUES (
  gen_random_uuid(),
  '2bc37ee3-7467-4723-872a-2c78772a83cb',
  'quiz_id',
  '4a503b5e-8afd-4d28-8eb1-6e6ac22ac9d7',
  NOW(),
  NOW()
) ON CONFLICT DO NOTHING; -- Skip if the relationship already exists

-- Create bidirectional relationship entry for the quiz to the question
INSERT INTO payload.course_quizzes_rels (
  id,
  _parent_id,
  field,
  value,
  created_at,
  updated_at
) VALUES (
  gen_random_uuid(),
  '4a503b5e-8afd-4d28-8eb1-6e6ac22ac9d7',
  'questions',
  '2bc37ee3-7467-4723-872a-2c78772a83cb',
  NOW(),
  NOW()
) ON CONFLICT DO NOTHING; -- Skip if the relationship already exists

-- Insert question 2 for quiz: What is Structure? Quiz
INSERT INTO payload.quiz_questions (
  id,
  question,
  quiz_id,
  quiz_id_id, -- Duplicate field for compatibility
  type,
  explanation,
  "order",
  created_at,
  updated_at
) VALUES (
  '6ffb25ea-1dba-4380-a2c1-131ca3c85dbd', -- Generated UUID for the question
  'Which lists are MECE (pick 2)',
  '4a503b5e-8afd-4d28-8eb1-6e6ac22ac9d7', -- Quiz ID
  '4a503b5e-8afd-4d28-8eb1-6e6ac22ac9d7', -- Quiz ID (duplicate)
  'multi-answer',
  '',
  1,
  NOW(),
  NOW()
) ON CONFLICT (id) DO NOTHING; -- Skip if the question already exists

-- Insert option 1 for question 2
INSERT INTO payload.quiz_questions_options (
  id,
  _order,
  _parent_id,
  text,
  is_correct,
  created_at,
  updated_at
) VALUES (
  gen_random_uuid(),
  0,
  '6ffb25ea-1dba-4380-a2c1-131ca3c85dbd',
  'Profit=revenue minus expenses',
  true,
  NOW(),
  NOW()
) ON CONFLICT DO NOTHING; -- Skip if the option already exists

-- Insert option 2 for question 2
INSERT INTO payload.quiz_questions_options (
  id,
  _order,
  _parent_id,
  text,
  is_correct,
  created_at,
  updated_at
) VALUES (
  gen_random_uuid(),
  1,
  '6ffb25ea-1dba-4380-a2c1-131ca3c85dbd',
  'Star Wars films: New Hope, Empire, Revenge of the Sith',
  false,
  NOW(),
  NOW()
) ON CONFLICT DO NOTHING; -- Skip if the option already exists

-- Insert option 3 for question 2
INSERT INTO payload.quiz_questions_options (
  id,
  _order,
  _parent_id,
  text,
  is_correct,
  created_at,
  updated_at
) VALUES (
  gen_random_uuid(),
  2,
  '6ffb25ea-1dba-4380-a2c1-131ca3c85dbd',
  'The global population broken down into age groups of 0-20 year-olds, 21-40 year-olds, 41-60 year-olds, 61-80 year-olds, and 81 and over',
  true,
  NOW(),
  NOW()
) ON CONFLICT DO NOTHING; -- Skip if the option already exists

-- Create relationship entry for the question to the quiz
INSERT INTO payload.quiz_questions_rels (
  id,
  _parent_id,
  field,
  value,
  created_at,
  updated_at
) VALUES (
  gen_random_uuid(),
  '6ffb25ea-1dba-4380-a2c1-131ca3c85dbd',
  'quiz_id',
  '4a503b5e-8afd-4d28-8eb1-6e6ac22ac9d7',
  NOW(),
  NOW()
) ON CONFLICT DO NOTHING; -- Skip if the relationship already exists

-- Create bidirectional relationship entry for the quiz to the question
INSERT INTO payload.course_quizzes_rels (
  id,
  _parent_id,
  field,
  value,
  created_at,
  updated_at
) VALUES (
  gen_random_uuid(),
  '4a503b5e-8afd-4d28-8eb1-6e6ac22ac9d7',
  'questions',
  '6ffb25ea-1dba-4380-a2c1-131ca3c85dbd',
  NOW(),
  NOW()
) ON CONFLICT DO NOTHING; -- Skip if the relationship already exists

-- Insert question 3 for quiz: What is Structure? Quiz
INSERT INTO payload.quiz_questions (
  id,
  question,
  quiz_id,
  quiz_id_id, -- Duplicate field for compatibility
  type,
  explanation,
  "order",
  created_at,
  updated_at
) VALUES (
  'd0fd303f-6c7d-4a6a-9283-6e4f909b1e33', -- Generated UUID for the question
  'What are the three Golden Rules to follow when applying the principle of abstraction and organizing your ideas?',
  '4a503b5e-8afd-4d28-8eb1-6e6ac22ac9d7', -- Quiz ID
  '4a503b5e-8afd-4d28-8eb1-6e6ac22ac9d7', -- Quiz ID (duplicate)
  'multi-answer',
  '',
  2,
  NOW(),
  NOW()
) ON CONFLICT (id) DO NOTHING; -- Skip if the question already exists

-- Insert option 1 for question 3
INSERT INTO payload.quiz_questions_options (
  id,
  _order,
  _parent_id,
  text,
  is_correct,
  created_at,
  updated_at
) VALUES (
  gen_random_uuid(),
  0,
  'd0fd303f-6c7d-4a6a-9283-6e4f909b1e33',
  'Concepts should be arranged in the shape of a triangle',
  false,
  NOW(),
  NOW()
) ON CONFLICT DO NOTHING; -- Skip if the option already exists

-- Insert option 2 for question 3
INSERT INTO payload.quiz_questions_options (
  id,
  _order,
  _parent_id,
  text,
  is_correct,
  created_at,
  updated_at
) VALUES (
  gen_random_uuid(),
  1,
  'd0fd303f-6c7d-4a6a-9283-6e4f909b1e33',
  'Concepts at any level must be presented in a strict logical order',
  true,
  NOW(),
  NOW()
) ON CONFLICT DO NOTHING; -- Skip if the option already exists

-- Insert option 3 for question 3
INSERT INTO payload.quiz_questions_options (
  id,
  _order,
  _parent_id,
  text,
  is_correct,
  created_at,
  updated_at
) VALUES (
  gen_random_uuid(),
  2,
  'd0fd303f-6c7d-4a6a-9283-6e4f909b1e33',
  'Concepts in any group are always the same kind of idea',
  true,
  NOW(),
  NOW()
) ON CONFLICT DO NOTHING; -- Skip if the option already exists

-- Insert option 4 for question 3
INSERT INTO payload.quiz_questions_options (
  id,
  _order,
  _parent_id,
  text,
  is_correct,
  created_at,
  updated_at
) VALUES (
  gen_random_uuid(),
  3,
  'd0fd303f-6c7d-4a6a-9283-6e4f909b1e33',
  'Concepts or ideas at any level of your argument must be more abstract summaries of the concepts that are grouped below',
  true,
  NOW(),
  NOW()
) ON CONFLICT DO NOTHING; -- Skip if the option already exists

-- Insert option 5 for question 3
INSERT INTO payload.quiz_questions_options (
  id,
  _order,
  _parent_id,
  text,
  is_correct,
  created_at,
  updated_at
) VALUES (
  gen_random_uuid(),
  4,
  'd0fd303f-6c7d-4a6a-9283-6e4f909b1e33',
  'Concepts must be ordered alphabetically',
  false,
  NOW(),
  NOW()
) ON CONFLICT DO NOTHING; -- Skip if the option already exists

-- Insert option 6 for question 3
INSERT INTO payload.quiz_questions_options (
  id,
  _order,
  _parent_id,
  text,
  is_correct,
  created_at,
  updated_at
) VALUES (
  gen_random_uuid(),
  5,
  'd0fd303f-6c7d-4a6a-9283-6e4f909b1e33',
  'Ideas should be clever',
  false,
  NOW(),
  NOW()
) ON CONFLICT DO NOTHING; -- Skip if the option already exists

-- Create relationship entry for the question to the quiz
INSERT INTO payload.quiz_questions_rels (
  id,
  _parent_id,
  field,
  value,
  created_at,
  updated_at
) VALUES (
  gen_random_uuid(),
  'd0fd303f-6c7d-4a6a-9283-6e4f909b1e33',
  'quiz_id',
  '4a503b5e-8afd-4d28-8eb1-6e6ac22ac9d7',
  NOW(),
  NOW()
) ON CONFLICT DO NOTHING; -- Skip if the relationship already exists

-- Create bidirectional relationship entry for the quiz to the question
INSERT INTO payload.course_quizzes_rels (
  id,
  _parent_id,
  field,
  value,
  created_at,
  updated_at
) VALUES (
  gen_random_uuid(),
  '4a503b5e-8afd-4d28-8eb1-6e6ac22ac9d7',
  'questions',
  'd0fd303f-6c7d-4a6a-9283-6e4f909b1e33',
  NOW(),
  NOW()
) ON CONFLICT DO NOTHING; -- Skip if the relationship already exists

-- Insert question 4 for quiz: What is Structure? Quiz
INSERT INTO payload.quiz_questions (
  id,
  question,
  quiz_id,
  quiz_id_id, -- Duplicate field for compatibility
  type,
  explanation,
  "order",
  created_at,
  updated_at
) VALUES (
  '4ab25971-096d-4cd4-ae04-67c58005a9d0', -- Generated UUID for the question
  'Match the argument with whether it is deductive or inductive: ''Jill and Bob are friends. Jill likes to dance, cook and write. Bob likes to dance and cook. Therefore it can be assumed he also likes to write.',
  '4a503b5e-8afd-4d28-8eb1-6e6ac22ac9d7', -- Quiz ID
  '4a503b5e-8afd-4d28-8eb1-6e6ac22ac9d7', -- Quiz ID (duplicate)
  'single-answer',
  '',
  3,
  NOW(),
  NOW()
) ON CONFLICT (id) DO NOTHING; -- Skip if the question already exists

-- Insert option 1 for question 4
INSERT INTO payload.quiz_questions_options (
  id,
  _order,
  _parent_id,
  text,
  is_correct,
  created_at,
  updated_at
) VALUES (
  gen_random_uuid(),
  0,
  '4ab25971-096d-4cd4-ae04-67c58005a9d0',
  'Deductive',
  false,
  NOW(),
  NOW()
) ON CONFLICT DO NOTHING; -- Skip if the option already exists

-- Insert option 2 for question 4
INSERT INTO payload.quiz_questions_options (
  id,
  _order,
  _parent_id,
  text,
  is_correct,
  created_at,
  updated_at
) VALUES (
  gen_random_uuid(),
  1,
  '4ab25971-096d-4cd4-ae04-67c58005a9d0',
  'Inductive',
  true,
  NOW(),
  NOW()
) ON CONFLICT DO NOTHING; -- Skip if the option already exists

-- Create relationship entry for the question to the quiz
INSERT INTO payload.quiz_questions_rels (
  id,
  _parent_id,
  field,
  value,
  created_at,
  updated_at
) VALUES (
  gen_random_uuid(),
  '4ab25971-096d-4cd4-ae04-67c58005a9d0',
  'quiz_id',
  '4a503b5e-8afd-4d28-8eb1-6e6ac22ac9d7',
  NOW(),
  NOW()
) ON CONFLICT DO NOTHING; -- Skip if the relationship already exists

-- Create bidirectional relationship entry for the quiz to the question
INSERT INTO payload.course_quizzes_rels (
  id,
  _parent_id,
  field,
  value,
  created_at,
  updated_at
) VALUES (
  gen_random_uuid(),
  '4a503b5e-8afd-4d28-8eb1-6e6ac22ac9d7',
  'questions',
  '4ab25971-096d-4cd4-ae04-67c58005a9d0',
  NOW(),
  NOW()
) ON CONFLICT DO NOTHING; -- Skip if the relationship already exists

-- Insert question 5 for quiz: What is Structure? Quiz
INSERT INTO payload.quiz_questions (
  id,
  question,
  quiz_id,
  quiz_id_id, -- Duplicate field for compatibility
  type,
  explanation,
  "order",
  created_at,
  updated_at
) VALUES (
  '402eae18-12e2-4a2e-b707-7a25cb0a3722', -- Generated UUID for the question
  'Match the argument with whether it is deductive or inductive: ''All dogs are mammals. All mammals have kidneys. Therefore all dogs have kidneys.',
  '4a503b5e-8afd-4d28-8eb1-6e6ac22ac9d7', -- Quiz ID
  '4a503b5e-8afd-4d28-8eb1-6e6ac22ac9d7', -- Quiz ID (duplicate)
  'single-answer',
  '',
  4,
  NOW(),
  NOW()
) ON CONFLICT (id) DO NOTHING; -- Skip if the question already exists

-- Insert option 1 for question 5
INSERT INTO payload.quiz_questions_options (
  id,
  _order,
  _parent_id,
  text,
  is_correct,
  created_at,
  updated_at
) VALUES (
  gen_random_uuid(),
  0,
  '402eae18-12e2-4a2e-b707-7a25cb0a3722',
  'Inductive',
  false,
  NOW(),
  NOW()
) ON CONFLICT DO NOTHING; -- Skip if the option already exists

-- Insert option 2 for question 5
INSERT INTO payload.quiz_questions_options (
  id,
  _order,
  _parent_id,
  text,
  is_correct,
  created_at,
  updated_at
) VALUES (
  gen_random_uuid(),
  1,
  '402eae18-12e2-4a2e-b707-7a25cb0a3722',
  'Deductive',
  true,
  NOW(),
  NOW()
) ON CONFLICT DO NOTHING; -- Skip if the option already exists

-- Create relationship entry for the question to the quiz
INSERT INTO payload.quiz_questions_rels (
  id,
  _parent_id,
  field,
  value,
  created_at,
  updated_at
) VALUES (
  gen_random_uuid(),
  '402eae18-12e2-4a2e-b707-7a25cb0a3722',
  'quiz_id',
  '4a503b5e-8afd-4d28-8eb1-6e6ac22ac9d7',
  NOW(),
  NOW()
) ON CONFLICT DO NOTHING; -- Skip if the relationship already exists

-- Create bidirectional relationship entry for the quiz to the question
INSERT INTO payload.course_quizzes_rels (
  id,
  _parent_id,
  field,
  value,
  created_at,
  updated_at
) VALUES (
  gen_random_uuid(),
  '4a503b5e-8afd-4d28-8eb1-6e6ac22ac9d7',
  'questions',
  '402eae18-12e2-4a2e-b707-7a25cb0a3722',
  NOW(),
  NOW()
) ON CONFLICT DO NOTHING; -- Skip if the relationship already exists

-- Insert question 6 for quiz: What is Structure? Quiz
INSERT INTO payload.quiz_questions (
  id,
  question,
  quiz_id,
  quiz_id_id, -- Duplicate field for compatibility
  type,
  explanation,
  "order",
  created_at,
  updated_at
) VALUES (
  '9243000e-15ed-4069-bacd-695d65a1fa80', -- Generated UUID for the question
  'What is the rule of 7 (updated)?',
  '4a503b5e-8afd-4d28-8eb1-6e6ac22ac9d7', -- Quiz ID
  '4a503b5e-8afd-4d28-8eb1-6e6ac22ac9d7', -- Quiz ID (duplicate)
  'single-answer',
  '',
  5,
  NOW(),
  NOW()
) ON CONFLICT (id) DO NOTHING; -- Skip if the question already exists

-- Insert option 1 for question 6
INSERT INTO payload.quiz_questions_options (
  id,
  _order,
  _parent_id,
  text,
  is_correct,
  created_at,
  updated_at
) VALUES (
  gen_random_uuid(),
  0,
  '9243000e-15ed-4069-bacd-695d65a1fa80',
  'There is no such thing as 7 or 9 of anything. We should seek to structure our ideas into groups of 4-5 or less',
  true,
  NOW(),
  NOW()
) ON CONFLICT DO NOTHING; -- Skip if the option already exists

-- Insert option 2 for question 6
INSERT INTO payload.quiz_questions_options (
  id,
  _order,
  _parent_id,
  text,
  is_correct,
  created_at,
  updated_at
) VALUES (
  gen_random_uuid(),
  1,
  '9243000e-15ed-4069-bacd-695d65a1fa80',
  'Rule for calculating compound interest',
  false,
  NOW(),
  NOW()
) ON CONFLICT DO NOTHING; -- Skip if the option already exists

-- Insert option 3 for question 6
INSERT INTO payload.quiz_questions_options (
  id,
  _order,
  _parent_id,
  text,
  is_correct,
  created_at,
  updated_at
) VALUES (
  gen_random_uuid(),
  2,
  '9243000e-15ed-4069-bacd-695d65a1fa80',
  'Organize your ideas into groups of 7',
  false,
  NOW(),
  NOW()
) ON CONFLICT DO NOTHING; -- Skip if the option already exists

-- Insert option 4 for question 6
INSERT INTO payload.quiz_questions_options (
  id,
  _order,
  _parent_id,
  text,
  is_correct,
  created_at,
  updated_at
) VALUES (
  gen_random_uuid(),
  3,
  '9243000e-15ed-4069-bacd-695d65a1fa80',
  'Movie staring Brad Pitt',
  false,
  NOW(),
  NOW()
) ON CONFLICT DO NOTHING; -- Skip if the option already exists

-- Create relationship entry for the question to the quiz
INSERT INTO payload.quiz_questions_rels (
  id,
  _parent_id,
  field,
  value,
  created_at,
  updated_at
) VALUES (
  gen_random_uuid(),
  '9243000e-15ed-4069-bacd-695d65a1fa80',
  'quiz_id',
  '4a503b5e-8afd-4d28-8eb1-6e6ac22ac9d7',
  NOW(),
  NOW()
) ON CONFLICT DO NOTHING; -- Skip if the relationship already exists

-- Create bidirectional relationship entry for the quiz to the question
INSERT INTO payload.course_quizzes_rels (
  id,
  _parent_id,
  field,
  value,
  created_at,
  updated_at
) VALUES (
  gen_random_uuid(),
  '4a503b5e-8afd-4d28-8eb1-6e6ac22ac9d7',
  'questions',
  '9243000e-15ed-4069-bacd-695d65a1fa80',
  NOW(),
  NOW()
) ON CONFLICT DO NOTHING; -- Skip if the relationship already exists

-- Questions for quiz: Tables vs Graphs Quiz (tables-vs-graphs-quiz, ID: 5234f1e6-e5b2-4185-9688-47586bbcc719)
-- Insert question 1 for quiz: Tables vs Graphs Quiz
INSERT INTO payload.quiz_questions (
  id,
  question,
  quiz_id,
  quiz_id_id, -- Duplicate field for compatibility
  type,
  explanation,
  "order",
  created_at,
  updated_at
) VALUES (
  '667ad64f-2406-45b7-987c-2143b80cc5a7', -- Generated UUID for the question
  'What are the two defining characteristics of Tables?',
  '5234f1e6-e5b2-4185-9688-47586bbcc719', -- Quiz ID
  '5234f1e6-e5b2-4185-9688-47586bbcc719', -- Quiz ID (duplicate)
  'multi-answer',
  '',
  0,
  NOW(),
  NOW()
) ON CONFLICT (id) DO NOTHING; -- Skip if the question already exists

-- Insert option 1 for question 1
INSERT INTO payload.quiz_questions_options (
  id,
  _order,
  _parent_id,
  text,
  is_correct,
  created_at,
  updated_at
) VALUES (
  gen_random_uuid(),
  0,
  '667ad64f-2406-45b7-987c-2143b80cc5a7',
  'Information is encoded as text (words and numbers)',
  true,
  NOW(),
  NOW()
) ON CONFLICT DO NOTHING; -- Skip if the option already exists

-- Insert option 2 for question 1
INSERT INTO payload.quiz_questions_options (
  id,
  _order,
  _parent_id,
  text,
  is_correct,
  created_at,
  updated_at
) VALUES (
  gen_random_uuid(),
  1,
  '667ad64f-2406-45b7-987c-2143b80cc5a7',
  'They are black and white',
  false,
  NOW(),
  NOW()
) ON CONFLICT DO NOTHING; -- Skip if the option already exists

-- Insert option 3 for question 1
INSERT INTO payload.quiz_questions_options (
  id,
  _order,
  _parent_id,
  text,
  is_correct,
  created_at,
  updated_at
) VALUES (
  gen_random_uuid(),
  2,
  '667ad64f-2406-45b7-987c-2143b80cc5a7',
  'They are not as nice to look at as graphs',
  false,
  NOW(),
  NOW()
) ON CONFLICT DO NOTHING; -- Skip if the option already exists

-- Insert option 4 for question 1
INSERT INTO payload.quiz_questions_options (
  id,
  _order,
  _parent_id,
  text,
  is_correct,
  created_at,
  updated_at
) VALUES (
  gen_random_uuid(),
  3,
  '667ad64f-2406-45b7-987c-2143b80cc5a7',
  'They are arranged in columns and rows',
  true,
  NOW(),
  NOW()
) ON CONFLICT DO NOTHING; -- Skip if the option already exists

-- Create relationship entry for the question to the quiz
INSERT INTO payload.quiz_questions_rels (
  id,
  _parent_id,
  field,
  value,
  created_at,
  updated_at
) VALUES (
  gen_random_uuid(),
  '667ad64f-2406-45b7-987c-2143b80cc5a7',
  'quiz_id',
  '5234f1e6-e5b2-4185-9688-47586bbcc719',
  NOW(),
  NOW()
) ON CONFLICT DO NOTHING; -- Skip if the relationship already exists

-- Create bidirectional relationship entry for the quiz to the question
INSERT INTO payload.course_quizzes_rels (
  id,
  _parent_id,
  field,
  value,
  created_at,
  updated_at
) VALUES (
  gen_random_uuid(),
  '5234f1e6-e5b2-4185-9688-47586bbcc719',
  'questions',
  '667ad64f-2406-45b7-987c-2143b80cc5a7',
  NOW(),
  NOW()
) ON CONFLICT DO NOTHING; -- Skip if the relationship already exists

-- Insert question 2 for quiz: Tables vs Graphs Quiz
INSERT INTO payload.quiz_questions (
  id,
  question,
  quiz_id,
  quiz_id_id, -- Duplicate field for compatibility
  type,
  explanation,
  "order",
  created_at,
  updated_at
) VALUES (
  '364156ea-86c2-47d1-9acf-7fc958530a79', -- Generated UUID for the question
  'What re some of the primary benefits of a table?',
  '5234f1e6-e5b2-4185-9688-47586bbcc719', -- Quiz ID
  '5234f1e6-e5b2-4185-9688-47586bbcc719', -- Quiz ID (duplicate)
  'multi-answer',
  '',
  1,
  NOW(),
  NOW()
) ON CONFLICT (id) DO NOTHING; -- Skip if the question already exists

-- Insert option 1 for question 2
INSERT INTO payload.quiz_questions_options (
  id,
  _order,
  _parent_id,
  text,
  is_correct,
  created_at,
  updated_at
) VALUES (
  gen_random_uuid(),
  0,
  '364156ea-86c2-47d1-9acf-7fc958530a79',
  'Tables make it easy to look up individual values',
  true,
  NOW(),
  NOW()
) ON CONFLICT DO NOTHING; -- Skip if the option already exists

-- Insert option 2 for question 2
INSERT INTO payload.quiz_questions_options (
  id,
  _order,
  _parent_id,
  text,
  is_correct,
  created_at,
  updated_at
) VALUES (
  gen_random_uuid(),
  1,
  '364156ea-86c2-47d1-9acf-7fc958530a79',
  'Tables make it easy to compare pairs of related values',
  true,
  NOW(),
  NOW()
) ON CONFLICT DO NOTHING; -- Skip if the option already exists

-- Insert option 3 for question 2
INSERT INTO payload.quiz_questions_options (
  id,
  _order,
  _parent_id,
  text,
  is_correct,
  created_at,
  updated_at
) VALUES (
  gen_random_uuid(),
  2,
  '364156ea-86c2-47d1-9acf-7fc958530a79',
  'Textual encoding provides a level of precision that you cannot get in graphs',
  true,
  NOW(),
  NOW()
) ON CONFLICT DO NOTHING; -- Skip if the option already exists

-- Insert option 4 for question 2
INSERT INTO payload.quiz_questions_options (
  id,
  _order,
  _parent_id,
  text,
  is_correct,
  created_at,
  updated_at
) VALUES (
  gen_random_uuid(),
  3,
  '364156ea-86c2-47d1-9acf-7fc958530a79',
  'Tables are easier to create than graphs',
  false,
  NOW(),
  NOW()
) ON CONFLICT DO NOTHING; -- Skip if the option already exists

-- Insert option 5 for question 2
INSERT INTO payload.quiz_questions_options (
  id,
  _order,
  _parent_id,
  text,
  is_correct,
  created_at,
  updated_at
) VALUES (
  gen_random_uuid(),
  4,
  '364156ea-86c2-47d1-9acf-7fc958530a79',
  'Tables can handle larger data sets than graphs',
  false,
  NOW(),
  NOW()
) ON CONFLICT DO NOTHING; -- Skip if the option already exists

-- Create relationship entry for the question to the quiz
INSERT INTO payload.quiz_questions_rels (
  id,
  _parent_id,
  field,
  value,
  created_at,
  updated_at
) VALUES (
  gen_random_uuid(),
  '364156ea-86c2-47d1-9acf-7fc958530a79',
  'quiz_id',
  '5234f1e6-e5b2-4185-9688-47586bbcc719',
  NOW(),
  NOW()
) ON CONFLICT DO NOTHING; -- Skip if the relationship already exists

-- Create bidirectional relationship entry for the quiz to the question
INSERT INTO payload.course_quizzes_rels (
  id,
  _parent_id,
  field,
  value,
  created_at,
  updated_at
) VALUES (
  gen_random_uuid(),
  '5234f1e6-e5b2-4185-9688-47586bbcc719',
  'questions',
  '364156ea-86c2-47d1-9acf-7fc958530a79',
  NOW(),
  NOW()
) ON CONFLICT DO NOTHING; -- Skip if the relationship already exists

-- Insert question 3 for quiz: Tables vs Graphs Quiz
INSERT INTO payload.quiz_questions (
  id,
  question,
  quiz_id,
  quiz_id_id, -- Duplicate field for compatibility
  type,
  explanation,
  "order",
  created_at,
  updated_at
) VALUES (
  '32907edc-7679-4498-a914-4439d8fa606e', -- Generated UUID for the question
  'What are some of the characteristics that define graphs?',
  '5234f1e6-e5b2-4185-9688-47586bbcc719', -- Quiz ID
  '5234f1e6-e5b2-4185-9688-47586bbcc719', -- Quiz ID (duplicate)
  'multi-answer',
  '',
  2,
  NOW(),
  NOW()
) ON CONFLICT (id) DO NOTHING; -- Skip if the question already exists

-- Insert option 1 for question 3
INSERT INTO payload.quiz_questions_options (
  id,
  _order,
  _parent_id,
  text,
  is_correct,
  created_at,
  updated_at
) VALUES (
  gen_random_uuid(),
  0,
  '32907edc-7679-4498-a914-4439d8fa606e',
  'Information is encoded as text (words and numbers)',
  false,
  NOW(),
  NOW()
) ON CONFLICT DO NOTHING; -- Skip if the option already exists

-- Insert option 2 for question 3
INSERT INTO payload.quiz_questions_options (
  id,
  _order,
  _parent_id,
  text,
  is_correct,
  created_at,
  updated_at
) VALUES (
  gen_random_uuid(),
  1,
  '32907edc-7679-4498-a914-4439d8fa606e',
  'Axes provide scales (quantitative and categorical) that are used to label and assign value to the visual objects',
  true,
  NOW(),
  NOW()
) ON CONFLICT DO NOTHING; -- Skip if the option already exists

-- Insert option 3 for question 3
INSERT INTO payload.quiz_questions_options (
  id,
  _order,
  _parent_id,
  text,
  is_correct,
  created_at,
  updated_at
) VALUES (
  gen_random_uuid(),
  2,
  '32907edc-7679-4498-a914-4439d8fa606e',
  'They are nicer to look at than tables',
  false,
  NOW(),
  NOW()
) ON CONFLICT DO NOTHING; -- Skip if the option already exists

-- Insert option 4 for question 3
INSERT INTO payload.quiz_questions_options (
  id,
  _order,
  _parent_id,
  text,
  is_correct,
  created_at,
  updated_at
) VALUES (
  gen_random_uuid(),
  3,
  '32907edc-7679-4498-a914-4439d8fa606e',
  'They are typically in color',
  false,
  NOW(),
  NOW()
) ON CONFLICT DO NOTHING; -- Skip if the option already exists

-- Insert option 5 for question 3
INSERT INTO payload.quiz_questions_options (
  id,
  _order,
  _parent_id,
  text,
  is_correct,
  created_at,
  updated_at
) VALUES (
  gen_random_uuid(),
  4,
  '32907edc-7679-4498-a914-4439d8fa606e',
  'Values are encoded as visual objects in relation to the axis',
  true,
  NOW(),
  NOW()
) ON CONFLICT DO NOTHING; -- Skip if the option already exists

-- Insert option 6 for question 3
INSERT INTO payload.quiz_questions_options (
  id,
  _order,
  _parent_id,
  text,
  is_correct,
  created_at,
  updated_at
) VALUES (
  gen_random_uuid(),
  5,
  '32907edc-7679-4498-a914-4439d8fa606e',
  'Values are displayed within an area delineated by one or more axis',
  true,
  NOW(),
  NOW()
) ON CONFLICT DO NOTHING; -- Skip if the option already exists

-- Create relationship entry for the question to the quiz
INSERT INTO payload.quiz_questions_rels (
  id,
  _parent_id,
  field,
  value,
  created_at,
  updated_at
) VALUES (
  gen_random_uuid(),
  '32907edc-7679-4498-a914-4439d8fa606e',
  'quiz_id',
  '5234f1e6-e5b2-4185-9688-47586bbcc719',
  NOW(),
  NOW()
) ON CONFLICT DO NOTHING; -- Skip if the relationship already exists

-- Create bidirectional relationship entry for the quiz to the question
INSERT INTO payload.course_quizzes_rels (
  id,
  _parent_id,
  field,
  value,
  created_at,
  updated_at
) VALUES (
  gen_random_uuid(),
  '5234f1e6-e5b2-4185-9688-47586bbcc719',
  'questions',
  '32907edc-7679-4498-a914-4439d8fa606e',
  NOW(),
  NOW()
) ON CONFLICT DO NOTHING; -- Skip if the relationship already exists

-- Insert question 4 for quiz: Tables vs Graphs Quiz
INSERT INTO payload.quiz_questions (
  id,
  question,
  quiz_id,
  quiz_id_id, -- Duplicate field for compatibility
  type,
  explanation,
  "order",
  created_at,
  updated_at
) VALUES (
  '74e75cfa-b962-42d6-a8ed-12e8ceb7c300', -- Generated UUID for the question
  'When should you use graphs?',
  '5234f1e6-e5b2-4185-9688-47586bbcc719', -- Quiz ID
  '5234f1e6-e5b2-4185-9688-47586bbcc719', -- Quiz ID (duplicate)
  'multi-answer',
  '',
  3,
  NOW(),
  NOW()
) ON CONFLICT (id) DO NOTHING; -- Skip if the question already exists

-- Insert option 1 for question 4
INSERT INTO payload.quiz_questions_options (
  id,
  _order,
  _parent_id,
  text,
  is_correct,
  created_at,
  updated_at
) VALUES (
  gen_random_uuid(),
  0,
  '74e75cfa-b962-42d6-a8ed-12e8ceb7c300',
  'When the message or story is contained in the shape of the data',
  true,
  NOW(),
  NOW()
) ON CONFLICT DO NOTHING; -- Skip if the option already exists

-- Insert option 2 for question 4
INSERT INTO payload.quiz_questions_options (
  id,
  _order,
  _parent_id,
  text,
  is_correct,
  created_at,
  updated_at
) VALUES (
  gen_random_uuid(),
  1,
  '74e75cfa-b962-42d6-a8ed-12e8ceb7c300',
  'When the display will be used to reveal relationships among whole sets of values',
  true,
  NOW(),
  NOW()
) ON CONFLICT DO NOTHING; -- Skip if the option already exists

-- Insert option 3 for question 4
INSERT INTO payload.quiz_questions_options (
  id,
  _order,
  _parent_id,
  text,
  is_correct,
  created_at,
  updated_at
) VALUES (
  gen_random_uuid(),
  2,
  '74e75cfa-b962-42d6-a8ed-12e8ceb7c300',
  'When you need to ''sex-up'' a slide',
  false,
  NOW(),
  NOW()
) ON CONFLICT DO NOTHING; -- Skip if the option already exists

-- Insert option 4 for question 4
INSERT INTO payload.quiz_questions_options (
  id,
  _order,
  _parent_id,
  text,
  is_correct,
  created_at,
  updated_at
) VALUES (
  gen_random_uuid(),
  3,
  '74e75cfa-b962-42d6-a8ed-12e8ceb7c300',
  'When you have production support and they can create the graph for you',
  false,
  NOW(),
  NOW()
) ON CONFLICT DO NOTHING; -- Skip if the option already exists

-- Create relationship entry for the question to the quiz
INSERT INTO payload.quiz_questions_rels (
  id,
  _parent_id,
  field,
  value,
  created_at,
  updated_at
) VALUES (
  gen_random_uuid(),
  '74e75cfa-b962-42d6-a8ed-12e8ceb7c300',
  'quiz_id',
  '5234f1e6-e5b2-4185-9688-47586bbcc719',
  NOW(),
  NOW()
) ON CONFLICT DO NOTHING; -- Skip if the relationship already exists

-- Create bidirectional relationship entry for the quiz to the question
INSERT INTO payload.course_quizzes_rels (
  id,
  _parent_id,
  field,
  value,
  created_at,
  updated_at
) VALUES (
  gen_random_uuid(),
  '5234f1e6-e5b2-4185-9688-47586bbcc719',
  'questions',
  '74e75cfa-b962-42d6-a8ed-12e8ceb7c300',
  NOW(),
  NOW()
) ON CONFLICT DO NOTHING; -- Skip if the relationship already exists

-- Questions for quiz: The Who Quiz (the-who-quiz, ID: e07e2703-4c97-4ce4-8fa3-7178361da241)
-- Insert question 1 for quiz: The Who Quiz
INSERT INTO payload.quiz_questions (
  id,
  question,
  quiz_id,
  quiz_id_id, -- Duplicate field for compatibility
  type,
  explanation,
  "order",
  created_at,
  updated_at
) VALUES (
  '39cb566d-d9b3-4f46-a29e-b3883816477f', -- Generated UUID for the question
  'Who is the hero of our presentation?',
  'e07e2703-4c97-4ce4-8fa3-7178361da241', -- Quiz ID
  'e07e2703-4c97-4ce4-8fa3-7178361da241', -- Quiz ID (duplicate)
  'single-answer',
  '',
  0,
  NOW(),
  NOW()
) ON CONFLICT (id) DO NOTHING; -- Skip if the question already exists

-- Insert option 1 for question 1
INSERT INTO payload.quiz_questions_options (
  id,
  _order,
  _parent_id,
  text,
  is_correct,
  created_at,
  updated_at
) VALUES (
  gen_random_uuid(),
  0,
  '39cb566d-d9b3-4f46-a29e-b3883816477f',
  'Batman baby!',
  false,
  NOW(),
  NOW()
) ON CONFLICT DO NOTHING; -- Skip if the option already exists

-- Insert option 2 for question 1
INSERT INTO payload.quiz_questions_options (
  id,
  _order,
  _parent_id,
  text,
  is_correct,
  created_at,
  updated_at
) VALUES (
  gen_random_uuid(),
  1,
  '39cb566d-d9b3-4f46-a29e-b3883816477f',
  'I am dammit!',
  false,
  NOW(),
  NOW()
) ON CONFLICT DO NOTHING; -- Skip if the option already exists

-- Insert option 3 for question 1
INSERT INTO payload.quiz_questions_options (
  id,
  _order,
  _parent_id,
  text,
  is_correct,
  created_at,
  updated_at
) VALUES (
  gen_random_uuid(),
  2,
  '39cb566d-d9b3-4f46-a29e-b3883816477f',
  'The audience',
  true,
  NOW(),
  NOW()
) ON CONFLICT DO NOTHING; -- Skip if the option already exists

-- Insert option 4 for question 1
INSERT INTO payload.quiz_questions_options (
  id,
  _order,
  _parent_id,
  text,
  is_correct,
  created_at,
  updated_at
) VALUES (
  gen_random_uuid(),
  3,
  '39cb566d-d9b3-4f46-a29e-b3883816477f',
  'Superman owns Batman',
  false,
  NOW(),
  NOW()
) ON CONFLICT DO NOTHING; -- Skip if the option already exists

-- Create relationship entry for the question to the quiz
INSERT INTO payload.quiz_questions_rels (
  id,
  _parent_id,
  field,
  value,
  created_at,
  updated_at
) VALUES (
  gen_random_uuid(),
  '39cb566d-d9b3-4f46-a29e-b3883816477f',
  'quiz_id',
  'e07e2703-4c97-4ce4-8fa3-7178361da241',
  NOW(),
  NOW()
) ON CONFLICT DO NOTHING; -- Skip if the relationship already exists

-- Create bidirectional relationship entry for the quiz to the question
INSERT INTO payload.course_quizzes_rels (
  id,
  _parent_id,
  field,
  value,
  created_at,
  updated_at
) VALUES (
  gen_random_uuid(),
  'e07e2703-4c97-4ce4-8fa3-7178361da241',
  'questions',
  '39cb566d-d9b3-4f46-a29e-b3883816477f',
  NOW(),
  NOW()
) ON CONFLICT DO NOTHING; -- Skip if the relationship already exists

-- Insert question 2 for quiz: The Who Quiz
INSERT INTO payload.quiz_questions (
  id,
  question,
  quiz_id,
  quiz_id_id, -- Duplicate field for compatibility
  type,
  explanation,
  "order",
  created_at,
  updated_at
) VALUES (
  'bbaff43c-15e9-4f06-9baf-15d8c49553f2', -- Generated UUID for the question
  'What is the Audience Map used for?',
  'e07e2703-4c97-4ce4-8fa3-7178361da241', -- Quiz ID
  'e07e2703-4c97-4ce4-8fa3-7178361da241', -- Quiz ID (duplicate)
  'single-answer',
  '',
  1,
  NOW(),
  NOW()
) ON CONFLICT (id) DO NOTHING; -- Skip if the question already exists

-- Insert option 1 for question 2
INSERT INTO payload.quiz_questions_options (
  id,
  _order,
  _parent_id,
  text,
  is_correct,
  created_at,
  updated_at
) VALUES (
  gen_random_uuid(),
  0,
  'bbaff43c-15e9-4f06-9baf-15d8c49553f2',
  'To be used to find your presentation venue. X marks the spot.',
  false,
  NOW(),
  NOW()
) ON CONFLICT DO NOTHING; -- Skip if the option already exists

-- Insert option 2 for question 2
INSERT INTO payload.quiz_questions_options (
  id,
  _order,
  _parent_id,
  text,
  is_correct,
  created_at,
  updated_at
) VALUES (
  gen_random_uuid(),
  1,
  'bbaff43c-15e9-4f06-9baf-15d8c49553f2',
  'To help identify the main decision maker',
  false,
  NOW(),
  NOW()
) ON CONFLICT DO NOTHING; -- Skip if the option already exists

-- Insert option 3 for question 2
INSERT INTO payload.quiz_questions_options (
  id,
  _order,
  _parent_id,
  text,
  is_correct,
  created_at,
  updated_at
) VALUES (
  gen_random_uuid(),
  2,
  'bbaff43c-15e9-4f06-9baf-15d8c49553f2',
  'To develop a strategic approach for engaging with your ''room''',
  true,
  NOW(),
  NOW()
) ON CONFLICT DO NOTHING; -- Skip if the option already exists

-- Create relationship entry for the question to the quiz
INSERT INTO payload.quiz_questions_rels (
  id,
  _parent_id,
  field,
  value,
  created_at,
  updated_at
) VALUES (
  gen_random_uuid(),
  'bbaff43c-15e9-4f06-9baf-15d8c49553f2',
  'quiz_id',
  'e07e2703-4c97-4ce4-8fa3-7178361da241',
  NOW(),
  NOW()
) ON CONFLICT DO NOTHING; -- Skip if the relationship already exists

-- Create bidirectional relationship entry for the quiz to the question
INSERT INTO payload.course_quizzes_rels (
  id,
  _parent_id,
  field,
  value,
  created_at,
  updated_at
) VALUES (
  gen_random_uuid(),
  'e07e2703-4c97-4ce4-8fa3-7178361da241',
  'questions',
  'bbaff43c-15e9-4f06-9baf-15d8c49553f2',
  NOW(),
  NOW()
) ON CONFLICT DO NOTHING; -- Skip if the relationship already exists

-- Insert question 3 for quiz: The Who Quiz
INSERT INTO payload.quiz_questions (
  id,
  question,
  quiz_id,
  quiz_id_id, -- Duplicate field for compatibility
  type,
  explanation,
  "order",
  created_at,
  updated_at
) VALUES (
  'ac074c3a-bd97-45ce-a3dc-03ebc84d48a6', -- Generated UUID for the question
  'What are the 4 quadrants of the Audience Map?',
  'e07e2703-4c97-4ce4-8fa3-7178361da241', -- Quiz ID
  'e07e2703-4c97-4ce4-8fa3-7178361da241', -- Quiz ID (duplicate)
  'single-answer',
  '',
  2,
  NOW(),
  NOW()
) ON CONFLICT (id) DO NOTHING; -- Skip if the question already exists

-- Insert option 1 for question 3
INSERT INTO payload.quiz_questions_options (
  id,
  _order,
  _parent_id,
  text,
  is_correct,
  created_at,
  updated_at
) VALUES (
  gen_random_uuid(),
  0,
  'ac074c3a-bd97-45ce-a3dc-03ebc84d48a6',
  'Senior, Junior, Advocate, Foe',
  false,
  NOW(),
  NOW()
) ON CONFLICT DO NOTHING; -- Skip if the option already exists

-- Insert option 2 for question 3
INSERT INTO payload.quiz_questions_options (
  id,
  _order,
  _parent_id,
  text,
  is_correct,
  created_at,
  updated_at
) VALUES (
  gen_random_uuid(),
  1,
  'ac074c3a-bd97-45ce-a3dc-03ebc84d48a6',
  'Personality, Power, Access, Resistance',
  true,
  NOW(),
  NOW()
) ON CONFLICT DO NOTHING; -- Skip if the option already exists

-- Insert option 3 for question 3
INSERT INTO payload.quiz_questions_options (
  id,
  _order,
  _parent_id,
  text,
  is_correct,
  created_at,
  updated_at
) VALUES (
  gen_random_uuid(),
  2,
  'ac074c3a-bd97-45ce-a3dc-03ebc84d48a6',
  'Friend, Foe, Advocate, Neutral',
  false,
  NOW(),
  NOW()
) ON CONFLICT DO NOTHING; -- Skip if the option already exists

-- Insert option 4 for question 3
INSERT INTO payload.quiz_questions_options (
  id,
  _order,
  _parent_id,
  text,
  is_correct,
  created_at,
  updated_at
) VALUES (
  gen_random_uuid(),
  3,
  'ac074c3a-bd97-45ce-a3dc-03ebc84d48a6',
  'North, South East and West',
  false,
  NOW(),
  NOW()
) ON CONFLICT DO NOTHING; -- Skip if the option already exists

-- Create relationship entry for the question to the quiz
INSERT INTO payload.quiz_questions_rels (
  id,
  _parent_id,
  field,
  value,
  created_at,
  updated_at
) VALUES (
  gen_random_uuid(),
  'ac074c3a-bd97-45ce-a3dc-03ebc84d48a6',
  'quiz_id',
  'e07e2703-4c97-4ce4-8fa3-7178361da241',
  NOW(),
  NOW()
) ON CONFLICT DO NOTHING; -- Skip if the relationship already exists

-- Create bidirectional relationship entry for the quiz to the question
INSERT INTO payload.course_quizzes_rels (
  id,
  _parent_id,
  field,
  value,
  created_at,
  updated_at
) VALUES (
  gen_random_uuid(),
  'e07e2703-4c97-4ce4-8fa3-7178361da241',
  'questions',
  'ac074c3a-bd97-45ce-a3dc-03ebc84d48a6',
  NOW(),
  NOW()
) ON CONFLICT DO NOTHING; -- Skip if the relationship already exists

-- Insert question 4 for quiz: The Who Quiz
INSERT INTO payload.quiz_questions (
  id,
  question,
  quiz_id,
  quiz_id_id, -- Duplicate field for compatibility
  type,
  explanation,
  "order",
  created_at,
  updated_at
) VALUES (
  'f54d5d74-0786-4d5c-adff-e2bf7bedd672', -- Generated UUID for the question
  'Pick the question that corresponds with the ''Personality'' quadrant',
  'e07e2703-4c97-4ce4-8fa3-7178361da241', -- Quiz ID
  'e07e2703-4c97-4ce4-8fa3-7178361da241', -- Quiz ID (duplicate)
  'single-answer',
  '',
  3,
  NOW(),
  NOW()
) ON CONFLICT (id) DO NOTHING; -- Skip if the question already exists

-- Insert option 1 for question 4
INSERT INTO payload.quiz_questions_options (
  id,
  _order,
  _parent_id,
  text,
  is_correct,
  created_at,
  updated_at
) VALUES (
  gen_random_uuid(),
  0,
  'f54d5d74-0786-4d5c-adff-e2bf7bedd672',
  'How do decisions get made?',
  false,
  NOW(),
  NOW()
) ON CONFLICT DO NOTHING; -- Skip if the option already exists

-- Insert option 2 for question 4
INSERT INTO payload.quiz_questions_options (
  id,
  _order,
  _parent_id,
  text,
  is_correct,
  created_at,
  updated_at
) VALUES (
  gen_random_uuid(),
  1,
  'f54d5d74-0786-4d5c-adff-e2bf7bedd672',
  'What is their style, energy level, and emotional state?',
  true,
  NOW(),
  NOW()
) ON CONFLICT DO NOTHING; -- Skip if the option already exists

-- Insert option 3 for question 4
INSERT INTO payload.quiz_questions_options (
  id,
  _order,
  _parent_id,
  text,
  is_correct,
  created_at,
  updated_at
) VALUES (
  gen_random_uuid(),
  2,
  'f54d5d74-0786-4d5c-adff-e2bf7bedd672',
  'Who are your ''friends in court''?',
  false,
  NOW(),
  NOW()
) ON CONFLICT DO NOTHING; -- Skip if the option already exists

-- Insert option 4 for question 4
INSERT INTO payload.quiz_questions_options (
  id,
  _order,
  _parent_id,
  text,
  is_correct,
  created_at,
  updated_at
) VALUES (
  gen_random_uuid(),
  3,
  'f54d5d74-0786-4d5c-adff-e2bf7bedd672',
  'How does your audience like to consume information?',
  false,
  NOW(),
  NOW()
) ON CONFLICT DO NOTHING; -- Skip if the option already exists

-- Create relationship entry for the question to the quiz
INSERT INTO payload.quiz_questions_rels (
  id,
  _parent_id,
  field,
  value,
  created_at,
  updated_at
) VALUES (
  gen_random_uuid(),
  'f54d5d74-0786-4d5c-adff-e2bf7bedd672',
  'quiz_id',
  'e07e2703-4c97-4ce4-8fa3-7178361da241',
  NOW(),
  NOW()
) ON CONFLICT DO NOTHING; -- Skip if the relationship already exists

-- Create bidirectional relationship entry for the quiz to the question
INSERT INTO payload.course_quizzes_rels (
  id,
  _parent_id,
  field,
  value,
  created_at,
  updated_at
) VALUES (
  gen_random_uuid(),
  'e07e2703-4c97-4ce4-8fa3-7178361da241',
  'questions',
  'f54d5d74-0786-4d5c-adff-e2bf7bedd672',
  NOW(),
  NOW()
) ON CONFLICT DO NOTHING; -- Skip if the relationship already exists

-- Insert question 5 for quiz: The Who Quiz
INSERT INTO payload.quiz_questions (
  id,
  question,
  quiz_id,
  quiz_id_id, -- Duplicate field for compatibility
  type,
  explanation,
  "order",
  created_at,
  updated_at
) VALUES (
  '5c732d8e-329d-45c6-ad91-ef703d22a060', -- Generated UUID for the question
  'Pick the question that corresponds with the ''Access'' quadrant',
  'e07e2703-4c97-4ce4-8fa3-7178361da241', -- Quiz ID
  'e07e2703-4c97-4ce4-8fa3-7178361da241', -- Quiz ID (duplicate)
  'single-answer',
  '',
  4,
  NOW(),
  NOW()
) ON CONFLICT (id) DO NOTHING; -- Skip if the question already exists

-- Insert option 1 for question 5
INSERT INTO payload.quiz_questions_options (
  id,
  _order,
  _parent_id,
  text,
  is_correct,
  created_at,
  updated_at
) VALUES (
  gen_random_uuid(),
  0,
  '5c732d8e-329d-45c6-ad91-ef703d22a060',
  'How does your audience like to consume information?',
  true,
  NOW(),
  NOW()
) ON CONFLICT DO NOTHING; -- Skip if the option already exists

-- Insert option 2 for question 5
INSERT INTO payload.quiz_questions_options (
  id,
  _order,
  _parent_id,
  text,
  is_correct,
  created_at,
  updated_at
) VALUES (
  gen_random_uuid(),
  1,
  '5c732d8e-329d-45c6-ad91-ef703d22a060',
  'What is their style, energy level, and emotional state?',
  false,
  NOW(),
  NOW()
) ON CONFLICT DO NOTHING; -- Skip if the option already exists

-- Insert option 3 for question 5
INSERT INTO payload.quiz_questions_options (
  id,
  _order,
  _parent_id,
  text,
  is_correct,
  created_at,
  updated_at
) VALUES (
  gen_random_uuid(),
  2,
  '5c732d8e-329d-45c6-ad91-ef703d22a060',
  'How do decisions get made?',
  false,
  NOW(),
  NOW()
) ON CONFLICT DO NOTHING; -- Skip if the option already exists

-- Insert option 4 for question 5
INSERT INTO payload.quiz_questions_options (
  id,
  _order,
  _parent_id,
  text,
  is_correct,
  created_at,
  updated_at
) VALUES (
  gen_random_uuid(),
  3,
  '5c732d8e-329d-45c6-ad91-ef703d22a060',
  'Who are your ''friends in court''?',
  false,
  NOW(),
  NOW()
) ON CONFLICT DO NOTHING; -- Skip if the option already exists

-- Create relationship entry for the question to the quiz
INSERT INTO payload.quiz_questions_rels (
  id,
  _parent_id,
  field,
  value,
  created_at,
  updated_at
) VALUES (
  gen_random_uuid(),
  '5c732d8e-329d-45c6-ad91-ef703d22a060',
  'quiz_id',
  'e07e2703-4c97-4ce4-8fa3-7178361da241',
  NOW(),
  NOW()
) ON CONFLICT DO NOTHING; -- Skip if the relationship already exists

-- Create bidirectional relationship entry for the quiz to the question
INSERT INTO payload.course_quizzes_rels (
  id,
  _parent_id,
  field,
  value,
  created_at,
  updated_at
) VALUES (
  gen_random_uuid(),
  'e07e2703-4c97-4ce4-8fa3-7178361da241',
  'questions',
  '5c732d8e-329d-45c6-ad91-ef703d22a060',
  NOW(),
  NOW()
) ON CONFLICT DO NOTHING; -- Skip if the relationship already exists

-- Insert question 6 for quiz: The Who Quiz
INSERT INTO payload.quiz_questions (
  id,
  question,
  quiz_id,
  quiz_id_id, -- Duplicate field for compatibility
  type,
  explanation,
  "order",
  created_at,
  updated_at
) VALUES (
  '2ec48275-6d75-4aad-8bd4-3ca1ab75b23a', -- Generated UUID for the question
  'Pick the question that corresponds with the ''Power'' quadrant',
  'e07e2703-4c97-4ce4-8fa3-7178361da241', -- Quiz ID
  'e07e2703-4c97-4ce4-8fa3-7178361da241', -- Quiz ID (duplicate)
  'single-answer',
  '',
  5,
  NOW(),
  NOW()
) ON CONFLICT (id) DO NOTHING; -- Skip if the question already exists

-- Insert option 1 for question 6
INSERT INTO payload.quiz_questions_options (
  id,
  _order,
  _parent_id,
  text,
  is_correct,
  created_at,
  updated_at
) VALUES (
  gen_random_uuid(),
  0,
  '2ec48275-6d75-4aad-8bd4-3ca1ab75b23a',
  'How does your audience like to consume information?',
  false,
  NOW(),
  NOW()
) ON CONFLICT DO NOTHING; -- Skip if the option already exists

-- Insert option 2 for question 6
INSERT INTO payload.quiz_questions_options (
  id,
  _order,
  _parent_id,
  text,
  is_correct,
  created_at,
  updated_at
) VALUES (
  gen_random_uuid(),
  1,
  '2ec48275-6d75-4aad-8bd4-3ca1ab75b23a',
  'Who are your ''friends in court''?',
  false,
  NOW(),
  NOW()
) ON CONFLICT DO NOTHING; -- Skip if the option already exists

-- Insert option 3 for question 6
INSERT INTO payload.quiz_questions_options (
  id,
  _order,
  _parent_id,
  text,
  is_correct,
  created_at,
  updated_at
) VALUES (
  gen_random_uuid(),
  2,
  '2ec48275-6d75-4aad-8bd4-3ca1ab75b23a',
  'How do decisions get made?',
  true,
  NOW(),
  NOW()
) ON CONFLICT DO NOTHING; -- Skip if the option already exists

-- Insert option 4 for question 6
INSERT INTO payload.quiz_questions_options (
  id,
  _order,
  _parent_id,
  text,
  is_correct,
  created_at,
  updated_at
) VALUES (
  gen_random_uuid(),
  3,
  '2ec48275-6d75-4aad-8bd4-3ca1ab75b23a',
  'What is their style, energy level, and emotional state?',
  false,
  NOW(),
  NOW()
) ON CONFLICT DO NOTHING; -- Skip if the option already exists

-- Create relationship entry for the question to the quiz
INSERT INTO payload.quiz_questions_rels (
  id,
  _parent_id,
  field,
  value,
  created_at,
  updated_at
) VALUES (
  gen_random_uuid(),
  '2ec48275-6d75-4aad-8bd4-3ca1ab75b23a',
  'quiz_id',
  'e07e2703-4c97-4ce4-8fa3-7178361da241',
  NOW(),
  NOW()
) ON CONFLICT DO NOTHING; -- Skip if the relationship already exists

-- Create bidirectional relationship entry for the quiz to the question
INSERT INTO payload.course_quizzes_rels (
  id,
  _parent_id,
  field,
  value,
  created_at,
  updated_at
) VALUES (
  gen_random_uuid(),
  'e07e2703-4c97-4ce4-8fa3-7178361da241',
  'questions',
  '2ec48275-6d75-4aad-8bd4-3ca1ab75b23a',
  NOW(),
  NOW()
) ON CONFLICT DO NOTHING; -- Skip if the relationship already exists

-- Insert question 7 for quiz: The Who Quiz
INSERT INTO payload.quiz_questions (
  id,
  question,
  quiz_id,
  quiz_id_id, -- Duplicate field for compatibility
  type,
  explanation,
  "order",
  created_at,
  updated_at
) VALUES (
  'df654ed8-8868-4738-b649-126b332821a3', -- Generated UUID for the question
  'Pick the question that corresponds with the ''Resistance'' quadrant',
  'e07e2703-4c97-4ce4-8fa3-7178361da241', -- Quiz ID
  'e07e2703-4c97-4ce4-8fa3-7178361da241', -- Quiz ID (duplicate)
  'single-answer',
  '',
  6,
  NOW(),
  NOW()
) ON CONFLICT (id) DO NOTHING; -- Skip if the question already exists

-- Insert option 1 for question 7
INSERT INTO payload.quiz_questions_options (
  id,
  _order,
  _parent_id,
  text,
  is_correct,
  created_at,
  updated_at
) VALUES (
  gen_random_uuid(),
  0,
  'df654ed8-8868-4738-b649-126b332821a3',
  'How does your audience like to consume information?',
  false,
  NOW(),
  NOW()
) ON CONFLICT DO NOTHING; -- Skip if the option already exists

-- Insert option 2 for question 7
INSERT INTO payload.quiz_questions_options (
  id,
  _order,
  _parent_id,
  text,
  is_correct,
  created_at,
  updated_at
) VALUES (
  gen_random_uuid(),
  1,
  'df654ed8-8868-4738-b649-126b332821a3',
  'Who are your ''friends in court''?',
  true,
  NOW(),
  NOW()
) ON CONFLICT DO NOTHING; -- Skip if the option already exists

-- Insert option 3 for question 7
INSERT INTO payload.quiz_questions_options (
  id,
  _order,
  _parent_id,
  text,
  is_correct,
  created_at,
  updated_at
) VALUES (
  gen_random_uuid(),
  2,
  'df654ed8-8868-4738-b649-126b332821a3',
  'How do decisions get made?',
  false,
  NOW(),
  NOW()
) ON CONFLICT DO NOTHING; -- Skip if the option already exists

-- Insert option 4 for question 7
INSERT INTO payload.quiz_questions_options (
  id,
  _order,
  _parent_id,
  text,
  is_correct,
  created_at,
  updated_at
) VALUES (
  gen_random_uuid(),
  3,
  'df654ed8-8868-4738-b649-126b332821a3',
  'What is their style, energy level, and emotional state?',
  false,
  NOW(),
  NOW()
) ON CONFLICT DO NOTHING; -- Skip if the option already exists

-- Create relationship entry for the question to the quiz
INSERT INTO payload.quiz_questions_rels (
  id,
  _parent_id,
  field,
  value,
  created_at,
  updated_at
) VALUES (
  gen_random_uuid(),
  'df654ed8-8868-4738-b649-126b332821a3',
  'quiz_id',
  'e07e2703-4c97-4ce4-8fa3-7178361da241',
  NOW(),
  NOW()
) ON CONFLICT DO NOTHING; -- Skip if the relationship already exists

-- Create bidirectional relationship entry for the quiz to the question
INSERT INTO payload.course_quizzes_rels (
  id,
  _parent_id,
  field,
  value,
  created_at,
  updated_at
) VALUES (
  gen_random_uuid(),
  'e07e2703-4c97-4ce4-8fa3-7178361da241',
  'questions',
  'df654ed8-8868-4738-b649-126b332821a3',
  NOW(),
  NOW()
) ON CONFLICT DO NOTHING; -- Skip if the relationship already exists

-- Questions for quiz: Using Stories Quiz (using-stories-quiz, ID: 248435da-d1cb-4824-bb34-33a124e302bf)
-- Insert question 1 for quiz: Using Stories Quiz
INSERT INTO payload.quiz_questions (
  id,
  question,
  quiz_id,
  quiz_id_id, -- Duplicate field for compatibility
  type,
  explanation,
  "order",
  created_at,
  updated_at
) VALUES (
  'c28ed768-00e4-4c03-82aa-74e2aa248f9e', -- Generated UUID for the question
  'Why are stories like a cup?',
  '248435da-d1cb-4824-bb34-33a124e302bf', -- Quiz ID
  '248435da-d1cb-4824-bb34-33a124e302bf', -- Quiz ID (duplicate)
  'single-answer',
  '',
  0,
  NOW(),
  NOW()
) ON CONFLICT (id) DO NOTHING; -- Skip if the question already exists

-- Insert option 1 for question 1
INSERT INTO payload.quiz_questions_options (
  id,
  _order,
  _parent_id,
  text,
  is_correct,
  created_at,
  updated_at
) VALUES (
  gen_random_uuid(),
  0,
  'c28ed768-00e4-4c03-82aa-74e2aa248f9e',
  'Because they are the brain''s natural container for information',
  true,
  NOW(),
  NOW()
) ON CONFLICT DO NOTHING; -- Skip if the option already exists

-- Insert option 2 for question 1
INSERT INTO payload.quiz_questions_options (
  id,
  _order,
  _parent_id,
  text,
  is_correct,
  created_at,
  updated_at
) VALUES (
  gen_random_uuid(),
  1,
  'c28ed768-00e4-4c03-82aa-74e2aa248f9e',
  'Because they are simple and straightforward',
  false,
  NOW(),
  NOW()
) ON CONFLICT DO NOTHING; -- Skip if the option already exists

-- Insert option 3 for question 1
INSERT INTO payload.quiz_questions_options (
  id,
  _order,
  _parent_id,
  text,
  is_correct,
  created_at,
  updated_at
) VALUES (
  gen_random_uuid(),
  2,
  'c28ed768-00e4-4c03-82aa-74e2aa248f9e',
  'Because you can put in them whatever you like',
  false,
  NOW(),
  NOW()
) ON CONFLICT DO NOTHING; -- Skip if the option already exists

-- Insert option 4 for question 1
INSERT INTO payload.quiz_questions_options (
  id,
  _order,
  _parent_id,
  text,
  is_correct,
  created_at,
  updated_at
) VALUES (
  gen_random_uuid(),
  3,
  'c28ed768-00e4-4c03-82aa-74e2aa248f9e',
  'Because they are delicate, and need to be handled carefully',
  false,
  NOW(),
  NOW()
) ON CONFLICT DO NOTHING; -- Skip if the option already exists

-- Create relationship entry for the question to the quiz
INSERT INTO payload.quiz_questions_rels (
  id,
  _parent_id,
  field,
  value,
  created_at,
  updated_at
) VALUES (
  gen_random_uuid(),
  'c28ed768-00e4-4c03-82aa-74e2aa248f9e',
  'quiz_id',
  '248435da-d1cb-4824-bb34-33a124e302bf',
  NOW(),
  NOW()
) ON CONFLICT DO NOTHING; -- Skip if the relationship already exists

-- Create bidirectional relationship entry for the quiz to the question
INSERT INTO payload.course_quizzes_rels (
  id,
  _parent_id,
  field,
  value,
  created_at,
  updated_at
) VALUES (
  gen_random_uuid(),
  '248435da-d1cb-4824-bb34-33a124e302bf',
  'questions',
  'c28ed768-00e4-4c03-82aa-74e2aa248f9e',
  NOW(),
  NOW()
) ON CONFLICT DO NOTHING; -- Skip if the relationship already exists

-- Insert question 2 for quiz: Using Stories Quiz
INSERT INTO payload.quiz_questions (
  id,
  question,
  quiz_id,
  quiz_id_id, -- Duplicate field for compatibility
  type,
  explanation,
  "order",
  created_at,
  updated_at
) VALUES (
  'c14d635c-54d8-4536-be93-45dc36cfb73b', -- Generated UUID for the question
  'What do stories add to our presentations? Why should be use them?',
  '248435da-d1cb-4824-bb34-33a124e302bf', -- Quiz ID
  '248435da-d1cb-4824-bb34-33a124e302bf', -- Quiz ID (duplicate)
  'multi-answer',
  '',
  1,
  NOW(),
  NOW()
) ON CONFLICT (id) DO NOTHING; -- Skip if the question already exists

-- Insert option 1 for question 2
INSERT INTO payload.quiz_questions_options (
  id,
  _order,
  _parent_id,
  text,
  is_correct,
  created_at,
  updated_at
) VALUES (
  gen_random_uuid(),
  0,
  'c14d635c-54d8-4536-be93-45dc36cfb73b',
  'Stories stop disagreement',
  true,
  NOW(),
  NOW()
) ON CONFLICT DO NOTHING; -- Skip if the option already exists

-- Insert option 2 for question 2
INSERT INTO payload.quiz_questions_options (
  id,
  _order,
  _parent_id,
  text,
  is_correct,
  created_at,
  updated_at
) VALUES (
  gen_random_uuid(),
  1,
  'c14d635c-54d8-4536-be93-45dc36cfb73b',
  'Stories make people laugh',
  false,
  NOW(),
  NOW()
) ON CONFLICT DO NOTHING; -- Skip if the option already exists

-- Insert option 3 for question 2
INSERT INTO payload.quiz_questions_options (
  id,
  _order,
  _parent_id,
  text,
  is_correct,
  created_at,
  updated_at
) VALUES (
  gen_random_uuid(),
  2,
  'c14d635c-54d8-4536-be93-45dc36cfb73b',
  'Stories lull your audience to sleep',
  false,
  NOW(),
  NOW()
) ON CONFLICT DO NOTHING; -- Skip if the option already exists

-- Insert option 4 for question 2
INSERT INTO payload.quiz_questions_options (
  id,
  _order,
  _parent_id,
  text,
  is_correct,
  created_at,
  updated_at
) VALUES (
  gen_random_uuid(),
  3,
  'c14d635c-54d8-4536-be93-45dc36cfb73b',
  'Stories make your message more memorable',
  true,
  NOW(),
  NOW()
) ON CONFLICT DO NOTHING; -- Skip if the option already exists

-- Insert option 5 for question 2
INSERT INTO payload.quiz_questions_options (
  id,
  _order,
  _parent_id,
  text,
  is_correct,
  created_at,
  updated_at
) VALUES (
  gen_random_uuid(),
  4,
  'c14d635c-54d8-4536-be93-45dc36cfb73b',
  'Stories increase trust',
  true,
  NOW(),
  NOW()
) ON CONFLICT DO NOTHING; -- Skip if the option already exists

-- Create relationship entry for the question to the quiz
INSERT INTO payload.quiz_questions_rels (
  id,
  _parent_id,
  field,
  value,
  created_at,
  updated_at
) VALUES (
  gen_random_uuid(),
  'c14d635c-54d8-4536-be93-45dc36cfb73b',
  'quiz_id',
  '248435da-d1cb-4824-bb34-33a124e302bf',
  NOW(),
  NOW()
) ON CONFLICT DO NOTHING; -- Skip if the relationship already exists

-- Create bidirectional relationship entry for the quiz to the question
INSERT INTO payload.course_quizzes_rels (
  id,
  _parent_id,
  field,
  value,
  created_at,
  updated_at
) VALUES (
  gen_random_uuid(),
  '248435da-d1cb-4824-bb34-33a124e302bf',
  'questions',
  'c14d635c-54d8-4536-be93-45dc36cfb73b',
  NOW(),
  NOW()
) ON CONFLICT DO NOTHING; -- Skip if the relationship already exists

-- Insert question 3 for quiz: Using Stories Quiz
INSERT INTO payload.quiz_questions (
  id,
  question,
  quiz_id,
  quiz_id_id, -- Duplicate field for compatibility
  type,
  explanation,
  "order",
  created_at,
  updated_at
) VALUES (
  '68dc4f69-d81d-4b51-ab34-e8c59a92aa16', -- Generated UUID for the question
  'What characteristics make stories memorable?',
  '248435da-d1cb-4824-bb34-33a124e302bf', -- Quiz ID
  '248435da-d1cb-4824-bb34-33a124e302bf', -- Quiz ID (duplicate)
  'multi-answer',
  '',
  2,
  NOW(),
  NOW()
) ON CONFLICT (id) DO NOTHING; -- Skip if the question already exists

-- Insert option 1 for question 3
INSERT INTO payload.quiz_questions_options (
  id,
  _order,
  _parent_id,
  text,
  is_correct,
  created_at,
  updated_at
) VALUES (
  gen_random_uuid(),
  0,
  '68dc4f69-d81d-4b51-ab34-e8c59a92aa16',
  'Concreteness',
  true,
  NOW(),
  NOW()
) ON CONFLICT DO NOTHING; -- Skip if the option already exists

-- Insert option 2 for question 3
INSERT INTO payload.quiz_questions_options (
  id,
  _order,
  _parent_id,
  text,
  is_correct,
  created_at,
  updated_at
) VALUES (
  gen_random_uuid(),
  1,
  '68dc4f69-d81d-4b51-ab34-e8c59a92aa16',
  'Unexpectedness',
  true,
  NOW(),
  NOW()
) ON CONFLICT DO NOTHING; -- Skip if the option already exists

-- Insert option 3 for question 3
INSERT INTO payload.quiz_questions_options (
  id,
  _order,
  _parent_id,
  text,
  is_correct,
  created_at,
  updated_at
) VALUES (
  gen_random_uuid(),
  2,
  '68dc4f69-d81d-4b51-ab34-e8c59a92aa16',
  'Credibility',
  true,
  NOW(),
  NOW()
) ON CONFLICT DO NOTHING; -- Skip if the option already exists

-- Insert option 4 for question 3
INSERT INTO payload.quiz_questions_options (
  id,
  _order,
  _parent_id,
  text,
  is_correct,
  created_at,
  updated_at
) VALUES (
  gen_random_uuid(),
  3,
  '68dc4f69-d81d-4b51-ab34-e8c59a92aa16',
  'Simplicity',
  true,
  NOW(),
  NOW()
) ON CONFLICT DO NOTHING; -- Skip if the option already exists

-- Insert option 5 for question 3
INSERT INTO payload.quiz_questions_options (
  id,
  _order,
  _parent_id,
  text,
  is_correct,
  created_at,
  updated_at
) VALUES (
  gen_random_uuid(),
  4,
  '68dc4f69-d81d-4b51-ab34-e8c59a92aa16',
  'Emotion',
  true,
  NOW(),
  NOW()
) ON CONFLICT DO NOTHING; -- Skip if the option already exists

-- Create relationship entry for the question to the quiz
INSERT INTO payload.quiz_questions_rels (
  id,
  _parent_id,
  field,
  value,
  created_at,
  updated_at
) VALUES (
  gen_random_uuid(),
  '68dc4f69-d81d-4b51-ab34-e8c59a92aa16',
  'quiz_id',
  '248435da-d1cb-4824-bb34-33a124e302bf',
  NOW(),
  NOW()
) ON CONFLICT DO NOTHING; -- Skip if the relationship already exists

-- Create bidirectional relationship entry for the quiz to the question
INSERT INTO payload.course_quizzes_rels (
  id,
  _parent_id,
  field,
  value,
  created_at,
  updated_at
) VALUES (
  gen_random_uuid(),
  '248435da-d1cb-4824-bb34-33a124e302bf',
  'questions',
  '68dc4f69-d81d-4b51-ab34-e8c59a92aa16',
  NOW(),
  NOW()
) ON CONFLICT DO NOTHING; -- Skip if the relationship already exists

-- Questions for quiz: Visual Perception and Communication Quiz (visual-perception-quiz, ID: 808e35c4-be90-4aa2-ac07-07056beaeb83)
-- Insert question 1 for quiz: Visual Perception and Communication Quiz
INSERT INTO payload.quiz_questions (
  id,
  question,
  quiz_id,
  quiz_id_id, -- Duplicate field for compatibility
  type,
  explanation,
  "order",
  created_at,
  updated_at
) VALUES (
  '35d26054-a85e-4b78-a6fe-85961f8a6931', -- Generated UUID for the question
  'What is visual thinking?',
  '808e35c4-be90-4aa2-ac07-07056beaeb83', -- Quiz ID
  '808e35c4-be90-4aa2-ac07-07056beaeb83', -- Quiz ID (duplicate)
  'single-answer',
  '',
  0,
  NOW(),
  NOW()
) ON CONFLICT (id) DO NOTHING; -- Skip if the question already exists

-- Insert option 1 for question 1
INSERT INTO payload.quiz_questions_options (
  id,
  _order,
  _parent_id,
  text,
  is_correct,
  created_at,
  updated_at
) VALUES (
  gen_random_uuid(),
  0,
  '35d26054-a85e-4b78-a6fe-85961f8a6931',
  'Doodling',
  false,
  NOW(),
  NOW()
) ON CONFLICT DO NOTHING; -- Skip if the option already exists

-- Insert option 2 for question 1
INSERT INTO payload.quiz_questions_options (
  id,
  _order,
  _parent_id,
  text,
  is_correct,
  created_at,
  updated_at
) VALUES (
  gen_random_uuid(),
  1,
  '35d26054-a85e-4b78-a6fe-85961f8a6931',
  'The phenomenon of thinking through visual processing',
  true,
  NOW(),
  NOW()
) ON CONFLICT DO NOTHING; -- Skip if the option already exists

-- Insert option 3 for question 1
INSERT INTO payload.quiz_questions_options (
  id,
  _order,
  _parent_id,
  text,
  is_correct,
  created_at,
  updated_at
) VALUES (
  gen_random_uuid(),
  2,
  '35d26054-a85e-4b78-a6fe-85961f8a6931',
  'A thought cloud',
  false,
  NOW(),
  NOW()
) ON CONFLICT DO NOTHING; -- Skip if the option already exists

-- Insert option 4 for question 1
INSERT INTO payload.quiz_questions_options (
  id,
  _order,
  _parent_id,
  text,
  is_correct,
  created_at,
  updated_at
) VALUES (
  gen_random_uuid(),
  3,
  '35d26054-a85e-4b78-a6fe-85961f8a6931',
  'Complex visual charts',
  false,
  NOW(),
  NOW()
) ON CONFLICT DO NOTHING; -- Skip if the option already exists

-- Create relationship entry for the question to the quiz
INSERT INTO payload.quiz_questions_rels (
  id,
  _parent_id,
  field,
  value,
  created_at,
  updated_at
) VALUES (
  gen_random_uuid(),
  '35d26054-a85e-4b78-a6fe-85961f8a6931',
  'quiz_id',
  '808e35c4-be90-4aa2-ac07-07056beaeb83',
  NOW(),
  NOW()
) ON CONFLICT DO NOTHING; -- Skip if the relationship already exists

-- Create bidirectional relationship entry for the quiz to the question
INSERT INTO payload.course_quizzes_rels (
  id,
  _parent_id,
  field,
  value,
  created_at,
  updated_at
) VALUES (
  gen_random_uuid(),
  '808e35c4-be90-4aa2-ac07-07056beaeb83',
  'questions',
  '35d26054-a85e-4b78-a6fe-85961f8a6931',
  NOW(),
  NOW()
) ON CONFLICT DO NOTHING; -- Skip if the relationship already exists

-- Insert question 2 for quiz: Visual Perception and Communication Quiz
INSERT INTO payload.quiz_questions (
  id,
  question,
  quiz_id,
  quiz_id_id, -- Duplicate field for compatibility
  type,
  explanation,
  "order",
  created_at,
  updated_at
) VALUES (
  'a547e054-8b3e-4d3d-9fec-0b7aecad28cc', -- Generated UUID for the question
  'Match the type of mental processing with the characteristic: ''Conscious, sequential, and slow/hard''',
  '808e35c4-be90-4aa2-ac07-07056beaeb83', -- Quiz ID
  '808e35c4-be90-4aa2-ac07-07056beaeb83', -- Quiz ID (duplicate)
  'single-answer',
  '',
  1,
  NOW(),
  NOW()
) ON CONFLICT (id) DO NOTHING; -- Skip if the question already exists

-- Insert option 1 for question 2
INSERT INTO payload.quiz_questions_options (
  id,
  _order,
  _parent_id,
  text,
  is_correct,
  created_at,
  updated_at
) VALUES (
  gen_random_uuid(),
  0,
  'a547e054-8b3e-4d3d-9fec-0b7aecad28cc',
  'Attentive processing',
  true,
  NOW(),
  NOW()
) ON CONFLICT DO NOTHING; -- Skip if the option already exists

-- Insert option 2 for question 2
INSERT INTO payload.quiz_questions_options (
  id,
  _order,
  _parent_id,
  text,
  is_correct,
  created_at,
  updated_at
) VALUES (
  gen_random_uuid(),
  1,
  'a547e054-8b3e-4d3d-9fec-0b7aecad28cc',
  'Pre-attentive processing',
  false,
  NOW(),
  NOW()
) ON CONFLICT DO NOTHING; -- Skip if the option already exists

-- Create relationship entry for the question to the quiz
INSERT INTO payload.quiz_questions_rels (
  id,
  _parent_id,
  field,
  value,
  created_at,
  updated_at
) VALUES (
  gen_random_uuid(),
  'a547e054-8b3e-4d3d-9fec-0b7aecad28cc',
  'quiz_id',
  '808e35c4-be90-4aa2-ac07-07056beaeb83',
  NOW(),
  NOW()
) ON CONFLICT DO NOTHING; -- Skip if the relationship already exists

-- Create bidirectional relationship entry for the quiz to the question
INSERT INTO payload.course_quizzes_rels (
  id,
  _parent_id,
  field,
  value,
  created_at,
  updated_at
) VALUES (
  gen_random_uuid(),
  '808e35c4-be90-4aa2-ac07-07056beaeb83',
  'questions',
  'a547e054-8b3e-4d3d-9fec-0b7aecad28cc',
  NOW(),
  NOW()
) ON CONFLICT DO NOTHING; -- Skip if the relationship already exists

-- Insert question 3 for quiz: Visual Perception and Communication Quiz
INSERT INTO payload.quiz_questions (
  id,
  question,
  quiz_id,
  quiz_id_id, -- Duplicate field for compatibility
  type,
  explanation,
  "order",
  created_at,
  updated_at
) VALUES (
  'b47380e4-67a0-48d6-a730-71c134613c41', -- Generated UUID for the question
  'Match the type of mental processing with the characteristic: ''Below the level of consciousness, very rapid''',
  '808e35c4-be90-4aa2-ac07-07056beaeb83', -- Quiz ID
  '808e35c4-be90-4aa2-ac07-07056beaeb83', -- Quiz ID (duplicate)
  'single-answer',
  '',
  2,
  NOW(),
  NOW()
) ON CONFLICT (id) DO NOTHING; -- Skip if the question already exists

-- Insert option 1 for question 3
INSERT INTO payload.quiz_questions_options (
  id,
  _order,
  _parent_id,
  text,
  is_correct,
  created_at,
  updated_at
) VALUES (
  gen_random_uuid(),
  0,
  'b47380e4-67a0-48d6-a730-71c134613c41',
  'Attentive processing',
  false,
  NOW(),
  NOW()
) ON CONFLICT DO NOTHING; -- Skip if the option already exists

-- Insert option 2 for question 3
INSERT INTO payload.quiz_questions_options (
  id,
  _order,
  _parent_id,
  text,
  is_correct,
  created_at,
  updated_at
) VALUES (
  gen_random_uuid(),
  1,
  'b47380e4-67a0-48d6-a730-71c134613c41',
  'Pre-attentive processing',
  true,
  NOW(),
  NOW()
) ON CONFLICT DO NOTHING; -- Skip if the option already exists

-- Create relationship entry for the question to the quiz
INSERT INTO payload.quiz_questions_rels (
  id,
  _parent_id,
  field,
  value,
  created_at,
  updated_at
) VALUES (
  gen_random_uuid(),
  'b47380e4-67a0-48d6-a730-71c134613c41',
  'quiz_id',
  '808e35c4-be90-4aa2-ac07-07056beaeb83',
  NOW(),
  NOW()
) ON CONFLICT DO NOTHING; -- Skip if the relationship already exists

-- Create bidirectional relationship entry for the quiz to the question
INSERT INTO payload.course_quizzes_rels (
  id,
  _parent_id,
  field,
  value,
  created_at,
  updated_at
) VALUES (
  gen_random_uuid(),
  '808e35c4-be90-4aa2-ac07-07056beaeb83',
  'questions',
  'b47380e4-67a0-48d6-a730-71c134613c41',
  NOW(),
  NOW()
) ON CONFLICT DO NOTHING; -- Skip if the relationship already exists

-- Insert question 4 for quiz: Visual Perception and Communication Quiz
INSERT INTO payload.quiz_questions (
  id,
  question,
  quiz_id,
  quiz_id_id, -- Duplicate field for compatibility
  type,
  explanation,
  "order",
  created_at,
  updated_at
) VALUES (
  '0be9d213-ee3b-4bc6-ae53-17fb28ab65b9', -- Generated UUID for the question
  'What are the visual attribute triggers of pre-attentive processing?',
  '808e35c4-be90-4aa2-ac07-07056beaeb83', -- Quiz ID
  '808e35c4-be90-4aa2-ac07-07056beaeb83', -- Quiz ID (duplicate)
  'multi-answer',
  '',
  3,
  NOW(),
  NOW()
) ON CONFLICT (id) DO NOTHING; -- Skip if the question already exists

-- Insert option 1 for question 4
INSERT INTO payload.quiz_questions_options (
  id,
  _order,
  _parent_id,
  text,
  is_correct,
  created_at,
  updated_at
) VALUES (
  gen_random_uuid(),
  0,
  '0be9d213-ee3b-4bc6-ae53-17fb28ab65b9',
  'Length',
  true,
  NOW(),
  NOW()
) ON CONFLICT DO NOTHING; -- Skip if the option already exists

-- Insert option 2 for question 4
INSERT INTO payload.quiz_questions_options (
  id,
  _order,
  _parent_id,
  text,
  is_correct,
  created_at,
  updated_at
) VALUES (
  gen_random_uuid(),
  1,
  '0be9d213-ee3b-4bc6-ae53-17fb28ab65b9',
  '3D position',
  false,
  NOW(),
  NOW()
) ON CONFLICT DO NOTHING; -- Skip if the option already exists

-- Insert option 3 for question 4
INSERT INTO payload.quiz_questions_options (
  id,
  _order,
  _parent_id,
  text,
  is_correct,
  created_at,
  updated_at
) VALUES (
  gen_random_uuid(),
  2,
  '0be9d213-ee3b-4bc6-ae53-17fb28ab65b9',
  'Color',
  false,
  NOW(),
  NOW()
) ON CONFLICT DO NOTHING; -- Skip if the option already exists

-- Insert option 4 for question 4
INSERT INTO payload.quiz_questions_options (
  id,
  _order,
  _parent_id,
  text,
  is_correct,
  created_at,
  updated_at
) VALUES (
  gen_random_uuid(),
  3,
  '0be9d213-ee3b-4bc6-ae53-17fb28ab65b9',
  'Size',
  true,
  NOW(),
  NOW()
) ON CONFLICT DO NOTHING; -- Skip if the option already exists

-- Insert option 5 for question 4
INSERT INTO payload.quiz_questions_options (
  id,
  _order,
  _parent_id,
  text,
  is_correct,
  created_at,
  updated_at
) VALUES (
  gen_random_uuid(),
  4,
  '0be9d213-ee3b-4bc6-ae53-17fb28ab65b9',
  'Motion',
  false,
  NOW(),
  NOW()
) ON CONFLICT DO NOTHING; -- Skip if the option already exists

-- Insert option 6 for question 4
INSERT INTO payload.quiz_questions_options (
  id,
  _order,
  _parent_id,
  text,
  is_correct,
  created_at,
  updated_at
) VALUES (
  gen_random_uuid(),
  5,
  '0be9d213-ee3b-4bc6-ae53-17fb28ab65b9',
  'Hue',
  true,
  NOW(),
  NOW()
) ON CONFLICT DO NOTHING; -- Skip if the option already exists

-- Insert option 7 for question 4
INSERT INTO payload.quiz_questions_options (
  id,
  _order,
  _parent_id,
  text,
  is_correct,
  created_at,
  updated_at
) VALUES (
  gen_random_uuid(),
  6,
  '0be9d213-ee3b-4bc6-ae53-17fb28ab65b9',
  'Texture',
  false,
  NOW(),
  NOW()
) ON CONFLICT DO NOTHING; -- Skip if the option already exists

-- Insert option 8 for question 4
INSERT INTO payload.quiz_questions_options (
  id,
  _order,
  _parent_id,
  text,
  is_correct,
  created_at,
  updated_at
) VALUES (
  gen_random_uuid(),
  7,
  '0be9d213-ee3b-4bc6-ae53-17fb28ab65b9',
  'Shape',
  true,
  NOW(),
  NOW()
) ON CONFLICT DO NOTHING; -- Skip if the option already exists

-- Insert option 9 for question 4
INSERT INTO payload.quiz_questions_options (
  id,
  _order,
  _parent_id,
  text,
  is_correct,
  created_at,
  updated_at
) VALUES (
  gen_random_uuid(),
  8,
  '0be9d213-ee3b-4bc6-ae53-17fb28ab65b9',
  'Width',
  true,
  NOW(),
  NOW()
) ON CONFLICT DO NOTHING; -- Skip if the option already exists

-- Insert option 10 for question 4
INSERT INTO payload.quiz_questions_options (
  id,
  _order,
  _parent_id,
  text,
  is_correct,
  created_at,
  updated_at
) VALUES (
  gen_random_uuid(),
  9,
  '0be9d213-ee3b-4bc6-ae53-17fb28ab65b9',
  'Orientation',
  true,
  NOW(),
  NOW()
) ON CONFLICT DO NOTHING; -- Skip if the option already exists

-- Insert option 11 for question 4
INSERT INTO payload.quiz_questions_options (
  id,
  _order,
  _parent_id,
  text,
  is_correct,
  created_at,
  updated_at
) VALUES (
  gen_random_uuid(),
  10,
  '0be9d213-ee3b-4bc6-ae53-17fb28ab65b9',
  'Enclosure',
  true,
  NOW(),
  NOW()
) ON CONFLICT DO NOTHING; -- Skip if the option already exists

-- Insert option 12 for question 4
INSERT INTO payload.quiz_questions_options (
  id,
  _order,
  _parent_id,
  text,
  is_correct,
  created_at,
  updated_at
) VALUES (
  gen_random_uuid(),
  11,
  '0be9d213-ee3b-4bc6-ae53-17fb28ab65b9',
  '2D position',
  true,
  NOW(),
  NOW()
) ON CONFLICT DO NOTHING; -- Skip if the option already exists

-- Insert option 13 for question 4
INSERT INTO payload.quiz_questions_options (
  id,
  _order,
  _parent_id,
  text,
  is_correct,
  created_at,
  updated_at
) VALUES (
  gen_random_uuid(),
  12,
  '0be9d213-ee3b-4bc6-ae53-17fb28ab65b9',
  'Intensity',
  true,
  NOW(),
  NOW()
) ON CONFLICT DO NOTHING; -- Skip if the option already exists

-- Create relationship entry for the question to the quiz
INSERT INTO payload.quiz_questions_rels (
  id,
  _parent_id,
  field,
  value,
  created_at,
  updated_at
) VALUES (
  gen_random_uuid(),
  '0be9d213-ee3b-4bc6-ae53-17fb28ab65b9',
  'quiz_id',
  '808e35c4-be90-4aa2-ac07-07056beaeb83',
  NOW(),
  NOW()
) ON CONFLICT DO NOTHING; -- Skip if the relationship already exists

-- Create bidirectional relationship entry for the quiz to the question
INSERT INTO payload.course_quizzes_rels (
  id,
  _parent_id,
  field,
  value,
  created_at,
  updated_at
) VALUES (
  gen_random_uuid(),
  '808e35c4-be90-4aa2-ac07-07056beaeb83',
  'questions',
  '0be9d213-ee3b-4bc6-ae53-17fb28ab65b9',
  NOW(),
  NOW()
) ON CONFLICT DO NOTHING; -- Skip if the relationship already exists

-- Questions for quiz: The Why (Next Steps) Quiz (why-next-steps-quiz, ID: eca60681-b2ae-4346-890a-7f288e8e0499)
-- Insert question 1 for quiz: The Why (Next Steps) Quiz
INSERT INTO payload.quiz_questions (
  id,
  question,
  quiz_id,
  quiz_id_id, -- Duplicate field for compatibility
  type,
  explanation,
  "order",
  created_at,
  updated_at
) VALUES (
  '5dc19e60-35d7-4521-87c0-7d92150f233f', -- Generated UUID for the question
  'Who is Cicero?',
  'eca60681-b2ae-4346-890a-7f288e8e0499', -- Quiz ID
  'eca60681-b2ae-4346-890a-7f288e8e0499', -- Quiz ID (duplicate)
  'single-answer',
  '',
  0,
  NOW(),
  NOW()
) ON CONFLICT (id) DO NOTHING; -- Skip if the question already exists

-- Insert option 1 for question 1
INSERT INTO payload.quiz_questions_options (
  id,
  _order,
  _parent_id,
  text,
  is_correct,
  created_at,
  updated_at
) VALUES (
  gen_random_uuid(),
  0,
  '5dc19e60-35d7-4521-87c0-7d92150f233f',
  'A PowerPoint macro',
  false,
  NOW(),
  NOW()
) ON CONFLICT DO NOTHING; -- Skip if the option already exists

-- Insert option 2 for question 1
INSERT INTO payload.quiz_questions_options (
  id,
  _order,
  _parent_id,
  text,
  is_correct,
  created_at,
  updated_at
) VALUES (
  gen_random_uuid(),
  1,
  '5dc19e60-35d7-4521-87c0-7d92150f233f',
  'Some Italian dude who wasn''t nearly as effective as Demosthenes',
  true,
  NOW(),
  NOW()
) ON CONFLICT DO NOTHING; -- Skip if the option already exists

-- Insert option 3 for question 1
INSERT INTO payload.quiz_questions_options (
  id,
  _order,
  _parent_id,
  text,
  is_correct,
  created_at,
  updated_at
) VALUES (
  gen_random_uuid(),
  2,
  '5dc19e60-35d7-4521-87c0-7d92150f233f',
  'Drake''s blind brother',
  false,
  NOW(),
  NOW()
) ON CONFLICT DO NOTHING; -- Skip if the option already exists

-- Create relationship entry for the question to the quiz
INSERT INTO payload.quiz_questions_rels (
  id,
  _parent_id,
  field,
  value,
  created_at,
  updated_at
) VALUES (
  gen_random_uuid(),
  '5dc19e60-35d7-4521-87c0-7d92150f233f',
  'quiz_id',
  'eca60681-b2ae-4346-890a-7f288e8e0499',
  NOW(),
  NOW()
) ON CONFLICT DO NOTHING; -- Skip if the relationship already exists

-- Create bidirectional relationship entry for the quiz to the question
INSERT INTO payload.course_quizzes_rels (
  id,
  _parent_id,
  field,
  value,
  created_at,
  updated_at
) VALUES (
  gen_random_uuid(),
  'eca60681-b2ae-4346-890a-7f288e8e0499',
  'questions',
  '5dc19e60-35d7-4521-87c0-7d92150f233f',
  NOW(),
  NOW()
) ON CONFLICT DO NOTHING; -- Skip if the relationship already exists

-- Insert question 2 for quiz: The Why (Next Steps) Quiz
INSERT INTO payload.quiz_questions (
  id,
  question,
  quiz_id,
  quiz_id_id, -- Duplicate field for compatibility
  type,
  explanation,
  "order",
  created_at,
  updated_at
) VALUES (
  '0a1a5c2d-744a-42a6-8dc2-6cfa4009fee2', -- Generated UUID for the question
  'What is the ultimate objective of our presentation?',
  'eca60681-b2ae-4346-890a-7f288e8e0499', -- Quiz ID
  'eca60681-b2ae-4346-890a-7f288e8e0499', -- Quiz ID (duplicate)
  'single-answer',
  '',
  1,
  NOW(),
  NOW()
) ON CONFLICT (id) DO NOTHING; -- Skip if the question already exists

-- Insert option 1 for question 2
INSERT INTO payload.quiz_questions_options (
  id,
  _order,
  _parent_id,
  text,
  is_correct,
  created_at,
  updated_at
) VALUES (
  gen_random_uuid(),
  0,
  '0a1a5c2d-744a-42a6-8dc2-6cfa4009fee2',
  'To prompt action!',
  true,
  NOW(),
  NOW()
) ON CONFLICT DO NOTHING; -- Skip if the option already exists

-- Insert option 2 for question 2
INSERT INTO payload.quiz_questions_options (
  id,
  _order,
  _parent_id,
  text,
  is_correct,
  created_at,
  updated_at
) VALUES (
  gen_random_uuid(),
  1,
  '0a1a5c2d-744a-42a6-8dc2-6cfa4009fee2',
  'To get it over with',
  false,
  NOW(),
  NOW()
) ON CONFLICT DO NOTHING; -- Skip if the option already exists

-- Insert option 3 for question 2
INSERT INTO payload.quiz_questions_options (
  id,
  _order,
  _parent_id,
  text,
  is_correct,
  created_at,
  updated_at
) VALUES (
  gen_random_uuid(),
  2,
  '0a1a5c2d-744a-42a6-8dc2-6cfa4009fee2',
  'To get praise for our slick PowerPoint skills',
  false,
  NOW(),
  NOW()
) ON CONFLICT DO NOTHING; -- Skip if the option already exists

-- Create relationship entry for the question to the quiz
INSERT INTO payload.quiz_questions_rels (
  id,
  _parent_id,
  field,
  value,
  created_at,
  updated_at
) VALUES (
  gen_random_uuid(),
  '0a1a5c2d-744a-42a6-8dc2-6cfa4009fee2',
  'quiz_id',
  'eca60681-b2ae-4346-890a-7f288e8e0499',
  NOW(),
  NOW()
) ON CONFLICT DO NOTHING; -- Skip if the relationship already exists

-- Create bidirectional relationship entry for the quiz to the question
INSERT INTO payload.course_quizzes_rels (
  id,
  _parent_id,
  field,
  value,
  created_at,
  updated_at
) VALUES (
  gen_random_uuid(),
  'eca60681-b2ae-4346-890a-7f288e8e0499',
  'questions',
  '0a1a5c2d-744a-42a6-8dc2-6cfa4009fee2',
  NOW(),
  NOW()
) ON CONFLICT DO NOTHING; -- Skip if the relationship already exists

-- Insert question 3 for quiz: The Why (Next Steps) Quiz
INSERT INTO payload.quiz_questions (
  id,
  question,
  quiz_id,
  quiz_id_id, -- Duplicate field for compatibility
  type,
  explanation,
  "order",
  created_at,
  updated_at
) VALUES (
  '37b5e6a9-7f15-4fa1-8db8-f034468e010e', -- Generated UUID for the question
  'Which of the following are reasonable next steps to follow your presentation?',
  'eca60681-b2ae-4346-890a-7f288e8e0499', -- Quiz ID
  'eca60681-b2ae-4346-890a-7f288e8e0499', -- Quiz ID (duplicate)
  'multi-answer',
  '',
  2,
  NOW(),
  NOW()
) ON CONFLICT (id) DO NOTHING; -- Skip if the question already exists

-- Insert option 1 for question 3
INSERT INTO payload.quiz_questions_options (
  id,
  _order,
  _parent_id,
  text,
  is_correct,
  created_at,
  updated_at
) VALUES (
  gen_random_uuid(),
  0,
  '37b5e6a9-7f15-4fa1-8db8-f034468e010e',
  'For your to develop a full proposal for the customer',
  false,
  NOW(),
  NOW()
) ON CONFLICT DO NOTHING; -- Skip if the option already exists

-- Insert option 2 for question 3
INSERT INTO payload.quiz_questions_options (
  id,
  _order,
  _parent_id,
  text,
  is_correct,
  created_at,
  updated_at
) VALUES (
  gen_random_uuid(),
  1,
  '37b5e6a9-7f15-4fa1-8db8-f034468e010e',
  'For the customer to test your software as part of a trial',
  true,
  NOW(),
  NOW()
) ON CONFLICT DO NOTHING; -- Skip if the option already exists

-- Insert option 3 for question 3
INSERT INTO payload.quiz_questions_options (
  id,
  _order,
  _parent_id,
  text,
  is_correct,
  created_at,
  updated_at
) VALUES (
  gen_random_uuid(),
  2,
  '37b5e6a9-7f15-4fa1-8db8-f034468e010e',
  'For the customer to schedule a follow-up demo with field staff',
  true,
  NOW(),
  NOW()
) ON CONFLICT DO NOTHING; -- Skip if the option already exists

-- Create relationship entry for the question to the quiz
INSERT INTO payload.quiz_questions_rels (
  id,
  _parent_id,
  field,
  value,
  created_at,
  updated_at
) VALUES (
  gen_random_uuid(),
  '37b5e6a9-7f15-4fa1-8db8-f034468e010e',
  'quiz_id',
  'eca60681-b2ae-4346-890a-7f288e8e0499',
  NOW(),
  NOW()
) ON CONFLICT DO NOTHING; -- Skip if the relationship already exists

-- Create bidirectional relationship entry for the quiz to the question
INSERT INTO payload.course_quizzes_rels (
  id,
  _parent_id,
  field,
  value,
  created_at,
  updated_at
) VALUES (
  gen_random_uuid(),
  'eca60681-b2ae-4346-890a-7f288e8e0499',
  'questions',
  '37b5e6a9-7f15-4fa1-8db8-f034468e010e',
  NOW(),
  NOW()
) ON CONFLICT DO NOTHING; -- Skip if the relationship already exists

-- Insert question 4 for quiz: The Why (Next Steps) Quiz
INSERT INTO payload.quiz_questions (
  id,
  question,
  quiz_id,
  quiz_id_id, -- Duplicate field for compatibility
  type,
  explanation,
  "order",
  created_at,
  updated_at
) VALUES (
  '479cf2b1-0a3d-42e4-91c8-bc665b4b6a53', -- Generated UUID for the question
  'Where should the next steps go in your presentation?',
  'eca60681-b2ae-4346-890a-7f288e8e0499', -- Quiz ID
  'eca60681-b2ae-4346-890a-7f288e8e0499', -- Quiz ID (duplicate)
  'single-answer',
  '',
  3,
  NOW(),
  NOW()
) ON CONFLICT (id) DO NOTHING; -- Skip if the question already exists

-- Insert option 1 for question 4
INSERT INTO payload.quiz_questions_options (
  id,
  _order,
  _parent_id,
  text,
  is_correct,
  created_at,
  updated_at
) VALUES (
  gen_random_uuid(),
  0,
  '479cf2b1-0a3d-42e4-91c8-bc665b4b6a53',
  'In your introduction, that is why you need to identify them at the beginning',
  false,
  NOW(),
  NOW()
) ON CONFLICT DO NOTHING; -- Skip if the option already exists

-- Insert option 2 for question 4
INSERT INTO payload.quiz_questions_options (
  id,
  _order,
  _parent_id,
  text,
  is_correct,
  created_at,
  updated_at
) VALUES (
  gen_random_uuid(),
  1,
  '479cf2b1-0a3d-42e4-91c8-bc665b4b6a53',
  'In the footnotes',
  false,
  NOW(),
  NOW()
) ON CONFLICT DO NOTHING; -- Skip if the option already exists

-- Insert option 3 for question 4
INSERT INTO payload.quiz_questions_options (
  id,
  _order,
  _parent_id,
  text,
  is_correct,
  created_at,
  updated_at
) VALUES (
  gen_random_uuid(),
  2,
  '479cf2b1-0a3d-42e4-91c8-bc665b4b6a53',
  'In a follow-up email',
  false,
  NOW(),
  NOW()
) ON CONFLICT DO NOTHING; -- Skip if the option already exists

-- Insert option 4 for question 4
INSERT INTO payload.quiz_questions_options (
  id,
  _order,
  _parent_id,
  text,
  is_correct,
  created_at,
  updated_at
) VALUES (
  gen_random_uuid(),
  3,
  '479cf2b1-0a3d-42e4-91c8-bc665b4b6a53',
  'At the end of the presentation, but we need to identify their nature early as it might inform the development of the rest of the presentation',
  true,
  NOW(),
  NOW()
) ON CONFLICT DO NOTHING; -- Skip if the option already exists

-- Create relationship entry for the question to the quiz
INSERT INTO payload.quiz_questions_rels (
  id,
  _parent_id,
  field,
  value,
  created_at,
  updated_at
) VALUES (
  gen_random_uuid(),
  '479cf2b1-0a3d-42e4-91c8-bc665b4b6a53',
  'quiz_id',
  'eca60681-b2ae-4346-890a-7f288e8e0499',
  NOW(),
  NOW()
) ON CONFLICT DO NOTHING; -- Skip if the relationship already exists

-- Create bidirectional relationship entry for the quiz to the question
INSERT INTO payload.course_quizzes_rels (
  id,
  _parent_id,
  field,
  value,
  created_at,
  updated_at
) VALUES (
  gen_random_uuid(),
  'eca60681-b2ae-4346-890a-7f288e8e0499',
  'questions',
  '479cf2b1-0a3d-42e4-91c8-bc665b4b6a53',
  NOW(),
  NOW()
) ON CONFLICT DO NOTHING; -- Skip if the relationship already exists

-- Commit the transaction
COMMIT;
