-- Seed data for the quiz questions table
-- This file should be run after the quizzes seed file to ensure the quizzes exist

-- Start a transaction
BEGIN;

-- Questions for quiz: Standard Graphs Quiz (basic-graphs-quiz, ID: c11dbb26-7561-4d12-88c8-141c653a43fd)
-- Insert question 1 for quiz: Standard Graphs Quiz
INSERT INTO payload.quiz_questions (
  id,
  question,
  quiz_id,
  quiz_id_id, -- Duplicate field for compatibility
  type,
  explanation,
  "order",
  created_at,
  updated_at
) VALUES (
  'cd01c3f9-b427-4526-a27d-1d1f1bf84d68', -- Generated UUID for the question
  'There are many types of relationships that we use graphs to display. What chart type best communicates the ''Part-to-Whole'' relationship?',
  'c11dbb26-7561-4d12-88c8-141c653a43fd', -- Quiz ID
  'c11dbb26-7561-4d12-88c8-141c653a43fd', -- Quiz ID (duplicate)
  'single-answer',
  '',
  0,
  NOW(),
  NOW()
) ON CONFLICT (id) DO NOTHING; -- Skip if the question already exists

-- Insert option 1 for question 1
INSERT INTO payload.quiz_questions_options (
  id,
  _order,
  _parent_id,
  text,
  is_correct,
  created_at,
  updated_at
) VALUES (
  gen_random_uuid(),
  0,
  'cd01c3f9-b427-4526-a27d-1d1f1bf84d68',
  'Line Charts',
  false,
  NOW(),
  NOW()
) ON CONFLICT DO NOTHING; -- Skip if the option already exists

-- Insert option 2 for question 1
INSERT INTO payload.quiz_questions_options (
  id,
  _order,
  _parent_id,
  text,
  is_correct,
  created_at,
  updated_at
) VALUES (
  gen_random_uuid(),
  1,
  'cd01c3f9-b427-4526-a27d-1d1f1bf84d68',
  'Scatter Plots',
  false,
  NOW(),
  NOW()
) ON CONFLICT DO NOTHING; -- Skip if the option already exists

-- Insert option 3 for question 1
INSERT INTO payload.quiz_questions_options (
  id,
  _order,
  _parent_id,
  text,
  is_correct,
  created_at,
  updated_at
) VALUES (
  gen_random_uuid(),
  2,
  'cd01c3f9-b427-4526-a27d-1d1f1bf84d68',
  'Maps',
  false,
  NOW(),
  NOW()
) ON CONFLICT DO NOTHING; -- Skip if the option already exists

-- Insert option 4 for question 1
INSERT INTO payload.quiz_questions_options (
  id,
  _order,
  _parent_id,
  text,
  is_correct,
  created_at,
  updated_at
) VALUES (
  gen_random_uuid(),
  3,
  'cd01c3f9-b427-4526-a27d-1d1f1bf84d68',
  'Box Plot',
  false,
  NOW(),
  NOW()
) ON CONFLICT DO NOTHING; -- Skip if the option already exists

-- Insert option 5 for question 1
INSERT INTO payload.quiz_questions_options (
  id,
  _order,
  _parent_id,
  text,
  is_correct,
  created_at,
  updated_at
) VALUES (
  gen_random_uuid(),
  4,
  'cd01c3f9-b427-4526-a27d-1d1f1bf84d68',
  'Bar charts',
  true,
  NOW(),
  NOW()
) ON CONFLICT DO NOTHING; -- Skip if the option already exists

-- Create relationship entry for the question to the quiz
INSERT INTO payload.quiz_questions_rels (
  id,
  _parent_id,
  field,
  value,
  created_at,
  updated_at
) VALUES (
  gen_random_uuid(),
  'cd01c3f9-b427-4526-a27d-1d1f1bf84d68',
  'quiz_id',
  'c11dbb26-7561-4d12-88c8-141c653a43fd',
  NOW(),
  NOW()
) ON CONFLICT DO NOTHING; -- Skip if the relationship already exists

-- Create bidirectional relationship entry for the quiz to the question
INSERT INTO payload.course_quizzes_rels (
  id,
  _parent_id,
  field,
  value,
  created_at,
  updated_at
) VALUES (
  gen_random_uuid(),
  'c11dbb26-7561-4d12-88c8-141c653a43fd',
  'questions',
  'cd01c3f9-b427-4526-a27d-1d1f1bf84d68',
  NOW(),
  NOW()
) ON CONFLICT DO NOTHING; -- Skip if the relationship already exists

-- Insert question 2 for quiz: Standard Graphs Quiz
INSERT INTO payload.quiz_questions (
  id,
  question,
  quiz_id,
  quiz_id_id, -- Duplicate field for compatibility
  type,
  explanation,
  "order",
  created_at,
  updated_at
) VALUES (
  '85d52720-7e76-4966-80a4-5ab1f34d94bc', -- Generated UUID for the question
  'What chart type best communicates the ''Correlation'' relationship?',
  'c11dbb26-7561-4d12-88c8-141c653a43fd', -- Quiz ID
  'c11dbb26-7561-4d12-88c8-141c653a43fd', -- Quiz ID (duplicate)
  'single-answer',
  '',
  1,
  NOW(),
  NOW()
) ON CONFLICT (id) DO NOTHING; -- Skip if the question already exists

-- Insert option 1 for question 2
INSERT INTO payload.quiz_questions_options (
  id,
  _order,
  _parent_id,
  text,
  is_correct,
  created_at,
  updated_at
) VALUES (
  gen_random_uuid(),
  0,
  '85d52720-7e76-4966-80a4-5ab1f34d94bc',
  'Line Charts',
  false,
  NOW(),
  NOW()
) ON CONFLICT DO NOTHING; -- Skip if the option already exists

-- Insert option 2 for question 2
INSERT INTO payload.quiz_questions_options (
  id,
  _order,
  _parent_id,
  text,
  is_correct,
  created_at,
  updated_at
) VALUES (
  gen_random_uuid(),
  1,
  '85d52720-7e76-4966-80a4-5ab1f34d94bc',
  'Scatter Plots',
  true,
  NOW(),
  NOW()
) ON CONFLICT DO NOTHING; -- Skip if the option already exists

-- Insert option 3 for question 2
INSERT INTO payload.quiz_questions_options (
  id,
  _order,
  _parent_id,
  text,
  is_correct,
  created_at,
  updated_at
) VALUES (
  gen_random_uuid(),
  2,
  '85d52720-7e76-4966-80a4-5ab1f34d94bc',
  'Maps',
  false,
  NOW(),
  NOW()
) ON CONFLICT DO NOTHING; -- Skip if the option already exists

-- Insert option 4 for question 2
INSERT INTO payload.quiz_questions_options (
  id,
  _order,
  _parent_id,
  text,
  is_correct,
  created_at,
  updated_at
) VALUES (
  gen_random_uuid(),
  3,
  '85d52720-7e76-4966-80a4-5ab1f34d94bc',
  'Box Plot',
  false,
  NOW(),
  NOW()
) ON CONFLICT DO NOTHING; -- Skip if the option already exists

-- Insert option 5 for question 2
INSERT INTO payload.quiz_questions_options (
  id,
  _order,
  _parent_id,
  text,
  is_correct,
  created_at,
  updated_at
) VALUES (
  gen_random_uuid(),
  4,
  '85d52720-7e76-4966-80a4-5ab1f34d94bc',
  'Bar Charts',
  false,
  NOW(),
  NOW()
) ON CONFLICT DO NOTHING; -- Skip if the option already exists

-- Create relationship entry for the question to the quiz
INSERT INTO payload.quiz_questions_rels (
  id,
  _parent_id,
  field,
  value,
  created_at,
  updated_at
) VALUES (
  gen_random_uuid(),
  '85d52720-7e76-4966-80a4-5ab1f34d94bc',
  'quiz_id',
  'c11dbb26-7561-4d12-88c8-141c653a43fd',
  NOW(),
  NOW()
) ON CONFLICT DO NOTHING; -- Skip if the relationship already exists

-- Create bidirectional relationship entry for the quiz to the question
INSERT INTO payload.course_quizzes_rels (
  id,
  _parent_id,
  field,
  value,
  created_at,
  updated_at
) VALUES (
  gen_random_uuid(),
  'c11dbb26-7561-4d12-88c8-141c653a43fd',
  'questions',
  '85d52720-7e76-4966-80a4-5ab1f34d94bc',
  NOW(),
  NOW()
) ON CONFLICT DO NOTHING; -- Skip if the relationship already exists

-- Insert question 3 for quiz: Standard Graphs Quiz
INSERT INTO payload.quiz_questions (
  id,
  question,
  quiz_id,
  quiz_id_id, -- Duplicate field for compatibility
  type,
  explanation,
  "order",
  created_at,
  updated_at
) VALUES (
  'a837d583-eafe-4c51-8ec6-95e08348d8c8', -- Generated UUID for the question
  'What chart type best communicates the ''Time Series'' relationship?',
  'c11dbb26-7561-4d12-88c8-141c653a43fd', -- Quiz ID
  'c11dbb26-7561-4d12-88c8-141c653a43fd', -- Quiz ID (duplicate)
  'single-answer',
  '',
  2,
  NOW(),
  NOW()
) ON CONFLICT (id) DO NOTHING; -- Skip if the question already exists

-- Insert option 1 for question 3
INSERT INTO payload.quiz_questions_options (
  id,
  _order,
  _parent_id,
  text,
  is_correct,
  created_at,
  updated_at
) VALUES (
  gen_random_uuid(),
  0,
  'a837d583-eafe-4c51-8ec6-95e08348d8c8',
  'Line Charts',
  true,
  NOW(),
  NOW()
) ON CONFLICT DO NOTHING; -- Skip if the option already exists

-- Insert option 2 for question 3
INSERT INTO payload.quiz_questions_options (
  id,
  _order,
  _parent_id,
  text,
  is_correct,
  created_at,
  updated_at
) VALUES (
  gen_random_uuid(),
  1,
  'a837d583-eafe-4c51-8ec6-95e08348d8c8',
  'Scatter Plots',
  false,
  NOW(),
  NOW()
) ON CONFLICT DO NOTHING; -- Skip if the option already exists

-- Insert option 3 for question 3
INSERT INTO payload.quiz_questions_options (
  id,
  _order,
  _parent_id,
  text,
  is_correct,
  created_at,
  updated_at
) VALUES (
  gen_random_uuid(),
  2,
  'a837d583-eafe-4c51-8ec6-95e08348d8c8',
  'Maps',
  false,
  NOW(),
  NOW()
) ON CONFLICT DO NOTHING; -- Skip if the option already exists

-- Insert option 4 for question 3
INSERT INTO payload.quiz_questions_options (
  id,
  _order,
  _parent_id,
  text,
  is_correct,
  created_at,
  updated_at
) VALUES (
  gen_random_uuid(),
  3,
  'a837d583-eafe-4c51-8ec6-95e08348d8c8',
  'Box Plot',
  false,
  NOW(),
  NOW()
) ON CONFLICT DO NOTHING; -- Skip if the option already exists

-- Insert option 5 for question 3
INSERT INTO payload.quiz_questions_options (
  id,
  _order,
  _parent_id,
  text,
  is_correct,
  created_at,
  updated_at
) VALUES (
  gen_random_uuid(),
  4,
  'a837d583-eafe-4c51-8ec6-95e08348d8c8',
  'Bar Charts',
  false,
  NOW(),
  NOW()
) ON CONFLICT DO NOTHING; -- Skip if the option already exists

-- Create relationship entry for the question to the quiz
INSERT INTO payload.quiz_questions_rels (
  id,
  _parent_id,
  field,
  value,
  created_at,
  updated_at
) VALUES (
  gen_random_uuid(),
  'a837d583-eafe-4c51-8ec6-95e08348d8c8',
  'quiz_id',
  'c11dbb26-7561-4d12-88c8-141c653a43fd',
  NOW(),
  NOW()
) ON CONFLICT DO NOTHING; -- Skip if the relationship already exists

-- Create bidirectional relationship entry for the quiz to the question
INSERT INTO payload.course_quizzes_rels (
  id,
  _parent_id,
  field,
  value,
  created_at,
  updated_at
) VALUES (
  gen_random_uuid(),
  'c11dbb26-7561-4d12-88c8-141c653a43fd',
  'questions',
  'a837d583-eafe-4c51-8ec6-95e08348d8c8',
  NOW(),
  NOW()
) ON CONFLICT DO NOTHING; -- Skip if the relationship already exists

-- Insert question 4 for quiz: Standard Graphs Quiz
INSERT INTO payload.quiz_questions (
  id,
  question,
  quiz_id,
  quiz_id_id, -- Duplicate field for compatibility
  type,
  explanation,
  "order",
  created_at,
  updated_at
) VALUES (
  '6e43ad37-f92b-4f0a-852f-6ee09b2c24f5', -- Generated UUID for the question
  'What chart types best communicates the ''Deviation'' relationship?',
  'c11dbb26-7561-4d12-88c8-141c653a43fd', -- Quiz ID
  'c11dbb26-7561-4d12-88c8-141c653a43fd', -- Quiz ID (duplicate)
  'multi-answer',
  '',
  3,
  NOW(),
  NOW()
) ON CONFLICT (id) DO NOTHING; -- Skip if the question already exists

-- Insert option 1 for question 4
INSERT INTO payload.quiz_questions_options (
  id,
  _order,
  _parent_id,
  text,
  is_correct,
  created_at,
  updated_at
) VALUES (
  gen_random_uuid(),
  0,
  '6e43ad37-f92b-4f0a-852f-6ee09b2c24f5',
  'Line Charts',
  true,
  NOW(),
  NOW()
) ON CONFLICT DO NOTHING; -- Skip if the option already exists

-- Insert option 2 for question 4
INSERT INTO payload.quiz_questions_options (
  id,
  _order,
  _parent_id,
  text,
  is_correct,
  created_at,
  updated_at
) VALUES (
  gen_random_uuid(),
  1,
  '6e43ad37-f92b-4f0a-852f-6ee09b2c24f5',
  'Scatter Plots',
  false,
  NOW(),
  NOW()
) ON CONFLICT DO NOTHING; -- Skip if the option already exists

-- Insert option 3 for question 4
INSERT INTO payload.quiz_questions_options (
  id,
  _order,
  _parent_id,
  text,
  is_correct,
  created_at,
  updated_at
) VALUES (
  gen_random_uuid(),
  2,
  '6e43ad37-f92b-4f0a-852f-6ee09b2c24f5',
  'Maps',
  false,
  NOW(),
  NOW()
) ON CONFLICT DO NOTHING; -- Skip if the option already exists

-- Insert option 4 for question 4
INSERT INTO payload.quiz_questions_options (
  id,
  _order,
  _parent_id,
  text,
  is_correct,
  created_at,
  updated_at
) VALUES (
  gen_random_uuid(),
  3,
  '6e43ad37-f92b-4f0a-852f-6ee09b2c24f5',
  'Box Plot',
  false,
  NOW(),
  NOW()
) ON CONFLICT DO NOTHING; -- Skip if the option already exists

-- Insert option 5 for question 4
INSERT INTO payload.quiz_questions_options (
  id,
  _order,
  _parent_id,
  text,
  is_correct,
  created_at,
  updated_at
) VALUES (
  gen_random_uuid(),
  4,
  '6e43ad37-f92b-4f0a-852f-6ee09b2c24f5',
  'Bar Charts',
  true,
  NOW(),
  NOW()
) ON CONFLICT DO NOTHING; -- Skip if the option already exists

-- Create relationship entry for the question to the quiz
INSERT INTO payload.quiz_questions_rels (
  id,
  _parent_id,
  field,
  value,
  created_at,
  updated_at
) VALUES (
  gen_random_uuid(),
  '6e43ad37-f92b-4f0a-852f-6ee09b2c24f5',
  'quiz_id',
  'c11dbb26-7561-4d12-88c8-141c653a43fd',
  NOW(),
  NOW()
) ON CONFLICT DO NOTHING; -- Skip if the relationship already exists

-- Create bidirectional relationship entry for the quiz to the question
INSERT INTO payload.course_quizzes_rels (
  id,
  _parent_id,
  field,
  value,
  created_at,
  updated_at
) VALUES (
  gen_random_uuid(),
  'c11dbb26-7561-4d12-88c8-141c653a43fd',
  'questions',
  '6e43ad37-f92b-4f0a-852f-6ee09b2c24f5',
  NOW(),
  NOW()
) ON CONFLICT DO NOTHING; -- Skip if the relationship already exists

-- Insert question 5 for quiz: Standard Graphs Quiz
INSERT INTO payload.quiz_questions (
  id,
  question,
  quiz_id,
  quiz_id_id, -- Duplicate field for compatibility
  type,
  explanation,
  "order",
  created_at,
  updated_at
) VALUES (
  '474c22bb-959d-4716-9b7b-89e01eca31d0', -- Generated UUID for the question
  'What chart type best communicates the ''Distribution'' relationship?',
  'c11dbb26-7561-4d12-88c8-141c653a43fd', -- Quiz ID
  'c11dbb26-7561-4d12-88c8-141c653a43fd', -- Quiz ID (duplicate)
  'single-answer',
  '',
  4,
  NOW(),
  NOW()
) ON CONFLICT (id) DO NOTHING; -- Skip if the question already exists

-- Insert option 1 for question 5
INSERT INTO payload.quiz_questions_options (
  id,
  _order,
  _parent_id,
  text,
  is_correct,
  created_at,
  updated_at
) VALUES (
  gen_random_uuid(),
  0,
  '474c22bb-959d-4716-9b7b-89e01eca31d0',
  'Line Charts',
  false,
  NOW(),
  NOW()
) ON CONFLICT DO NOTHING; -- Skip if the option already exists

-- Insert option 2 for question 5
INSERT INTO payload.quiz_questions_options (
  id,
  _order,
  _parent_id,
  text,
  is_correct,
  created_at,
  updated_at
) VALUES (
  gen_random_uuid(),
  1,
  '474c22bb-959d-4716-9b7b-89e01eca31d0',
  'Scatter Plots',
  false,
  NOW(),
  NOW()
) ON CONFLICT DO NOTHING; -- Skip if the option already exists

-- Insert option 3 for question 5
INSERT INTO payload.quiz_questions_options (
  id,
  _order,
  _parent_id,
  text,
  is_correct,
  created_at,
  updated_at
) VALUES (
  gen_random_uuid(),
  2,
  '474c22bb-959d-4716-9b7b-89e01eca31d0',
  'Maps',
  false,
  NOW(),
  NOW()
) ON CONFLICT DO NOTHING; -- Skip if the option already exists

-- Insert option 4 for question 5
INSERT INTO payload.quiz_questions_options (
  id,
  _order,
  _parent_id,
  text,
  is_correct,
  created_at,
  updated_at
) VALUES (
  gen_random_uuid(),
  3,
  '474c22bb-959d-4716-9b7b-89e01eca31d0',
  'Box Plot',
  true,
  NOW(),
  NOW()
) ON CONFLICT DO NOTHING; -- Skip if the option already exists

-- Insert option 5 for question 5
INSERT INTO payload.quiz_questions_options (
  id,
  _order,
  _parent_id,
  text,
  is_correct,
  created_at,
  updated_at
) VALUES (
  gen_random_uuid(),
  4,
  '474c22bb-959d-4716-9b7b-89e01eca31d0',
  'Bar Charts',
  false,
  NOW(),
  NOW()
) ON CONFLICT DO NOTHING; -- Skip if the option already exists

-- Create relationship entry for the question to the quiz
INSERT INTO payload.quiz_questions_rels (
  id,
  _parent_id,
  field,
  value,
  created_at,
  updated_at
) VALUES (
  gen_random_uuid(),
  '474c22bb-959d-4716-9b7b-89e01eca31d0',
  'quiz_id',
  'c11dbb26-7561-4d12-88c8-141c653a43fd',
  NOW(),
  NOW()
) ON CONFLICT DO NOTHING; -- Skip if the relationship already exists

-- Create bidirectional relationship entry for the quiz to the question
INSERT INTO payload.course_quizzes_rels (
  id,
  _parent_id,
  field,
  value,
  created_at,
  updated_at
) VALUES (
  gen_random_uuid(),
  'c11dbb26-7561-4d12-88c8-141c653a43fd',
  'questions',
  '474c22bb-959d-4716-9b7b-89e01eca31d0',
  NOW(),
  NOW()
) ON CONFLICT DO NOTHING; -- Skip if the relationship already exists

-- Insert question 6 for quiz: Standard Graphs Quiz
INSERT INTO payload.quiz_questions (
  id,
  question,
  quiz_id,
  quiz_id_id, -- Duplicate field for compatibility
  type,
  explanation,
  "order",
  created_at,
  updated_at
) VALUES (
  '91a5b94b-3cd3-4485-8e89-a0dba13ca9e2', -- Generated UUID for the question
  'What chart type best communicates the ''Nominal Comparison'' relationship',
  'c11dbb26-7561-4d12-88c8-141c653a43fd', -- Quiz ID
  'c11dbb26-7561-4d12-88c8-141c653a43fd', -- Quiz ID (duplicate)
  'single-answer',
  '',
  5,
  NOW(),
  NOW()
) ON CONFLICT (id) DO NOTHING; -- Skip if the question already exists

-- Insert option 1 for question 6
INSERT INTO payload.quiz_questions_options (
  id,
  _order,
  _parent_id,
  text,
  is_correct,
  created_at,
  updated_at
) VALUES (
  gen_random_uuid(),
  0,
  '91a5b94b-3cd3-4485-8e89-a0dba13ca9e2',
  'Line Chart',
  false,
  NOW(),
  NOW()
) ON CONFLICT DO NOTHING; -- Skip if the option already exists

-- Insert option 2 for question 6
INSERT INTO payload.quiz_questions_options (
  id,
  _order,
  _parent_id,
  text,
  is_correct,
  created_at,
  updated_at
) VALUES (
  gen_random_uuid(),
  1,
  '91a5b94b-3cd3-4485-8e89-a0dba13ca9e2',
  'Scatter Plot',
  false,
  NOW(),
  NOW()
) ON CONFLICT DO NOTHING; -- Skip if the option already exists

-- Insert option 3 for question 6
INSERT INTO payload.quiz_questions_options (
  id,
  _order,
  _parent_id,
  text,
  is_correct,
  created_at,
  updated_at
) VALUES (
  gen_random_uuid(),
  2,
  '91a5b94b-3cd3-4485-8e89-a0dba13ca9e2',
  'Map',
  false,
  NOW(),
  NOW()
) ON CONFLICT DO NOTHING; -- Skip if the option already exists

-- Insert option 4 for question 6
INSERT INTO payload.quiz_questions_options (
  id,
  _order,
  _parent_id,
  text,
  is_correct,
  created_at,
  updated_at
) VALUES (
  gen_random_uuid(),
  3,
  '91a5b94b-3cd3-4485-8e89-a0dba13ca9e2',
  'Box Plot',
  false,
  NOW(),
  NOW()
) ON CONFLICT DO NOTHING; -- Skip if the option already exists

-- Insert option 5 for question 6
INSERT INTO payload.quiz_questions_options (
  id,
  _order,
  _parent_id,
  text,
  is_correct,
  created_at,
  updated_at
) VALUES (
  gen_random_uuid(),
  4,
  '91a5b94b-3cd3-4485-8e89-a0dba13ca9e2',
  'Bar Chart',
  true,
  NOW(),
  NOW()
) ON CONFLICT DO NOTHING; -- Skip if the option already exists

-- Create relationship entry for the question to the quiz
INSERT INTO payload.quiz_questions_rels (
  id,
  _parent_id,
  field,
  value,
  created_at,
  updated_at
) VALUES (
  gen_random_uuid(),
  '91a5b94b-3cd3-4485-8e89-a0dba13ca9e2',
  'quiz_id',
  'c11dbb26-7561-4d12-88c8-141c653a43fd',
  NOW(),
  NOW()
) ON CONFLICT DO NOTHING; -- Skip if the relationship already exists

-- Create bidirectional relationship entry for the quiz to the question
INSERT INTO payload.course_quizzes_rels (
  id,
  _parent_id,
  field,
  value,
  created_at,
  updated_at
) VALUES (
  gen_random_uuid(),
  'c11dbb26-7561-4d12-88c8-141c653a43fd',
  'questions',
  '91a5b94b-3cd3-4485-8e89-a0dba13ca9e2',
  NOW(),
  NOW()
) ON CONFLICT DO NOTHING; -- Skip if the relationship already exists

-- Insert question 7 for quiz: Standard Graphs Quiz
INSERT INTO payload.quiz_questions (
  id,
  question,
  quiz_id,
  quiz_id_id, -- Duplicate field for compatibility
  type,
  explanation,
  "order",
  created_at,
  updated_at
) VALUES (
  '0c13fb7a-23dc-46f4-8755-7658939b1695', -- Generated UUID for the question
  'What chart type best communicates the ''Geospatial'' relationship?',
  'c11dbb26-7561-4d12-88c8-141c653a43fd', -- Quiz ID
  'c11dbb26-7561-4d12-88c8-141c653a43fd', -- Quiz ID (duplicate)
  'single-answer',
  '',
  6,
  NOW(),
  NOW()
) ON CONFLICT (id) DO NOTHING; -- Skip if the question already exists

-- Insert option 1 for question 7
INSERT INTO payload.quiz_questions_options (
  id,
  _order,
  _parent_id,
  text,
  is_correct,
  created_at,
  updated_at
) VALUES (
  gen_random_uuid(),
  0,
  '0c13fb7a-23dc-46f4-8755-7658939b1695',
  'Line Chart',
  false,
  NOW(),
  NOW()
) ON CONFLICT DO NOTHING; -- Skip if the option already exists

-- Insert option 2 for question 7
INSERT INTO payload.quiz_questions_options (
  id,
  _order,
  _parent_id,
  text,
  is_correct,
  created_at,
  updated_at
) VALUES (
  gen_random_uuid(),
  1,
  '0c13fb7a-23dc-46f4-8755-7658939b1695',
  'Scatter Plot',
  false,
  NOW(),
  NOW()
) ON CONFLICT DO NOTHING; -- Skip if the option already exists

-- Insert option 3 for question 7
INSERT INTO payload.quiz_questions_options (
  id,
  _order,
  _parent_id,
  text,
  is_correct,
  created_at,
  updated_at
) VALUES (
  gen_random_uuid(),
  2,
  '0c13fb7a-23dc-46f4-8755-7658939b1695',
  'Map',
  true,
  NOW(),
  NOW()
) ON CONFLICT DO NOTHING; -- Skip if the option already exists

-- Insert option 4 for question 7
INSERT INTO payload.quiz_questions_options (
  id,
  _order,
  _parent_id,
  text,
  is_correct,
  created_at,
  updated_at
) VALUES (
  gen_random_uuid(),
  3,
  '0c13fb7a-23dc-46f4-8755-7658939b1695',
  'Box Plot',
  false,
  NOW(),
  NOW()
) ON CONFLICT DO NOTHING; -- Skip if the option already exists

-- Insert option 5 for question 7
INSERT INTO payload.quiz_questions_options (
  id,
  _order,
  _parent_id,
  text,
  is_correct,
  created_at,
  updated_at
) VALUES (
  gen_random_uuid(),
  4,
  '0c13fb7a-23dc-46f4-8755-7658939b1695',
  'Bar Chart',
  false,
  NOW(),
  NOW()
) ON CONFLICT DO NOTHING; -- Skip if the option already exists

-- Create relationship entry for the question to the quiz
INSERT INTO payload.quiz_questions_rels (
  id,
  _parent_id,
  field,
  value,
  created_at,
  updated_at
) VALUES (
  gen_random_uuid(),
  '0c13fb7a-23dc-46f4-8755-7658939b1695',
  'quiz_id',
  'c11dbb26-7561-4d12-88c8-141c653a43fd',
  NOW(),
  NOW()
) ON CONFLICT DO NOTHING; -- Skip if the relationship already exists

-- Create bidirectional relationship entry for the quiz to the question
INSERT INTO payload.course_quizzes_rels (
  id,
  _parent_id,
  field,
  value,
  created_at,
  updated_at
) VALUES (
  gen_random_uuid(),
  'c11dbb26-7561-4d12-88c8-141c653a43fd',
  'questions',
  '0c13fb7a-23dc-46f4-8755-7658939b1695',
  NOW(),
  NOW()
) ON CONFLICT DO NOTHING; -- Skip if the relationship already exists

-- Insert question 8 for quiz: Standard Graphs Quiz
INSERT INTO payload.quiz_questions (
  id,
  question,
  quiz_id,
  quiz_id_id, -- Duplicate field for compatibility
  type,
  explanation,
  "order",
  created_at,
  updated_at
) VALUES (
  '3bad5025-4ccc-44c9-9371-c1dc7139d554', -- Generated UUID for the question
  'When should we use Pie Charts?',
  'c11dbb26-7561-4d12-88c8-141c653a43fd', -- Quiz ID
  'c11dbb26-7561-4d12-88c8-141c653a43fd', -- Quiz ID (duplicate)
  'single-answer',
  '',
  7,
  NOW(),
  NOW()
) ON CONFLICT (id) DO NOTHING; -- Skip if the question already exists

-- Insert option 1 for question 8
INSERT INTO payload.quiz_questions_options (
  id,
  _order,
  _parent_id,
  text,
  is_correct,
  created_at,
  updated_at
) VALUES (
  gen_random_uuid(),
  0,
  '3bad5025-4ccc-44c9-9371-c1dc7139d554',
  'For part-to-whole relationships.',
  false,
  NOW(),
  NOW()
) ON CONFLICT DO NOTHING; -- Skip if the option already exists

-- Insert option 2 for question 8
INSERT INTO payload.quiz_questions_options (
  id,
  _order,
  _parent_id,
  text,
  is_correct,
  created_at,
  updated_at
) VALUES (
  gen_random_uuid(),
  1,
  '3bad5025-4ccc-44c9-9371-c1dc7139d554',
  'For time series relationships',
  false,
  NOW(),
  NOW()
) ON CONFLICT DO NOTHING; -- Skip if the option already exists

-- Insert option 3 for question 8
INSERT INTO payload.quiz_questions_options (
  id,
  _order,
  _parent_id,
  text,
  is_correct,
  created_at,
  updated_at
) VALUES (
  gen_random_uuid(),
  2,
  '3bad5025-4ccc-44c9-9371-c1dc7139d554',
  'For nominal comparison relationships',
  false,
  NOW(),
  NOW()
) ON CONFLICT DO NOTHING; -- Skip if the option already exists

-- Insert option 4 for question 8
INSERT INTO payload.quiz_questions_options (
  id,
  _order,
  _parent_id,
  text,
  is_correct,
  created_at,
  updated_at
) VALUES (
  gen_random_uuid(),
  3,
  '3bad5025-4ccc-44c9-9371-c1dc7139d554',
  'Never.',
  true,
  NOW(),
  NOW()
) ON CONFLICT DO NOTHING; -- Skip if the option already exists

-- Create relationship entry for the question to the quiz
INSERT INTO payload.quiz_questions_rels (
  id,
  _parent_id,
  field,
  value,
  created_at,
  updated_at
) VALUES (
  gen_random_uuid(),
  '3bad5025-4ccc-44c9-9371-c1dc7139d554',
  'quiz_id',
  'c11dbb26-7561-4d12-88c8-141c653a43fd',
  NOW(),
  NOW()
) ON CONFLICT DO NOTHING; -- Skip if the relationship already exists

-- Create bidirectional relationship entry for the quiz to the question
INSERT INTO payload.course_quizzes_rels (
  id,
  _parent_id,
  field,
  value,
  created_at,
  updated_at
) VALUES (
  gen_random_uuid(),
  'c11dbb26-7561-4d12-88c8-141c653a43fd',
  'questions',
  '3bad5025-4ccc-44c9-9371-c1dc7139d554',
  NOW(),
  NOW()
) ON CONFLICT DO NOTHING; -- Skip if the relationship already exists

-- Questions for quiz: The Fundamental Elements of Design in Detail Quiz (elements-of-design-detail-quiz, ID: b618e70a-44e5-45ac-90b0-5bc075865744)
-- Insert question 1 for quiz: The Fundamental Elements of Design in Detail Quiz
INSERT INTO payload.quiz_questions (
  id,
  question,
  quiz_id,
  quiz_id_id, -- Duplicate field for compatibility
  type,
  explanation,
  "order",
  created_at,
  updated_at
) VALUES (
  '9861e067-9bf9-45bf-aa4f-0c8c8a4deee7', -- Generated UUID for the question
  'Why do we use contrast?',
  'b618e70a-44e5-45ac-90b0-5bc075865744', -- Quiz ID
  'b618e70a-44e5-45ac-90b0-5bc075865744', -- Quiz ID (duplicate)
  'single-answer',
  '',
  0,
  NOW(),
  NOW()
) ON CONFLICT (id) DO NOTHING; -- Skip if the question already exists

-- Insert option 1 for question 1
INSERT INTO payload.quiz_questions_options (
  id,
  _order,
  _parent_id,
  text,
  is_correct,
  created_at,
  updated_at
) VALUES (
  gen_random_uuid(),
  0,
  '9861e067-9bf9-45bf-aa4f-0c8c8a4deee7',
  'To make our computer monitor easier to read',
  false,
  NOW(),
  NOW()
) ON CONFLICT DO NOTHING; -- Skip if the option already exists

-- Insert option 2 for question 1
INSERT INTO payload.quiz_questions_options (
  id,
  _order,
  _parent_id,
  text,
  is_correct,
  created_at,
  updated_at
) VALUES (
  gen_random_uuid(),
  1,
  '9861e067-9bf9-45bf-aa4f-0c8c8a4deee7',
  'To fill up space',
  false,
  NOW(),
  NOW()
) ON CONFLICT DO NOTHING; -- Skip if the option already exists

-- Insert option 3 for question 1
INSERT INTO payload.quiz_questions_options (
  id,
  _order,
  _parent_id,
  text,
  is_correct,
  created_at,
  updated_at
) VALUES (
  gen_random_uuid(),
  2,
  '9861e067-9bf9-45bf-aa4f-0c8c8a4deee7',
  'Our eyes like it. It looks good',
  true,
  NOW(),
  NOW()
) ON CONFLICT DO NOTHING; -- Skip if the option already exists

-- Create relationship entry for the question to the quiz
INSERT INTO payload.quiz_questions_rels (
  id,
  _parent_id,
  field,
  value,
  created_at,
  updated_at
) VALUES (
  gen_random_uuid(),
  '9861e067-9bf9-45bf-aa4f-0c8c8a4deee7',
  'quiz_id',
  'b618e70a-44e5-45ac-90b0-5bc075865744',
  NOW(),
  NOW()
) ON CONFLICT DO NOTHING; -- Skip if the relationship already exists

-- Create bidirectional relationship entry for the quiz to the question
INSERT INTO payload.course_quizzes_rels (
  id,
  _parent_id,
  field,
  value,
  created_at,
  updated_at
) VALUES (
  gen_random_uuid(),
  'b618e70a-44e5-45ac-90b0-5bc075865744',
  'questions',
  '9861e067-9bf9-45bf-aa4f-0c8c8a4deee7',
  NOW(),
  NOW()
) ON CONFLICT DO NOTHING; -- Skip if the relationship already exists

-- Insert question 2 for quiz: The Fundamental Elements of Design in Detail Quiz
INSERT INTO payload.quiz_questions (
  id,
  question,
  quiz_id,
  quiz_id_id, -- Duplicate field for compatibility
  type,
  explanation,
  "order",
  created_at,
  updated_at
) VALUES (
  '9d48eb08-a169-42af-853d-81e97a7a18ba', -- Generated UUID for the question
  'How important is alignment?',
  'b618e70a-44e5-45ac-90b0-5bc075865744', -- Quiz ID
  'b618e70a-44e5-45ac-90b0-5bc075865744', -- Quiz ID (duplicate)
  'single-answer',
  '',
  1,
  NOW(),
  NOW()
) ON CONFLICT (id) DO NOTHING; -- Skip if the question already exists

-- Insert option 1 for question 2
INSERT INTO payload.quiz_questions_options (
  id,
  _order,
  _parent_id,
  text,
  is_correct,
  created_at,
  updated_at
) VALUES (
  gen_random_uuid(),
  0,
  '9d48eb08-a169-42af-853d-81e97a7a18ba',
  'Critically important (make sure you have learned how to use PowerPoint''s alignment tools)',
  true,
  NOW(),
  NOW()
) ON CONFLICT DO NOTHING; -- Skip if the option already exists

-- Create relationship entry for the question to the quiz
INSERT INTO payload.quiz_questions_rels (
  id,
  _parent_id,
  field,
  value,
  created_at,
  updated_at
) VALUES (
  gen_random_uuid(),
  '9d48eb08-a169-42af-853d-81e97a7a18ba',
  'quiz_id',
  'b618e70a-44e5-45ac-90b0-5bc075865744',
  NOW(),
  NOW()
) ON CONFLICT DO NOTHING; -- Skip if the relationship already exists

-- Create bidirectional relationship entry for the quiz to the question
INSERT INTO payload.course_quizzes_rels (
  id,
  _parent_id,
  field,
  value,
  created_at,
  updated_at
) VALUES (
  gen_random_uuid(),
  'b618e70a-44e5-45ac-90b0-5bc075865744',
  'questions',
  '9d48eb08-a169-42af-853d-81e97a7a18ba',
  NOW(),
  NOW()
) ON CONFLICT DO NOTHING; -- Skip if the relationship already exists

-- Insert question 3 for quiz: The Fundamental Elements of Design in Detail Quiz
INSERT INTO payload.quiz_questions (
  id,
  question,
  quiz_id,
  quiz_id_id, -- Duplicate field for compatibility
  type,
  explanation,
  "order",
  created_at,
  updated_at
) VALUES (
  '76449f48-2fed-4ab5-9ecb-c158ffd69217', -- Generated UUID for the question
  'How is the principle of proximity helpful?',
  'b618e70a-44e5-45ac-90b0-5bc075865744', -- Quiz ID
  'b618e70a-44e5-45ac-90b0-5bc075865744', -- Quiz ID (duplicate)
  'single-answer',
  '',
  2,
  NOW(),
  NOW()
) ON CONFLICT (id) DO NOTHING; -- Skip if the question already exists

-- Insert option 1 for question 3
INSERT INTO payload.quiz_questions_options (
  id,
  _order,
  _parent_id,
  text,
  is_correct,
  created_at,
  updated_at
) VALUES (
  gen_random_uuid(),
  0,
  '76449f48-2fed-4ab5-9ecb-c158ffd69217',
  'Helps us understand how groups are created (intentionally or unintentionally)',
  true,
  NOW(),
  NOW()
) ON CONFLICT DO NOTHING; -- Skip if the option already exists

-- Insert option 2 for question 3
INSERT INTO payload.quiz_questions_options (
  id,
  _order,
  _parent_id,
  text,
  is_correct,
  created_at,
  updated_at
) VALUES (
  gen_random_uuid(),
  1,
  '76449f48-2fed-4ab5-9ecb-c158ffd69217',
  'Allows us to squeeze more onto the page',
  false,
  NOW(),
  NOW()
) ON CONFLICT DO NOTHING; -- Skip if the option already exists

-- Insert option 3 for question 3
INSERT INTO payload.quiz_questions_options (
  id,
  _order,
  _parent_id,
  text,
  is_correct,
  created_at,
  updated_at
) VALUES (
  gen_random_uuid(),
  2,
  '76449f48-2fed-4ab5-9ecb-c158ffd69217',
  'Helps us get to know people',
  false,
  NOW(),
  NOW()
) ON CONFLICT DO NOTHING; -- Skip if the option already exists

-- Create relationship entry for the question to the quiz
INSERT INTO payload.quiz_questions_rels (
  id,
  _parent_id,
  field,
  value,
  created_at,
  updated_at
) VALUES (
  gen_random_uuid(),
  '76449f48-2fed-4ab5-9ecb-c158ffd69217',
  'quiz_id',
  'b618e70a-44e5-45ac-90b0-5bc075865744',
  NOW(),
  NOW()
) ON CONFLICT DO NOTHING; -- Skip if the relationship already exists

-- Create bidirectional relationship entry for the quiz to the question
INSERT INTO payload.course_quizzes_rels (
  id,
  _parent_id,
  field,
  value,
  created_at,
  updated_at
) VALUES (
  gen_random_uuid(),
  'b618e70a-44e5-45ac-90b0-5bc075865744',
  'questions',
  '76449f48-2fed-4ab5-9ecb-c158ffd69217',
  NOW(),
  NOW()
) ON CONFLICT DO NOTHING; -- Skip if the relationship already exists

-- Insert question 4 for quiz: The Fundamental Elements of Design in Detail Quiz
INSERT INTO payload.quiz_questions (
  id,
  question,
  quiz_id,
  quiz_id_id, -- Duplicate field for compatibility
  type,
  explanation,
  "order",
  created_at,
  updated_at
) VALUES (
  '5a81db7e-6442-48e4-aa76-068d0005137f', -- Generated UUID for the question
  'How many different font types should you use in a single presentation?',
  'b618e70a-44e5-45ac-90b0-5bc075865744', -- Quiz ID
  'b618e70a-44e5-45ac-90b0-5bc075865744', -- Quiz ID (duplicate)
  'single-answer',
  '',
  3,
  NOW(),
  NOW()
) ON CONFLICT (id) DO NOTHING; -- Skip if the question already exists

-- Insert option 1 for question 4
INSERT INTO payload.quiz_questions_options (
  id,
  _order,
  _parent_id,
  text,
  is_correct,
  created_at,
  updated_at
) VALUES (
  gen_random_uuid(),
  0,
  '5a81db7e-6442-48e4-aa76-068d0005137f',
  'As many as you can',
  false,
  NOW(),
  NOW()
) ON CONFLICT DO NOTHING; -- Skip if the option already exists

-- Insert option 2 for question 4
INSERT INTO payload.quiz_questions_options (
  id,
  _order,
  _parent_id,
  text,
  is_correct,
  created_at,
  updated_at
) VALUES (
  gen_random_uuid(),
  1,
  '5a81db7e-6442-48e4-aa76-068d0005137f',
  '4',
  false,
  NOW(),
  NOW()
) ON CONFLICT DO NOTHING; -- Skip if the option already exists

-- Insert option 3 for question 4
INSERT INTO payload.quiz_questions_options (
  id,
  _order,
  _parent_id,
  text,
  is_correct,
  created_at,
  updated_at
) VALUES (
  gen_random_uuid(),
  2,
  '5a81db7e-6442-48e4-aa76-068d0005137f',
  '1',
  false,
  NOW(),
  NOW()
) ON CONFLICT DO NOTHING; -- Skip if the option already exists

-- Insert option 4 for question 4
INSERT INTO payload.quiz_questions_options (
  id,
  _order,
  _parent_id,
  text,
  is_correct,
  created_at,
  updated_at
) VALUES (
  gen_random_uuid(),
  3,
  '5a81db7e-6442-48e4-aa76-068d0005137f',
  '2',
  true,
  NOW(),
  NOW()
) ON CONFLICT DO NOTHING; -- Skip if the option already exists

-- Insert option 5 for question 4
INSERT INTO payload.quiz_questions_options (
  id,
  _order,
  _parent_id,
  text,
  is_correct,
  created_at,
  updated_at
) VALUES (
  gen_random_uuid(),
  4,
  '5a81db7e-6442-48e4-aa76-068d0005137f',
  '3',
  false,
  NOW(),
  NOW()
) ON CONFLICT DO NOTHING; -- Skip if the option already exists

-- Create relationship entry for the question to the quiz
INSERT INTO payload.quiz_questions_rels (
  id,
  _parent_id,
  field,
  value,
  created_at,
  updated_at
) VALUES (
  gen_random_uuid(),
  '5a81db7e-6442-48e4-aa76-068d0005137f',
  'quiz_id',
  'b618e70a-44e5-45ac-90b0-5bc075865744',
  NOW(),
  NOW()
) ON CONFLICT DO NOTHING; -- Skip if the relationship already exists

-- Create bidirectional relationship entry for the quiz to the question
INSERT INTO payload.course_quizzes_rels (
  id,
  _parent_id,
  field,
  value,
  created_at,
  updated_at
) VALUES (
  gen_random_uuid(),
  'b618e70a-44e5-45ac-90b0-5bc075865744',
  'questions',
  '5a81db7e-6442-48e4-aa76-068d0005137f',
  NOW(),
  NOW()
) ON CONFLICT DO NOTHING; -- Skip if the relationship already exists

-- Insert question 5 for quiz: The Fundamental Elements of Design in Detail Quiz
INSERT INTO payload.quiz_questions (
  id,
  question,
  quiz_id,
  quiz_id_id, -- Duplicate field for compatibility
  type,
  explanation,
  "order",
  created_at,
  updated_at
) VALUES (
  'cf7b7bd2-d63a-4df7-9cc6-13fb428ea4ee', -- Generated UUID for the question
  'How many colors should we use in a presentation?',
  'b618e70a-44e5-45ac-90b0-5bc075865744', -- Quiz ID
  'b618e70a-44e5-45ac-90b0-5bc075865744', -- Quiz ID (duplicate)
  'single-answer',
  '',
  4,
  NOW(),
  NOW()
) ON CONFLICT (id) DO NOTHING; -- Skip if the question already exists

-- Insert option 1 for question 5
INSERT INTO payload.quiz_questions_options (
  id,
  _order,
  _parent_id,
  text,
  is_correct,
  created_at,
  updated_at
) VALUES (
  gen_random_uuid(),
  0,
  'cf7b7bd2-d63a-4df7-9cc6-13fb428ea4ee',
  '2 more than the number of fonts',
  false,
  NOW(),
  NOW()
) ON CONFLICT DO NOTHING; -- Skip if the option already exists

-- Insert option 2 for question 5
INSERT INTO payload.quiz_questions_options (
  id,
  _order,
  _parent_id,
  text,
  is_correct,
  created_at,
  updated_at
) VALUES (
  gen_random_uuid(),
  1,
  'cf7b7bd2-d63a-4df7-9cc6-13fb428ea4ee',
  '7',
  false,
  NOW(),
  NOW()
) ON CONFLICT DO NOTHING; -- Skip if the option already exists

-- Insert option 3 for question 5
INSERT INTO payload.quiz_questions_options (
  id,
  _order,
  _parent_id,
  text,
  is_correct,
  created_at,
  updated_at
) VALUES (
  gen_random_uuid(),
  2,
  'cf7b7bd2-d63a-4df7-9cc6-13fb428ea4ee',
  '4 to 5',
  false,
  NOW(),
  NOW()
) ON CONFLICT DO NOTHING; -- Skip if the option already exists

-- Insert option 4 for question 5
INSERT INTO payload.quiz_questions_options (
  id,
  _order,
  _parent_id,
  text,
  is_correct,
  created_at,
  updated_at
) VALUES (
  gen_random_uuid(),
  3,
  'cf7b7bd2-d63a-4df7-9cc6-13fb428ea4ee',
  '2 to 3',
  true,
  NOW(),
  NOW()
) ON CONFLICT DO NOTHING; -- Skip if the option already exists

-- Insert option 5 for question 5
INSERT INTO payload.quiz_questions_options (
  id,
  _order,
  _parent_id,
  text,
  is_correct,
  created_at,
  updated_at
) VALUES (
  gen_random_uuid(),
  4,
  'cf7b7bd2-d63a-4df7-9cc6-13fb428ea4ee',
  '1',
  false,
  NOW(),
  NOW()
) ON CONFLICT DO NOTHING; -- Skip if the option already exists

-- Create relationship entry for the question to the quiz
INSERT INTO payload.quiz_questions_rels (
  id,
  _parent_id,
  field,
  value,
  created_at,
  updated_at
) VALUES (
  gen_random_uuid(),
  'cf7b7bd2-d63a-4df7-9cc6-13fb428ea4ee',
  'quiz_id',
  'b618e70a-44e5-45ac-90b0-5bc075865744',
  NOW(),
  NOW()
) ON CONFLICT DO NOTHING; -- Skip if the relationship already exists

-- Create bidirectional relationship entry for the quiz to the question
INSERT INTO payload.course_quizzes_rels (
  id,
  _parent_id,
  field,
  value,
  created_at,
  updated_at
) VALUES (
  gen_random_uuid(),
  'b618e70a-44e5-45ac-90b0-5bc075865744',
  'questions',
  'cf7b7bd2-d63a-4df7-9cc6-13fb428ea4ee',
  NOW(),
  NOW()
) ON CONFLICT DO NOTHING; -- Skip if the relationship already exists

-- Insert question 6 for quiz: The Fundamental Elements of Design in Detail Quiz
INSERT INTO payload.quiz_questions (
  id,
  question,
  quiz_id,
  quiz_id_id, -- Duplicate field for compatibility
  type,
  explanation,
  "order",
  created_at,
  updated_at
) VALUES (
  '551cd53f-1e87-4754-9a79-530894410287', -- Generated UUID for the question
  'What should you do with whitespace?',
  'b618e70a-44e5-45ac-90b0-5bc075865744', -- Quiz ID
  'b618e70a-44e5-45ac-90b0-5bc075865744', -- Quiz ID (duplicate)
  'single-answer',
  '',
  5,
  NOW(),
  NOW()
) ON CONFLICT (id) DO NOTHING; -- Skip if the question already exists

-- Insert option 1 for question 6
INSERT INTO payload.quiz_questions_options (
  id,
  _order,
  _parent_id,
  text,
  is_correct,
  created_at,
  updated_at
) VALUES (
  gen_random_uuid(),
  0,
  '551cd53f-1e87-4754-9a79-530894410287',
  'Ensure you are using enough of it',
  true,
  NOW(),
  NOW()
) ON CONFLICT DO NOTHING; -- Skip if the option already exists

-- Insert option 2 for question 6
INSERT INTO payload.quiz_questions_options (
  id,
  _order,
  _parent_id,
  text,
  is_correct,
  created_at,
  updated_at
) VALUES (
  gen_random_uuid(),
  1,
  '551cd53f-1e87-4754-9a79-530894410287',
  'Color it blue, it is prettier',
  false,
  NOW(),
  NOW()
) ON CONFLICT DO NOTHING; -- Skip if the option already exists

-- Insert option 3 for question 6
INSERT INTO payload.quiz_questions_options (
  id,
  _order,
  _parent_id,
  text,
  is_correct,
  created_at,
  updated_at
) VALUES (
  gen_random_uuid(),
  2,
  '551cd53f-1e87-4754-9a79-530894410287',
  'Fill it up with text!',
  false,
  NOW(),
  NOW()
) ON CONFLICT DO NOTHING; -- Skip if the option already exists

-- Create relationship entry for the question to the quiz
INSERT INTO payload.quiz_questions_rels (
  id,
  _parent_id,
  field,
  value,
  created_at,
  updated_at
) VALUES (
  gen_random_uuid(),
  '551cd53f-1e87-4754-9a79-530894410287',
  'quiz_id',
  'b618e70a-44e5-45ac-90b0-5bc075865744',
  NOW(),
  NOW()
) ON CONFLICT DO NOTHING; -- Skip if the relationship already exists

-- Create bidirectional relationship entry for the quiz to the question
INSERT INTO payload.course_quizzes_rels (
  id,
  _parent_id,
  field,
  value,
  created_at,
  updated_at
) VALUES (
  gen_random_uuid(),
  'b618e70a-44e5-45ac-90b0-5bc075865744',
  'questions',
  '551cd53f-1e87-4754-9a79-530894410287',
  NOW(),
  NOW()
) ON CONFLICT DO NOTHING; -- Skip if the relationship already exists

-- Questions for quiz: Overview of Fact-based Persuasion Quiz (fact-persuasion-quiz, ID: 5d03514d-19e7-411c-a61b-d6ce6f31fc96)
-- Insert question 1 for quiz: Overview of Fact-based Persuasion Quiz
INSERT INTO payload.quiz_questions (
  id,
  question,
  quiz_id,
  quiz_id_id, -- Duplicate field for compatibility
  type,
  explanation,
  "order",
  created_at,
  updated_at
) VALUES (
  'eb7da40e-44da-4fed-863d-35fb4cbd8837', -- Generated UUID for the question
  'What is the bare assertion fallacy?',
  '5d03514d-19e7-411c-a61b-d6ce6f31fc96', -- Quiz ID
  '5d03514d-19e7-411c-a61b-d6ce6f31fc96', -- Quiz ID (duplicate)
  'multi-answer',
  '',
  0,
  NOW(),
  NOW()
) ON CONFLICT (id) DO NOTHING; -- Skip if the question already exists

-- Insert option 1 for question 1
INSERT INTO payload.quiz_questions_options (
  id,
  _order,
  _parent_id,
  text,
  is_correct,
  created_at,
  updated_at
) VALUES (
  gen_random_uuid(),
  0,
  'eb7da40e-44da-4fed-863d-35fb4cbd8837',
  'A premise in an argument that is assumed to be true merely because it says that it is true',
  true,
  NOW(),
  NOW()
) ON CONFLICT DO NOTHING; -- Skip if the option already exists

-- Insert option 2 for question 1
INSERT INTO payload.quiz_questions_options (
  id,
  _order,
  _parent_id,
  text,
  is_correct,
  created_at,
  updated_at
) VALUES (
  gen_random_uuid(),
  1,
  'eb7da40e-44da-4fed-863d-35fb4cbd8837',
  'A Dan Brown novel',
  false,
  NOW(),
  NOW()
) ON CONFLICT DO NOTHING; -- Skip if the option already exists

-- Insert option 3 for question 1
INSERT INTO payload.quiz_questions_options (
  id,
  _order,
  _parent_id,
  text,
  is_correct,
  created_at,
  updated_at
) VALUES (
  gen_random_uuid(),
  2,
  'eb7da40e-44da-4fed-863d-35fb4cbd8837',
  'Claiming to be right because you say you are right',
  true,
  NOW(),
  NOW()
) ON CONFLICT DO NOTHING; -- Skip if the option already exists

-- Insert option 4 for question 1
INSERT INTO payload.quiz_questions_options (
  id,
  _order,
  _parent_id,
  text,
  is_correct,
  created_at,
  updated_at
) VALUES (
  gen_random_uuid(),
  3,
  'eb7da40e-44da-4fed-863d-35fb4cbd8837',
  'A dream where you are presenting naked',
  false,
  NOW(),
  NOW()
) ON CONFLICT DO NOTHING; -- Skip if the option already exists

-- Create relationship entry for the question to the quiz
INSERT INTO payload.quiz_questions_rels (
  id,
  _parent_id,
  field,
  value,
  created_at,
  updated_at
) VALUES (
  gen_random_uuid(),
  'eb7da40e-44da-4fed-863d-35fb4cbd8837',
  'quiz_id',
  '5d03514d-19e7-411c-a61b-d6ce6f31fc96',
  NOW(),
  NOW()
) ON CONFLICT DO NOTHING; -- Skip if the relationship already exists

-- Create bidirectional relationship entry for the quiz to the question
INSERT INTO payload.course_quizzes_rels (
  id,
  _parent_id,
  field,
  value,
  created_at,
  updated_at
) VALUES (
  gen_random_uuid(),
  '5d03514d-19e7-411c-a61b-d6ce6f31fc96',
  'questions',
  'eb7da40e-44da-4fed-863d-35fb4cbd8837',
  NOW(),
  NOW()
) ON CONFLICT DO NOTHING; -- Skip if the relationship already exists

-- Insert question 2 for quiz: Overview of Fact-based Persuasion Quiz
INSERT INTO payload.quiz_questions (
  id,
  question,
  quiz_id,
  quiz_id_id, -- Duplicate field for compatibility
  type,
  explanation,
  "order",
  created_at,
  updated_at
) VALUES (
  '513ceeab-b02c-4072-92cb-60c31058691b', -- Generated UUID for the question
  'What is graphical excellence?',
  '5d03514d-19e7-411c-a61b-d6ce6f31fc96', -- Quiz ID
  '5d03514d-19e7-411c-a61b-d6ce6f31fc96', -- Quiz ID (duplicate)
  'multi-answer',
  '',
  1,
  NOW(),
  NOW()
) ON CONFLICT (id) DO NOTHING; -- Skip if the question already exists

-- Insert option 1 for question 2
INSERT INTO payload.quiz_questions_options (
  id,
  _order,
  _parent_id,
  text,
  is_correct,
  created_at,
  updated_at
) VALUES (
  gen_random_uuid(),
  0,
  '513ceeab-b02c-4072-92cb-60c31058691b',
  'Beautiful',
  false,
  NOW(),
  NOW()
) ON CONFLICT DO NOTHING; -- Skip if the option already exists

-- Insert option 2 for question 2
INSERT INTO payload.quiz_questions_options (
  id,
  _order,
  _parent_id,
  text,
  is_correct,
  created_at,
  updated_at
) VALUES (
  gen_random_uuid(),
  1,
  '513ceeab-b02c-4072-92cb-60c31058691b',
  'Honest',
  true,
  NOW(),
  NOW()
) ON CONFLICT DO NOTHING; -- Skip if the option already exists

-- Insert option 3 for question 2
INSERT INTO payload.quiz_questions_options (
  id,
  _order,
  _parent_id,
  text,
  is_correct,
  created_at,
  updated_at
) VALUES (
  gen_random_uuid(),
  2,
  '513ceeab-b02c-4072-92cb-60c31058691b',
  'Multivariate',
  true,
  NOW(),
  NOW()
) ON CONFLICT DO NOTHING; -- Skip if the option already exists

-- Insert option 4 for question 2
INSERT INTO payload.quiz_questions_options (
  id,
  _order,
  _parent_id,
  text,
  is_correct,
  created_at,
  updated_at
) VALUES (
  gen_random_uuid(),
  3,
  '513ceeab-b02c-4072-92cb-60c31058691b',
  'Efficient',
  true,
  NOW(),
  NOW()
) ON CONFLICT DO NOTHING; -- Skip if the option already exists

-- Insert option 5 for question 2
INSERT INTO payload.quiz_questions_options (
  id,
  _order,
  _parent_id,
  text,
  is_correct,
  created_at,
  updated_at
) VALUES (
  gen_random_uuid(),
  4,
  '513ceeab-b02c-4072-92cb-60c31058691b',
  'Complicated',
  false,
  NOW(),
  NOW()
) ON CONFLICT DO NOTHING; -- Skip if the option already exists

-- Insert option 6 for question 2
INSERT INTO payload.quiz_questions_options (
  id,
  _order,
  _parent_id,
  text,
  is_correct,
  created_at,
  updated_at
) VALUES (
  gen_random_uuid(),
  5,
  '513ceeab-b02c-4072-92cb-60c31058691b',
  'Curved',
  false,
  NOW(),
  NOW()
) ON CONFLICT DO NOTHING; -- Skip if the option already exists

-- Create relationship entry for the question to the quiz
INSERT INTO payload.quiz_questions_rels (
  id,
  _parent_id,
  field,
  value,
  created_at,
  updated_at
) VALUES (
  gen_random_uuid(),
  '513ceeab-b02c-4072-92cb-60c31058691b',
  'quiz_id',
  '5d03514d-19e7-411c-a61b-d6ce6f31fc96',
  NOW(),
  NOW()
) ON CONFLICT DO NOTHING; -- Skip if the relationship already exists

-- Create bidirectional relationship entry for the quiz to the question
INSERT INTO payload.course_quizzes_rels (
  id,
  _parent_id,
  field,
  value,
  created_at,
  updated_at
) VALUES (
  gen_random_uuid(),
  '5d03514d-19e7-411c-a61b-d6ce6f31fc96',
  'questions',
  '513ceeab-b02c-4072-92cb-60c31058691b',
  NOW(),
  NOW()
) ON CONFLICT DO NOTHING; -- Skip if the relationship already exists

-- Questions for quiz: Gestalt Principles of Visual Perception Quiz (gestalt-principles-quiz, ID: b9bbe3a3-6f30-4191-a192-e3aa7f35f0fb)
-- Insert question 1 for quiz: Gestalt Principles of Visual Perception Quiz
INSERT INTO payload.quiz_questions (
  id,
  question,
  quiz_id,
  quiz_id_id, -- Duplicate field for compatibility
  type,
  explanation,
  "order",
  created_at,
  updated_at
) VALUES (
  '804f35a3-875e-4d49-869a-5bdb85989534', -- Generated UUID for the question
  'Why have we repeated the principle of proximity in this lesson and the previous lesson?',
  'b9bbe3a3-6f30-4191-a192-e3aa7f35f0fb', -- Quiz ID
  'b9bbe3a3-6f30-4191-a192-e3aa7f35f0fb', -- Quiz ID (duplicate)
  'single-answer',
  '',
  0,
  NOW(),
  NOW()
) ON CONFLICT (id) DO NOTHING; -- Skip if the question already exists

-- Insert option 1 for question 1
INSERT INTO payload.quiz_questions_options (
  id,
  _order,
  _parent_id,
  text,
  is_correct,
  created_at,
  updated_at
) VALUES (
  gen_random_uuid(),
  0,
  '804f35a3-875e-4d49-869a-5bdb85989534',
  'Didn''t notice. The course is brilliant. Carry on!',
  true,
  NOW(),
  NOW()
) ON CONFLICT DO NOTHING; -- Skip if the option already exists

-- Insert option 2 for question 1
INSERT INTO payload.quiz_questions_options (
  id,
  _order,
  _parent_id,
  text,
  is_correct,
  created_at,
  updated_at
) VALUES (
  gen_random_uuid(),
  1,
  '804f35a3-875e-4d49-869a-5bdb85989534',
  'Because repetition ad nauseum helps me learn?...',
  false,
  NOW(),
  NOW()
) ON CONFLICT DO NOTHING; -- Skip if the option already exists

-- Insert option 3 for question 1
INSERT INTO payload.quiz_questions_options (
  id,
  _order,
  _parent_id,
  text,
  is_correct,
  created_at,
  updated_at
) VALUES (
  gen_random_uuid(),
  2,
  '804f35a3-875e-4d49-869a-5bdb85989534',
  'Yo lazy',
  false,
  NOW(),
  NOW()
) ON CONFLICT DO NOTHING; -- Skip if the option already exists

-- Create relationship entry for the question to the quiz
INSERT INTO payload.quiz_questions_rels (
  id,
  _parent_id,
  field,
  value,
  created_at,
  updated_at
) VALUES (
  gen_random_uuid(),
  '804f35a3-875e-4d49-869a-5bdb85989534',
  'quiz_id',
  'b9bbe3a3-6f30-4191-a192-e3aa7f35f0fb',
  NOW(),
  NOW()
) ON CONFLICT DO NOTHING; -- Skip if the relationship already exists

-- Create bidirectional relationship entry for the quiz to the question
INSERT INTO payload.course_quizzes_rels (
  id,
  _parent_id,
  field,
  value,
  created_at,
  updated_at
) VALUES (
  gen_random_uuid(),
  'b9bbe3a3-6f30-4191-a192-e3aa7f35f0fb',
  'questions',
  '804f35a3-875e-4d49-869a-5bdb85989534',
  NOW(),
  NOW()
) ON CONFLICT DO NOTHING; -- Skip if the relationship already exists

-- Insert question 2 for quiz: Gestalt Principles of Visual Perception Quiz
INSERT INTO payload.quiz_questions (
  id,
  question,
  quiz_id,
  quiz_id_id, -- Duplicate field for compatibility
  type,
  explanation,
  "order",
  created_at,
  updated_at
) VALUES (
  '2e62e970-c4ac-4d05-b6a7-dad81250e986', -- Generated UUID for the question
  'The principle of similarity states that we tend to group things which share visual characteristics such as:',
  'b9bbe3a3-6f30-4191-a192-e3aa7f35f0fb', -- Quiz ID
  'b9bbe3a3-6f30-4191-a192-e3aa7f35f0fb', -- Quiz ID (duplicate)
  'multi-answer',
  '',
  1,
  NOW(),
  NOW()
) ON CONFLICT (id) DO NOTHING; -- Skip if the question already exists

-- Insert option 1 for question 2
INSERT INTO payload.quiz_questions_options (
  id,
  _order,
  _parent_id,
  text,
  is_correct,
  created_at,
  updated_at
) VALUES (
  gen_random_uuid(),
  0,
  '2e62e970-c4ac-4d05-b6a7-dad81250e986',
  'Size',
  true,
  NOW(),
  NOW()
) ON CONFLICT DO NOTHING; -- Skip if the option already exists

-- Insert option 2 for question 2
INSERT INTO payload.quiz_questions_options (
  id,
  _order,
  _parent_id,
  text,
  is_correct,
  created_at,
  updated_at
) VALUES (
  gen_random_uuid(),
  1,
  '2e62e970-c4ac-4d05-b6a7-dad81250e986',
  'Shape',
  true,
  NOW(),
  NOW()
) ON CONFLICT DO NOTHING; -- Skip if the option already exists

-- Insert option 3 for question 2
INSERT INTO payload.quiz_questions_options (
  id,
  _order,
  _parent_id,
  text,
  is_correct,
  created_at,
  updated_at
) VALUES (
  gen_random_uuid(),
  2,
  '2e62e970-c4ac-4d05-b6a7-dad81250e986',
  'Color',
  true,
  NOW(),
  NOW()
) ON CONFLICT DO NOTHING; -- Skip if the option already exists

-- Insert option 4 for question 2
INSERT INTO payload.quiz_questions_options (
  id,
  _order,
  _parent_id,
  text,
  is_correct,
  created_at,
  updated_at
) VALUES (
  gen_random_uuid(),
  3,
  '2e62e970-c4ac-4d05-b6a7-dad81250e986',
  'Orientation',
  true,
  NOW(),
  NOW()
) ON CONFLICT DO NOTHING; -- Skip if the option already exists

-- Insert option 5 for question 2
INSERT INTO payload.quiz_questions_options (
  id,
  _order,
  _parent_id,
  text,
  is_correct,
  created_at,
  updated_at
) VALUES (
  gen_random_uuid(),
  4,
  '2e62e970-c4ac-4d05-b6a7-dad81250e986',
  'Sound',
  false,
  NOW(),
  NOW()
) ON CONFLICT DO NOTHING; -- Skip if the option already exists

-- Insert option 6 for question 2
INSERT INTO payload.quiz_questions_options (
  id,
  _order,
  _parent_id,
  text,
  is_correct,
  created_at,
  updated_at
) VALUES (
  gen_random_uuid(),
  5,
  '2e62e970-c4ac-4d05-b6a7-dad81250e986',
  'Length',
  false,
  NOW(),
  NOW()
) ON CONFLICT DO NOTHING; -- Skip if the option already exists

-- Insert option 7 for question 2
INSERT INTO payload.quiz_questions_options (
  id,
  _order,
  _parent_id,
  text,
  is_correct,
  created_at,
  updated_at
) VALUES (
  gen_random_uuid(),
  6,
  '2e62e970-c4ac-4d05-b6a7-dad81250e986',
  'Distance',
  false,
  NOW(),
  NOW()
) ON CONFLICT DO NOTHING; -- Skip if the option already exists

-- Create relationship entry for the question to the quiz
INSERT INTO payload.quiz_questions_rels (
  id,
  _parent_id,
  field,
  value,
  created_at,
  updated_at
) VALUES (
  gen_random_uuid(),
  '2e62e970-c4ac-4d05-b6a7-dad81250e986',
  'quiz_id',
  'b9bbe3a3-6f30-4191-a192-e3aa7f35f0fb',
  NOW(),
  NOW()
) ON CONFLICT DO NOTHING; -- Skip if the relationship already exists

-- Create bidirectional relationship entry for the quiz to the question
INSERT INTO payload.course_quizzes_rels (
  id,
  _parent_id,
  field,
  value,
  created_at,
  updated_at
) VALUES (
  gen_random_uuid(),
  'b9bbe3a3-6f30-4191-a192-e3aa7f35f0fb',
  'questions',
  '2e62e970-c4ac-4d05-b6a7-dad81250e986',
  NOW(),
  NOW()
) ON CONFLICT DO NOTHING; -- Skip if the relationship already exists

-- Insert question 3 for quiz: Gestalt Principles of Visual Perception Quiz
INSERT INTO payload.quiz_questions (
  id,
  question,
  quiz_id,
  quiz_id_id, -- Duplicate field for compatibility
  type,
  explanation,
  "order",
  created_at,
  updated_at
) VALUES (
  '52d80636-f0c3-4442-8347-9db8aadca929', -- Generated UUID for the question
  'What is symmetry associated with?',
  'b9bbe3a3-6f30-4191-a192-e3aa7f35f0fb', -- Quiz ID
  'b9bbe3a3-6f30-4191-a192-e3aa7f35f0fb', -- Quiz ID (duplicate)
  'multi-answer',
  '',
  2,
  NOW(),
  NOW()
) ON CONFLICT (id) DO NOTHING; -- Skip if the question already exists

-- Insert option 1 for question 3
INSERT INTO payload.quiz_questions_options (
  id,
  _order,
  _parent_id,
  text,
  is_correct,
  created_at,
  updated_at
) VALUES (
  gen_random_uuid(),
  0,
  '52d80636-f0c3-4442-8347-9db8aadca929',
  'Stability',
  true,
  NOW(),
  NOW()
) ON CONFLICT DO NOTHING; -- Skip if the option already exists

-- Insert option 2 for question 3
INSERT INTO payload.quiz_questions_options (
  id,
  _order,
  _parent_id,
  text,
  is_correct,
  created_at,
  updated_at
) VALUES (
  gen_random_uuid(),
  1,
  '52d80636-f0c3-4442-8347-9db8aadca929',
  'Consistency',
  true,
  NOW(),
  NOW()
) ON CONFLICT DO NOTHING; -- Skip if the option already exists

-- Insert option 3 for question 3
INSERT INTO payload.quiz_questions_options (
  id,
  _order,
  _parent_id,
  text,
  is_correct,
  created_at,
  updated_at
) VALUES (
  gen_random_uuid(),
  2,
  '52d80636-f0c3-4442-8347-9db8aadca929',
  'Structure',
  true,
  NOW(),
  NOW()
) ON CONFLICT DO NOTHING; -- Skip if the option already exists

-- Insert option 4 for question 3
INSERT INTO payload.quiz_questions_options (
  id,
  _order,
  _parent_id,
  text,
  is_correct,
  created_at,
  updated_at
) VALUES (
  gen_random_uuid(),
  3,
  '52d80636-f0c3-4442-8347-9db8aadca929',
  'Rhythm',
  false,
  NOW(),
  NOW()
) ON CONFLICT DO NOTHING; -- Skip if the option already exists

-- Insert option 5 for question 3
INSERT INTO payload.quiz_questions_options (
  id,
  _order,
  _parent_id,
  text,
  is_correct,
  created_at,
  updated_at
) VALUES (
  gen_random_uuid(),
  4,
  '52d80636-f0c3-4442-8347-9db8aadca929',
  'Twins',
  false,
  NOW(),
  NOW()
) ON CONFLICT DO NOTHING; -- Skip if the option already exists

-- Insert option 6 for question 3
INSERT INTO payload.quiz_questions_options (
  id,
  _order,
  _parent_id,
  text,
  is_correct,
  created_at,
  updated_at
) VALUES (
  gen_random_uuid(),
  5,
  '52d80636-f0c3-4442-8347-9db8aadca929',
  'Music',
  false,
  NOW(),
  NOW()
) ON CONFLICT DO NOTHING; -- Skip if the option already exists

-- Create relationship entry for the question to the quiz
INSERT INTO payload.quiz_questions_rels (
  id,
  _parent_id,
  field,
  value,
  created_at,
  updated_at
) VALUES (
  gen_random_uuid(),
  '52d80636-f0c3-4442-8347-9db8aadca929',
  'quiz_id',
  'b9bbe3a3-6f30-4191-a192-e3aa7f35f0fb',
  NOW(),
  NOW()
) ON CONFLICT DO NOTHING; -- Skip if the relationship already exists

-- Create bidirectional relationship entry for the quiz to the question
INSERT INTO payload.course_quizzes_rels (
  id,
  _parent_id,
  field,
  value,
  created_at,
  updated_at
) VALUES (
  gen_random_uuid(),
  'b9bbe3a3-6f30-4191-a192-e3aa7f35f0fb',
  'questions',
  '52d80636-f0c3-4442-8347-9db8aadca929',
  NOW(),
  NOW()
) ON CONFLICT DO NOTHING; -- Skip if the relationship already exists

-- Insert question 4 for quiz: Gestalt Principles of Visual Perception Quiz
INSERT INTO payload.quiz_questions (
  id,
  question,
  quiz_id,
  quiz_id_id, -- Duplicate field for compatibility
  type,
  explanation,
  "order",
  created_at,
  updated_at
) VALUES (
  'f413516d-0a53-4fa6-853d-cc03cf5b9c0b', -- Generated UUID for the question
  'What does the principle of connection state?',
  'b9bbe3a3-6f30-4191-a192-e3aa7f35f0fb', -- Quiz ID
  'b9bbe3a3-6f30-4191-a192-e3aa7f35f0fb', -- Quiz ID (duplicate)
  'single-answer',
  '',
  3,
  NOW(),
  NOW()
) ON CONFLICT (id) DO NOTHING; -- Skip if the question already exists

-- Insert option 1 for question 4
INSERT INTO payload.quiz_questions_options (
  id,
  _order,
  _parent_id,
  text,
  is_correct,
  created_at,
  updated_at
) VALUES (
  gen_random_uuid(),
  0,
  'f413516d-0a53-4fa6-853d-cc03cf5b9c0b',
  'Elements that are visually connected are perceived as more related than elements with no connection',
  true,
  NOW(),
  NOW()
) ON CONFLICT DO NOTHING; -- Skip if the option already exists

-- Insert option 2 for question 4
INSERT INTO payload.quiz_questions_options (
  id,
  _order,
  _parent_id,
  text,
  is_correct,
  created_at,
  updated_at
) VALUES (
  gen_random_uuid(),
  1,
  'f413516d-0a53-4fa6-853d-cc03cf5b9c0b',
  'We need to connect our most important ideas',
  false,
  NOW(),
  NOW()
) ON CONFLICT DO NOTHING; -- Skip if the option already exists

-- Insert option 3 for question 4
INSERT INTO payload.quiz_questions_options (
  id,
  _order,
  _parent_id,
  text,
  is_correct,
  created_at,
  updated_at
) VALUES (
  gen_random_uuid(),
  2,
  'f413516d-0a53-4fa6-853d-cc03cf5b9c0b',
  'I just can''t make no connection',
  false,
  NOW(),
  NOW()
) ON CONFLICT DO NOTHING; -- Skip if the option already exists

-- Create relationship entry for the question to the quiz
INSERT INTO payload.quiz_questions_rels (
  id,
  _parent_id,
  field,
  value,
  created_at,
  updated_at
) VALUES (
  gen_random_uuid(),
  'f413516d-0a53-4fa6-853d-cc03cf5b9c0b',
  'quiz_id',
  'b9bbe3a3-6f30-4191-a192-e3aa7f35f0fb',
  NOW(),
  NOW()
) ON CONFLICT DO NOTHING; -- Skip if the relationship already exists

-- Create bidirectional relationship entry for the quiz to the question
INSERT INTO payload.course_quizzes_rels (
  id,
  _parent_id,
  field,
  value,
  created_at,
  updated_at
) VALUES (
  gen_random_uuid(),
  'b9bbe3a3-6f30-4191-a192-e3aa7f35f0fb',
  'questions',
  'f413516d-0a53-4fa6-853d-cc03cf5b9c0b',
  NOW(),
  NOW()
) ON CONFLICT DO NOTHING; -- Skip if the relationship already exists

-- Questions for quiz: Idea Generation Quiz (idea-generation-quiz, ID: 289387c4-c547-4ffc-97fd-330526e7417f)
-- Insert question 1 for quiz: Idea Generation Quiz
INSERT INTO payload.quiz_questions (
  id,
  question,
  quiz_id,
  quiz_id_id, -- Duplicate field for compatibility
  type,
  explanation,
  "order",
  created_at,
  updated_at
) VALUES (
  '70d953b9-8cc8-4837-833e-5c7a6ad81a20', -- Generated UUID for the question
  'What is the key to making brainstorming as effective as possible?',
  '289387c4-c547-4ffc-97fd-330526e7417f', -- Quiz ID
  '289387c4-c547-4ffc-97fd-330526e7417f', -- Quiz ID (duplicate)
  'single-answer',
  '',
  0,
  NOW(),
  NOW()
) ON CONFLICT (id) DO NOTHING; -- Skip if the question already exists

-- Insert option 1 for question 1
INSERT INTO payload.quiz_questions_options (
  id,
  _order,
  _parent_id,
  text,
  is_correct,
  created_at,
  updated_at
) VALUES (
  gen_random_uuid(),
  0,
  '70d953b9-8cc8-4837-833e-5c7a6ad81a20',
  'Conduct brainstorming sessions early in the day',
  false,
  NOW(),
  NOW()
) ON CONFLICT DO NOTHING; -- Skip if the option already exists

-- Insert option 2 for question 1
INSERT INTO payload.quiz_questions_options (
  id,
  _order,
  _parent_id,
  text,
  is_correct,
  created_at,
  updated_at
) VALUES (
  gen_random_uuid(),
  1,
  '70d953b9-8cc8-4837-833e-5c7a6ad81a20',
  'Eat lots of sugar',
  false,
  NOW(),
  NOW()
) ON CONFLICT DO NOTHING; -- Skip if the option already exists

-- Insert option 3 for question 1
INSERT INTO payload.quiz_questions_options (
  id,
  _order,
  _parent_id,
  text,
  is_correct,
  created_at,
  updated_at
) VALUES (
  gen_random_uuid(),
  2,
  '70d953b9-8cc8-4837-833e-5c7a6ad81a20',
  'Don''t use brainstorming, it doesn''t work',
  false,
  NOW(),
  NOW()
) ON CONFLICT DO NOTHING; -- Skip if the option already exists

-- Insert option 4 for question 1
INSERT INTO payload.quiz_questions_options (
  id,
  _order,
  _parent_id,
  text,
  is_correct,
  created_at,
  updated_at
) VALUES (
  gen_random_uuid(),
  3,
  '70d953b9-8cc8-4837-833e-5c7a6ad81a20',
  'Engage in debate and dissent',
  true,
  NOW(),
  NOW()
) ON CONFLICT DO NOTHING; -- Skip if the option already exists

-- Create relationship entry for the question to the quiz
INSERT INTO payload.quiz_questions_rels (
  id,
  _parent_id,
  field,
  value,
  created_at,
  updated_at
) VALUES (
  gen_random_uuid(),
  '70d953b9-8cc8-4837-833e-5c7a6ad81a20',
  'quiz_id',
  '289387c4-c547-4ffc-97fd-330526e7417f',
  NOW(),
  NOW()
) ON CONFLICT DO NOTHING; -- Skip if the relationship already exists

-- Create bidirectional relationship entry for the quiz to the question
INSERT INTO payload.course_quizzes_rels (
  id,
  _parent_id,
  field,
  value,
  created_at,
  updated_at
) VALUES (
  gen_random_uuid(),
  '289387c4-c547-4ffc-97fd-330526e7417f',
  'questions',
  '70d953b9-8cc8-4837-833e-5c7a6ad81a20',
  NOW(),
  NOW()
) ON CONFLICT DO NOTHING; -- Skip if the relationship already exists

-- Insert question 2 for quiz: Idea Generation Quiz
INSERT INTO payload.quiz_questions (
  id,
  question,
  quiz_id,
  quiz_id_id, -- Duplicate field for compatibility
  type,
  explanation,
  "order",
  created_at,
  updated_at
) VALUES (
  '35c01b75-5e0c-460b-af2b-c2c41e88b391', -- Generated UUID for the question
  'What are our Cardinal Rules of brainstorming?',
  '289387c4-c547-4ffc-97fd-330526e7417f', -- Quiz ID
  '289387c4-c547-4ffc-97fd-330526e7417f', -- Quiz ID (duplicate)
  'multi-answer',
  '',
  1,
  NOW(),
  NOW()
) ON CONFLICT (id) DO NOTHING; -- Skip if the question already exists

-- Insert option 1 for question 2
INSERT INTO payload.quiz_questions_options (
  id,
  _order,
  _parent_id,
  text,
  is_correct,
  created_at,
  updated_at
) VALUES (
  gen_random_uuid(),
  0,
  '35c01b75-5e0c-460b-af2b-c2c41e88b391',
  'Plan your participants',
  true,
  NOW(),
  NOW()
) ON CONFLICT DO NOTHING; -- Skip if the option already exists

-- Insert option 2 for question 2
INSERT INTO payload.quiz_questions_options (
  id,
  _order,
  _parent_id,
  text,
  is_correct,
  created_at,
  updated_at
) VALUES (
  gen_random_uuid(),
  1,
  '35c01b75-5e0c-460b-af2b-c2c41e88b391',
  'Focus on ideas',
  true,
  NOW(),
  NOW()
) ON CONFLICT DO NOTHING; -- Skip if the option already exists

-- Insert option 3 for question 2
INSERT INTO payload.quiz_questions_options (
  id,
  _order,
  _parent_id,
  text,
  is_correct,
  created_at,
  updated_at
) VALUES (
  gen_random_uuid(),
  2,
  '35c01b75-5e0c-460b-af2b-c2c41e88b391',
  'Structure the session',
  true,
  NOW(),
  NOW()
) ON CONFLICT DO NOTHING; -- Skip if the option already exists

-- Insert option 4 for question 2
INSERT INTO payload.quiz_questions_options (
  id,
  _order,
  _parent_id,
  text,
  is_correct,
  created_at,
  updated_at
) VALUES (
  gen_random_uuid(),
  3,
  '35c01b75-5e0c-460b-af2b-c2c41e88b391',
  'Establish rules in advance',
  true,
  NOW(),
  NOW()
) ON CONFLICT DO NOTHING; -- Skip if the option already exists

-- Insert option 5 for question 2
INSERT INTO payload.quiz_questions_options (
  id,
  _order,
  _parent_id,
  text,
  is_correct,
  created_at,
  updated_at
) VALUES (
  gen_random_uuid(),
  4,
  '35c01b75-5e0c-460b-af2b-c2c41e88b391',
  'Free associate',
  false,
  NOW(),
  NOW()
) ON CONFLICT DO NOTHING; -- Skip if the option already exists

-- Insert option 6 for question 2
INSERT INTO payload.quiz_questions_options (
  id,
  _order,
  _parent_id,
  text,
  is_correct,
  created_at,
  updated_at
) VALUES (
  gen_random_uuid(),
  5,
  '35c01b75-5e0c-460b-af2b-c2c41e88b391',
  'Only invite the single people',
  false,
  NOW(),
  NOW()
) ON CONFLICT DO NOTHING; -- Skip if the option already exists

-- Insert option 7 for question 2
INSERT INTO payload.quiz_questions_options (
  id,
  _order,
  _parent_id,
  text,
  is_correct,
  created_at,
  updated_at
) VALUES (
  gen_random_uuid(),
  6,
  '35c01b75-5e0c-460b-af2b-c2c41e88b391',
  'Focus on having fun',
  false,
  NOW(),
  NOW()
) ON CONFLICT DO NOTHING; -- Skip if the option already exists

-- Insert option 8 for question 2
INSERT INTO payload.quiz_questions_options (
  id,
  _order,
  _parent_id,
  text,
  is_correct,
  created_at,
  updated_at
) VALUES (
  gen_random_uuid(),
  7,
  '35c01b75-5e0c-460b-af2b-c2c41e88b391',
  'Eat, drink, and be merry',
  false,
  NOW(),
  NOW()
) ON CONFLICT DO NOTHING; -- Skip if the option already exists

-- Insert option 9 for question 2
INSERT INTO payload.quiz_questions_options (
  id,
  _order,
  _parent_id,
  text,
  is_correct,
  created_at,
  updated_at
) VALUES (
  gen_random_uuid(),
  8,
  '35c01b75-5e0c-460b-af2b-c2c41e88b391',
  'Conduct sessions on a Friday',
  false,
  NOW(),
  NOW()
) ON CONFLICT DO NOTHING; -- Skip if the option already exists

-- Create relationship entry for the question to the quiz
INSERT INTO payload.quiz_questions_rels (
  id,
  _parent_id,
  field,
  value,
  created_at,
  updated_at
) VALUES (
  gen_random_uuid(),
  '35c01b75-5e0c-460b-af2b-c2c41e88b391',
  'quiz_id',
  '289387c4-c547-4ffc-97fd-330526e7417f',
  NOW(),
  NOW()
) ON CONFLICT DO NOTHING; -- Skip if the relationship already exists

-- Create bidirectional relationship entry for the quiz to the question
INSERT INTO payload.course_quizzes_rels (
  id,
  _parent_id,
  field,
  value,
  created_at,
  updated_at
) VALUES (
  gen_random_uuid(),
  '289387c4-c547-4ffc-97fd-330526e7417f',
  'questions',
  '35c01b75-5e0c-460b-af2b-c2c41e88b391',
  NOW(),
  NOW()
) ON CONFLICT DO NOTHING; -- Skip if the relationship already exists

-- Insert question 3 for quiz: Idea Generation Quiz
INSERT INTO payload.quiz_questions (
  id,
  question,
  quiz_id,
  quiz_id_id, -- Duplicate field for compatibility
  type,
  explanation,
  "order",
  created_at,
  updated_at
) VALUES (
  '89cfb8fd-79d6-41a5-9202-517963d38cb9', -- Generated UUID for the question
  'What was the golden rule talked about in this lesson?',
  '289387c4-c547-4ffc-97fd-330526e7417f', -- Quiz ID
  '289387c4-c547-4ffc-97fd-330526e7417f', -- Quiz ID (duplicate)
  'single-answer',
  '',
  2,
  NOW(),
  NOW()
) ON CONFLICT (id) DO NOTHING; -- Skip if the question already exists

-- Insert option 1 for question 3
INSERT INTO payload.quiz_questions_options (
  id,
  _order,
  _parent_id,
  text,
  is_correct,
  created_at,
  updated_at
) VALUES (
  gen_random_uuid(),
  0,
  '89cfb8fd-79d6-41a5-9202-517963d38cb9',
  'Facts known by the audience go in the Introduction',
  false,
  NOW(),
  NOW()
) ON CONFLICT DO NOTHING; -- Skip if the option already exists

-- Insert option 2 for question 3
INSERT INTO payload.quiz_questions_options (
  id,
  _order,
  _parent_id,
  text,
  is_correct,
  created_at,
  updated_at
) VALUES (
  gen_random_uuid(),
  1,
  '89cfb8fd-79d6-41a5-9202-517963d38cb9',
  'We are creating our presentation to answer a question in the mind of our audience',
  false,
  NOW(),
  NOW()
) ON CONFLICT DO NOTHING; -- Skip if the option already exists

-- Insert option 3 for question 3
INSERT INTO payload.quiz_questions_options (
  id,
  _order,
  _parent_id,
  text,
  is_correct,
  created_at,
  updated_at
) VALUES (
  gen_random_uuid(),
  2,
  '89cfb8fd-79d6-41a5-9202-517963d38cb9',
  'Our audience is the hero',
  false,
  NOW(),
  NOW()
) ON CONFLICT DO NOTHING; -- Skip if the option already exists

-- Insert option 4 for question 3
INSERT INTO payload.quiz_questions_options (
  id,
  _order,
  _parent_id,
  text,
  is_correct,
  created_at,
  updated_at
) VALUES (
  gen_random_uuid(),
  3,
  '89cfb8fd-79d6-41a5-9202-517963d38cb9',
  'Our objective is to compel our audience to do something',
  false,
  NOW(),
  NOW()
) ON CONFLICT DO NOTHING; -- Skip if the option already exists

-- Insert option 5 for question 3
INSERT INTO payload.quiz_questions_options (
  id,
  _order,
  _parent_id,
  text,
  is_correct,
  created_at,
  updated_at
) VALUES (
  gen_random_uuid(),
  4,
  '89cfb8fd-79d6-41a5-9202-517963d38cb9',
  'Follow a process',
  false,
  NOW(),
  NOW()
) ON CONFLICT DO NOTHING; -- Skip if the option already exists

-- Insert option 6 for question 3
INSERT INTO payload.quiz_questions_options (
  id,
  _order,
  _parent_id,
  text,
  is_correct,
  created_at,
  updated_at
) VALUES (
  gen_random_uuid(),
  5,
  '89cfb8fd-79d6-41a5-9202-517963d38cb9',
  'Create ideas first, slides second',
  true,
  NOW(),
  NOW()
) ON CONFLICT DO NOTHING; -- Skip if the option already exists

-- Create relationship entry for the question to the quiz
INSERT INTO payload.quiz_questions_rels (
  id,
  _parent_id,
  field,
  value,
  created_at,
  updated_at
) VALUES (
  gen_random_uuid(),
  '89cfb8fd-79d6-41a5-9202-517963d38cb9',
  'quiz_id',
  '289387c4-c547-4ffc-97fd-330526e7417f',
  NOW(),
  NOW()
) ON CONFLICT DO NOTHING; -- Skip if the relationship already exists

-- Create bidirectional relationship entry for the quiz to the question
INSERT INTO payload.course_quizzes_rels (
  id,
  _parent_id,
  field,
  value,
  created_at,
  updated_at
) VALUES (
  gen_random_uuid(),
  '289387c4-c547-4ffc-97fd-330526e7417f',
  'questions',
  '89cfb8fd-79d6-41a5-9202-517963d38cb9',
  NOW(),
  NOW()
) ON CONFLICT DO NOTHING; -- Skip if the relationship already exists

-- Questions for quiz: The Why (Introductions) Quiz (introductions-quiz, ID: f06f8482-6ab6-4b77-8eca-0bef431cedfe)
-- Insert question 1 for quiz: The Why (Introductions) Quiz
INSERT INTO payload.quiz_questions (
  id,
  question,
  quiz_id,
  quiz_id_id, -- Duplicate field for compatibility
  type,
  explanation,
  "order",
  created_at,
  updated_at
) VALUES (
  '7c8bc078-fd9d-414f-aad1-44c5eb1ca3c2', -- Generated UUID for the question
  'Hypothetical example: We are in the finance department and are giving an update. What is the best way for us to frame our presentation?',
  'f06f8482-6ab6-4b77-8eca-0bef431cedfe', -- Quiz ID
  'f06f8482-6ab6-4b77-8eca-0bef431cedfe', -- Quiz ID (duplicate)
  'single-answer',
  '',
  0,
  NOW(),
  NOW()
) ON CONFLICT (id) DO NOTHING; -- Skip if the question already exists

-- Insert option 1 for question 1
INSERT INTO payload.quiz_questions_options (
  id,
  _order,
  _parent_id,
  text,
  is_correct,
  created_at,
  updated_at
) VALUES (
  gen_random_uuid(),
  0,
  '7c8bc078-fd9d-414f-aad1-44c5eb1ca3c2',
  'Finance update',
  false,
  NOW(),
  NOW()
) ON CONFLICT DO NOTHING; -- Skip if the option already exists

-- Insert option 2 for question 1
INSERT INTO payload.quiz_questions_options (
  id,
  _order,
  _parent_id,
  text,
  is_correct,
  created_at,
  updated_at
) VALUES (
  gen_random_uuid(),
  1,
  '7c8bc078-fd9d-414f-aad1-44c5eb1ca3c2',
  'Cost cutting recommendations',
  false,
  NOW(),
  NOW()
) ON CONFLICT DO NOTHING; -- Skip if the option already exists

-- Insert option 3 for question 1
INSERT INTO payload.quiz_questions_options (
  id,
  _order,
  _parent_id,
  text,
  is_correct,
  created_at,
  updated_at
) VALUES (
  gen_random_uuid(),
  2,
  '7c8bc078-fd9d-414f-aad1-44c5eb1ca3c2',
  'Quarterly review',
  false,
  NOW(),
  NOW()
) ON CONFLICT DO NOTHING; -- Skip if the option already exists

-- Insert option 4 for question 1
INSERT INTO payload.quiz_questions_options (
  id,
  _order,
  _parent_id,
  text,
  is_correct,
  created_at,
  updated_at
) VALUES (
  gen_random_uuid(),
  3,
  '7c8bc078-fd9d-414f-aad1-44c5eb1ca3c2',
  'How did we perform last quarter, and what do we need to do differently?',
  true,
  NOW(),
  NOW()
) ON CONFLICT DO NOTHING; -- Skip if the option already exists

-- Create relationship entry for the question to the quiz
INSERT INTO payload.quiz_questions_rels (
  id,
  _parent_id,
  field,
  value,
  created_at,
  updated_at
) VALUES (
  gen_random_uuid(),
  '7c8bc078-fd9d-414f-aad1-44c5eb1ca3c2',
  'quiz_id',
  'f06f8482-6ab6-4b77-8eca-0bef431cedfe',
  NOW(),
  NOW()
) ON CONFLICT DO NOTHING; -- Skip if the relationship already exists

-- Create bidirectional relationship entry for the quiz to the question
INSERT INTO payload.course_quizzes_rels (
  id,
  _parent_id,
  field,
  value,
  created_at,
  updated_at
) VALUES (
  gen_random_uuid(),
  'f06f8482-6ab6-4b77-8eca-0bef431cedfe',
  'questions',
  '7c8bc078-fd9d-414f-aad1-44c5eb1ca3c2',
  NOW(),
  NOW()
) ON CONFLICT DO NOTHING; -- Skip if the relationship already exists

-- Insert question 2 for quiz: The Why (Introductions) Quiz
INSERT INTO payload.quiz_questions (
  id,
  question,
  quiz_id,
  quiz_id_id, -- Duplicate field for compatibility
  type,
  explanation,
  "order",
  created_at,
  updated_at
) VALUES (
  '81e96916-d43a-48bd-9830-adb4dc203114', -- Generated UUID for the question
  'Why are we creating our presentation?',
  'f06f8482-6ab6-4b77-8eca-0bef431cedfe', -- Quiz ID
  'f06f8482-6ab6-4b77-8eca-0bef431cedfe', -- Quiz ID (duplicate)
  'single-answer',
  '',
  1,
  NOW(),
  NOW()
) ON CONFLICT (id) DO NOTHING; -- Skip if the question already exists

-- Insert option 1 for question 2
INSERT INTO payload.quiz_questions_options (
  id,
  _order,
  _parent_id,
  text,
  is_correct,
  created_at,
  updated_at
) VALUES (
  gen_random_uuid(),
  0,
  '81e96916-d43a-48bd-9830-adb4dc203114',
  'To sell our product to a customer',
  false,
  NOW(),
  NOW()
) ON CONFLICT DO NOTHING; -- Skip if the option already exists

-- Insert option 2 for question 2
INSERT INTO payload.quiz_questions_options (
  id,
  _order,
  _parent_id,
  text,
  is_correct,
  created_at,
  updated_at
) VALUES (
  gen_random_uuid(),
  1,
  '81e96916-d43a-48bd-9830-adb4dc203114',
  'To answer a question in the mind of our audience',
  true,
  NOW(),
  NOW()
) ON CONFLICT DO NOTHING; -- Skip if the option already exists

-- Insert option 3 for question 2
INSERT INTO payload.quiz_questions_options (
  id,
  _order,
  _parent_id,
  text,
  is_correct,
  created_at,
  updated_at
) VALUES (
  gen_random_uuid(),
  2,
  '81e96916-d43a-48bd-9830-adb4dc203114',
  'To practice our PowerPoint skills',
  false,
  NOW(),
  NOW()
) ON CONFLICT DO NOTHING; -- Skip if the option already exists

-- Insert option 4 for question 2
INSERT INTO payload.quiz_questions_options (
  id,
  _order,
  _parent_id,
  text,
  is_correct,
  created_at,
  updated_at
) VALUES (
  gen_random_uuid(),
  3,
  '81e96916-d43a-48bd-9830-adb4dc203114',
  'To raise money for our start-up',
  false,
  NOW(),
  NOW()
) ON CONFLICT DO NOTHING; -- Skip if the option already exists

-- Insert option 5 for question 2
INSERT INTO payload.quiz_questions_options (
  id,
  _order,
  _parent_id,
  text,
  is_correct,
  created_at,
  updated_at
) VALUES (
  gen_random_uuid(),
  4,
  '81e96916-d43a-48bd-9830-adb4dc203114',
  'Becuase we have been asked to by our boss',
  false,
  NOW(),
  NOW()
) ON CONFLICT DO NOTHING; -- Skip if the option already exists

-- Create relationship entry for the question to the quiz
INSERT INTO payload.quiz_questions_rels (
  id,
  _parent_id,
  field,
  value,
  created_at,
  updated_at
) VALUES (
  gen_random_uuid(),
  '81e96916-d43a-48bd-9830-adb4dc203114',
  'quiz_id',
  'f06f8482-6ab6-4b77-8eca-0bef431cedfe',
  NOW(),
  NOW()
) ON CONFLICT DO NOTHING; -- Skip if the relationship already exists

-- Create bidirectional relationship entry for the quiz to the question
INSERT INTO payload.course_quizzes_rels (
  id,
  _parent_id,
  field,
  value,
  created_at,
  updated_at
) VALUES (
  gen_random_uuid(),
  'f06f8482-6ab6-4b77-8eca-0bef431cedfe',
  'questions',
  '81e96916-d43a-48bd-9830-adb4dc203114',
  NOW(),
  NOW()
) ON CONFLICT DO NOTHING; -- Skip if the relationship already exists

-- Insert question 3 for quiz: The Why (Introductions) Quiz
INSERT INTO payload.quiz_questions (
  id,
  question,
  quiz_id,
  quiz_id_id, -- Duplicate field for compatibility
  type,
  explanation,
  "order",
  created_at,
  updated_at
) VALUES (
  '2c43066e-8ba3-4e56-a593-ee7be3dd6731', -- Generated UUID for the question
  'What are they four parts to our introduction?',
  'f06f8482-6ab6-4b77-8eca-0bef431cedfe', -- Quiz ID
  'f06f8482-6ab6-4b77-8eca-0bef431cedfe', -- Quiz ID (duplicate)
  'multi-answer',
  '',
  2,
  NOW(),
  NOW()
) ON CONFLICT (id) DO NOTHING; -- Skip if the question already exists

-- Insert option 1 for question 3
INSERT INTO payload.quiz_questions_options (
  id,
  _order,
  _parent_id,
  text,
  is_correct,
  created_at,
  updated_at
) VALUES (
  gen_random_uuid(),
  0,
  '2c43066e-8ba3-4e56-a593-ee7be3dd6731',
  'Context',
  true,
  NOW(),
  NOW()
) ON CONFLICT DO NOTHING; -- Skip if the option already exists

-- Insert option 2 for question 3
INSERT INTO payload.quiz_questions_options (
  id,
  _order,
  _parent_id,
  text,
  is_correct,
  created_at,
  updated_at
) VALUES (
  gen_random_uuid(),
  1,
  '2c43066e-8ba3-4e56-a593-ee7be3dd6731',
  'Catalyst',
  true,
  NOW(),
  NOW()
) ON CONFLICT DO NOTHING; -- Skip if the option already exists

-- Insert option 3 for question 3
INSERT INTO payload.quiz_questions_options (
  id,
  _order,
  _parent_id,
  text,
  is_correct,
  created_at,
  updated_at
) VALUES (
  gen_random_uuid(),
  2,
  '2c43066e-8ba3-4e56-a593-ee7be3dd6731',
  'Beginning',
  false,
  NOW(),
  NOW()
) ON CONFLICT DO NOTHING; -- Skip if the option already exists

-- Insert option 4 for question 3
INSERT INTO payload.quiz_questions_options (
  id,
  _order,
  _parent_id,
  text,
  is_correct,
  created_at,
  updated_at
) VALUES (
  gen_random_uuid(),
  3,
  '2c43066e-8ba3-4e56-a593-ee7be3dd6731',
  'End',
  false,
  NOW(),
  NOW()
) ON CONFLICT DO NOTHING; -- Skip if the option already exists

-- Insert option 5 for question 3
INSERT INTO payload.quiz_questions_options (
  id,
  _order,
  _parent_id,
  text,
  is_correct,
  created_at,
  updated_at
) VALUES (
  gen_random_uuid(),
  4,
  '2c43066e-8ba3-4e56-a593-ee7be3dd6731',
  'Middle',
  false,
  NOW(),
  NOW()
) ON CONFLICT DO NOTHING; -- Skip if the option already exists

-- Insert option 6 for question 3
INSERT INTO payload.quiz_questions_options (
  id,
  _order,
  _parent_id,
  text,
  is_correct,
  created_at,
  updated_at
) VALUES (
  gen_random_uuid(),
  5,
  '2c43066e-8ba3-4e56-a593-ee7be3dd6731',
  'The Why',
  false,
  NOW(),
  NOW()
) ON CONFLICT DO NOTHING; -- Skip if the option already exists

-- Insert option 7 for question 3
INSERT INTO payload.quiz_questions_options (
  id,
  _order,
  _parent_id,
  text,
  is_correct,
  created_at,
  updated_at
) VALUES (
  gen_random_uuid(),
  6,
  '2c43066e-8ba3-4e56-a593-ee7be3dd6731',
  'Answer',
  true,
  NOW(),
  NOW()
) ON CONFLICT DO NOTHING; -- Skip if the option already exists

-- Insert option 8 for question 3
INSERT INTO payload.quiz_questions_options (
  id,
  _order,
  _parent_id,
  text,
  is_correct,
  created_at,
  updated_at
) VALUES (
  gen_random_uuid(),
  7,
  '2c43066e-8ba3-4e56-a593-ee7be3dd6731',
  'Question',
  true,
  NOW(),
  NOW()
) ON CONFLICT DO NOTHING; -- Skip if the option already exists

-- Create relationship entry for the question to the quiz
INSERT INTO payload.quiz_questions_rels (
  id,
  _parent_id,
  field,
  value,
  created_at,
  updated_at
) VALUES (
  gen_random_uuid(),
  '2c43066e-8ba3-4e56-a593-ee7be3dd6731',
  'quiz_id',
  'f06f8482-6ab6-4b77-8eca-0bef431cedfe',
  NOW(),
  NOW()
) ON CONFLICT DO NOTHING; -- Skip if the relationship already exists

-- Create bidirectional relationship entry for the quiz to the question
INSERT INTO payload.course_quizzes_rels (
  id,
  _parent_id,
  field,
  value,
  created_at,
  updated_at
) VALUES (
  gen_random_uuid(),
  'f06f8482-6ab6-4b77-8eca-0bef431cedfe',
  'questions',
  '2c43066e-8ba3-4e56-a593-ee7be3dd6731',
  NOW(),
  NOW()
) ON CONFLICT DO NOTHING; -- Skip if the relationship already exists

-- Insert question 4 for quiz: The Why (Introductions) Quiz
INSERT INTO payload.quiz_questions (
  id,
  question,
  quiz_id,
  quiz_id_id, -- Duplicate field for compatibility
  type,
  explanation,
  "order",
  created_at,
  updated_at
) VALUES (
  '430848dc-4a9a-4a45-acf9-decdf9224ad5', -- Generated UUID for the question
  'What is the Context part of the Introduction?',
  'f06f8482-6ab6-4b77-8eca-0bef431cedfe', -- Quiz ID
  'f06f8482-6ab6-4b77-8eca-0bef431cedfe', -- Quiz ID (duplicate)
  'single-answer',
  '',
  3,
  NOW(),
  NOW()
) ON CONFLICT (id) DO NOTHING; -- Skip if the question already exists

-- Insert option 1 for question 4
INSERT INTO payload.quiz_questions_options (
  id,
  _order,
  _parent_id,
  text,
  is_correct,
  created_at,
  updated_at
) VALUES (
  gen_random_uuid(),
  0,
  '430848dc-4a9a-4a45-acf9-decdf9224ad5',
  'The objective of the presentation',
  false,
  NOW(),
  NOW()
) ON CONFLICT DO NOTHING; -- Skip if the option already exists

-- Insert option 2 for question 4
INSERT INTO payload.quiz_questions_options (
  id,
  _order,
  _parent_id,
  text,
  is_correct,
  created_at,
  updated_at
) VALUES (
  gen_random_uuid(),
  1,
  '430848dc-4a9a-4a45-acf9-decdf9224ad5',
  'The background to the presentation that includes facts already known to your audience',
  true,
  NOW(),
  NOW()
) ON CONFLICT DO NOTHING; -- Skip if the option already exists

-- Insert option 3 for question 4
INSERT INTO payload.quiz_questions_options (
  id,
  _order,
  _parent_id,
  text,
  is_correct,
  created_at,
  updated_at
) VALUES (
  gen_random_uuid(),
  2,
  '430848dc-4a9a-4a45-acf9-decdf9224ad5',
  'The answer to the question',
  false,
  NOW(),
  NOW()
) ON CONFLICT DO NOTHING; -- Skip if the option already exists

-- Create relationship entry for the question to the quiz
INSERT INTO payload.quiz_questions_rels (
  id,
  _parent_id,
  field,
  value,
  created_at,
  updated_at
) VALUES (
  gen_random_uuid(),
  '430848dc-4a9a-4a45-acf9-decdf9224ad5',
  'quiz_id',
  'f06f8482-6ab6-4b77-8eca-0bef431cedfe',
  NOW(),
  NOW()
) ON CONFLICT DO NOTHING; -- Skip if the relationship already exists

-- Create bidirectional relationship entry for the quiz to the question
INSERT INTO payload.course_quizzes_rels (
  id,
  _parent_id,
  field,
  value,
  created_at,
  updated_at
) VALUES (
  gen_random_uuid(),
  'f06f8482-6ab6-4b77-8eca-0bef431cedfe',
  'questions',
  '430848dc-4a9a-4a45-acf9-decdf9224ad5',
  NOW(),
  NOW()
) ON CONFLICT DO NOTHING; -- Skip if the relationship already exists

-- Insert question 5 for quiz: The Why (Introductions) Quiz
INSERT INTO payload.quiz_questions (
  id,
  question,
  quiz_id,
  quiz_id_id, -- Duplicate field for compatibility
  type,
  explanation,
  "order",
  created_at,
  updated_at
) VALUES (
  '48419040-d6fe-4295-acfd-2de626ff5432', -- Generated UUID for the question
  'What is the Catalyst portion of the Introduction?',
  'f06f8482-6ab6-4b77-8eca-0bef431cedfe', -- Quiz ID
  'f06f8482-6ab6-4b77-8eca-0bef431cedfe', -- Quiz ID (duplicate)
  'multi-answer',
  '',
  4,
  NOW(),
  NOW()
) ON CONFLICT (id) DO NOTHING; -- Skip if the question already exists

-- Insert option 1 for question 5
INSERT INTO payload.quiz_questions_options (
  id,
  _order,
  _parent_id,
  text,
  is_correct,
  created_at,
  updated_at
) VALUES (
  gen_random_uuid(),
  0,
  '48419040-d6fe-4295-acfd-2de626ff5432',
  'An event or trigger, sometimes referred to as the complication',
  true,
  NOW(),
  NOW()
) ON CONFLICT DO NOTHING; -- Skip if the option already exists

-- Insert option 2 for question 5
INSERT INTO payload.quiz_questions_options (
  id,
  _order,
  _parent_id,
  text,
  is_correct,
  created_at,
  updated_at
) VALUES (
  gen_random_uuid(),
  1,
  '48419040-d6fe-4295-acfd-2de626ff5432',
  'The techniques that speed-up the development of a presentation',
  false,
  NOW(),
  NOW()
) ON CONFLICT DO NOTHING; -- Skip if the option already exists

-- Insert option 3 for question 5
INSERT INTO payload.quiz_questions_options (
  id,
  _order,
  _parent_id,
  text,
  is_correct,
  created_at,
  updated_at
) VALUES (
  gen_random_uuid(),
  2,
  '48419040-d6fe-4295-acfd-2de626ff5432',
  'A leading presentation development platform',
  false,
  NOW(),
  NOW()
) ON CONFLICT DO NOTHING; -- Skip if the option already exists

-- Insert option 4 for question 5
INSERT INTO payload.quiz_questions_options (
  id,
  _order,
  _parent_id,
  text,
  is_correct,
  created_at,
  updated_at
) VALUES (
  gen_random_uuid(),
  3,
  '48419040-d6fe-4295-acfd-2de626ff5432',
  'What happened or changed that created the need for you to write this presentation',
  true,
  NOW(),
  NOW()
) ON CONFLICT DO NOTHING; -- Skip if the option already exists

-- Create relationship entry for the question to the quiz
INSERT INTO payload.quiz_questions_rels (
  id,
  _parent_id,
  field,
  value,
  created_at,
  updated_at
) VALUES (
  gen_random_uuid(),
  '48419040-d6fe-4295-acfd-2de626ff5432',
  'quiz_id',
  'f06f8482-6ab6-4b77-8eca-0bef431cedfe',
  NOW(),
  NOW()
) ON CONFLICT DO NOTHING; -- Skip if the relationship already exists

-- Create bidirectional relationship entry for the quiz to the question
INSERT INTO payload.course_quizzes_rels (
  id,
  _parent_id,
  field,
  value,
  created_at,
  updated_at
) VALUES (
  gen_random_uuid(),
  'f06f8482-6ab6-4b77-8eca-0bef431cedfe',
  'questions',
  '48419040-d6fe-4295-acfd-2de626ff5432',
  NOW(),
  NOW()
) ON CONFLICT DO NOTHING; -- Skip if the relationship already exists

-- Insert question 6 for quiz: The Why (Introductions) Quiz
INSERT INTO payload.quiz_questions (
  id,
  question,
  quiz_id,
  quiz_id_id, -- Duplicate field for compatibility
  type,
  explanation,
  "order",
  created_at,
  updated_at
) VALUES (
  '5a123e41-d963-435d-a41a-6dd107ba4763', -- Generated UUID for the question
  'What is the Question portion of the Introduction?',
  'f06f8482-6ab6-4b77-8eca-0bef431cedfe', -- Quiz ID
  'f06f8482-6ab6-4b77-8eca-0bef431cedfe', -- Quiz ID (duplicate)
  'multi-answer',
  '',
  5,
  NOW(),
  NOW()
) ON CONFLICT (id) DO NOTHING; -- Skip if the question already exists

-- Insert option 1 for question 6
INSERT INTO payload.quiz_questions_options (
  id,
  _order,
  _parent_id,
  text,
  is_correct,
  created_at,
  updated_at
) VALUES (
  gen_random_uuid(),
  0,
  '5a123e41-d963-435d-a41a-6dd107ba4763',
  'What we are trying to plant in the mind of the audience with the context and catalyst portions of the Introduction',
  true,
  NOW(),
  NOW()
) ON CONFLICT DO NOTHING; -- Skip if the option already exists

-- Insert option 2 for question 6
INSERT INTO payload.quiz_questions_options (
  id,
  _order,
  _parent_id,
  text,
  is_correct,
  created_at,
  updated_at
) VALUES (
  gen_random_uuid(),
  1,
  '5a123e41-d963-435d-a41a-6dd107ba4763',
  'The natural question that arises in the mind of the audience',
  true,
  NOW(),
  NOW()
) ON CONFLICT DO NOTHING; -- Skip if the option already exists

-- Insert option 3 for question 6
INSERT INTO payload.quiz_questions_options (
  id,
  _order,
  _parent_id,
  text,
  is_correct,
  created_at,
  updated_at
) VALUES (
  gen_random_uuid(),
  2,
  '5a123e41-d963-435d-a41a-6dd107ba4763',
  'The ''topic'' of the presentation',
  true,
  NOW(),
  NOW()
) ON CONFLICT DO NOTHING; -- Skip if the option already exists

-- Create relationship entry for the question to the quiz
INSERT INTO payload.quiz_questions_rels (
  id,
  _parent_id,
  field,
  value,
  created_at,
  updated_at
) VALUES (
  gen_random_uuid(),
  '5a123e41-d963-435d-a41a-6dd107ba4763',
  'quiz_id',
  'f06f8482-6ab6-4b77-8eca-0bef431cedfe',
  NOW(),
  NOW()
) ON CONFLICT DO NOTHING; -- Skip if the relationship already exists

-- Create bidirectional relationship entry for the quiz to the question
INSERT INTO payload.course_quizzes_rels (
  id,
  _parent_id,
  field,
  value,
  created_at,
  updated_at
) VALUES (
  gen_random_uuid(),
  'f06f8482-6ab6-4b77-8eca-0bef431cedfe',
  'questions',
  '5a123e41-d963-435d-a41a-6dd107ba4763',
  NOW(),
  NOW()
) ON CONFLICT DO NOTHING; -- Skip if the relationship already exists

-- Questions for quiz: Our Process Quiz (our-process-quiz, ID: 7c47dfd0-aab9-4039-888e-af73209e7a11)
-- Insert question 1 for quiz: Our Process Quiz
INSERT INTO payload.quiz_questions (
  id,
  question,
  quiz_id,
  quiz_id_id, -- Duplicate field for compatibility
  type,
  explanation,
  "order",
  created_at,
  updated_at
) VALUES (
  'e937888c-5c00-4f38-bd3b-f8177f2958f6', -- Generated UUID for the question
  'Why is it important to follow a process to develop a presentation?',
  '7c47dfd0-aab9-4039-888e-af73209e7a11', -- Quiz ID
  '7c47dfd0-aab9-4039-888e-af73209e7a11', -- Quiz ID (duplicate)
  'single-answer',
  '',
  0,
  NOW(),
  NOW()
) ON CONFLICT (id) DO NOTHING; -- Skip if the question already exists

-- Insert option 1 for question 1
INSERT INTO payload.quiz_questions_options (
  id,
  _order,
  _parent_id,
  text,
  is_correct,
  created_at,
  updated_at
) VALUES (
  gen_random_uuid(),
  0,
  'e937888c-5c00-4f38-bd3b-f8177f2958f6',
  'If you are really good, you don''t need to follow a process!',
  false,
  NOW(),
  NOW()
) ON CONFLICT DO NOTHING; -- Skip if the option already exists

-- Insert option 2 for question 1
INSERT INTO payload.quiz_questions_options (
  id,
  _order,
  _parent_id,
  text,
  is_correct,
  created_at,
  updated_at
) VALUES (
  gen_random_uuid(),
  1,
  'e937888c-5c00-4f38-bd3b-f8177f2958f6',
  'Because creating presentations is all about left brain thinking',
  false,
  NOW(),
  NOW()
) ON CONFLICT DO NOTHING; -- Skip if the option already exists

-- Insert option 3 for question 1
INSERT INTO payload.quiz_questions_options (
  id,
  _order,
  _parent_id,
  text,
  is_correct,
  created_at,
  updated_at
) VALUES (
  gen_random_uuid(),
  2,
  'e937888c-5c00-4f38-bd3b-f8177f2958f6',
  'Because there is not such thing as creativity',
  false,
  NOW(),
  NOW()
) ON CONFLICT DO NOTHING; -- Skip if the option already exists

-- Insert option 4 for question 1
INSERT INTO payload.quiz_questions_options (
  id,
  _order,
  _parent_id,
  text,
  is_correct,
  created_at,
  updated_at
) VALUES (
  gen_random_uuid(),
  3,
  'e937888c-5c00-4f38-bd3b-f8177f2958f6',
  'Because it is very easy to focus on the wrong thing, and be led astray',
  true,
  NOW(),
  NOW()
) ON CONFLICT DO NOTHING; -- Skip if the option already exists

-- Create relationship entry for the question to the quiz
INSERT INTO payload.quiz_questions_rels (
  id,
  _parent_id,
  field,
  value,
  created_at,
  updated_at
) VALUES (
  gen_random_uuid(),
  'e937888c-5c00-4f38-bd3b-f8177f2958f6',
  'quiz_id',
  '7c47dfd0-aab9-4039-888e-af73209e7a11',
  NOW(),
  NOW()
) ON CONFLICT DO NOTHING; -- Skip if the relationship already exists

-- Create bidirectional relationship entry for the quiz to the question
INSERT INTO payload.course_quizzes_rels (
  id,
  _parent_id,
  field,
  value,
  created_at,
  updated_at
) VALUES (
  gen_random_uuid(),
  '7c47dfd0-aab9-4039-888e-af73209e7a11',
  'questions',
  'e937888c-5c00-4f38-bd3b-f8177f2958f6',
  NOW(),
  NOW()
) ON CONFLICT DO NOTHING; -- Skip if the relationship already exists

-- Insert question 2 for quiz: Our Process Quiz
INSERT INTO payload.quiz_questions (
  id,
  question,
  quiz_id,
  quiz_id_id, -- Duplicate field for compatibility
  type,
  explanation,
  "order",
  created_at,
  updated_at
) VALUES (
  'f12ce635-30be-44ba-b60b-f83808a64241', -- Generated UUID for the question
  'What is the 1st step of our process?',
  '7c47dfd0-aab9-4039-888e-af73209e7a11', -- Quiz ID
  '7c47dfd0-aab9-4039-888e-af73209e7a11', -- Quiz ID (duplicate)
  'single-answer',
  '',
  1,
  NOW(),
  NOW()
) ON CONFLICT (id) DO NOTHING; -- Skip if the question already exists

-- Insert option 1 for question 2
INSERT INTO payload.quiz_questions_options (
  id,
  _order,
  _parent_id,
  text,
  is_correct,
  created_at,
  updated_at
) VALUES (
  gen_random_uuid(),
  0,
  'f12ce635-30be-44ba-b60b-f83808a64241',
  'Who is our audience?',
  true,
  NOW(),
  NOW()
) ON CONFLICT DO NOTHING; -- Skip if the option already exists

-- Insert option 2 for question 2
INSERT INTO payload.quiz_questions_options (
  id,
  _order,
  _parent_id,
  text,
  is_correct,
  created_at,
  updated_at
) VALUES (
  gen_random_uuid(),
  1,
  'f12ce635-30be-44ba-b60b-f83808a64241',
  'Why are we speaking to our audience (identify their question)?',
  false,
  NOW(),
  NOW()
) ON CONFLICT DO NOTHING; -- Skip if the option already exists

-- Insert option 3 for question 2
INSERT INTO payload.quiz_questions_options (
  id,
  _order,
  _parent_id,
  text,
  is_correct,
  created_at,
  updated_at
) VALUES (
  gen_random_uuid(),
  2,
  'f12ce635-30be-44ba-b60b-f83808a64241',
  'What is our answer?',
  false,
  NOW(),
  NOW()
) ON CONFLICT DO NOTHING; -- Skip if the option already exists

-- Insert option 4 for question 2
INSERT INTO payload.quiz_questions_options (
  id,
  _order,
  _parent_id,
  text,
  is_correct,
  created_at,
  updated_at
) VALUES (
  gen_random_uuid(),
  3,
  'f12ce635-30be-44ba-b60b-f83808a64241',
  'How will we deliver this presentation?',
  false,
  NOW(),
  NOW()
) ON CONFLICT DO NOTHING; -- Skip if the option already exists

-- Create relationship entry for the question to the quiz
INSERT INTO payload.quiz_questions_rels (
  id,
  _parent_id,
  field,
  value,
  created_at,
  updated_at
) VALUES (
  gen_random_uuid(),
  'f12ce635-30be-44ba-b60b-f83808a64241',
  'quiz_id',
  '7c47dfd0-aab9-4039-888e-af73209e7a11',
  NOW(),
  NOW()
) ON CONFLICT DO NOTHING; -- Skip if the relationship already exists

-- Create bidirectional relationship entry for the quiz to the question
INSERT INTO payload.course_quizzes_rels (
  id,
  _parent_id,
  field,
  value,
  created_at,
  updated_at
) VALUES (
  gen_random_uuid(),
  '7c47dfd0-aab9-4039-888e-af73209e7a11',
  'questions',
  'f12ce635-30be-44ba-b60b-f83808a64241',
  NOW(),
  NOW()
) ON CONFLICT DO NOTHING; -- Skip if the relationship already exists

-- Insert question 3 for quiz: Our Process Quiz
INSERT INTO payload.quiz_questions (
  id,
  question,
  quiz_id,
  quiz_id_id, -- Duplicate field for compatibility
  type,
  explanation,
  "order",
  created_at,
  updated_at
) VALUES (
  '6e1c58d6-fa2a-4abd-a87d-637dcc5937ba', -- Generated UUID for the question
  'What is the 2nd step of our process?',
  '7c47dfd0-aab9-4039-888e-af73209e7a11', -- Quiz ID
  '7c47dfd0-aab9-4039-888e-af73209e7a11', -- Quiz ID (duplicate)
  'single-answer',
  '',
  2,
  NOW(),
  NOW()
) ON CONFLICT (id) DO NOTHING; -- Skip if the question already exists

-- Insert option 1 for question 3
INSERT INTO payload.quiz_questions_options (
  id,
  _order,
  _parent_id,
  text,
  is_correct,
  created_at,
  updated_at
) VALUES (
  gen_random_uuid(),
  0,
  '6e1c58d6-fa2a-4abd-a87d-637dcc5937ba',
  'Who is our audience?',
  false,
  NOW(),
  NOW()
) ON CONFLICT DO NOTHING; -- Skip if the option already exists

-- Insert option 2 for question 3
INSERT INTO payload.quiz_questions_options (
  id,
  _order,
  _parent_id,
  text,
  is_correct,
  created_at,
  updated_at
) VALUES (
  gen_random_uuid(),
  1,
  '6e1c58d6-fa2a-4abd-a87d-637dcc5937ba',
  'Why are we speaking to our audience (identify their question)?',
  true,
  NOW(),
  NOW()
) ON CONFLICT DO NOTHING; -- Skip if the option already exists

-- Insert option 3 for question 3
INSERT INTO payload.quiz_questions_options (
  id,
  _order,
  _parent_id,
  text,
  is_correct,
  created_at,
  updated_at
) VALUES (
  gen_random_uuid(),
  2,
  '6e1c58d6-fa2a-4abd-a87d-637dcc5937ba',
  'What is our answer?',
  false,
  NOW(),
  NOW()
) ON CONFLICT DO NOTHING; -- Skip if the option already exists

-- Insert option 4 for question 3
INSERT INTO payload.quiz_questions_options (
  id,
  _order,
  _parent_id,
  text,
  is_correct,
  created_at,
  updated_at
) VALUES (
  gen_random_uuid(),
  3,
  '6e1c58d6-fa2a-4abd-a87d-637dcc5937ba',
  'How will we deliver this presentation?',
  false,
  NOW(),
  NOW()
) ON CONFLICT DO NOTHING; -- Skip if the option already exists

-- Create relationship entry for the question to the quiz
INSERT INTO payload.quiz_questions_rels (
  id,
  _parent_id,
  field,
  value,
  created_at,
  updated_at
) VALUES (
  gen_random_uuid(),
  '6e1c58d6-fa2a-4abd-a87d-637dcc5937ba',
  'quiz_id',
  '7c47dfd0-aab9-4039-888e-af73209e7a11',
  NOW(),
  NOW()
) ON CONFLICT DO NOTHING; -- Skip if the relationship already exists

-- Create bidirectional relationship entry for the quiz to the question
INSERT INTO payload.course_quizzes_rels (
  id,
  _parent_id,
  field,
  value,
  created_at,
  updated_at
) VALUES (
  gen_random_uuid(),
  '7c47dfd0-aab9-4039-888e-af73209e7a11',
  'questions',
  '6e1c58d6-fa2a-4abd-a87d-637dcc5937ba',
  NOW(),
  NOW()
) ON CONFLICT DO NOTHING; -- Skip if the relationship already exists

-- Insert question 4 for quiz: Our Process Quiz
INSERT INTO payload.quiz_questions (
  id,
  question,
  quiz_id,
  quiz_id_id, -- Duplicate field for compatibility
  type,
  explanation,
  "order",
  created_at,
  updated_at
) VALUES (
  '262b193c-b494-4aaa-868a-1b52cdd98c34', -- Generated UUID for the question
  'What is the 3rd step of our process?',
  '7c47dfd0-aab9-4039-888e-af73209e7a11', -- Quiz ID
  '7c47dfd0-aab9-4039-888e-af73209e7a11', -- Quiz ID (duplicate)
  'single-answer',
  '',
  3,
  NOW(),
  NOW()
) ON CONFLICT (id) DO NOTHING; -- Skip if the question already exists

-- Insert option 1 for question 4
INSERT INTO payload.quiz_questions_options (
  id,
  _order,
  _parent_id,
  text,
  is_correct,
  created_at,
  updated_at
) VALUES (
  gen_random_uuid(),
  0,
  '262b193c-b494-4aaa-868a-1b52cdd98c34',
  'Who is our audience?',
  false,
  NOW(),
  NOW()
) ON CONFLICT DO NOTHING; -- Skip if the option already exists

-- Insert option 2 for question 4
INSERT INTO payload.quiz_questions_options (
  id,
  _order,
  _parent_id,
  text,
  is_correct,
  created_at,
  updated_at
) VALUES (
  gen_random_uuid(),
  1,
  '262b193c-b494-4aaa-868a-1b52cdd98c34',
  'Why are we speaking to our audience (identify their question)?',
  false,
  NOW(),
  NOW()
) ON CONFLICT DO NOTHING; -- Skip if the option already exists

-- Insert option 3 for question 4
INSERT INTO payload.quiz_questions_options (
  id,
  _order,
  _parent_id,
  text,
  is_correct,
  created_at,
  updated_at
) VALUES (
  gen_random_uuid(),
  2,
  '262b193c-b494-4aaa-868a-1b52cdd98c34',
  'What is our answer?',
  true,
  NOW(),
  NOW()
) ON CONFLICT DO NOTHING; -- Skip if the option already exists

-- Insert option 4 for question 4
INSERT INTO payload.quiz_questions_options (
  id,
  _order,
  _parent_id,
  text,
  is_correct,
  created_at,
  updated_at
) VALUES (
  gen_random_uuid(),
  3,
  '262b193c-b494-4aaa-868a-1b52cdd98c34',
  'How will we deliver this presentation?',
  false,
  NOW(),
  NOW()
) ON CONFLICT DO NOTHING; -- Skip if the option already exists

-- Create relationship entry for the question to the quiz
INSERT INTO payload.quiz_questions_rels (
  id,
  _parent_id,
  field,
  value,
  created_at,
  updated_at
) VALUES (
  gen_random_uuid(),
  '262b193c-b494-4aaa-868a-1b52cdd98c34',
  'quiz_id',
  '7c47dfd0-aab9-4039-888e-af73209e7a11',
  NOW(),
  NOW()
) ON CONFLICT DO NOTHING; -- Skip if the relationship already exists

-- Create bidirectional relationship entry for the quiz to the question
INSERT INTO payload.course_quizzes_rels (
  id,
  _parent_id,
  field,
  value,
  created_at,
  updated_at
) VALUES (
  gen_random_uuid(),
  '7c47dfd0-aab9-4039-888e-af73209e7a11',
  'questions',
  '262b193c-b494-4aaa-868a-1b52cdd98c34',
  NOW(),
  NOW()
) ON CONFLICT DO NOTHING; -- Skip if the relationship already exists

-- Insert question 5 for quiz: Our Process Quiz
INSERT INTO payload.quiz_questions (
  id,
  question,
  quiz_id,
  quiz_id_id, -- Duplicate field for compatibility
  type,
  explanation,
  "order",
  created_at,
  updated_at
) VALUES (
  '3d65df89-ba7b-4039-816b-f6a86ed6fb4a', -- Generated UUID for the question
  'What is the 4th step of our process?',
  '7c47dfd0-aab9-4039-888e-af73209e7a11', -- Quiz ID
  '7c47dfd0-aab9-4039-888e-af73209e7a11', -- Quiz ID (duplicate)
  'single-answer',
  '',
  4,
  NOW(),
  NOW()
) ON CONFLICT (id) DO NOTHING; -- Skip if the question already exists

-- Insert option 1 for question 5
INSERT INTO payload.quiz_questions_options (
  id,
  _order,
  _parent_id,
  text,
  is_correct,
  created_at,
  updated_at
) VALUES (
  gen_random_uuid(),
  0,
  '3d65df89-ba7b-4039-816b-f6a86ed6fb4a',
  'Who is our audience?',
  false,
  NOW(),
  NOW()
) ON CONFLICT DO NOTHING; -- Skip if the option already exists

-- Insert option 2 for question 5
INSERT INTO payload.quiz_questions_options (
  id,
  _order,
  _parent_id,
  text,
  is_correct,
  created_at,
  updated_at
) VALUES (
  gen_random_uuid(),
  1,
  '3d65df89-ba7b-4039-816b-f6a86ed6fb4a',
  'Why are we speaking to our audience (identify their question)?',
  false,
  NOW(),
  NOW()
) ON CONFLICT DO NOTHING; -- Skip if the option already exists

-- Insert option 3 for question 5
INSERT INTO payload.quiz_questions_options (
  id,
  _order,
  _parent_id,
  text,
  is_correct,
  created_at,
  updated_at
) VALUES (
  gen_random_uuid(),
  2,
  '3d65df89-ba7b-4039-816b-f6a86ed6fb4a',
  'What is our answer?',
  false,
  NOW(),
  NOW()
) ON CONFLICT DO NOTHING; -- Skip if the option already exists

-- Insert option 4 for question 5
INSERT INTO payload.quiz_questions_options (
  id,
  _order,
  _parent_id,
  text,
  is_correct,
  created_at,
  updated_at
) VALUES (
  gen_random_uuid(),
  3,
  '3d65df89-ba7b-4039-816b-f6a86ed6fb4a',
  'How will we deliver this presentation?',
  true,
  NOW(),
  NOW()
) ON CONFLICT DO NOTHING; -- Skip if the option already exists

-- Create relationship entry for the question to the quiz
INSERT INTO payload.quiz_questions_rels (
  id,
  _parent_id,
  field,
  value,
  created_at,
  updated_at
) VALUES (
  gen_random_uuid(),
  '3d65df89-ba7b-4039-816b-f6a86ed6fb4a',
  'quiz_id',
  '7c47dfd0-aab9-4039-888e-af73209e7a11',
  NOW(),
  NOW()
) ON CONFLICT DO NOTHING; -- Skip if the relationship already exists

-- Create bidirectional relationship entry for the quiz to the question
INSERT INTO payload.course_quizzes_rels (
  id,
  _parent_id,
  field,
  value,
  created_at,
  updated_at
) VALUES (
  gen_random_uuid(),
  '7c47dfd0-aab9-4039-888e-af73209e7a11',
  'questions',
  '3d65df89-ba7b-4039-816b-f6a86ed6fb4a',
  NOW(),
  NOW()
) ON CONFLICT DO NOTHING; -- Skip if the relationship already exists

-- Insert question 6 for quiz: Our Process Quiz
INSERT INTO payload.quiz_questions (
  id,
  question,
  quiz_id,
  quiz_id_id, -- Duplicate field for compatibility
  type,
  explanation,
  "order",
  created_at,
  updated_at
) VALUES (
  '2f7a2198-6da3-41f9-a394-c002c9218834', -- Generated UUID for the question
  'Our first step is ''The Who''. What do we mean by this?',
  '7c47dfd0-aab9-4039-888e-af73209e7a11', -- Quiz ID
  '7c47dfd0-aab9-4039-888e-af73209e7a11', -- Quiz ID (duplicate)
  'single-answer',
  '',
  5,
  NOW(),
  NOW()
) ON CONFLICT (id) DO NOTHING; -- Skip if the question already exists

-- Insert option 1 for question 6
INSERT INTO payload.quiz_questions_options (
  id,
  _order,
  _parent_id,
  text,
  is_correct,
  created_at,
  updated_at
) VALUES (
  gen_random_uuid(),
  0,
  '2f7a2198-6da3-41f9-a394-c002c9218834',
  'Determine who your audience truly is. Who are you speaking to?',
  true,
  NOW(),
  NOW()
) ON CONFLICT DO NOTHING; -- Skip if the option already exists

-- Insert option 2 for question 6
INSERT INTO payload.quiz_questions_options (
  id,
  _order,
  _parent_id,
  text,
  is_correct,
  created_at,
  updated_at
) VALUES (
  gen_random_uuid(),
  1,
  '2f7a2198-6da3-41f9-a394-c002c9218834',
  'The Who is a famous English rock band',
  false,
  NOW(),
  NOW()
) ON CONFLICT DO NOTHING; -- Skip if the option already exists

-- Insert option 3 for question 6
INSERT INTO payload.quiz_questions_options (
  id,
  _order,
  _parent_id,
  text,
  is_correct,
  created_at,
  updated_at
) VALUES (
  gen_random_uuid(),
  2,
  '2f7a2198-6da3-41f9-a394-c002c9218834',
  'Determining our answer to a key question',
  false,
  NOW(),
  NOW()
) ON CONFLICT DO NOTHING; -- Skip if the option already exists

-- Create relationship entry for the question to the quiz
INSERT INTO payload.quiz_questions_rels (
  id,
  _parent_id,
  field,
  value,
  created_at,
  updated_at
) VALUES (
  gen_random_uuid(),
  '2f7a2198-6da3-41f9-a394-c002c9218834',
  'quiz_id',
  '7c47dfd0-aab9-4039-888e-af73209e7a11',
  NOW(),
  NOW()
) ON CONFLICT DO NOTHING; -- Skip if the relationship already exists

-- Create bidirectional relationship entry for the quiz to the question
INSERT INTO payload.course_quizzes_rels (
  id,
  _parent_id,
  field,
  value,
  created_at,
  updated_at
) VALUES (
  gen_random_uuid(),
  '7c47dfd0-aab9-4039-888e-af73209e7a11',
  'questions',
  '2f7a2198-6da3-41f9-a394-c002c9218834',
  NOW(),
  NOW()
) ON CONFLICT DO NOTHING; -- Skip if the relationship already exists

-- Insert question 7 for quiz: Our Process Quiz
INSERT INTO payload.quiz_questions (
  id,
  question,
  quiz_id,
  quiz_id_id, -- Duplicate field for compatibility
  type,
  explanation,
  "order",
  created_at,
  updated_at
) VALUES (
  '544f2d62-5cf3-403b-aba0-e972bf5230e0', -- Generated UUID for the question
  'The second step in our process is ''The Why''. What do we mean by this?',
  '7c47dfd0-aab9-4039-888e-af73209e7a11', -- Quiz ID
  '7c47dfd0-aab9-4039-888e-af73209e7a11', -- Quiz ID (duplicate)
  'single-answer',
  '',
  6,
  NOW(),
  NOW()
) ON CONFLICT (id) DO NOTHING; -- Skip if the question already exists

-- Insert option 1 for question 7
INSERT INTO payload.quiz_questions_options (
  id,
  _order,
  _parent_id,
  text,
  is_correct,
  created_at,
  updated_at
) VALUES (
  gen_random_uuid(),
  0,
  '544f2d62-5cf3-403b-aba0-e972bf5230e0',
  'Determine the question inside the mind of our audience and what we want the audience to do a the end',
  true,
  NOW(),
  NOW()
) ON CONFLICT DO NOTHING; -- Skip if the option already exists

-- Insert option 2 for question 7
INSERT INTO payload.quiz_questions_options (
  id,
  _order,
  _parent_id,
  text,
  is_correct,
  created_at,
  updated_at
) VALUES (
  gen_random_uuid(),
  1,
  '544f2d62-5cf3-403b-aba0-e972bf5230e0',
  'Determine our personal objective from creating the presentation',
  false,
  NOW(),
  NOW()
) ON CONFLICT DO NOTHING; -- Skip if the option already exists

-- Insert option 3 for question 7
INSERT INTO payload.quiz_questions_options (
  id,
  _order,
  _parent_id,
  text,
  is_correct,
  created_at,
  updated_at
) VALUES (
  gen_random_uuid(),
  2,
  '544f2d62-5cf3-403b-aba0-e972bf5230e0',
  'A process of deep existential soul searching to ensure you are a confident speaker',
  false,
  NOW(),
  NOW()
) ON CONFLICT DO NOTHING; -- Skip if the option already exists

-- Create relationship entry for the question to the quiz
INSERT INTO payload.quiz_questions_rels (
  id,
  _parent_id,
  field,
  value,
  created_at,
  updated_at
) VALUES (
  gen_random_uuid(),
  '544f2d62-5cf3-403b-aba0-e972bf5230e0',
  'quiz_id',
  '7c47dfd0-aab9-4039-888e-af73209e7a11',
  NOW(),
  NOW()
) ON CONFLICT DO NOTHING; -- Skip if the relationship already exists

-- Create bidirectional relationship entry for the quiz to the question
INSERT INTO payload.course_quizzes_rels (
  id,
  _parent_id,
  field,
  value,
  created_at,
  updated_at
) VALUES (
  gen_random_uuid(),
  '7c47dfd0-aab9-4039-888e-af73209e7a11',
  'questions',
  '544f2d62-5cf3-403b-aba0-e972bf5230e0',
  NOW(),
  NOW()
) ON CONFLICT DO NOTHING; -- Skip if the relationship already exists

-- Insert question 8 for quiz: Our Process Quiz
INSERT INTO payload.quiz_questions (
  id,
  question,
  quiz_id,
  quiz_id_id, -- Duplicate field for compatibility
  type,
  explanation,
  "order",
  created_at,
  updated_at
) VALUES (
  'eba73326-9b97-4afb-a1c8-5ab78b4aa422', -- Generated UUID for the question
  'The third step in our process is ''The What''. What does ''The What'' focus on?',
  '7c47dfd0-aab9-4039-888e-af73209e7a11', -- Quiz ID
  '7c47dfd0-aab9-4039-888e-af73209e7a11', -- Quiz ID (duplicate)
  'single-answer',
  '',
  7,
  NOW(),
  NOW()
) ON CONFLICT (id) DO NOTHING; -- Skip if the question already exists

-- Insert option 1 for question 8
INSERT INTO payload.quiz_questions_options (
  id,
  _order,
  _parent_id,
  text,
  is_correct,
  created_at,
  updated_at
) VALUES (
  gen_random_uuid(),
  0,
  'eba73326-9b97-4afb-a1c8-5ab78b4aa422',
  'Themes from Biggie Smalls'' debut album ''Ready to Die'' which featured ''The What'' on track 9',
  false,
  NOW(),
  NOW()
) ON CONFLICT DO NOTHING; -- Skip if the option already exists

-- Insert option 2 for question 8
INSERT INTO payload.quiz_questions_options (
  id,
  _order,
  _parent_id,
  text,
  is_correct,
  created_at,
  updated_at
) VALUES (
  gen_random_uuid(),
  1,
  'eba73326-9b97-4afb-a1c8-5ab78b4aa422',
  'Determining what types of slides we need to create',
  false,
  NOW(),
  NOW()
) ON CONFLICT DO NOTHING; -- Skip if the option already exists

-- Insert option 3 for question 8
INSERT INTO payload.quiz_questions_options (
  id,
  _order,
  _parent_id,
  text,
  is_correct,
  created_at,
  updated_at
) VALUES (
  gen_random_uuid(),
  2,
  'eba73326-9b97-4afb-a1c8-5ab78b4aa422',
  'Determining what it is we want our Audience to do as a result of the presentation',
  false,
  NOW(),
  NOW()
) ON CONFLICT DO NOTHING; -- Skip if the option already exists

-- Insert option 4 for question 8
INSERT INTO payload.quiz_questions_options (
  id,
  _order,
  _parent_id,
  text,
  is_correct,
  created_at,
  updated_at
) VALUES (
  gen_random_uuid(),
  3,
  'eba73326-9b97-4afb-a1c8-5ab78b4aa422',
  'Determining the answer to the question that has been planted in the mind of the audience',
  true,
  NOW(),
  NOW()
) ON CONFLICT DO NOTHING; -- Skip if the option already exists

-- Create relationship entry for the question to the quiz
INSERT INTO payload.quiz_questions_rels (
  id,
  _parent_id,
  field,
  value,
  created_at,
  updated_at
) VALUES (
  gen_random_uuid(),
  'eba73326-9b97-4afb-a1c8-5ab78b4aa422',
  'quiz_id',
  '7c47dfd0-aab9-4039-888e-af73209e7a11',
  NOW(),
  NOW()
) ON CONFLICT DO NOTHING; -- Skip if the relationship already exists

-- Create bidirectional relationship entry for the quiz to the question
INSERT INTO payload.course_quizzes_rels (
  id,
  _parent_id,
  field,
  value,
  created_at,
  updated_at
) VALUES (
  gen_random_uuid(),
  '7c47dfd0-aab9-4039-888e-af73209e7a11',
  'questions',
  'eba73326-9b97-4afb-a1c8-5ab78b4aa422',
  NOW(),
  NOW()
) ON CONFLICT DO NOTHING; -- Skip if the relationship already exists

-- Insert question 9 for quiz: Our Process Quiz
INSERT INTO payload.quiz_questions (
  id,
  question,
  quiz_id,
  quiz_id_id, -- Duplicate field for compatibility
  type,
  explanation,
  "order",
  created_at,
  updated_at
) VALUES (
  'fef27c73-e8f1-4285-817b-ec73b7135ad1', -- Generated UUID for the question
  'The final step in our process is ''The How''. What is the focus of ''The How''?',
  '7c47dfd0-aab9-4039-888e-af73209e7a11', -- Quiz ID
  '7c47dfd0-aab9-4039-888e-af73209e7a11', -- Quiz ID (duplicate)
  'single-answer',
  '',
  8,
  NOW(),
  NOW()
) ON CONFLICT (id) DO NOTHING; -- Skip if the question already exists

-- Insert option 1 for question 9
INSERT INTO payload.quiz_questions_options (
  id,
  _order,
  _parent_id,
  text,
  is_correct,
  created_at,
  updated_at
) VALUES (
  gen_random_uuid(),
  0,
  'fef27c73-e8f1-4285-817b-ec73b7135ad1',
  'How to create beautiful slides',
  false,
  NOW(),
  NOW()
) ON CONFLICT DO NOTHING; -- Skip if the option already exists

-- Insert option 2 for question 9
INSERT INTO payload.quiz_questions_options (
  id,
  _order,
  _parent_id,
  text,
  is_correct,
  created_at,
  updated_at
) VALUES (
  gen_random_uuid(),
  1,
  'fef27c73-e8f1-4285-817b-ec73b7135ad1',
  'How to answer our audience''s question',
  false,
  NOW(),
  NOW()
) ON CONFLICT DO NOTHING; -- Skip if the option already exists

-- Insert option 3 for question 9
INSERT INTO payload.quiz_questions_options (
  id,
  _order,
  _parent_id,
  text,
  is_correct,
  created_at,
  updated_at
) VALUES (
  gen_random_uuid(),
  2,
  'fef27c73-e8f1-4285-817b-ec73b7135ad1',
  'This is how we do it!',
  false,
  NOW(),
  NOW()
) ON CONFLICT DO NOTHING; -- Skip if the option already exists

-- Insert option 4 for question 9
INSERT INTO payload.quiz_questions_options (
  id,
  _order,
  _parent_id,
  text,
  is_correct,
  created_at,
  updated_at
) VALUES (
  gen_random_uuid(),
  3,
  'fef27c73-e8f1-4285-817b-ec73b7135ad1',
  'How we will deliver the presentation',
  true,
  NOW(),
  NOW()
) ON CONFLICT DO NOTHING; -- Skip if the option already exists

-- Create relationship entry for the question to the quiz
INSERT INTO payload.quiz_questions_rels (
  id,
  _parent_id,
  field,
  value,
  created_at,
  updated_at
) VALUES (
  gen_random_uuid(),
  'fef27c73-e8f1-4285-817b-ec73b7135ad1',
  'quiz_id',
  '7c47dfd0-aab9-4039-888e-af73209e7a11',
  NOW(),
  NOW()
) ON CONFLICT DO NOTHING; -- Skip if the relationship already exists

-- Create bidirectional relationship entry for the quiz to the question
INSERT INTO payload.course_quizzes_rels (
  id,
  _parent_id,
  field,
  value,
  created_at,
  updated_at
) VALUES (
  gen_random_uuid(),
  '7c47dfd0-aab9-4039-888e-af73209e7a11',
  'questions',
  'fef27c73-e8f1-4285-817b-ec73b7135ad1',
  NOW(),
  NOW()
) ON CONFLICT DO NOTHING; -- Skip if the relationship already exists

-- Questions for quiz: Overview of the Fundamental Elements of Design Quiz (overview-elements-of-design-quiz, ID: b10024dc-a620-46c8-bb52-b6a4d6b0cbec)
-- Insert question 1 for quiz: Overview of the Fundamental Elements of Design Quiz
INSERT INTO payload.quiz_questions (
  id,
  question,
  quiz_id,
  quiz_id_id, -- Duplicate field for compatibility
  type,
  explanation,
  "order",
  created_at,
  updated_at
) VALUES (
  '1044fc96-82b5-4fab-8796-6836bd26d926', -- Generated UUID for the question
  'What are some of the fundamental elements and principles of design?',
  'b10024dc-a620-46c8-bb52-b6a4d6b0cbec', -- Quiz ID
  'b10024dc-a620-46c8-bb52-b6a4d6b0cbec', -- Quiz ID (duplicate)
  'multi-answer',
  '',
  0,
  NOW(),
  NOW()
) ON CONFLICT (id) DO NOTHING; -- Skip if the question already exists

-- Insert option 1 for question 1
INSERT INTO payload.quiz_questions_options (
  id,
  _order,
  _parent_id,
  text,
  is_correct,
  created_at,
  updated_at
) VALUES (
  gen_random_uuid(),
  0,
  '1044fc96-82b5-4fab-8796-6836bd26d926',
  'Shape & Form',
  true,
  NOW(),
  NOW()
) ON CONFLICT DO NOTHING; -- Skip if the option already exists

-- Insert option 2 for question 1
INSERT INTO payload.quiz_questions_options (
  id,
  _order,
  _parent_id,
  text,
  is_correct,
  created_at,
  updated_at
) VALUES (
  gen_random_uuid(),
  1,
  '1044fc96-82b5-4fab-8796-6836bd26d926',
  'Rick Astley',
  false,
  NOW(),
  NOW()
) ON CONFLICT DO NOTHING; -- Skip if the option already exists

-- Insert option 3 for question 1
INSERT INTO payload.quiz_questions_options (
  id,
  _order,
  _parent_id,
  text,
  is_correct,
  created_at,
  updated_at
) VALUES (
  gen_random_uuid(),
  2,
  '1044fc96-82b5-4fab-8796-6836bd26d926',
  'Color',
  true,
  NOW(),
  NOW()
) ON CONFLICT DO NOTHING; -- Skip if the option already exists

-- Insert option 4 for question 1
INSERT INTO payload.quiz_questions_options (
  id,
  _order,
  _parent_id,
  text,
  is_correct,
  created_at,
  updated_at
) VALUES (
  gen_random_uuid(),
  3,
  '1044fc96-82b5-4fab-8796-6836bd26d926',
  'Composition',
  true,
  NOW(),
  NOW()
) ON CONFLICT DO NOTHING; -- Skip if the option already exists

-- Insert option 5 for question 1
INSERT INTO payload.quiz_questions_options (
  id,
  _order,
  _parent_id,
  text,
  is_correct,
  created_at,
  updated_at
) VALUES (
  gen_random_uuid(),
  4,
  '1044fc96-82b5-4fab-8796-6836bd26d926',
  'Contrast',
  true,
  NOW(),
  NOW()
) ON CONFLICT DO NOTHING; -- Skip if the option already exists

-- Insert option 6 for question 1
INSERT INTO payload.quiz_questions_options (
  id,
  _order,
  _parent_id,
  text,
  is_correct,
  created_at,
  updated_at
) VALUES (
  gen_random_uuid(),
  5,
  '1044fc96-82b5-4fab-8796-6836bd26d926',
  'Line',
  true,
  NOW(),
  NOW()
) ON CONFLICT DO NOTHING; -- Skip if the option already exists

-- Insert option 7 for question 1
INSERT INTO payload.quiz_questions_options (
  id,
  _order,
  _parent_id,
  text,
  is_correct,
  created_at,
  updated_at
) VALUES (
  gen_random_uuid(),
  6,
  '1044fc96-82b5-4fab-8796-6836bd26d926',
  'Point',
  true,
  NOW(),
  NOW()
) ON CONFLICT DO NOTHING; -- Skip if the option already exists

-- Insert option 8 for question 1
INSERT INTO payload.quiz_questions_options (
  id,
  _order,
  _parent_id,
  text,
  is_correct,
  created_at,
  updated_at
) VALUES (
  gen_random_uuid(),
  7,
  '1044fc96-82b5-4fab-8796-6836bd26d926',
  'Negative Space',
  true,
  NOW(),
  NOW()
) ON CONFLICT DO NOTHING; -- Skip if the option already exists

-- Create relationship entry for the question to the quiz
INSERT INTO payload.quiz_questions_rels (
  id,
  _parent_id,
  field,
  value,
  created_at,
  updated_at
) VALUES (
  gen_random_uuid(),
  '1044fc96-82b5-4fab-8796-6836bd26d926',
  'quiz_id',
  'b10024dc-a620-46c8-bb52-b6a4d6b0cbec',
  NOW(),
  NOW()
) ON CONFLICT DO NOTHING; -- Skip if the relationship already exists

-- Create bidirectional relationship entry for the quiz to the question
INSERT INTO payload.course_quizzes_rels (
  id,
  _parent_id,
  field,
  value,
  created_at,
  updated_at
) VALUES (
  gen_random_uuid(),
  'b10024dc-a620-46c8-bb52-b6a4d6b0cbec',
  'questions',
  '1044fc96-82b5-4fab-8796-6836bd26d926',
  NOW(),
  NOW()
) ON CONFLICT DO NOTHING; -- Skip if the relationship already exists

-- Questions for quiz: Performance Quiz (performance-quiz, ID: 33894291-7980-4f86-b22c-2653be1777a0)
-- Insert question 1 for quiz: Performance Quiz
INSERT INTO payload.quiz_questions (
  id,
  question,
  quiz_id,
  quiz_id_id, -- Duplicate field for compatibility
  type,
  explanation,
  "order",
  created_at,
  updated_at
) VALUES (
  'd07bcf9b-d2bb-4b7e-9904-560e05d76d83', -- Generated UUID for the question
  'What can we do to try and set the right tone?',
  '33894291-7980-4f86-b22c-2653be1777a0', -- Quiz ID
  '33894291-7980-4f86-b22c-2653be1777a0', -- Quiz ID (duplicate)
  'multi-answer',
  '',
  0,
  NOW(),
  NOW()
) ON CONFLICT (id) DO NOTHING; -- Skip if the question already exists

-- Insert option 1 for question 1
INSERT INTO payload.quiz_questions_options (
  id,
  _order,
  _parent_id,
  text,
  is_correct,
  created_at,
  updated_at
) VALUES (
  gen_random_uuid(),
  0,
  'd07bcf9b-d2bb-4b7e-9904-560e05d76d83',
  'Send a well prepared agenda in advance',
  true,
  NOW(),
  NOW()
) ON CONFLICT DO NOTHING; -- Skip if the option already exists

-- Insert option 2 for question 1
INSERT INTO payload.quiz_questions_options (
  id,
  _order,
  _parent_id,
  text,
  is_correct,
  created_at,
  updated_at
) VALUES (
  gen_random_uuid(),
  1,
  'd07bcf9b-d2bb-4b7e-9904-560e05d76d83',
  'Dress appropriately',
  true,
  NOW(),
  NOW()
) ON CONFLICT DO NOTHING; -- Skip if the option already exists

-- Insert option 3 for question 1
INSERT INTO payload.quiz_questions_options (
  id,
  _order,
  _parent_id,
  text,
  is_correct,
  created_at,
  updated_at
) VALUES (
  gen_random_uuid(),
  2,
  'd07bcf9b-d2bb-4b7e-9904-560e05d76d83',
  'Adopt the appropriate disposition for the meeting',
  true,
  NOW(),
  NOW()
) ON CONFLICT DO NOTHING; -- Skip if the option already exists

-- Insert option 4 for question 1
INSERT INTO payload.quiz_questions_options (
  id,
  _order,
  _parent_id,
  text,
  is_correct,
  created_at,
  updated_at
) VALUES (
  gen_random_uuid(),
  3,
  'd07bcf9b-d2bb-4b7e-9904-560e05d76d83',
  'Tell a joke',
  false,
  NOW(),
  NOW()
) ON CONFLICT DO NOTHING; -- Skip if the option already exists

-- Insert option 5 for question 1
INSERT INTO payload.quiz_questions_options (
  id,
  _order,
  _parent_id,
  text,
  is_correct,
  created_at,
  updated_at
) VALUES (
  gen_random_uuid(),
  4,
  'd07bcf9b-d2bb-4b7e-9904-560e05d76d83',
  'Lead the group in song',
  false,
  NOW(),
  NOW()
) ON CONFLICT DO NOTHING; -- Skip if the option already exists

-- Create relationship entry for the question to the quiz
INSERT INTO payload.quiz_questions_rels (
  id,
  _parent_id,
  field,
  value,
  created_at,
  updated_at
) VALUES (
  gen_random_uuid(),
  'd07bcf9b-d2bb-4b7e-9904-560e05d76d83',
  'quiz_id',
  '33894291-7980-4f86-b22c-2653be1777a0',
  NOW(),
  NOW()
) ON CONFLICT DO NOTHING; -- Skip if the relationship already exists

-- Create bidirectional relationship entry for the quiz to the question
INSERT INTO payload.course_quizzes_rels (
  id,
  _parent_id,
  field,
  value,
  created_at,
  updated_at
) VALUES (
  gen_random_uuid(),
  '33894291-7980-4f86-b22c-2653be1777a0',
  'questions',
  'd07bcf9b-d2bb-4b7e-9904-560e05d76d83',
  NOW(),
  NOW()
) ON CONFLICT DO NOTHING; -- Skip if the relationship already exists

-- Insert question 2 for quiz: Performance Quiz
INSERT INTO payload.quiz_questions (
  id,
  question,
  quiz_id,
  quiz_id_id, -- Duplicate field for compatibility
  type,
  explanation,
  "order",
  created_at,
  updated_at
) VALUES (
  'd558f5a8-8f2f-4a19-81e9-b0a351e1b2a8', -- Generated UUID for the question
  'What are some things you can do to manage stress?',
  '33894291-7980-4f86-b22c-2653be1777a0', -- Quiz ID
  '33894291-7980-4f86-b22c-2653be1777a0', -- Quiz ID (duplicate)
  'multi-answer',
  '',
  1,
  NOW(),
  NOW()
) ON CONFLICT (id) DO NOTHING; -- Skip if the question already exists

-- Insert option 1 for question 2
INSERT INTO payload.quiz_questions_options (
  id,
  _order,
  _parent_id,
  text,
  is_correct,
  created_at,
  updated_at
) VALUES (
  gen_random_uuid(),
  0,
  'd558f5a8-8f2f-4a19-81e9-b0a351e1b2a8',
  'Quite your mind',
  true,
  NOW(),
  NOW()
) ON CONFLICT DO NOTHING; -- Skip if the option already exists

-- Insert option 2 for question 2
INSERT INTO payload.quiz_questions_options (
  id,
  _order,
  _parent_id,
  text,
  is_correct,
  created_at,
  updated_at
) VALUES (
  gen_random_uuid(),
  1,
  'd558f5a8-8f2f-4a19-81e9-b0a351e1b2a8',
  'Laugh',
  true,
  NOW(),
  NOW()
) ON CONFLICT DO NOTHING; -- Skip if the option already exists

-- Insert option 3 for question 2
INSERT INTO payload.quiz_questions_options (
  id,
  _order,
  _parent_id,
  text,
  is_correct,
  created_at,
  updated_at
) VALUES (
  gen_random_uuid(),
  2,
  'd558f5a8-8f2f-4a19-81e9-b0a351e1b2a8',
  'Primal therapy',
  false,
  NOW(),
  NOW()
) ON CONFLICT DO NOTHING; -- Skip if the option already exists

-- Insert option 4 for question 2
INSERT INTO payload.quiz_questions_options (
  id,
  _order,
  _parent_id,
  text,
  is_correct,
  created_at,
  updated_at
) VALUES (
  gen_random_uuid(),
  3,
  'd558f5a8-8f2f-4a19-81e9-b0a351e1b2a8',
  'Prepare',
  true,
  NOW(),
  NOW()
) ON CONFLICT DO NOTHING; -- Skip if the option already exists

-- Insert option 5 for question 2
INSERT INTO payload.quiz_questions_options (
  id,
  _order,
  _parent_id,
  text,
  is_correct,
  created_at,
  updated_at
) VALUES (
  gen_random_uuid(),
  4,
  'd558f5a8-8f2f-4a19-81e9-b0a351e1b2a8',
  'Breathe',
  true,
  NOW(),
  NOW()
) ON CONFLICT DO NOTHING; -- Skip if the option already exists

-- Insert option 6 for question 2
INSERT INTO payload.quiz_questions_options (
  id,
  _order,
  _parent_id,
  text,
  is_correct,
  created_at,
  updated_at
) VALUES (
  gen_random_uuid(),
  5,
  'd558f5a8-8f2f-4a19-81e9-b0a351e1b2a8',
  'Don''t worry about the presentation until the last minute',
  false,
  NOW(),
  NOW()
) ON CONFLICT DO NOTHING; -- Skip if the option already exists

-- Insert option 7 for question 2
INSERT INTO payload.quiz_questions_options (
  id,
  _order,
  _parent_id,
  text,
  is_correct,
  created_at,
  updated_at
) VALUES (
  gen_random_uuid(),
  6,
  'd558f5a8-8f2f-4a19-81e9-b0a351e1b2a8',
  'Talk to yourself like a crazy person',
  false,
  NOW(),
  NOW()
) ON CONFLICT DO NOTHING; -- Skip if the option already exists

-- Create relationship entry for the question to the quiz
INSERT INTO payload.quiz_questions_rels (
  id,
  _parent_id,
  field,
  value,
  created_at,
  updated_at
) VALUES (
  gen_random_uuid(),
  'd558f5a8-8f2f-4a19-81e9-b0a351e1b2a8',
  'quiz_id',
  '33894291-7980-4f86-b22c-2653be1777a0',
  NOW(),
  NOW()
) ON CONFLICT DO NOTHING; -- Skip if the relationship already exists

-- Create bidirectional relationship entry for the quiz to the question
INSERT INTO payload.course_quizzes_rels (
  id,
  _parent_id,
  field,
  value,
  created_at,
  updated_at
) VALUES (
  gen_random_uuid(),
  '33894291-7980-4f86-b22c-2653be1777a0',
  'questions',
  'd558f5a8-8f2f-4a19-81e9-b0a351e1b2a8',
  NOW(),
  NOW()
) ON CONFLICT DO NOTHING; -- Skip if the relationship already exists

-- Insert question 3 for quiz: Performance Quiz
INSERT INTO payload.quiz_questions (
  id,
  question,
  quiz_id,
  quiz_id_id, -- Duplicate field for compatibility
  type,
  explanation,
  "order",
  created_at,
  updated_at
) VALUES (
  '16738dcb-4705-4ad2-9708-fb241f22574a', -- Generated UUID for the question
  'What body language and delivery mistakes should you be on the lookout for?',
  '33894291-7980-4f86-b22c-2653be1777a0', -- Quiz ID
  '33894291-7980-4f86-b22c-2653be1777a0', -- Quiz ID (duplicate)
  'multi-answer',
  '',
  2,
  NOW(),
  NOW()
) ON CONFLICT (id) DO NOTHING; -- Skip if the question already exists

-- Insert option 1 for question 3
INSERT INTO payload.quiz_questions_options (
  id,
  _order,
  _parent_id,
  text,
  is_correct,
  created_at,
  updated_at
) VALUES (
  gen_random_uuid(),
  0,
  '16738dcb-4705-4ad2-9708-fb241f22574a',
  'Verbal ticks',
  true,
  NOW(),
  NOW()
) ON CONFLICT DO NOTHING; -- Skip if the option already exists

-- Insert option 2 for question 3
INSERT INTO payload.quiz_questions_options (
  id,
  _order,
  _parent_id,
  text,
  is_correct,
  created_at,
  updated_at
) VALUES (
  gen_random_uuid(),
  1,
  '16738dcb-4705-4ad2-9708-fb241f22574a',
  'Talking to the screen',
  true,
  NOW(),
  NOW()
) ON CONFLICT DO NOTHING; -- Skip if the option already exists

-- Insert option 3 for question 3
INSERT INTO payload.quiz_questions_options (
  id,
  _order,
  _parent_id,
  text,
  is_correct,
  created_at,
  updated_at
) VALUES (
  gen_random_uuid(),
  2,
  '16738dcb-4705-4ad2-9708-fb241f22574a',
  'Closed posture',
  true,
  NOW(),
  NOW()
) ON CONFLICT DO NOTHING; -- Skip if the option already exists

-- Insert option 4 for question 3
INSERT INTO payload.quiz_questions_options (
  id,
  _order,
  _parent_id,
  text,
  is_correct,
  created_at,
  updated_at
) VALUES (
  gen_random_uuid(),
  3,
  '16738dcb-4705-4ad2-9708-fb241f22574a',
  'Being over prepared',
  false,
  NOW(),
  NOW()
) ON CONFLICT DO NOTHING; -- Skip if the option already exists

-- Insert option 5 for question 3
INSERT INTO payload.quiz_questions_options (
  id,
  _order,
  _parent_id,
  text,
  is_correct,
  created_at,
  updated_at
) VALUES (
  gen_random_uuid(),
  4,
  '16738dcb-4705-4ad2-9708-fb241f22574a',
  'Not displaying any emotion',
  true,
  NOW(),
  NOW()
) ON CONFLICT DO NOTHING; -- Skip if the option already exists

-- Create relationship entry for the question to the quiz
INSERT INTO payload.quiz_questions_rels (
  id,
  _parent_id,
  field,
  value,
  created_at,
  updated_at
) VALUES (
  gen_random_uuid(),
  '16738dcb-4705-4ad2-9708-fb241f22574a',
  'quiz_id',
  '33894291-7980-4f86-b22c-2653be1777a0',
  NOW(),
  NOW()
) ON CONFLICT DO NOTHING; -- Skip if the relationship already exists

-- Create bidirectional relationship entry for the quiz to the question
INSERT INTO payload.course_quizzes_rels (
  id,
  _parent_id,
  field,
  value,
  created_at,
  updated_at
) VALUES (
  gen_random_uuid(),
  '33894291-7980-4f86-b22c-2653be1777a0',
  'questions',
  '16738dcb-4705-4ad2-9708-fb241f22574a',
  NOW(),
  NOW()
) ON CONFLICT DO NOTHING; -- Skip if the relationship already exists

-- Questions for quiz: Perparation & Practice Quiz (preparation-practice-quiz, ID: 097b580c-71e2-408b-9bb1-9a76cb7be43c)
-- Insert question 1 for quiz: Perparation & Practice Quiz
INSERT INTO payload.quiz_questions (
  id,
  question,
  quiz_id,
  quiz_id_id, -- Duplicate field for compatibility
  type,
  explanation,
  "order",
  created_at,
  updated_at
) VALUES (
  '9fdfc27e-9482-4913-81d9-e6dfd78bbeba', -- Generated UUID for the question
  'When preparing and practicing the delivery of your presentation, what four factors should you focus on?',
  '097b580c-71e2-408b-9bb1-9a76cb7be43c', -- Quiz ID
  '097b580c-71e2-408b-9bb1-9a76cb7be43c', -- Quiz ID (duplicate)
  'multi-answer',
  '',
  0,
  NOW(),
  NOW()
) ON CONFLICT (id) DO NOTHING; -- Skip if the question already exists

-- Insert option 1 for question 1
INSERT INTO payload.quiz_questions_options (
  id,
  _order,
  _parent_id,
  text,
  is_correct,
  created_at,
  updated_at
) VALUES (
  gen_random_uuid(),
  0,
  '9fdfc27e-9482-4913-81d9-e6dfd78bbeba',
  'Timing of your jokes',
  false,
  NOW(),
  NOW()
) ON CONFLICT DO NOTHING; -- Skip if the option already exists

-- Insert option 2 for question 1
INSERT INTO payload.quiz_questions_options (
  id,
  _order,
  _parent_id,
  text,
  is_correct,
  created_at,
  updated_at
) VALUES (
  gen_random_uuid(),
  1,
  '9fdfc27e-9482-4913-81d9-e6dfd78bbeba',
  'Clarity',
  true,
  NOW(),
  NOW()
) ON CONFLICT DO NOTHING; -- Skip if the option already exists

-- Insert option 3 for question 1
INSERT INTO payload.quiz_questions_options (
  id,
  _order,
  _parent_id,
  text,
  is_correct,
  created_at,
  updated_at
) VALUES (
  gen_random_uuid(),
  2,
  '9fdfc27e-9482-4913-81d9-e6dfd78bbeba',
  'Hair, make-up and clothes',
  false,
  NOW(),
  NOW()
) ON CONFLICT DO NOTHING; -- Skip if the option already exists

-- Insert option 4 for question 1
INSERT INTO payload.quiz_questions_options (
  id,
  _order,
  _parent_id,
  text,
  is_correct,
  created_at,
  updated_at
) VALUES (
  gen_random_uuid(),
  3,
  '9fdfc27e-9482-4913-81d9-e6dfd78bbeba',
  'Pace',
  true,
  NOW(),
  NOW()
) ON CONFLICT DO NOTHING; -- Skip if the option already exists

-- Insert option 5 for question 1
INSERT INTO payload.quiz_questions_options (
  id,
  _order,
  _parent_id,
  text,
  is_correct,
  created_at,
  updated_at
) VALUES (
  gen_random_uuid(),
  4,
  '9fdfc27e-9482-4913-81d9-e6dfd78bbeba',
  'Engaging with the audience',
  true,
  NOW(),
  NOW()
) ON CONFLICT DO NOTHING; -- Skip if the option already exists

-- Insert option 6 for question 1
INSERT INTO payload.quiz_questions_options (
  id,
  _order,
  _parent_id,
  text,
  is_correct,
  created_at,
  updated_at
) VALUES (
  gen_random_uuid(),
  5,
  '9fdfc27e-9482-4913-81d9-e6dfd78bbeba',
  'Timbre of your voice',
  false,
  NOW(),
  NOW()
) ON CONFLICT DO NOTHING; -- Skip if the option already exists

-- Insert option 7 for question 1
INSERT INTO payload.quiz_questions_options (
  id,
  _order,
  _parent_id,
  text,
  is_correct,
  created_at,
  updated_at
) VALUES (
  gen_random_uuid(),
  6,
  '9fdfc27e-9482-4913-81d9-e6dfd78bbeba',
  'Smiling and making eye contact',
  true,
  NOW(),
  NOW()
) ON CONFLICT DO NOTHING; -- Skip if the option already exists

-- Create relationship entry for the question to the quiz
INSERT INTO payload.quiz_questions_rels (
  id,
  _parent_id,
  field,
  value,
  created_at,
  updated_at
) VALUES (
  gen_random_uuid(),
  '9fdfc27e-9482-4913-81d9-e6dfd78bbeba',
  'quiz_id',
  '097b580c-71e2-408b-9bb1-9a76cb7be43c',
  NOW(),
  NOW()
) ON CONFLICT DO NOTHING; -- Skip if the relationship already exists

-- Create bidirectional relationship entry for the quiz to the question
INSERT INTO payload.course_quizzes_rels (
  id,
  _parent_id,
  field,
  value,
  created_at,
  updated_at
) VALUES (
  gen_random_uuid(),
  '097b580c-71e2-408b-9bb1-9a76cb7be43c',
  'questions',
  '9fdfc27e-9482-4913-81d9-e6dfd78bbeba',
  NOW(),
  NOW()
) ON CONFLICT DO NOTHING; -- Skip if the relationship already exists

-- Insert question 2 for quiz: Perparation & Practice Quiz
INSERT INTO payload.quiz_questions (
  id,
  question,
  quiz_id,
  quiz_id_id, -- Duplicate field for compatibility
  type,
  explanation,
  "order",
  created_at,
  updated_at
) VALUES (
  'de0042d7-d5f8-4cd0-a7dd-c43d086ff4f9', -- Generated UUID for the question
  'What is the first step of the recommended preparation process?',
  '097b580c-71e2-408b-9bb1-9a76cb7be43c', -- Quiz ID
  '097b580c-71e2-408b-9bb1-9a76cb7be43c', -- Quiz ID (duplicate)
  'single-answer',
  '',
  1,
  NOW(),
  NOW()
) ON CONFLICT (id) DO NOTHING; -- Skip if the question already exists

-- Insert option 1 for question 2
INSERT INTO payload.quiz_questions_options (
  id,
  _order,
  _parent_id,
  text,
  is_correct,
  created_at,
  updated_at
) VALUES (
  gen_random_uuid(),
  0,
  'de0042d7-d5f8-4cd0-a7dd-c43d086ff4f9',
  'Get a good night sleep and review the script once, maybe twice before the presentation',
  false,
  NOW(),
  NOW()
) ON CONFLICT DO NOTHING; -- Skip if the option already exists

-- Insert option 2 for question 2
INSERT INTO payload.quiz_questions_options (
  id,
  _order,
  _parent_id,
  text,
  is_correct,
  created_at,
  updated_at
) VALUES (
  gen_random_uuid(),
  1,
  'de0042d7-d5f8-4cd0-a7dd-c43d086ff4f9',
  'Present to someone else. Get feedback',
  false,
  NOW(),
  NOW()
) ON CONFLICT DO NOTHING; -- Skip if the option already exists

-- Insert option 3 for question 2
INSERT INTO payload.quiz_questions_options (
  id,
  _order,
  _parent_id,
  text,
  is_correct,
  created_at,
  updated_at
) VALUES (
  gen_random_uuid(),
  2,
  'de0042d7-d5f8-4cd0-a7dd-c43d086ff4f9',
  'Run through the presentation two or three time working on length, simplifying language, and identifying likely questions',
  false,
  NOW(),
  NOW()
) ON CONFLICT DO NOTHING; -- Skip if the option already exists

-- Insert option 4 for question 2
INSERT INTO payload.quiz_questions_options (
  id,
  _order,
  _parent_id,
  text,
  is_correct,
  created_at,
  updated_at
) VALUES (
  gen_random_uuid(),
  3,
  'de0042d7-d5f8-4cd0-a7dd-c43d086ff4f9',
  'Speak the presentation out loud and improvise. Test turns of phrases, identify key points that you want to make for each phrase',
  true,
  NOW(),
  NOW()
) ON CONFLICT DO NOTHING; -- Skip if the option already exists

-- Insert option 5 for question 2
INSERT INTO payload.quiz_questions_options (
  id,
  _order,
  _parent_id,
  text,
  is_correct,
  created_at,
  updated_at
) VALUES (
  gen_random_uuid(),
  4,
  'de0042d7-d5f8-4cd0-a7dd-c43d086ff4f9',
  'Write down the verbal voice over and create a formal script',
  false,
  NOW(),
  NOW()
) ON CONFLICT DO NOTHING; -- Skip if the option already exists

-- Insert option 6 for question 2
INSERT INTO payload.quiz_questions_options (
  id,
  _order,
  _parent_id,
  text,
  is_correct,
  created_at,
  updated_at
) VALUES (
  gen_random_uuid(),
  5,
  'de0042d7-d5f8-4cd0-a7dd-c43d086ff4f9',
  'Test the length of the presentation. Revise the deck, eliminating or combining slide ideas',
  false,
  NOW(),
  NOW()
) ON CONFLICT DO NOTHING; -- Skip if the option already exists

-- Insert option 7 for question 2
INSERT INTO payload.quiz_questions_options (
  id,
  _order,
  _parent_id,
  text,
  is_correct,
  created_at,
  updated_at
) VALUES (
  gen_random_uuid(),
  6,
  'de0042d7-d5f8-4cd0-a7dd-c43d086ff4f9',
  'Run through the script a few more times and the put it aside',
  false,
  NOW(),
  NOW()
) ON CONFLICT DO NOTHING; -- Skip if the option already exists

-- Create relationship entry for the question to the quiz
INSERT INTO payload.quiz_questions_rels (
  id,
  _parent_id,
  field,
  value,
  created_at,
  updated_at
) VALUES (
  gen_random_uuid(),
  'de0042d7-d5f8-4cd0-a7dd-c43d086ff4f9',
  'quiz_id',
  '097b580c-71e2-408b-9bb1-9a76cb7be43c',
  NOW(),
  NOW()
) ON CONFLICT DO NOTHING; -- Skip if the relationship already exists

-- Create bidirectional relationship entry for the quiz to the question
INSERT INTO payload.course_quizzes_rels (
  id,
  _parent_id,
  field,
  value,
  created_at,
  updated_at
) VALUES (
  gen_random_uuid(),
  '097b580c-71e2-408b-9bb1-9a76cb7be43c',
  'questions',
  'de0042d7-d5f8-4cd0-a7dd-c43d086ff4f9',
  NOW(),
  NOW()
) ON CONFLICT DO NOTHING; -- Skip if the relationship already exists

-- Insert question 3 for quiz: Perparation & Practice Quiz
INSERT INTO payload.quiz_questions (
  id,
  question,
  quiz_id,
  quiz_id_id, -- Duplicate field for compatibility
  type,
  explanation,
  "order",
  created_at,
  updated_at
) VALUES (
  '26739c2c-56c2-48b2-8699-1f4a02784846', -- Generated UUID for the question
  'What is the second step of the recommended preparation process?',
  '097b580c-71e2-408b-9bb1-9a76cb7be43c', -- Quiz ID
  '097b580c-71e2-408b-9bb1-9a76cb7be43c', -- Quiz ID (duplicate)
  'single-answer',
  '',
  2,
  NOW(),
  NOW()
) ON CONFLICT (id) DO NOTHING; -- Skip if the question already exists

-- Insert option 1 for question 3
INSERT INTO payload.quiz_questions_options (
  id,
  _order,
  _parent_id,
  text,
  is_correct,
  created_at,
  updated_at
) VALUES (
  gen_random_uuid(),
  0,
  '26739c2c-56c2-48b2-8699-1f4a02784846',
  'Get a good night sleep and review the script once, maybe twice before the presentation',
  false,
  NOW(),
  NOW()
) ON CONFLICT DO NOTHING; -- Skip if the option already exists

-- Insert option 2 for question 3
INSERT INTO payload.quiz_questions_options (
  id,
  _order,
  _parent_id,
  text,
  is_correct,
  created_at,
  updated_at
) VALUES (
  gen_random_uuid(),
  1,
  '26739c2c-56c2-48b2-8699-1f4a02784846',
  'Present to someone else. Get feedback',
  false,
  NOW(),
  NOW()
) ON CONFLICT DO NOTHING; -- Skip if the option already exists

-- Insert option 3 for question 3
INSERT INTO payload.quiz_questions_options (
  id,
  _order,
  _parent_id,
  text,
  is_correct,
  created_at,
  updated_at
) VALUES (
  gen_random_uuid(),
  2,
  '26739c2c-56c2-48b2-8699-1f4a02784846',
  'Run through the presentation two or three time working on length, simplifying language, and identifying likely questions',
  false,
  NOW(),
  NOW()
) ON CONFLICT DO NOTHING; -- Skip if the option already exists

-- Insert option 4 for question 3
INSERT INTO payload.quiz_questions_options (
  id,
  _order,
  _parent_id,
  text,
  is_correct,
  created_at,
  updated_at
) VALUES (
  gen_random_uuid(),
  3,
  '26739c2c-56c2-48b2-8699-1f4a02784846',
  'Speak the presentation out loud and improvise. Test turns of phrases, identify key points that you want to make for each phrase',
  false,
  NOW(),
  NOW()
) ON CONFLICT DO NOTHING; -- Skip if the option already exists

-- Insert option 5 for question 3
INSERT INTO payload.quiz_questions_options (
  id,
  _order,
  _parent_id,
  text,
  is_correct,
  created_at,
  updated_at
) VALUES (
  gen_random_uuid(),
  4,
  '26739c2c-56c2-48b2-8699-1f4a02784846',
  'Write down the verbal voice over and create a formal script',
  true,
  NOW(),
  NOW()
) ON CONFLICT DO NOTHING; -- Skip if the option already exists

-- Insert option 6 for question 3
INSERT INTO payload.quiz_questions_options (
  id,
  _order,
  _parent_id,
  text,
  is_correct,
  created_at,
  updated_at
) VALUES (
  gen_random_uuid(),
  5,
  '26739c2c-56c2-48b2-8699-1f4a02784846',
  'Test the length of the presentation. Revise the deck, eliminating or combining slide ideas',
  false,
  NOW(),
  NOW()
) ON CONFLICT DO NOTHING; -- Skip if the option already exists

-- Insert option 7 for question 3
INSERT INTO payload.quiz_questions_options (
  id,
  _order,
  _parent_id,
  text,
  is_correct,
  created_at,
  updated_at
) VALUES (
  gen_random_uuid(),
  6,
  '26739c2c-56c2-48b2-8699-1f4a02784846',
  'Run through the script a few more times and the put it aside',
  false,
  NOW(),
  NOW()
) ON CONFLICT DO NOTHING; -- Skip if the option already exists

-- Create relationship entry for the question to the quiz
INSERT INTO payload.quiz_questions_rels (
  id,
  _parent_id,
  field,
  value,
  created_at,
  updated_at
) VALUES (
  gen_random_uuid(),
  '26739c2c-56c2-48b2-8699-1f4a02784846',
  'quiz_id',
  '097b580c-71e2-408b-9bb1-9a76cb7be43c',
  NOW(),
  NOW()
) ON CONFLICT DO NOTHING; -- Skip if the relationship already exists

-- Create bidirectional relationship entry for the quiz to the question
INSERT INTO payload.course_quizzes_rels (
  id,
  _parent_id,
  field,
  value,
  created_at,
  updated_at
) VALUES (
  gen_random_uuid(),
  '097b580c-71e2-408b-9bb1-9a76cb7be43c',
  'questions',
  '26739c2c-56c2-48b2-8699-1f4a02784846',
  NOW(),
  NOW()
) ON CONFLICT DO NOTHING; -- Skip if the relationship already exists

-- Insert question 4 for quiz: Perparation & Practice Quiz
INSERT INTO payload.quiz_questions (
  id,
  question,
  quiz_id,
  quiz_id_id, -- Duplicate field for compatibility
  type,
  explanation,
  "order",
  created_at,
  updated_at
) VALUES (
  '983a0625-a2b8-4020-954f-0120aacba00a', -- Generated UUID for the question
  'What is the third step of the recommended preparation process?',
  '097b580c-71e2-408b-9bb1-9a76cb7be43c', -- Quiz ID
  '097b580c-71e2-408b-9bb1-9a76cb7be43c', -- Quiz ID (duplicate)
  'single-answer',
  '',
  3,
  NOW(),
  NOW()
) ON CONFLICT (id) DO NOTHING; -- Skip if the question already exists

-- Insert option 1 for question 4
INSERT INTO payload.quiz_questions_options (
  id,
  _order,
  _parent_id,
  text,
  is_correct,
  created_at,
  updated_at
) VALUES (
  gen_random_uuid(),
  0,
  '983a0625-a2b8-4020-954f-0120aacba00a',
  'Get a good night sleep and review the script once, maybe twice before the presentation',
  false,
  NOW(),
  NOW()
) ON CONFLICT DO NOTHING; -- Skip if the option already exists

-- Insert option 2 for question 4
INSERT INTO payload.quiz_questions_options (
  id,
  _order,
  _parent_id,
  text,
  is_correct,
  created_at,
  updated_at
) VALUES (
  gen_random_uuid(),
  1,
  '983a0625-a2b8-4020-954f-0120aacba00a',
  'Present to someone else. Get feedback',
  false,
  NOW(),
  NOW()
) ON CONFLICT DO NOTHING; -- Skip if the option already exists

-- Insert option 3 for question 4
INSERT INTO payload.quiz_questions_options (
  id,
  _order,
  _parent_id,
  text,
  is_correct,
  created_at,
  updated_at
) VALUES (
  gen_random_uuid(),
  2,
  '983a0625-a2b8-4020-954f-0120aacba00a',
  'Run through the presentation two or three time working on length, simplifying language, and identifying likely questions',
  true,
  NOW(),
  NOW()
) ON CONFLICT DO NOTHING; -- Skip if the option already exists

-- Insert option 4 for question 4
INSERT INTO payload.quiz_questions_options (
  id,
  _order,
  _parent_id,
  text,
  is_correct,
  created_at,
  updated_at
) VALUES (
  gen_random_uuid(),
  3,
  '983a0625-a2b8-4020-954f-0120aacba00a',
  'Speak the presentation out loud and improvise. Test turns of phrases, identify key points that you want to make for each phrase',
  false,
  NOW(),
  NOW()
) ON CONFLICT DO NOTHING; -- Skip if the option already exists

-- Insert option 5 for question 4
INSERT INTO payload.quiz_questions_options (
  id,
  _order,
  _parent_id,
  text,
  is_correct,
  created_at,
  updated_at
) VALUES (
  gen_random_uuid(),
  4,
  '983a0625-a2b8-4020-954f-0120aacba00a',
  'Write down the verbal voice over and create a formal script',
  false,
  NOW(),
  NOW()
) ON CONFLICT DO NOTHING; -- Skip if the option already exists

-- Insert option 6 for question 4
INSERT INTO payload.quiz_questions_options (
  id,
  _order,
  _parent_id,
  text,
  is_correct,
  created_at,
  updated_at
) VALUES (
  gen_random_uuid(),
  5,
  '983a0625-a2b8-4020-954f-0120aacba00a',
  'Test the length of the presentation. Revise the deck, eliminating or combining slide ideas',
  false,
  NOW(),
  NOW()
) ON CONFLICT DO NOTHING; -- Skip if the option already exists

-- Insert option 7 for question 4
INSERT INTO payload.quiz_questions_options (
  id,
  _order,
  _parent_id,
  text,
  is_correct,
  created_at,
  updated_at
) VALUES (
  gen_random_uuid(),
  6,
  '983a0625-a2b8-4020-954f-0120aacba00a',
  'Run through the script a few more times and the put it aside',
  false,
  NOW(),
  NOW()
) ON CONFLICT DO NOTHING; -- Skip if the option already exists

-- Create relationship entry for the question to the quiz
INSERT INTO payload.quiz_questions_rels (
  id,
  _parent_id,
  field,
  value,
  created_at,
  updated_at
) VALUES (
  gen_random_uuid(),
  '983a0625-a2b8-4020-954f-0120aacba00a',
  'quiz_id',
  '097b580c-71e2-408b-9bb1-9a76cb7be43c',
  NOW(),
  NOW()
) ON CONFLICT DO NOTHING; -- Skip if the relationship already exists

-- Create bidirectional relationship entry for the quiz to the question
INSERT INTO payload.course_quizzes_rels (
  id,
  _parent_id,
  field,
  value,
  created_at,
  updated_at
) VALUES (
  gen_random_uuid(),
  '097b580c-71e2-408b-9bb1-9a76cb7be43c',
  'questions',
  '983a0625-a2b8-4020-954f-0120aacba00a',
  NOW(),
  NOW()
) ON CONFLICT DO NOTHING; -- Skip if the relationship already exists

-- Insert question 5 for quiz: Perparation & Practice Quiz
INSERT INTO payload.quiz_questions (
  id,
  question,
  quiz_id,
  quiz_id_id, -- Duplicate field for compatibility
  type,
  explanation,
  "order",
  created_at,
  updated_at
) VALUES (
  '4b951049-4e15-4cb0-b048-3db4d691255c', -- Generated UUID for the question
  'What is the fourth step of the recommended preparation process?',
  '097b580c-71e2-408b-9bb1-9a76cb7be43c', -- Quiz ID
  '097b580c-71e2-408b-9bb1-9a76cb7be43c', -- Quiz ID (duplicate)
  'single-answer',
  '',
  4,
  NOW(),
  NOW()
) ON CONFLICT (id) DO NOTHING; -- Skip if the question already exists

-- Insert option 1 for question 5
INSERT INTO payload.quiz_questions_options (
  id,
  _order,
  _parent_id,
  text,
  is_correct,
  created_at,
  updated_at
) VALUES (
  gen_random_uuid(),
  0,
  '4b951049-4e15-4cb0-b048-3db4d691255c',
  'Get a good night sleep and review the script once, maybe twice before the presentation',
  false,
  NOW(),
  NOW()
) ON CONFLICT DO NOTHING; -- Skip if the option already exists

-- Insert option 2 for question 5
INSERT INTO payload.quiz_questions_options (
  id,
  _order,
  _parent_id,
  text,
  is_correct,
  created_at,
  updated_at
) VALUES (
  gen_random_uuid(),
  1,
  '4b951049-4e15-4cb0-b048-3db4d691255c',
  'Present to someone else. Get feedback',
  false,
  NOW(),
  NOW()
) ON CONFLICT DO NOTHING; -- Skip if the option already exists

-- Insert option 3 for question 5
INSERT INTO payload.quiz_questions_options (
  id,
  _order,
  _parent_id,
  text,
  is_correct,
  created_at,
  updated_at
) VALUES (
  gen_random_uuid(),
  2,
  '4b951049-4e15-4cb0-b048-3db4d691255c',
  'Run through the presentation two or three time working on length, simplifying language, and identifying likely questions',
  false,
  NOW(),
  NOW()
) ON CONFLICT DO NOTHING; -- Skip if the option already exists

-- Insert option 4 for question 5
INSERT INTO payload.quiz_questions_options (
  id,
  _order,
  _parent_id,
  text,
  is_correct,
  created_at,
  updated_at
) VALUES (
  gen_random_uuid(),
  3,
  '4b951049-4e15-4cb0-b048-3db4d691255c',
  'Speak the presentation out loud and improvise. Test turns of phrases, identify key points that you want to make for each phrase',
  false,
  NOW(),
  NOW()
) ON CONFLICT DO NOTHING; -- Skip if the option already exists

-- Insert option 5 for question 5
INSERT INTO payload.quiz_questions_options (
  id,
  _order,
  _parent_id,
  text,
  is_correct,
  created_at,
  updated_at
) VALUES (
  gen_random_uuid(),
  4,
  '4b951049-4e15-4cb0-b048-3db4d691255c',
  'Write down the verbal voice over and create a formal script',
  false,
  NOW(),
  NOW()
) ON CONFLICT DO NOTHING; -- Skip if the option already exists

-- Insert option 6 for question 5
INSERT INTO payload.quiz_questions_options (
  id,
  _order,
  _parent_id,
  text,
  is_correct,
  created_at,
  updated_at
) VALUES (
  gen_random_uuid(),
  5,
  '4b951049-4e15-4cb0-b048-3db4d691255c',
  'Test the length of the presentation. Revise the deck, eliminating or combining slide ideas',
  true,
  NOW(),
  NOW()
) ON CONFLICT DO NOTHING; -- Skip if the option already exists

-- Insert option 7 for question 5
INSERT INTO payload.quiz_questions_options (
  id,
  _order,
  _parent_id,
  text,
  is_correct,
  created_at,
  updated_at
) VALUES (
  gen_random_uuid(),
  6,
  '4b951049-4e15-4cb0-b048-3db4d691255c',
  'Run through the script a few more times and the put it aside',
  false,
  NOW(),
  NOW()
) ON CONFLICT DO NOTHING; -- Skip if the option already exists

-- Create relationship entry for the question to the quiz
INSERT INTO payload.quiz_questions_rels (
  id,
  _parent_id,
  field,
  value,
  created_at,
  updated_at
) VALUES (
  gen_random_uuid(),
  '4b951049-4e15-4cb0-b048-3db4d691255c',
  'quiz_id',
  '097b580c-71e2-408b-9bb1-9a76cb7be43c',
  NOW(),
  NOW()
) ON CONFLICT DO NOTHING; -- Skip if the relationship already exists

-- Create bidirectional relationship entry for the quiz to the question
INSERT INTO payload.course_quizzes_rels (
  id,
  _parent_id,
  field,
  value,
  created_at,
  updated_at
) VALUES (
  gen_random_uuid(),
  '097b580c-71e2-408b-9bb1-9a76cb7be43c',
  'questions',
  '4b951049-4e15-4cb0-b048-3db4d691255c',
  NOW(),
  NOW()
) ON CONFLICT DO NOTHING; -- Skip if the relationship already exists

-- Insert question 6 for quiz: Perparation & Practice Quiz
INSERT INTO payload.quiz_questions (
  id,
  question,
  quiz_id,
  quiz_id_id, -- Duplicate field for compatibility
  type,
  explanation,
  "order",
  created_at,
  updated_at
) VALUES (
  'b5a552f4-050a-4fc2-a4d2-f892bdeb2294', -- Generated UUID for the question
  'What is the fifth step pf the recommended preparation process?',
  '097b580c-71e2-408b-9bb1-9a76cb7be43c', -- Quiz ID
  '097b580c-71e2-408b-9bb1-9a76cb7be43c', -- Quiz ID (duplicate)
  'single-answer',
  '',
  5,
  NOW(),
  NOW()
) ON CONFLICT (id) DO NOTHING; -- Skip if the question already exists

-- Insert option 1 for question 6
INSERT INTO payload.quiz_questions_options (
  id,
  _order,
  _parent_id,
  text,
  is_correct,
  created_at,
  updated_at
) VALUES (
  gen_random_uuid(),
  0,
  'b5a552f4-050a-4fc2-a4d2-f892bdeb2294',
  'Get a good night sleep and review the script once, maybe twice before the presentation',
  false,
  NOW(),
  NOW()
) ON CONFLICT DO NOTHING; -- Skip if the option already exists

-- Insert option 2 for question 6
INSERT INTO payload.quiz_questions_options (
  id,
  _order,
  _parent_id,
  text,
  is_correct,
  created_at,
  updated_at
) VALUES (
  gen_random_uuid(),
  1,
  'b5a552f4-050a-4fc2-a4d2-f892bdeb2294',
  'Present to someone else. Get feedback',
  true,
  NOW(),
  NOW()
) ON CONFLICT DO NOTHING; -- Skip if the option already exists

-- Insert option 3 for question 6
INSERT INTO payload.quiz_questions_options (
  id,
  _order,
  _parent_id,
  text,
  is_correct,
  created_at,
  updated_at
) VALUES (
  gen_random_uuid(),
  2,
  'b5a552f4-050a-4fc2-a4d2-f892bdeb2294',
  'Run through the presentation two or three time working on length, simplifying language, and identifying likely questions',
  false,
  NOW(),
  NOW()
) ON CONFLICT DO NOTHING; -- Skip if the option already exists

-- Insert option 4 for question 6
INSERT INTO payload.quiz_questions_options (
  id,
  _order,
  _parent_id,
  text,
  is_correct,
  created_at,
  updated_at
) VALUES (
  gen_random_uuid(),
  3,
  'b5a552f4-050a-4fc2-a4d2-f892bdeb2294',
  'Speak the presentation out loud and improvise. Test turns of phrases, identify key points that you want to make for each phrase',
  false,
  NOW(),
  NOW()
) ON CONFLICT DO NOTHING; -- Skip if the option already exists

-- Insert option 5 for question 6
INSERT INTO payload.quiz_questions_options (
  id,
  _order,
  _parent_id,
  text,
  is_correct,
  created_at,
  updated_at
) VALUES (
  gen_random_uuid(),
  4,
  'b5a552f4-050a-4fc2-a4d2-f892bdeb2294',
  'Write down the verbal voice over and create a formal script',
  false,
  NOW(),
  NOW()
) ON CONFLICT DO NOTHING; -- Skip if the option already exists

-- Insert option 6 for question 6
INSERT INTO payload.quiz_questions_options (
  id,
  _order,
  _parent_id,
  text,
  is_correct,
  created_at,
  updated_at
) VALUES (
  gen_random_uuid(),
  5,
  'b5a552f4-050a-4fc2-a4d2-f892bdeb2294',
  'Test the length of the presentation. Revise the deck, eliminating or combining slide ideas',
  false,
  NOW(),
  NOW()
) ON CONFLICT DO NOTHING; -- Skip if the option already exists

-- Insert option 7 for question 6
INSERT INTO payload.quiz_questions_options (
  id,
  _order,
  _parent_id,
  text,
  is_correct,
  created_at,
  updated_at
) VALUES (
  gen_random_uuid(),
  6,
  'b5a552f4-050a-4fc2-a4d2-f892bdeb2294',
  'Run through the script a few more times and the put it aside',
  false,
  NOW(),
  NOW()
) ON CONFLICT DO NOTHING; -- Skip if the option already exists

-- Create relationship entry for the question to the quiz
INSERT INTO payload.quiz_questions_rels (
  id,
  _parent_id,
  field,
  value,
  created_at,
  updated_at
) VALUES (
  gen_random_uuid(),
  'b5a552f4-050a-4fc2-a4d2-f892bdeb2294',
  'quiz_id',
  '097b580c-71e2-408b-9bb1-9a76cb7be43c',
  NOW(),
  NOW()
) ON CONFLICT DO NOTHING; -- Skip if the relationship already exists

-- Create bidirectional relationship entry for the quiz to the question
INSERT INTO payload.course_quizzes_rels (
  id,
  _parent_id,
  field,
  value,
  created_at,
  updated_at
) VALUES (
  gen_random_uuid(),
  '097b580c-71e2-408b-9bb1-9a76cb7be43c',
  'questions',
  'b5a552f4-050a-4fc2-a4d2-f892bdeb2294',
  NOW(),
  NOW()
) ON CONFLICT DO NOTHING; -- Skip if the relationship already exists

-- Insert question 7 for quiz: Perparation & Practice Quiz
INSERT INTO payload.quiz_questions (
  id,
  question,
  quiz_id,
  quiz_id_id, -- Duplicate field for compatibility
  type,
  explanation,
  "order",
  created_at,
  updated_at
) VALUES (
  '5da8fb96-f481-43f5-ae53-659c97e5b795', -- Generated UUID for the question
  'What is the sixth step of the recommended preparation process?',
  '097b580c-71e2-408b-9bb1-9a76cb7be43c', -- Quiz ID
  '097b580c-71e2-408b-9bb1-9a76cb7be43c', -- Quiz ID (duplicate)
  'single-answer',
  '',
  6,
  NOW(),
  NOW()
) ON CONFLICT (id) DO NOTHING; -- Skip if the question already exists

-- Insert option 1 for question 7
INSERT INTO payload.quiz_questions_options (
  id,
  _order,
  _parent_id,
  text,
  is_correct,
  created_at,
  updated_at
) VALUES (
  gen_random_uuid(),
  0,
  '5da8fb96-f481-43f5-ae53-659c97e5b795',
  'Get a good night sleep and review the script once, maybe twice before the presentation',
  false,
  NOW(),
  NOW()
) ON CONFLICT DO NOTHING; -- Skip if the option already exists

-- Insert option 2 for question 7
INSERT INTO payload.quiz_questions_options (
  id,
  _order,
  _parent_id,
  text,
  is_correct,
  created_at,
  updated_at
) VALUES (
  gen_random_uuid(),
  1,
  '5da8fb96-f481-43f5-ae53-659c97e5b795',
  'Present to someone else. Get feedback',
  false,
  NOW(),
  NOW()
) ON CONFLICT DO NOTHING; -- Skip if the option already exists

-- Insert option 3 for question 7
INSERT INTO payload.quiz_questions_options (
  id,
  _order,
  _parent_id,
  text,
  is_correct,
  created_at,
  updated_at
) VALUES (
  gen_random_uuid(),
  2,
  '5da8fb96-f481-43f5-ae53-659c97e5b795',
  'Run through the presentation two or three time working on length, simplifying language, and identifying likely questions',
  false,
  NOW(),
  NOW()
) ON CONFLICT DO NOTHING; -- Skip if the option already exists

-- Insert option 4 for question 7
INSERT INTO payload.quiz_questions_options (
  id,
  _order,
  _parent_id,
  text,
  is_correct,
  created_at,
  updated_at
) VALUES (
  gen_random_uuid(),
  3,
  '5da8fb96-f481-43f5-ae53-659c97e5b795',
  'Speak the presentation out loud and improvise. Test turns of phrases, identify key points that you want to make for each phrase',
  false,
  NOW(),
  NOW()
) ON CONFLICT DO NOTHING; -- Skip if the option already exists

-- Insert option 5 for question 7
INSERT INTO payload.quiz_questions_options (
  id,
  _order,
  _parent_id,
  text,
  is_correct,
  created_at,
  updated_at
) VALUES (
  gen_random_uuid(),
  4,
  '5da8fb96-f481-43f5-ae53-659c97e5b795',
  'Write down the verbal voice over and create a formal script',
  false,
  NOW(),
  NOW()
) ON CONFLICT DO NOTHING; -- Skip if the option already exists

-- Insert option 6 for question 7
INSERT INTO payload.quiz_questions_options (
  id,
  _order,
  _parent_id,
  text,
  is_correct,
  created_at,
  updated_at
) VALUES (
  gen_random_uuid(),
  5,
  '5da8fb96-f481-43f5-ae53-659c97e5b795',
  'Test the length of the presentation. Revise the deck, eliminating or combining slide ideas',
  false,
  NOW(),
  NOW()
) ON CONFLICT DO NOTHING; -- Skip if the option already exists

-- Insert option 7 for question 7
INSERT INTO payload.quiz_questions_options (
  id,
  _order,
  _parent_id,
  text,
  is_correct,
  created_at,
  updated_at
) VALUES (
  gen_random_uuid(),
  6,
  '5da8fb96-f481-43f5-ae53-659c97e5b795',
  'Run through the script a few more times and the put it aside',
  true,
  NOW(),
  NOW()
) ON CONFLICT DO NOTHING; -- Skip if the option already exists

-- Create relationship entry for the question to the quiz
INSERT INTO payload.quiz_questions_rels (
  id,
  _parent_id,
  field,
  value,
  created_at,
  updated_at
) VALUES (
  gen_random_uuid(),
  '5da8fb96-f481-43f5-ae53-659c97e5b795',
  'quiz_id',
  '097b580c-71e2-408b-9bb1-9a76cb7be43c',
  NOW(),
  NOW()
) ON CONFLICT DO NOTHING; -- Skip if the relationship already exists

-- Create bidirectional relationship entry for the quiz to the question
INSERT INTO payload.course_quizzes_rels (
  id,
  _parent_id,
  field,
  value,
  created_at,
  updated_at
) VALUES (
  gen_random_uuid(),
  '097b580c-71e2-408b-9bb1-9a76cb7be43c',
  'questions',
  '5da8fb96-f481-43f5-ae53-659c97e5b795',
  NOW(),
  NOW()
) ON CONFLICT DO NOTHING; -- Skip if the relationship already exists

-- Insert question 8 for quiz: Perparation & Practice Quiz
INSERT INTO payload.quiz_questions (
  id,
  question,
  quiz_id,
  quiz_id_id, -- Duplicate field for compatibility
  type,
  explanation,
  "order",
  created_at,
  updated_at
) VALUES (
  'c55c5774-b0a4-4144-a742-3cd46a984a4f', -- Generated UUID for the question
  'What is the seventh step of the recommended preparation process?',
  '097b580c-71e2-408b-9bb1-9a76cb7be43c', -- Quiz ID
  '097b580c-71e2-408b-9bb1-9a76cb7be43c', -- Quiz ID (duplicate)
  'single-answer',
  '',
  7,
  NOW(),
  NOW()
) ON CONFLICT (id) DO NOTHING; -- Skip if the question already exists

-- Insert option 1 for question 8
INSERT INTO payload.quiz_questions_options (
  id,
  _order,
  _parent_id,
  text,
  is_correct,
  created_at,
  updated_at
) VALUES (
  gen_random_uuid(),
  0,
  'c55c5774-b0a4-4144-a742-3cd46a984a4f',
  'Get a good night sleep and review the script once, maybe twice before the presentation',
  true,
  NOW(),
  NOW()
) ON CONFLICT DO NOTHING; -- Skip if the option already exists

-- Insert option 2 for question 8
INSERT INTO payload.quiz_questions_options (
  id,
  _order,
  _parent_id,
  text,
  is_correct,
  created_at,
  updated_at
) VALUES (
  gen_random_uuid(),
  1,
  'c55c5774-b0a4-4144-a742-3cd46a984a4f',
  'Present to someone else. Get feedback',
  false,
  NOW(),
  NOW()
) ON CONFLICT DO NOTHING; -- Skip if the option already exists

-- Insert option 3 for question 8
INSERT INTO payload.quiz_questions_options (
  id,
  _order,
  _parent_id,
  text,
  is_correct,
  created_at,
  updated_at
) VALUES (
  gen_random_uuid(),
  2,
  'c55c5774-b0a4-4144-a742-3cd46a984a4f',
  'Run through the presentation two or three time working on length, simplifying language, and identifying likely questions',
  false,
  NOW(),
  NOW()
) ON CONFLICT DO NOTHING; -- Skip if the option already exists

-- Insert option 4 for question 8
INSERT INTO payload.quiz_questions_options (
  id,
  _order,
  _parent_id,
  text,
  is_correct,
  created_at,
  updated_at
) VALUES (
  gen_random_uuid(),
  3,
  'c55c5774-b0a4-4144-a742-3cd46a984a4f',
  'Speak the presentation out loud and improvise. Test turns of phrases, identify key points that you want to make for each phrase',
  false,
  NOW(),
  NOW()
) ON CONFLICT DO NOTHING; -- Skip if the option already exists

-- Insert option 5 for question 8
INSERT INTO payload.quiz_questions_options (
  id,
  _order,
  _parent_id,
  text,
  is_correct,
  created_at,
  updated_at
) VALUES (
  gen_random_uuid(),
  4,
  'c55c5774-b0a4-4144-a742-3cd46a984a4f',
  'Write down the verbal voice over and create a formal script',
  false,
  NOW(),
  NOW()
) ON CONFLICT DO NOTHING; -- Skip if the option already exists

-- Insert option 6 for question 8
INSERT INTO payload.quiz_questions_options (
  id,
  _order,
  _parent_id,
  text,
  is_correct,
  created_at,
  updated_at
) VALUES (
  gen_random_uuid(),
  5,
  'c55c5774-b0a4-4144-a742-3cd46a984a4f',
  'Test the length of the presentation. Revise the deck, eliminating or combining slide ideas',
  false,
  NOW(),
  NOW()
) ON CONFLICT DO NOTHING; -- Skip if the option already exists

-- Insert option 7 for question 8
INSERT INTO payload.quiz_questions_options (
  id,
  _order,
  _parent_id,
  text,
  is_correct,
  created_at,
  updated_at
) VALUES (
  gen_random_uuid(),
  6,
  'c55c5774-b0a4-4144-a742-3cd46a984a4f',
  'Run through the script a few more times and the put it aside',
  false,
  NOW(),
  NOW()
) ON CONFLICT DO NOTHING; -- Skip if the option already exists

-- Create relationship entry for the question to the quiz
INSERT INTO payload.quiz_questions_rels (
  id,
  _parent_id,
  field,
  value,
  created_at,
  updated_at
) VALUES (
  gen_random_uuid(),
  'c55c5774-b0a4-4144-a742-3cd46a984a4f',
  'quiz_id',
  '097b580c-71e2-408b-9bb1-9a76cb7be43c',
  NOW(),
  NOW()
) ON CONFLICT DO NOTHING; -- Skip if the relationship already exists

-- Create bidirectional relationship entry for the quiz to the question
INSERT INTO payload.course_quizzes_rels (
  id,
  _parent_id,
  field,
  value,
  created_at,
  updated_at
) VALUES (
  gen_random_uuid(),
  '097b580c-71e2-408b-9bb1-9a76cb7be43c',
  'questions',
  'c55c5774-b0a4-4144-a742-3cd46a984a4f',
  NOW(),
  NOW()
) ON CONFLICT DO NOTHING; -- Skip if the relationship already exists

-- Questions for quiz: Slide Composition Quiz (slide-composition-quiz, ID: 00d5c487-5481-4745-81bf-f064e684d291)
-- Insert question 1 for quiz: Slide Composition Quiz
INSERT INTO payload.quiz_questions (
  id,
  question,
  quiz_id,
  quiz_id_id, -- Duplicate field for compatibility
  type,
  explanation,
  "order",
  created_at,
  updated_at
) VALUES (
  'ceec5eb2-d618-43c4-8f9c-78897f4998ce', -- Generated UUID for the question
  'What goes in the headline?',
  '00d5c487-5481-4745-81bf-f064e684d291', -- Quiz ID
  '00d5c487-5481-4745-81bf-f064e684d291', -- Quiz ID (duplicate)
  'single-answer',
  '',
  0,
  NOW(),
  NOW()
) ON CONFLICT (id) DO NOTHING; -- Skip if the question already exists

-- Insert option 1 for question 1
INSERT INTO payload.quiz_questions_options (
  id,
  _order,
  _parent_id,
  text,
  is_correct,
  created_at,
  updated_at
) VALUES (
  gen_random_uuid(),
  0,
  'ceec5eb2-d618-43c4-8f9c-78897f4998ce',
  'Your footnotes',
  false,
  NOW(),
  NOW()
) ON CONFLICT DO NOTHING; -- Skip if the option already exists

-- Insert option 2 for question 1
INSERT INTO payload.quiz_questions_options (
  id,
  _order,
  _parent_id,
  text,
  is_correct,
  created_at,
  updated_at
) VALUES (
  gen_random_uuid(),
  1,
  'ceec5eb2-d618-43c4-8f9c-78897f4998ce',
  'Your voice-over script',
  false,
  NOW(),
  NOW()
) ON CONFLICT DO NOTHING; -- Skip if the option already exists

-- Insert option 3 for question 1
INSERT INTO payload.quiz_questions_options (
  id,
  _order,
  _parent_id,
  text,
  is_correct,
  created_at,
  updated_at
) VALUES (
  gen_random_uuid(),
  2,
  'ceec5eb2-d618-43c4-8f9c-78897f4998ce',
  'Your slide title',
  false,
  NOW(),
  NOW()
) ON CONFLICT DO NOTHING; -- Skip if the option already exists

-- Insert option 4 for question 1
INSERT INTO payload.quiz_questions_options (
  id,
  _order,
  _parent_id,
  text,
  is_correct,
  created_at,
  updated_at
) VALUES (
  gen_random_uuid(),
  3,
  'ceec5eb2-d618-43c4-8f9c-78897f4998ce',
  'The main message of the slide',
  true,
  NOW(),
  NOW()
) ON CONFLICT DO NOTHING; -- Skip if the option already exists

-- Create relationship entry for the question to the quiz
INSERT INTO payload.quiz_questions_rels (
  id,
  _parent_id,
  field,
  value,
  created_at,
  updated_at
) VALUES (
  gen_random_uuid(),
  'ceec5eb2-d618-43c4-8f9c-78897f4998ce',
  'quiz_id',
  '00d5c487-5481-4745-81bf-f064e684d291',
  NOW(),
  NOW()
) ON CONFLICT DO NOTHING; -- Skip if the relationship already exists

-- Create bidirectional relationship entry for the quiz to the question
INSERT INTO payload.course_quizzes_rels (
  id,
  _parent_id,
  field,
  value,
  created_at,
  updated_at
) VALUES (
  gen_random_uuid(),
  '00d5c487-5481-4745-81bf-f064e684d291',
  'questions',
  'ceec5eb2-d618-43c4-8f9c-78897f4998ce',
  NOW(),
  NOW()
) ON CONFLICT DO NOTHING; -- Skip if the relationship already exists

-- Insert question 2 for quiz: Slide Composition Quiz
INSERT INTO payload.quiz_questions (
  id,
  question,
  quiz_id,
  quiz_id_id, -- Duplicate field for compatibility
  type,
  explanation,
  "order",
  created_at,
  updated_at
) VALUES (
  'eaa3bbc0-261c-4dc2-9048-f4e533079018', -- Generated UUID for the question
  'What goes in the body of the slide?',
  '00d5c487-5481-4745-81bf-f064e684d291', -- Quiz ID
  '00d5c487-5481-4745-81bf-f064e684d291', -- Quiz ID (duplicate)
  'single-answer',
  '',
  1,
  NOW(),
  NOW()
) ON CONFLICT (id) DO NOTHING; -- Skip if the question already exists

-- Insert option 1 for question 2
INSERT INTO payload.quiz_questions_options (
  id,
  _order,
  _parent_id,
  text,
  is_correct,
  created_at,
  updated_at
) VALUES (
  gen_random_uuid(),
  0,
  'eaa3bbc0-261c-4dc2-9048-f4e533079018',
  'The supporting evidence that supports the main message',
  true,
  NOW(),
  NOW()
) ON CONFLICT DO NOTHING; -- Skip if the option already exists

-- Insert option 2 for question 2
INSERT INTO payload.quiz_questions_options (
  id,
  _order,
  _parent_id,
  text,
  is_correct,
  created_at,
  updated_at
) VALUES (
  gen_random_uuid(),
  1,
  'eaa3bbc0-261c-4dc2-9048-f4e533079018',
  'Text',
  false,
  NOW(),
  NOW()
) ON CONFLICT DO NOTHING; -- Skip if the option already exists

-- Insert option 3 for question 2
INSERT INTO payload.quiz_questions_options (
  id,
  _order,
  _parent_id,
  text,
  is_correct,
  created_at,
  updated_at
) VALUES (
  gen_random_uuid(),
  2,
  'eaa3bbc0-261c-4dc2-9048-f4e533079018',
  'Charts',
  false,
  NOW(),
  NOW()
) ON CONFLICT DO NOTHING; -- Skip if the option already exists

-- Insert option 4 for question 2
INSERT INTO payload.quiz_questions_options (
  id,
  _order,
  _parent_id,
  text,
  is_correct,
  created_at,
  updated_at
) VALUES (
  gen_random_uuid(),
  3,
  'eaa3bbc0-261c-4dc2-9048-f4e533079018',
  'Clip art',
  false,
  NOW(),
  NOW()
) ON CONFLICT DO NOTHING; -- Skip if the option already exists

-- Create relationship entry for the question to the quiz
INSERT INTO payload.quiz_questions_rels (
  id,
  _parent_id,
  field,
  value,
  created_at,
  updated_at
) VALUES (
  gen_random_uuid(),
  'eaa3bbc0-261c-4dc2-9048-f4e533079018',
  'quiz_id',
  '00d5c487-5481-4745-81bf-f064e684d291',
  NOW(),
  NOW()
) ON CONFLICT DO NOTHING; -- Skip if the relationship already exists

-- Create bidirectional relationship entry for the quiz to the question
INSERT INTO payload.course_quizzes_rels (
  id,
  _parent_id,
  field,
  value,
  created_at,
  updated_at
) VALUES (
  gen_random_uuid(),
  '00d5c487-5481-4745-81bf-f064e684d291',
  'questions',
  'eaa3bbc0-261c-4dc2-9048-f4e533079018',
  NOW(),
  NOW()
) ON CONFLICT DO NOTHING; -- Skip if the relationship already exists

-- Insert question 3 for quiz: Slide Composition Quiz
INSERT INTO payload.quiz_questions (
  id,
  question,
  quiz_id,
  quiz_id_id, -- Duplicate field for compatibility
  type,
  explanation,
  "order",
  created_at,
  updated_at
) VALUES (
  '92fcaf84-9e1a-4be9-8061-4cc7a32f5561', -- Generated UUID for the question
  'What is a swipe file?',
  '00d5c487-5481-4745-81bf-f064e684d291', -- Quiz ID
  '00d5c487-5481-4745-81bf-f064e684d291', -- Quiz ID (duplicate)
  'single-answer',
  '',
  2,
  NOW(),
  NOW()
) ON CONFLICT (id) DO NOTHING; -- Skip if the question already exists

-- Insert option 1 for question 3
INSERT INTO payload.quiz_questions_options (
  id,
  _order,
  _parent_id,
  text,
  is_correct,
  created_at,
  updated_at
) VALUES (
  gen_random_uuid(),
  0,
  '92fcaf84-9e1a-4be9-8061-4cc7a32f5561',
  'Collection of useful slide designs and frameworks that you can utilize for inspiration',
  true,
  NOW(),
  NOW()
) ON CONFLICT DO NOTHING; -- Skip if the option already exists

-- Insert option 2 for question 3
INSERT INTO payload.quiz_questions_options (
  id,
  _order,
  _parent_id,
  text,
  is_correct,
  created_at,
  updated_at
) VALUES (
  gen_random_uuid(),
  1,
  '92fcaf84-9e1a-4be9-8061-4cc7a32f5561',
  'Hacker code to get free templates',
  false,
  NOW(),
  NOW()
) ON CONFLICT DO NOTHING; -- Skip if the option already exists

-- Insert option 3 for question 3
INSERT INTO payload.quiz_questions_options (
  id,
  _order,
  _parent_id,
  text,
  is_correct,
  created_at,
  updated_at
) VALUES (
  gen_random_uuid(),
  2,
  '92fcaf84-9e1a-4be9-8061-4cc7a32f5561',
  'Where you store illicit data',
  false,
  NOW(),
  NOW()
) ON CONFLICT DO NOTHING; -- Skip if the option already exists

-- Insert option 4 for question 3
INSERT INTO payload.quiz_questions_options (
  id,
  _order,
  _parent_id,
  text,
  is_correct,
  created_at,
  updated_at
) VALUES (
  gen_random_uuid(),
  3,
  '92fcaf84-9e1a-4be9-8061-4cc7a32f5561',
  'Another name for a garbage can',
  false,
  NOW(),
  NOW()
) ON CONFLICT DO NOTHING; -- Skip if the option already exists

-- Create relationship entry for the question to the quiz
INSERT INTO payload.quiz_questions_rels (
  id,
  _parent_id,
  field,
  value,
  created_at,
  updated_at
) VALUES (
  gen_random_uuid(),
  '92fcaf84-9e1a-4be9-8061-4cc7a32f5561',
  'quiz_id',
  '00d5c487-5481-4745-81bf-f064e684d291',
  NOW(),
  NOW()
) ON CONFLICT DO NOTHING; -- Skip if the relationship already exists

-- Create bidirectional relationship entry for the quiz to the question
INSERT INTO payload.course_quizzes_rels (
  id,
  _parent_id,
  field,
  value,
  created_at,
  updated_at
) VALUES (
  gen_random_uuid(),
  '00d5c487-5481-4745-81bf-f064e684d291',
  'questions',
  '92fcaf84-9e1a-4be9-8061-4cc7a32f5561',
  NOW(),
  NOW()
) ON CONFLICT DO NOTHING; -- Skip if the relationship already exists

-- Insert question 4 for quiz: Slide Composition Quiz
INSERT INTO payload.quiz_questions (
  id,
  question,
  quiz_id,
  quiz_id_id, -- Duplicate field for compatibility
  type,
  explanation,
  "order",
  created_at,
  updated_at
) VALUES (
  'ed7919e8-1a3c-4bcc-9f9c-9ecbe5dc1cc9', -- Generated UUID for the question
  'When is the best time to use clip art?',
  '00d5c487-5481-4745-81bf-f064e684d291', -- Quiz ID
  '00d5c487-5481-4745-81bf-f064e684d291', -- Quiz ID (duplicate)
  'single-answer',
  '',
  3,
  NOW(),
  NOW()
) ON CONFLICT (id) DO NOTHING; -- Skip if the question already exists

-- Insert option 1 for question 4
INSERT INTO payload.quiz_questions_options (
  id,
  _order,
  _parent_id,
  text,
  is_correct,
  created_at,
  updated_at
) VALUES (
  gen_random_uuid(),
  0,
  'ed7919e8-1a3c-4bcc-9f9c-9ecbe5dc1cc9',
  'Never',
  true,
  NOW(),
  NOW()
) ON CONFLICT DO NOTHING; -- Skip if the option already exists

-- Insert option 2 for question 4
INSERT INTO payload.quiz_questions_options (
  id,
  _order,
  _parent_id,
  text,
  is_correct,
  created_at,
  updated_at
) VALUES (
  gen_random_uuid(),
  1,
  'ed7919e8-1a3c-4bcc-9f9c-9ecbe5dc1cc9',
  'In marketing and sales presentations, but not in finance presentations',
  false,
  NOW(),
  NOW()
) ON CONFLICT DO NOTHING; -- Skip if the option already exists

-- Insert option 3 for question 4
INSERT INTO payload.quiz_questions_options (
  id,
  _order,
  _parent_id,
  text,
  is_correct,
  created_at,
  updated_at
) VALUES (
  gen_random_uuid(),
  2,
  'ed7919e8-1a3c-4bcc-9f9c-9ecbe5dc1cc9',
  'No restrictions',
  false,
  NOW(),
  NOW()
) ON CONFLICT DO NOTHING; -- Skip if the option already exists

-- Insert option 4 for question 4
INSERT INTO payload.quiz_questions_options (
  id,
  _order,
  _parent_id,
  text,
  is_correct,
  created_at,
  updated_at
) VALUES (
  gen_random_uuid(),
  3,
  'ed7919e8-1a3c-4bcc-9f9c-9ecbe5dc1cc9',
  'When the clip art is of a cute cat',
  false,
  NOW(),
  NOW()
) ON CONFLICT DO NOTHING; -- Skip if the option already exists

-- Create relationship entry for the question to the quiz
INSERT INTO payload.quiz_questions_rels (
  id,
  _parent_id,
  field,
  value,
  created_at,
  updated_at
) VALUES (
  gen_random_uuid(),
  'ed7919e8-1a3c-4bcc-9f9c-9ecbe5dc1cc9',
  'quiz_id',
  '00d5c487-5481-4745-81bf-f064e684d291',
  NOW(),
  NOW()
) ON CONFLICT DO NOTHING; -- Skip if the relationship already exists

-- Create bidirectional relationship entry for the quiz to the question
INSERT INTO payload.course_quizzes_rels (
  id,
  _parent_id,
  field,
  value,
  created_at,
  updated_at
) VALUES (
  gen_random_uuid(),
  '00d5c487-5481-4745-81bf-f064e684d291',
  'questions',
  'ed7919e8-1a3c-4bcc-9f9c-9ecbe5dc1cc9',
  NOW(),
  NOW()
) ON CONFLICT DO NOTHING; -- Skip if the relationship already exists

-- Insert question 5 for quiz: Slide Composition Quiz
INSERT INTO payload.quiz_questions (
  id,
  question,
  quiz_id,
  quiz_id_id, -- Duplicate field for compatibility
  type,
  explanation,
  "order",
  created_at,
  updated_at
) VALUES (
  'fce7779c-e79a-4f77-84af-c165c2ccd5e2', -- Generated UUID for the question
  'What elements can be repeated on all slides?',
  '00d5c487-5481-4745-81bf-f064e684d291', -- Quiz ID
  '00d5c487-5481-4745-81bf-f064e684d291', -- Quiz ID (duplicate)
  'multi-answer',
  '',
  4,
  NOW(),
  NOW()
) ON CONFLICT (id) DO NOTHING; -- Skip if the question already exists

-- Insert option 1 for question 5
INSERT INTO payload.quiz_questions_options (
  id,
  _order,
  _parent_id,
  text,
  is_correct,
  created_at,
  updated_at
) VALUES (
  gen_random_uuid(),
  0,
  'fce7779c-e79a-4f77-84af-c165c2ccd5e2',
  'Company logo',
  false,
  NOW(),
  NOW()
) ON CONFLICT DO NOTHING; -- Skip if the option already exists

-- Insert option 2 for question 5
INSERT INTO payload.quiz_questions_options (
  id,
  _order,
  _parent_id,
  text,
  is_correct,
  created_at,
  updated_at
) VALUES (
  gen_random_uuid(),
  1,
  'fce7779c-e79a-4f77-84af-c165c2ccd5e2',
  'Location for a headline',
  true,
  NOW(),
  NOW()
) ON CONFLICT DO NOTHING; -- Skip if the option already exists

-- Insert option 3 for question 5
INSERT INTO payload.quiz_questions_options (
  id,
  _order,
  _parent_id,
  text,
  is_correct,
  created_at,
  updated_at
) VALUES (
  gen_random_uuid(),
  2,
  'fce7779c-e79a-4f77-84af-c165c2ccd5e2',
  'Location for footnotes',
  true,
  NOW(),
  NOW()
) ON CONFLICT DO NOTHING; -- Skip if the option already exists

-- Insert option 4 for question 5
INSERT INTO payload.quiz_questions_options (
  id,
  _order,
  _parent_id,
  text,
  is_correct,
  created_at,
  updated_at
) VALUES (
  gen_random_uuid(),
  3,
  'fce7779c-e79a-4f77-84af-c165c2ccd5e2',
  'Trademark and confidentiality messages',
  false,
  NOW(),
  NOW()
) ON CONFLICT DO NOTHING; -- Skip if the option already exists

-- Insert option 5 for question 5
INSERT INTO payload.quiz_questions_options (
  id,
  _order,
  _parent_id,
  text,
  is_correct,
  created_at,
  updated_at
) VALUES (
  gen_random_uuid(),
  4,
  'fce7779c-e79a-4f77-84af-c165c2ccd5e2',
  'Banners',
  false,
  NOW(),
  NOW()
) ON CONFLICT DO NOTHING; -- Skip if the option already exists

-- Insert option 6 for question 5
INSERT INTO payload.quiz_questions_options (
  id,
  _order,
  _parent_id,
  text,
  is_correct,
  created_at,
  updated_at
) VALUES (
  gen_random_uuid(),
  5,
  'fce7779c-e79a-4f77-84af-c165c2ccd5e2',
  'Location  for page numbers',
  true,
  NOW(),
  NOW()
) ON CONFLICT DO NOTHING; -- Skip if the option already exists

-- Create relationship entry for the question to the quiz
INSERT INTO payload.quiz_questions_rels (
  id,
  _parent_id,
  field,
  value,
  created_at,
  updated_at
) VALUES (
  gen_random_uuid(),
  'fce7779c-e79a-4f77-84af-c165c2ccd5e2',
  'quiz_id',
  '00d5c487-5481-4745-81bf-f064e684d291',
  NOW(),
  NOW()
) ON CONFLICT DO NOTHING; -- Skip if the relationship already exists

-- Create bidirectional relationship entry for the quiz to the question
INSERT INTO payload.course_quizzes_rels (
  id,
  _parent_id,
  field,
  value,
  created_at,
  updated_at
) VALUES (
  gen_random_uuid(),
  '00d5c487-5481-4745-81bf-f064e684d291',
  'questions',
  'fce7779c-e79a-4f77-84af-c165c2ccd5e2',
  NOW(),
  NOW()
) ON CONFLICT DO NOTHING; -- Skip if the relationship already exists

-- Questions for quiz: Specialist Graphs Quiz (specialist-graphs-quiz, ID: 74c5df70-f59b-4cec-89c9-2be87853c8f5)
-- Insert question 1 for quiz: Specialist Graphs Quiz
INSERT INTO payload.quiz_questions (
  id,
  question,
  quiz_id,
  quiz_id_id, -- Duplicate field for compatibility
  type,
  explanation,
  "order",
  created_at,
  updated_at
) VALUES (
  '2be4078b-d3e5-4a31-89df-30e5e7006e66', -- Generated UUID for the question
  'What do we use Tornado diagrams for?',
  '74c5df70-f59b-4cec-89c9-2be87853c8f5', -- Quiz ID
  '74c5df70-f59b-4cec-89c9-2be87853c8f5', -- Quiz ID (duplicate)
  'single-answer',
  '',
  0,
  NOW(),
  NOW()
) ON CONFLICT (id) DO NOTHING; -- Skip if the question already exists

-- Insert option 1 for question 1
INSERT INTO payload.quiz_questions_options (
  id,
  _order,
  _parent_id,
  text,
  is_correct,
  created_at,
  updated_at
) VALUES (
  gen_random_uuid(),
  0,
  '2be4078b-d3e5-4a31-89df-30e5e7006e66',
  'Composition of markets',
  false,
  NOW(),
  NOW()
) ON CONFLICT DO NOTHING; -- Skip if the option already exists

-- Insert option 2 for question 1
INSERT INTO payload.quiz_questions_options (
  id,
  _order,
  _parent_id,
  text,
  is_correct,
  created_at,
  updated_at
) VALUES (
  gen_random_uuid(),
  1,
  '2be4078b-d3e5-4a31-89df-30e5e7006e66',
  'Nominal comparison',
  false,
  NOW(),
  NOW()
) ON CONFLICT DO NOTHING; -- Skip if the option already exists

-- Insert option 3 for question 1
INSERT INTO payload.quiz_questions_options (
  id,
  _order,
  _parent_id,
  text,
  is_correct,
  created_at,
  updated_at
) VALUES (
  gen_random_uuid(),
  2,
  '2be4078b-d3e5-4a31-89df-30e5e7006e66',
  'Sensitivity analysis',
  true,
  NOW(),
  NOW()
) ON CONFLICT DO NOTHING; -- Skip if the option already exists

-- Insert option 4 for question 1
INSERT INTO payload.quiz_questions_options (
  id,
  _order,
  _parent_id,
  text,
  is_correct,
  created_at,
  updated_at
) VALUES (
  gen_random_uuid(),
  3,
  '2be4078b-d3e5-4a31-89df-30e5e7006e66',
  'To display how several variables change over time',
  false,
  NOW(),
  NOW()
) ON CONFLICT DO NOTHING; -- Skip if the option already exists

-- Create relationship entry for the question to the quiz
INSERT INTO payload.quiz_questions_rels (
  id,
  _parent_id,
  field,
  value,
  created_at,
  updated_at
) VALUES (
  gen_random_uuid(),
  '2be4078b-d3e5-4a31-89df-30e5e7006e66',
  'quiz_id',
  '74c5df70-f59b-4cec-89c9-2be87853c8f5',
  NOW(),
  NOW()
) ON CONFLICT DO NOTHING; -- Skip if the relationship already exists

-- Create bidirectional relationship entry for the quiz to the question
INSERT INTO payload.course_quizzes_rels (
  id,
  _parent_id,
  field,
  value,
  created_at,
  updated_at
) VALUES (
  gen_random_uuid(),
  '74c5df70-f59b-4cec-89c9-2be87853c8f5',
  'questions',
  '2be4078b-d3e5-4a31-89df-30e5e7006e66',
  NOW(),
  NOW()
) ON CONFLICT DO NOTHING; -- Skip if the relationship already exists

-- Insert question 2 for quiz: Specialist Graphs Quiz
INSERT INTO payload.quiz_questions (
  id,
  question,
  quiz_id,
  quiz_id_id, -- Duplicate field for compatibility
  type,
  explanation,
  "order",
  created_at,
  updated_at
) VALUES (
  '98e29446-d063-4c4b-b9a4-bcc676d8c8f3', -- Generated UUID for the question
  'When do we use a Bubble Chart?',
  '74c5df70-f59b-4cec-89c9-2be87853c8f5', -- Quiz ID
  '74c5df70-f59b-4cec-89c9-2be87853c8f5', -- Quiz ID (duplicate)
  'single-answer',
  '',
  1,
  NOW(),
  NOW()
) ON CONFLICT (id) DO NOTHING; -- Skip if the question already exists

-- Insert option 1 for question 2
INSERT INTO payload.quiz_questions_options (
  id,
  _order,
  _parent_id,
  text,
  is_correct,
  created_at,
  updated_at
) VALUES (
  gen_random_uuid(),
  0,
  '98e29446-d063-4c4b-b9a4-bcc676d8c8f3',
  'For nominal comparisons',
  false,
  NOW(),
  NOW()
) ON CONFLICT DO NOTHING; -- Skip if the option already exists

-- Insert option 2 for question 2
INSERT INTO payload.quiz_questions_options (
  id,
  _order,
  _parent_id,
  text,
  is_correct,
  created_at,
  updated_at
) VALUES (
  gen_random_uuid(),
  1,
  '98e29446-d063-4c4b-b9a4-bcc676d8c8f3',
  'When your scatter plot is ugly',
  false,
  NOW(),
  NOW()
) ON CONFLICT DO NOTHING; -- Skip if the option already exists

-- Insert option 3 for question 2
INSERT INTO payload.quiz_questions_options (
  id,
  _order,
  _parent_id,
  text,
  is_correct,
  created_at,
  updated_at
) VALUES (
  gen_random_uuid(),
  2,
  '98e29446-d063-4c4b-b9a4-bcc676d8c8f3',
  'When you want to show three variables',
  true,
  NOW(),
  NOW()
) ON CONFLICT DO NOTHING; -- Skip if the option already exists

-- Insert option 4 for question 2
INSERT INTO payload.quiz_questions_options (
  id,
  _order,
  _parent_id,
  text,
  is_correct,
  created_at,
  updated_at
) VALUES (
  gen_random_uuid(),
  3,
  '98e29446-d063-4c4b-b9a4-bcc676d8c8f3',
  'To show a time series',
  false,
  NOW(),
  NOW()
) ON CONFLICT DO NOTHING; -- Skip if the option already exists

-- Create relationship entry for the question to the quiz
INSERT INTO payload.quiz_questions_rels (
  id,
  _parent_id,
  field,
  value,
  created_at,
  updated_at
) VALUES (
  gen_random_uuid(),
  '98e29446-d063-4c4b-b9a4-bcc676d8c8f3',
  'quiz_id',
  '74c5df70-f59b-4cec-89c9-2be87853c8f5',
  NOW(),
  NOW()
) ON CONFLICT DO NOTHING; -- Skip if the relationship already exists

-- Create bidirectional relationship entry for the quiz to the question
INSERT INTO payload.course_quizzes_rels (
  id,
  _parent_id,
  field,
  value,
  created_at,
  updated_at
) VALUES (
  gen_random_uuid(),
  '74c5df70-f59b-4cec-89c9-2be87853c8f5',
  'questions',
  '98e29446-d063-4c4b-b9a4-bcc676d8c8f3',
  NOW(),
  NOW()
) ON CONFLICT DO NOTHING; -- Skip if the relationship already exists

-- Insert question 3 for quiz: Specialist Graphs Quiz
INSERT INTO payload.quiz_questions (
  id,
  question,
  quiz_id,
  quiz_id_id, -- Duplicate field for compatibility
  type,
  explanation,
  "order",
  created_at,
  updated_at
) VALUES (
  'f1448bc2-6467-4389-9ad4-2f047ad8423e', -- Generated UUID for the question
  'What chart types should we try and avoid using?',
  '74c5df70-f59b-4cec-89c9-2be87853c8f5', -- Quiz ID
  '74c5df70-f59b-4cec-89c9-2be87853c8f5', -- Quiz ID (duplicate)
  'multi-answer',
  '',
  2,
  NOW(),
  NOW()
) ON CONFLICT (id) DO NOTHING; -- Skip if the question already exists

-- Insert option 1 for question 3
INSERT INTO payload.quiz_questions_options (
  id,
  _order,
  _parent_id,
  text,
  is_correct,
  created_at,
  updated_at
) VALUES (
  gen_random_uuid(),
  0,
  'f1448bc2-6467-4389-9ad4-2f047ad8423e',
  'Donut Chart',
  true,
  NOW(),
  NOW()
) ON CONFLICT DO NOTHING; -- Skip if the option already exists

-- Insert option 2 for question 3
INSERT INTO payload.quiz_questions_options (
  id,
  _order,
  _parent_id,
  text,
  is_correct,
  created_at,
  updated_at
) VALUES (
  gen_random_uuid(),
  1,
  'f1448bc2-6467-4389-9ad4-2f047ad8423e',
  'Waterfall Chart',
  false,
  NOW(),
  NOW()
) ON CONFLICT DO NOTHING; -- Skip if the option already exists

-- Insert option 3 for question 3
INSERT INTO payload.quiz_questions_options (
  id,
  _order,
  _parent_id,
  text,
  is_correct,
  created_at,
  updated_at
) VALUES (
  gen_random_uuid(),
  2,
  'f1448bc2-6467-4389-9ad4-2f047ad8423e',
  'Pie Chart',
  true,
  NOW(),
  NOW()
) ON CONFLICT DO NOTHING; -- Skip if the option already exists

-- Insert option 4 for question 3
INSERT INTO payload.quiz_questions_options (
  id,
  _order,
  _parent_id,
  text,
  is_correct,
  created_at,
  updated_at
) VALUES (
  gen_random_uuid(),
  3,
  'f1448bc2-6467-4389-9ad4-2f047ad8423e',
  'Circle chart',
  true,
  NOW(),
  NOW()
) ON CONFLICT DO NOTHING; -- Skip if the option already exists

-- Insert option 5 for question 3
INSERT INTO payload.quiz_questions_options (
  id,
  _order,
  _parent_id,
  text,
  is_correct,
  created_at,
  updated_at
) VALUES (
  gen_random_uuid(),
  4,
  'f1448bc2-6467-4389-9ad4-2f047ad8423e',
  'Anything 3-D',
  true,
  NOW(),
  NOW()
) ON CONFLICT DO NOTHING; -- Skip if the option already exists

-- Insert option 6 for question 3
INSERT INTO payload.quiz_questions_options (
  id,
  _order,
  _parent_id,
  text,
  is_correct,
  created_at,
  updated_at
) VALUES (
  gen_random_uuid(),
  5,
  'f1448bc2-6467-4389-9ad4-2f047ad8423e',
  'Merimekko Chart',
  false,
  NOW(),
  NOW()
) ON CONFLICT DO NOTHING; -- Skip if the option already exists

-- Create relationship entry for the question to the quiz
INSERT INTO payload.quiz_questions_rels (
  id,
  _parent_id,
  field,
  value,
  created_at,
  updated_at
) VALUES (
  gen_random_uuid(),
  'f1448bc2-6467-4389-9ad4-2f047ad8423e',
  'quiz_id',
  '74c5df70-f59b-4cec-89c9-2be87853c8f5',
  NOW(),
  NOW()
) ON CONFLICT DO NOTHING; -- Skip if the relationship already exists

-- Create bidirectional relationship entry for the quiz to the question
INSERT INTO payload.course_quizzes_rels (
  id,
  _parent_id,
  field,
  value,
  created_at,
  updated_at
) VALUES (
  gen_random_uuid(),
  '74c5df70-f59b-4cec-89c9-2be87853c8f5',
  'questions',
  'f1448bc2-6467-4389-9ad4-2f047ad8423e',
  NOW(),
  NOW()
) ON CONFLICT DO NOTHING; -- Skip if the relationship already exists

-- Insert question 4 for quiz: Specialist Graphs Quiz
INSERT INTO payload.quiz_questions (
  id,
  question,
  quiz_id,
  quiz_id_id, -- Duplicate field for compatibility
  type,
  explanation,
  "order",
  created_at,
  updated_at
) VALUES (
  '22030887-66b9-4443-b2a7-68f2f9aa4380', -- Generated UUID for the question
  'What is the best use of a Waterfall Chart?',
  '74c5df70-f59b-4cec-89c9-2be87853c8f5', -- Quiz ID
  '74c5df70-f59b-4cec-89c9-2be87853c8f5', -- Quiz ID (duplicate)
  'single-answer',
  '',
  3,
  NOW(),
  NOW()
) ON CONFLICT (id) DO NOTHING; -- Skip if the question already exists

-- Insert option 1 for question 4
INSERT INTO payload.quiz_questions_options (
  id,
  _order,
  _parent_id,
  text,
  is_correct,
  created_at,
  updated_at
) VALUES (
  gen_random_uuid(),
  0,
  '22030887-66b9-4443-b2a7-68f2f9aa4380',
  'To show a time series',
  false,
  NOW(),
  NOW()
) ON CONFLICT DO NOTHING; -- Skip if the option already exists

-- Insert option 2 for question 4
INSERT INTO payload.quiz_questions_options (
  id,
  _order,
  _parent_id,
  text,
  is_correct,
  created_at,
  updated_at
) VALUES (
  gen_random_uuid(),
  1,
  '22030887-66b9-4443-b2a7-68f2f9aa4380',
  'To show how increases and decreases in a balance affect that balance over time',
  true,
  NOW(),
  NOW()
) ON CONFLICT DO NOTHING; -- Skip if the option already exists

-- Insert option 3 for question 4
INSERT INTO payload.quiz_questions_options (
  id,
  _order,
  _parent_id,
  text,
  is_correct,
  created_at,
  updated_at
) VALUES (
  gen_random_uuid(),
  2,
  '22030887-66b9-4443-b2a7-68f2f9aa4380',
  'To show a part-to-whole relationship',
  false,
  NOW(),
  NOW()
) ON CONFLICT DO NOTHING; -- Skip if the option already exists

-- Insert option 4 for question 4
INSERT INTO payload.quiz_questions_options (
  id,
  _order,
  _parent_id,
  text,
  is_correct,
  created_at,
  updated_at
) VALUES (
  gen_random_uuid(),
  3,
  '22030887-66b9-4443-b2a7-68f2f9aa4380',
  'As a fancy nominal comparison bar chart',
  false,
  NOW(),
  NOW()
) ON CONFLICT DO NOTHING; -- Skip if the option already exists

-- Create relationship entry for the question to the quiz
INSERT INTO payload.quiz_questions_rels (
  id,
  _parent_id,
  field,
  value,
  created_at,
  updated_at
) VALUES (
  gen_random_uuid(),
  '22030887-66b9-4443-b2a7-68f2f9aa4380',
  'quiz_id',
  '74c5df70-f59b-4cec-89c9-2be87853c8f5',
  NOW(),
  NOW()
) ON CONFLICT DO NOTHING; -- Skip if the relationship already exists

-- Create bidirectional relationship entry for the quiz to the question
INSERT INTO payload.course_quizzes_rels (
  id,
  _parent_id,
  field,
  value,
  created_at,
  updated_at
) VALUES (
  gen_random_uuid(),
  '74c5df70-f59b-4cec-89c9-2be87853c8f5',
  'questions',
  '22030887-66b9-4443-b2a7-68f2f9aa4380',
  NOW(),
  NOW()
) ON CONFLICT DO NOTHING; -- Skip if the relationship already exists

-- Insert question 5 for quiz: Specialist Graphs Quiz
INSERT INTO payload.quiz_questions (
  id,
  question,
  quiz_id,
  quiz_id_id, -- Duplicate field for compatibility
  type,
  explanation,
  "order",
  created_at,
  updated_at
) VALUES (
  '2f7792ed-8e41-46bb-8078-9396eb0aaa27', -- Generated UUID for the question
  'What is one of the more common uses of a Marimekko Chart?',
  '74c5df70-f59b-4cec-89c9-2be87853c8f5', -- Quiz ID
  '74c5df70-f59b-4cec-89c9-2be87853c8f5', -- Quiz ID (duplicate)
  'single-answer',
  '',
  4,
  NOW(),
  NOW()
) ON CONFLICT (id) DO NOTHING; -- Skip if the question already exists

-- Insert option 1 for question 5
INSERT INTO payload.quiz_questions_options (
  id,
  _order,
  _parent_id,
  text,
  is_correct,
  created_at,
  updated_at
) VALUES (
  gen_random_uuid(),
  0,
  '2f7792ed-8e41-46bb-8078-9396eb0aaa27',
  'To confuse our audience',
  false,
  NOW(),
  NOW()
) ON CONFLICT DO NOTHING; -- Skip if the option already exists

-- Insert option 2 for question 5
INSERT INTO payload.quiz_questions_options (
  id,
  _order,
  _parent_id,
  text,
  is_correct,
  created_at,
  updated_at
) VALUES (
  gen_random_uuid(),
  1,
  '2f7792ed-8e41-46bb-8078-9396eb0aaa27',
  'To show a time series',
  false,
  NOW(),
  NOW()
) ON CONFLICT DO NOTHING; -- Skip if the option already exists

-- Insert option 3 for question 5
INSERT INTO payload.quiz_questions_options (
  id,
  _order,
  _parent_id,
  text,
  is_correct,
  created_at,
  updated_at
) VALUES (
  gen_random_uuid(),
  2,
  '2f7792ed-8e41-46bb-8078-9396eb0aaa27',
  'To show data on the Finnish textile industry',
  false,
  NOW(),
  NOW()
) ON CONFLICT DO NOTHING; -- Skip if the option already exists

-- Insert option 4 for question 5
INSERT INTO payload.quiz_questions_options (
  id,
  _order,
  _parent_id,
  text,
  is_correct,
  created_at,
  updated_at
) VALUES (
  gen_random_uuid(),
  3,
  '2f7792ed-8e41-46bb-8078-9396eb0aaa27',
  'To display the composition of markets',
  true,
  NOW(),
  NOW()
) ON CONFLICT DO NOTHING; -- Skip if the option already exists

-- Create relationship entry for the question to the quiz
INSERT INTO payload.quiz_questions_rels (
  id,
  _parent_id,
  field,
  value,
  created_at,
  updated_at
) VALUES (
  gen_random_uuid(),
  '2f7792ed-8e41-46bb-8078-9396eb0aaa27',
  'quiz_id',
  '74c5df70-f59b-4cec-89c9-2be87853c8f5',
  NOW(),
  NOW()
) ON CONFLICT DO NOTHING; -- Skip if the relationship already exists

-- Create bidirectional relationship entry for the quiz to the question
INSERT INTO payload.course_quizzes_rels (
  id,
  _parent_id,
  field,
  value,
  created_at,
  updated_at
) VALUES (
  gen_random_uuid(),
  '74c5df70-f59b-4cec-89c9-2be87853c8f5',
  'questions',
  '2f7792ed-8e41-46bb-8078-9396eb0aaa27',
  NOW(),
  NOW()
) ON CONFLICT DO NOTHING; -- Skip if the relationship already exists

-- Insert question 6 for quiz: Specialist Graphs Quiz
INSERT INTO payload.quiz_questions (
  id,
  question,
  quiz_id,
  quiz_id_id, -- Duplicate field for compatibility
  type,
  explanation,
  "order",
  created_at,
  updated_at
) VALUES (
  '7efdfa17-cc9c-4571-9944-9deece95a32f', -- Generated UUID for the question
  'What are Motion Charts used for?',
  '74c5df70-f59b-4cec-89c9-2be87853c8f5', -- Quiz ID
  '74c5df70-f59b-4cec-89c9-2be87853c8f5', -- Quiz ID (duplicate)
  'single-answer',
  '',
  5,
  NOW(),
  NOW()
) ON CONFLICT (id) DO NOTHING; -- Skip if the question already exists

-- Insert option 1 for question 6
INSERT INTO payload.quiz_questions_options (
  id,
  _order,
  _parent_id,
  text,
  is_correct,
  created_at,
  updated_at
) VALUES (
  gen_random_uuid(),
  0,
  '7efdfa17-cc9c-4571-9944-9deece95a32f',
  'To explore how several variables change over time',
  true,
  NOW(),
  NOW()
) ON CONFLICT DO NOTHING; -- Skip if the option already exists

-- Insert option 2 for question 6
INSERT INTO payload.quiz_questions_options (
  id,
  _order,
  _parent_id,
  text,
  is_correct,
  created_at,
  updated_at
) VALUES (
  gen_random_uuid(),
  1,
  '7efdfa17-cc9c-4571-9944-9deece95a32f',
  'Sensitivity analysis',
  false,
  NOW(),
  NOW()
) ON CONFLICT DO NOTHING; -- Skip if the option already exists

-- Insert option 3 for question 6
INSERT INTO payload.quiz_questions_options (
  id,
  _order,
  _parent_id,
  text,
  is_correct,
  created_at,
  updated_at
) VALUES (
  gen_random_uuid(),
  2,
  '7efdfa17-cc9c-4571-9944-9deece95a32f',
  'Nominal comparison',
  false,
  NOW(),
  NOW()
) ON CONFLICT DO NOTHING; -- Skip if the option already exists

-- Insert option 4 for question 6
INSERT INTO payload.quiz_questions_options (
  id,
  _order,
  _parent_id,
  text,
  is_correct,
  created_at,
  updated_at
) VALUES (
  gen_random_uuid(),
  3,
  '7efdfa17-cc9c-4571-9944-9deece95a32f',
  'Composition of markets',
  false,
  NOW(),
  NOW()
) ON CONFLICT DO NOTHING; -- Skip if the option already exists

-- Create relationship entry for the question to the quiz
INSERT INTO payload.quiz_questions_rels (
  id,
  _parent_id,
  field,
  value,
  created_at,
  updated_at
) VALUES (
  gen_random_uuid(),
  '7efdfa17-cc9c-4571-9944-9deece95a32f',
  'quiz_id',
  '74c5df70-f59b-4cec-89c9-2be87853c8f5',
  NOW(),
  NOW()
) ON CONFLICT DO NOTHING; -- Skip if the relationship already exists

-- Create bidirectional relationship entry for the quiz to the question
INSERT INTO payload.course_quizzes_rels (
  id,
  _parent_id,
  field,
  value,
  created_at,
  updated_at
) VALUES (
  gen_random_uuid(),
  '74c5df70-f59b-4cec-89c9-2be87853c8f5',
  'questions',
  '7efdfa17-cc9c-4571-9944-9deece95a32f',
  NOW(),
  NOW()
) ON CONFLICT DO NOTHING; -- Skip if the relationship already exists

-- Questions for quiz: Storyboards in Film Quiz (storyboards-in-film-quiz, ID: 437bb1d0-abed-4fda-a4c3-40c11b646eda)
-- Insert question 1 for quiz: Storyboards in Film Quiz
INSERT INTO payload.quiz_questions (
  id,
  question,
  quiz_id,
  quiz_id_id, -- Duplicate field for compatibility
  type,
  explanation,
  "order",
  created_at,
  updated_at
) VALUES (
  'd47c3f7b-70ef-43e7-93b8-51af5277c521', -- Generated UUID for the question
  'What is a storyboard?',
  '437bb1d0-abed-4fda-a4c3-40c11b646eda', -- Quiz ID
  '437bb1d0-abed-4fda-a4c3-40c11b646eda', -- Quiz ID (duplicate)
  'multiple_choice',
  '',
  0,
  NOW(),
  NOW()
) ON CONFLICT (id) DO NOTHING; -- Skip if the question already exists

-- Insert option 1 for question 1
INSERT INTO payload.quiz_questions_options (
  id,
  _order,
  _parent_id,
  text,
  is_correct,
  created_at,
  updated_at
) VALUES (
  gen_random_uuid(),
  0,
  'd47c3f7b-70ef-43e7-93b8-51af5277c521',
  'A blueprint of the movie',
  true,
  NOW(),
  NOW()
) ON CONFLICT DO NOTHING; -- Skip if the option already exists

-- Insert option 2 for question 1
INSERT INTO payload.quiz_questions_options (
  id,
  _order,
  _parent_id,
  text,
  is_correct,
  created_at,
  updated_at
) VALUES (
  gen_random_uuid(),
  1,
  'd47c3f7b-70ef-43e7-93b8-51af5277c521',
  'A cardboard board to pin up cartoon drawings',
  false,
  NOW(),
  NOW()
) ON CONFLICT DO NOTHING; -- Skip if the option already exists

-- Insert option 3 for question 1
INSERT INTO payload.quiz_questions_options (
  id,
  _order,
  _parent_id,
  text,
  is_correct,
  created_at,
  updated_at
) VALUES (
  gen_random_uuid(),
  2,
  'd47c3f7b-70ef-43e7-93b8-51af5277c521',
  'What happens when you are subject to a boring story',
  false,
  NOW(),
  NOW()
) ON CONFLICT DO NOTHING; -- Skip if the option already exists

-- Insert option 4 for question 1
INSERT INTO payload.quiz_questions_options (
  id,
  _order,
  _parent_id,
  text,
  is_correct,
  created_at,
  updated_at
) VALUES (
  gen_random_uuid(),
  3,
  'd47c3f7b-70ef-43e7-93b8-51af5277c521',
  'A Landyachts longboard design',
  false,
  NOW(),
  NOW()
) ON CONFLICT DO NOTHING; -- Skip if the option already exists

-- Create relationship entry for the question to the quiz
INSERT INTO payload.quiz_questions_rels (
  id,
  _parent_id,
  field,
  value,
  created_at,
  updated_at
) VALUES (
  gen_random_uuid(),
  'd47c3f7b-70ef-43e7-93b8-51af5277c521',
  'quiz_id',
  '437bb1d0-abed-4fda-a4c3-40c11b646eda',
  NOW(),
  NOW()
) ON CONFLICT DO NOTHING; -- Skip if the relationship already exists

-- Create bidirectional relationship entry for the quiz to the question
INSERT INTO payload.course_quizzes_rels (
  id,
  _parent_id,
  field,
  value,
  created_at,
  updated_at
) VALUES (
  gen_random_uuid(),
  '437bb1d0-abed-4fda-a4c3-40c11b646eda',
  'questions',
  'd47c3f7b-70ef-43e7-93b8-51af5277c521',
  NOW(),
  NOW()
) ON CONFLICT DO NOTHING; -- Skip if the relationship already exists

-- Insert question 2 for quiz: Storyboards in Film Quiz
INSERT INTO payload.quiz_questions (
  id,
  question,
  quiz_id,
  quiz_id_id, -- Duplicate field for compatibility
  type,
  explanation,
  "order",
  created_at,
  updated_at
) VALUES (
  '63d41ee5-0cc8-41d9-9d9f-a7cfa4ec8695', -- Generated UUID for the question
  'Who invented storyboards?',
  '437bb1d0-abed-4fda-a4c3-40c11b646eda', -- Quiz ID
  '437bb1d0-abed-4fda-a4c3-40c11b646eda', -- Quiz ID (duplicate)
  'multiple_choice',
  '',
  1,
  NOW(),
  NOW()
) ON CONFLICT (id) DO NOTHING; -- Skip if the question already exists

-- Insert option 1 for question 2
INSERT INTO payload.quiz_questions_options (
  id,
  _order,
  _parent_id,
  text,
  is_correct,
  created_at,
  updated_at
) VALUES (
  gen_random_uuid(),
  0,
  '63d41ee5-0cc8-41d9-9d9f-a7cfa4ec8695',
  'Steve Jobs',
  false,
  NOW(),
  NOW()
) ON CONFLICT DO NOTHING; -- Skip if the option already exists

-- Insert option 2 for question 2
INSERT INTO payload.quiz_questions_options (
  id,
  _order,
  _parent_id,
  text,
  is_correct,
  created_at,
  updated_at
) VALUES (
  gen_random_uuid(),
  1,
  '63d41ee5-0cc8-41d9-9d9f-a7cfa4ec8695',
  'John Lasseter',
  false,
  NOW(),
  NOW()
) ON CONFLICT DO NOTHING; -- Skip if the option already exists

-- Insert option 3 for question 2
INSERT INTO payload.quiz_questions_options (
  id,
  _order,
  _parent_id,
  text,
  is_correct,
  created_at,
  updated_at
) VALUES (
  gen_random_uuid(),
  2,
  '63d41ee5-0cc8-41d9-9d9f-a7cfa4ec8695',
  'Eric Goldberg',
  false,
  NOW(),
  NOW()
) ON CONFLICT DO NOTHING; -- Skip if the option already exists

-- Insert option 4 for question 2
INSERT INTO payload.quiz_questions_options (
  id,
  _order,
  _parent_id,
  text,
  is_correct,
  created_at,
  updated_at
) VALUES (
  gen_random_uuid(),
  3,
  '63d41ee5-0cc8-41d9-9d9f-a7cfa4ec8695',
  'Walt Disney',
  true,
  NOW(),
  NOW()
) ON CONFLICT DO NOTHING; -- Skip if the option already exists

-- Create relationship entry for the question to the quiz
INSERT INTO payload.quiz_questions_rels (
  id,
  _parent_id,
  field,
  value,
  created_at,
  updated_at
) VALUES (
  gen_random_uuid(),
  '63d41ee5-0cc8-41d9-9d9f-a7cfa4ec8695',
  'quiz_id',
  '437bb1d0-abed-4fda-a4c3-40c11b646eda',
  NOW(),
  NOW()
) ON CONFLICT DO NOTHING; -- Skip if the relationship already exists

-- Create bidirectional relationship entry for the quiz to the question
INSERT INTO payload.course_quizzes_rels (
  id,
  _parent_id,
  field,
  value,
  created_at,
  updated_at
) VALUES (
  gen_random_uuid(),
  '437bb1d0-abed-4fda-a4c3-40c11b646eda',
  'questions',
  '63d41ee5-0cc8-41d9-9d9f-a7cfa4ec8695',
  NOW(),
  NOW()
) ON CONFLICT DO NOTHING; -- Skip if the relationship already exists

-- Insert question 3 for quiz: Storyboards in Film Quiz
INSERT INTO payload.quiz_questions (
  id,
  question,
  quiz_id,
  quiz_id_id, -- Duplicate field for compatibility
  type,
  explanation,
  "order",
  created_at,
  updated_at
) VALUES (
  'e0db9c42-3f72-463e-b762-11bc56ea73cd', -- Generated UUID for the question
  'What was the great innovation of storyboarding?',
  '437bb1d0-abed-4fda-a4c3-40c11b646eda', -- Quiz ID
  '437bb1d0-abed-4fda-a4c3-40c11b646eda', -- Quiz ID (duplicate)
  'multiple_choice',
  '',
  2,
  NOW(),
  NOW()
) ON CONFLICT (id) DO NOTHING; -- Skip if the question already exists

-- Insert option 1 for question 3
INSERT INTO payload.quiz_questions_options (
  id,
  _order,
  _parent_id,
  text,
  is_correct,
  created_at,
  updated_at
) VALUES (
  gen_random_uuid(),
  0,
  'e0db9c42-3f72-463e-b762-11bc56ea73cd',
  'The introduction of sound (Talkies)',
  false,
  NOW(),
  NOW()
) ON CONFLICT DO NOTHING; -- Skip if the option already exists

-- Insert option 2 for question 3
INSERT INTO payload.quiz_questions_options (
  id,
  _order,
  _parent_id,
  text,
  is_correct,
  created_at,
  updated_at
) VALUES (
  gen_random_uuid(),
  1,
  'e0db9c42-3f72-463e-b762-11bc56ea73cd',
  'Allowed film makers to edit the film before making it',
  true,
  NOW(),
  NOW()
) ON CONFLICT DO NOTHING; -- Skip if the option already exists

-- Insert option 3 for question 3
INSERT INTO payload.quiz_questions_options (
  id,
  _order,
  _parent_id,
  text,
  is_correct,
  created_at,
  updated_at
) VALUES (
  gen_random_uuid(),
  2,
  'e0db9c42-3f72-463e-b762-11bc56ea73cd',
  'The introduction of color',
  false,
  NOW(),
  NOW()
) ON CONFLICT DO NOTHING; -- Skip if the option already exists

-- Insert option 4 for question 3
INSERT INTO payload.quiz_questions_options (
  id,
  _order,
  _parent_id,
  text,
  is_correct,
  created_at,
  updated_at
) VALUES (
  gen_random_uuid(),
  3,
  'e0db9c42-3f72-463e-b762-11bc56ea73cd',
  'The ability to draw your story',
  false,
  NOW(),
  NOW()
) ON CONFLICT DO NOTHING; -- Skip if the option already exists

-- Create relationship entry for the question to the quiz
INSERT INTO payload.quiz_questions_rels (
  id,
  _parent_id,
  field,
  value,
  created_at,
  updated_at
) VALUES (
  gen_random_uuid(),
  'e0db9c42-3f72-463e-b762-11bc56ea73cd',
  'quiz_id',
  '437bb1d0-abed-4fda-a4c3-40c11b646eda',
  NOW(),
  NOW()
) ON CONFLICT DO NOTHING; -- Skip if the relationship already exists

-- Create bidirectional relationship entry for the quiz to the question
INSERT INTO payload.course_quizzes_rels (
  id,
  _parent_id,
  field,
  value,
  created_at,
  updated_at
) VALUES (
  gen_random_uuid(),
  '437bb1d0-abed-4fda-a4c3-40c11b646eda',
  'questions',
  'e0db9c42-3f72-463e-b762-11bc56ea73cd',
  NOW(),
  NOW()
) ON CONFLICT DO NOTHING; -- Skip if the relationship already exists

-- Questions for quiz: Storyboards in Presentations Quiz (storyboards-in-presentations-quiz, ID: f4653ead-3233-44e6-8d9d-5f92299b427e)
-- Insert question 1 for quiz: Storyboards in Presentations Quiz
INSERT INTO payload.quiz_questions (
  id,
  question,
  quiz_id,
  quiz_id_id, -- Duplicate field for compatibility
  type,
  explanation,
  "order",
  created_at,
  updated_at
) VALUES (
  '2586a170-d406-41c1-960e-76c807c59801', -- Generated UUID for the question
  'What are the two approaches discussed in the lesson?',
  'f4653ead-3233-44e6-8d9d-5f92299b427e', -- Quiz ID
  'f4653ead-3233-44e6-8d9d-5f92299b427e', -- Quiz ID (duplicate)
  'multiple_choice',
  '',
  0,
  NOW(),
  NOW()
) ON CONFLICT (id) DO NOTHING; -- Skip if the question already exists

-- Insert option 1 for question 1
INSERT INTO payload.quiz_questions_options (
  id,
  _order,
  _parent_id,
  text,
  is_correct,
  created_at,
  updated_at
) VALUES (
  gen_random_uuid(),
  0,
  '2586a170-d406-41c1-960e-76c807c59801',
  'Black & white and full color',
  false,
  NOW(),
  NOW()
) ON CONFLICT DO NOTHING; -- Skip if the option already exists

-- Insert option 2 for question 1
INSERT INTO payload.quiz_questions_options (
  id,
  _order,
  _parent_id,
  text,
  is_correct,
  created_at,
  updated_at
) VALUES (
  gen_random_uuid(),
  1,
  '2586a170-d406-41c1-960e-76c807c59801',
  'Animated and static',
  false,
  NOW(),
  NOW()
) ON CONFLICT DO NOTHING; -- Skip if the option already exists

-- Insert option 3 for question 1
INSERT INTO payload.quiz_questions_options (
  id,
  _order,
  _parent_id,
  text,
  is_correct,
  created_at,
  updated_at
) VALUES (
  gen_random_uuid(),
  2,
  '2586a170-d406-41c1-960e-76c807c59801',
  'Hand-drawn and computer assisted',
  false,
  NOW(),
  NOW()
) ON CONFLICT DO NOTHING; -- Skip if the option already exists

-- Insert option 4 for question 1
INSERT INTO payload.quiz_questions_options (
  id,
  _order,
  _parent_id,
  text,
  is_correct,
  created_at,
  updated_at
) VALUES (
  gen_random_uuid(),
  3,
  '2586a170-d406-41c1-960e-76c807c59801',
  'Text-based outlining and storyboarding',
  true,
  NOW(),
  NOW()
) ON CONFLICT DO NOTHING; -- Skip if the option already exists

-- Create relationship entry for the question to the quiz
INSERT INTO payload.quiz_questions_rels (
  id,
  _parent_id,
  field,
  value,
  created_at,
  updated_at
) VALUES (
  gen_random_uuid(),
  '2586a170-d406-41c1-960e-76c807c59801',
  'quiz_id',
  'f4653ead-3233-44e6-8d9d-5f92299b427e',
  NOW(),
  NOW()
) ON CONFLICT DO NOTHING; -- Skip if the relationship already exists

-- Create bidirectional relationship entry for the quiz to the question
INSERT INTO payload.course_quizzes_rels (
  id,
  _parent_id,
  field,
  value,
  created_at,
  updated_at
) VALUES (
  gen_random_uuid(),
  'f4653ead-3233-44e6-8d9d-5f92299b427e',
  'questions',
  '2586a170-d406-41c1-960e-76c807c59801',
  NOW(),
  NOW()
) ON CONFLICT DO NOTHING; -- Skip if the relationship already exists

-- Insert question 2 for quiz: Storyboards in Presentations Quiz
INSERT INTO payload.quiz_questions (
  id,
  question,
  quiz_id,
  quiz_id_id, -- Duplicate field for compatibility
  type,
  explanation,
  "order",
  created_at,
  updated_at
) VALUES (
  'e430ee32-6d08-45be-b16c-4a63d4ddb825', -- Generated UUID for the question
  'What tools are recommended to use for storyboarding?',
  'f4653ead-3233-44e6-8d9d-5f92299b427e', -- Quiz ID
  'f4653ead-3233-44e6-8d9d-5f92299b427e', -- Quiz ID (duplicate)
  'multiple_choice',
  '',
  1,
  NOW(),
  NOW()
) ON CONFLICT (id) DO NOTHING; -- Skip if the question already exists

-- Insert option 1 for question 2
INSERT INTO payload.quiz_questions_options (
  id,
  _order,
  _parent_id,
  text,
  is_correct,
  created_at,
  updated_at
) VALUES (
  gen_random_uuid(),
  0,
  'e430ee32-6d08-45be-b16c-4a63d4ddb825',
  'A stone tablet and chisel',
  false,
  NOW(),
  NOW()
) ON CONFLICT DO NOTHING; -- Skip if the option already exists

-- Insert option 2 for question 2
INSERT INTO payload.quiz_questions_options (
  id,
  _order,
  _parent_id,
  text,
  is_correct,
  created_at,
  updated_at
) VALUES (
  gen_random_uuid(),
  1,
  'e430ee32-6d08-45be-b16c-4a63d4ddb825',
  'PowerPoint',
  false,
  NOW(),
  NOW()
) ON CONFLICT DO NOTHING; -- Skip if the option already exists

-- Insert option 3 for question 2
INSERT INTO payload.quiz_questions_options (
  id,
  _order,
  _parent_id,
  text,
  is_correct,
  created_at,
  updated_at
) VALUES (
  gen_random_uuid(),
  2,
  'e430ee32-6d08-45be-b16c-4a63d4ddb825',
  'Adobe Edge Animate',
  false,
  NOW(),
  NOW()
) ON CONFLICT DO NOTHING; -- Skip if the option already exists

-- Insert option 4 for question 2
INSERT INTO payload.quiz_questions_options (
  id,
  _order,
  _parent_id,
  text,
  is_correct,
  created_at,
  updated_at
) VALUES (
  gen_random_uuid(),
  3,
  'e430ee32-6d08-45be-b16c-4a63d4ddb825',
  'Pen and paper',
  true,
  NOW(),
  NOW()
) ON CONFLICT DO NOTHING; -- Skip if the option already exists

-- Create relationship entry for the question to the quiz
INSERT INTO payload.quiz_questions_rels (
  id,
  _parent_id,
  field,
  value,
  created_at,
  updated_at
) VALUES (
  gen_random_uuid(),
  'e430ee32-6d08-45be-b16c-4a63d4ddb825',
  'quiz_id',
  'f4653ead-3233-44e6-8d9d-5f92299b427e',
  NOW(),
  NOW()
) ON CONFLICT DO NOTHING; -- Skip if the relationship already exists

-- Create bidirectional relationship entry for the quiz to the question
INSERT INTO payload.course_quizzes_rels (
  id,
  _parent_id,
  field,
  value,
  created_at,
  updated_at
) VALUES (
  gen_random_uuid(),
  'f4653ead-3233-44e6-8d9d-5f92299b427e',
  'questions',
  'e430ee32-6d08-45be-b16c-4a63d4ddb825',
  NOW(),
  NOW()
) ON CONFLICT DO NOTHING; -- Skip if the relationship already exists

-- Questions for quiz: What is Structure? Quiz (structure-quiz, ID: 48c1c3cb-b75b-4707-84af-7c8c8ce028c1)
-- Insert question 1 for quiz: What is Structure? Quiz
INSERT INTO payload.quiz_questions (
  id,
  question,
  quiz_id,
  quiz_id_id, -- Duplicate field for compatibility
  type,
  explanation,
  "order",
  created_at,
  updated_at
) VALUES (
  '81d527a3-f6c1-4e02-ad45-849d4ee40e3b', -- Generated UUID for the question
  'What is the principle of Abstraction?',
  '48c1c3cb-b75b-4707-84af-7c8c8ce028c1', -- Quiz ID
  '48c1c3cb-b75b-4707-84af-7c8c8ce028c1', -- Quiz ID (duplicate)
  'single-answer',
  '',
  0,
  NOW(),
  NOW()
) ON CONFLICT (id) DO NOTHING; -- Skip if the question already exists

-- Insert option 1 for question 1
INSERT INTO payload.quiz_questions_options (
  id,
  _order,
  _parent_id,
  text,
  is_correct,
  created_at,
  updated_at
) VALUES (
  gen_random_uuid(),
  0,
  '81d527a3-f6c1-4e02-ad45-849d4ee40e3b',
  'A grouping principle, whereby a hierarchy is adhered to with higher levels of abstraction (less detail) placed near the top, with more specific concepts underneath ',
  true,
  NOW(),
  NOW()
) ON CONFLICT DO NOTHING; -- Skip if the option already exists

-- Insert option 2 for question 1
INSERT INTO payload.quiz_questions_options (
  id,
  _order,
  _parent_id,
  text,
  is_correct,
  created_at,
  updated_at
) VALUES (
  gen_random_uuid(),
  1,
  '81d527a3-f6c1-4e02-ad45-849d4ee40e3b',
  'A John Grisham novel',
  false,
  NOW(),
  NOW()
) ON CONFLICT DO NOTHING; -- Skip if the option already exists

-- Insert option 3 for question 1
INSERT INTO payload.quiz_questions_options (
  id,
  _order,
  _parent_id,
  text,
  is_correct,
  created_at,
  updated_at
) VALUES (
  gen_random_uuid(),
  2,
  '81d527a3-f6c1-4e02-ad45-849d4ee40e3b',
  'An approach whereby we simplify our question so profoundly that we reach a level of enlightenment',
  false,
  NOW(),
  NOW()
) ON CONFLICT DO NOTHING; -- Skip if the option already exists

-- Create relationship entry for the question to the quiz
INSERT INTO payload.quiz_questions_rels (
  id,
  _parent_id,
  field,
  value,
  created_at,
  updated_at
) VALUES (
  gen_random_uuid(),
  '81d527a3-f6c1-4e02-ad45-849d4ee40e3b',
  'quiz_id',
  '48c1c3cb-b75b-4707-84af-7c8c8ce028c1',
  NOW(),
  NOW()
) ON CONFLICT DO NOTHING; -- Skip if the relationship already exists

-- Create bidirectional relationship entry for the quiz to the question
INSERT INTO payload.course_quizzes_rels (
  id,
  _parent_id,
  field,
  value,
  created_at,
  updated_at
) VALUES (
  gen_random_uuid(),
  '48c1c3cb-b75b-4707-84af-7c8c8ce028c1',
  'questions',
  '81d527a3-f6c1-4e02-ad45-849d4ee40e3b',
  NOW(),
  NOW()
) ON CONFLICT DO NOTHING; -- Skip if the relationship already exists

-- Insert question 2 for quiz: What is Structure? Quiz
INSERT INTO payload.quiz_questions (
  id,
  question,
  quiz_id,
  quiz_id_id, -- Duplicate field for compatibility
  type,
  explanation,
  "order",
  created_at,
  updated_at
) VALUES (
  '1afedce0-b82e-4ffd-aeb8-b4b17724f894', -- Generated UUID for the question
  'Which lists are MECE (pick 2)',
  '48c1c3cb-b75b-4707-84af-7c8c8ce028c1', -- Quiz ID
  '48c1c3cb-b75b-4707-84af-7c8c8ce028c1', -- Quiz ID (duplicate)
  'multi-answer',
  '',
  1,
  NOW(),
  NOW()
) ON CONFLICT (id) DO NOTHING; -- Skip if the question already exists

-- Insert option 1 for question 2
INSERT INTO payload.quiz_questions_options (
  id,
  _order,
  _parent_id,
  text,
  is_correct,
  created_at,
  updated_at
) VALUES (
  gen_random_uuid(),
  0,
  '1afedce0-b82e-4ffd-aeb8-b4b17724f894',
  'Profit=revenue minus expenses',
  true,
  NOW(),
  NOW()
) ON CONFLICT DO NOTHING; -- Skip if the option already exists

-- Insert option 2 for question 2
INSERT INTO payload.quiz_questions_options (
  id,
  _order,
  _parent_id,
  text,
  is_correct,
  created_at,
  updated_at
) VALUES (
  gen_random_uuid(),
  1,
  '1afedce0-b82e-4ffd-aeb8-b4b17724f894',
  'Star Wars films: New Hope, Empire, Revenge of the Sith',
  false,
  NOW(),
  NOW()
) ON CONFLICT DO NOTHING; -- Skip if the option already exists

-- Insert option 3 for question 2
INSERT INTO payload.quiz_questions_options (
  id,
  _order,
  _parent_id,
  text,
  is_correct,
  created_at,
  updated_at
) VALUES (
  gen_random_uuid(),
  2,
  '1afedce0-b82e-4ffd-aeb8-b4b17724f894',
  'The global population broken down into age groups of 0-20 year-olds, 21-40 year-olds, 41-60 year-olds, 61-80 year-olds, and 81 and over',
  true,
  NOW(),
  NOW()
) ON CONFLICT DO NOTHING; -- Skip if the option already exists

-- Create relationship entry for the question to the quiz
INSERT INTO payload.quiz_questions_rels (
  id,
  _parent_id,
  field,
  value,
  created_at,
  updated_at
) VALUES (
  gen_random_uuid(),
  '1afedce0-b82e-4ffd-aeb8-b4b17724f894',
  'quiz_id',
  '48c1c3cb-b75b-4707-84af-7c8c8ce028c1',
  NOW(),
  NOW()
) ON CONFLICT DO NOTHING; -- Skip if the relationship already exists

-- Create bidirectional relationship entry for the quiz to the question
INSERT INTO payload.course_quizzes_rels (
  id,
  _parent_id,
  field,
  value,
  created_at,
  updated_at
) VALUES (
  gen_random_uuid(),
  '48c1c3cb-b75b-4707-84af-7c8c8ce028c1',
  'questions',
  '1afedce0-b82e-4ffd-aeb8-b4b17724f894',
  NOW(),
  NOW()
) ON CONFLICT DO NOTHING; -- Skip if the relationship already exists

-- Insert question 3 for quiz: What is Structure? Quiz
INSERT INTO payload.quiz_questions (
  id,
  question,
  quiz_id,
  quiz_id_id, -- Duplicate field for compatibility
  type,
  explanation,
  "order",
  created_at,
  updated_at
) VALUES (
  'e3efc846-c4dc-418c-8452-98644c1e8b57', -- Generated UUID for the question
  'What are the three Golden Rules to follow when applying the principle of abstraction and organizing your ideas?',
  '48c1c3cb-b75b-4707-84af-7c8c8ce028c1', -- Quiz ID
  '48c1c3cb-b75b-4707-84af-7c8c8ce028c1', -- Quiz ID (duplicate)
  'multi-answer',
  '',
  2,
  NOW(),
  NOW()
) ON CONFLICT (id) DO NOTHING; -- Skip if the question already exists

-- Insert option 1 for question 3
INSERT INTO payload.quiz_questions_options (
  id,
  _order,
  _parent_id,
  text,
  is_correct,
  created_at,
  updated_at
) VALUES (
  gen_random_uuid(),
  0,
  'e3efc846-c4dc-418c-8452-98644c1e8b57',
  'Concepts should be arranged in the shape of a triangle',
  false,
  NOW(),
  NOW()
) ON CONFLICT DO NOTHING; -- Skip if the option already exists

-- Insert option 2 for question 3
INSERT INTO payload.quiz_questions_options (
  id,
  _order,
  _parent_id,
  text,
  is_correct,
  created_at,
  updated_at
) VALUES (
  gen_random_uuid(),
  1,
  'e3efc846-c4dc-418c-8452-98644c1e8b57',
  'Concepts at any level must be presented in a strict logical order',
  true,
  NOW(),
  NOW()
) ON CONFLICT DO NOTHING; -- Skip if the option already exists

-- Insert option 3 for question 3
INSERT INTO payload.quiz_questions_options (
  id,
  _order,
  _parent_id,
  text,
  is_correct,
  created_at,
  updated_at
) VALUES (
  gen_random_uuid(),
  2,
  'e3efc846-c4dc-418c-8452-98644c1e8b57',
  'Concepts in any group are always the same kind of idea',
  true,
  NOW(),
  NOW()
) ON CONFLICT DO NOTHING; -- Skip if the option already exists

-- Insert option 4 for question 3
INSERT INTO payload.quiz_questions_options (
  id,
  _order,
  _parent_id,
  text,
  is_correct,
  created_at,
  updated_at
) VALUES (
  gen_random_uuid(),
  3,
  'e3efc846-c4dc-418c-8452-98644c1e8b57',
  'Concepts or ideas at any level of your argument must be more abstract summaries of the concepts that are grouped below',
  true,
  NOW(),
  NOW()
) ON CONFLICT DO NOTHING; -- Skip if the option already exists

-- Insert option 5 for question 3
INSERT INTO payload.quiz_questions_options (
  id,
  _order,
  _parent_id,
  text,
  is_correct,
  created_at,
  updated_at
) VALUES (
  gen_random_uuid(),
  4,
  'e3efc846-c4dc-418c-8452-98644c1e8b57',
  'Concepts must be ordered alphabetically',
  false,
  NOW(),
  NOW()
) ON CONFLICT DO NOTHING; -- Skip if the option already exists

-- Insert option 6 for question 3
INSERT INTO payload.quiz_questions_options (
  id,
  _order,
  _parent_id,
  text,
  is_correct,
  created_at,
  updated_at
) VALUES (
  gen_random_uuid(),
  5,
  'e3efc846-c4dc-418c-8452-98644c1e8b57',
  'Ideas should be clever',
  false,
  NOW(),
  NOW()
) ON CONFLICT DO NOTHING; -- Skip if the option already exists

-- Create relationship entry for the question to the quiz
INSERT INTO payload.quiz_questions_rels (
  id,
  _parent_id,
  field,
  value,
  created_at,
  updated_at
) VALUES (
  gen_random_uuid(),
  'e3efc846-c4dc-418c-8452-98644c1e8b57',
  'quiz_id',
  '48c1c3cb-b75b-4707-84af-7c8c8ce028c1',
  NOW(),
  NOW()
) ON CONFLICT DO NOTHING; -- Skip if the relationship already exists

-- Create bidirectional relationship entry for the quiz to the question
INSERT INTO payload.course_quizzes_rels (
  id,
  _parent_id,
  field,
  value,
  created_at,
  updated_at
) VALUES (
  gen_random_uuid(),
  '48c1c3cb-b75b-4707-84af-7c8c8ce028c1',
  'questions',
  'e3efc846-c4dc-418c-8452-98644c1e8b57',
  NOW(),
  NOW()
) ON CONFLICT DO NOTHING; -- Skip if the relationship already exists

-- Insert question 4 for quiz: What is Structure? Quiz
INSERT INTO payload.quiz_questions (
  id,
  question,
  quiz_id,
  quiz_id_id, -- Duplicate field for compatibility
  type,
  explanation,
  "order",
  created_at,
  updated_at
) VALUES (
  '92c122a5-b54c-4741-8464-b01e865648fa', -- Generated UUID for the question
  'Match the argument with whether it is deductive or inductive: ''Jill and Bob are friends. Jill likes to dance, cook and write. Bob likes to dance and cook. Therefore it can be assumed he also likes to write.',
  '48c1c3cb-b75b-4707-84af-7c8c8ce028c1', -- Quiz ID
  '48c1c3cb-b75b-4707-84af-7c8c8ce028c1', -- Quiz ID (duplicate)
  'single-answer',
  '',
  3,
  NOW(),
  NOW()
) ON CONFLICT (id) DO NOTHING; -- Skip if the question already exists

-- Insert option 1 for question 4
INSERT INTO payload.quiz_questions_options (
  id,
  _order,
  _parent_id,
  text,
  is_correct,
  created_at,
  updated_at
) VALUES (
  gen_random_uuid(),
  0,
  '92c122a5-b54c-4741-8464-b01e865648fa',
  'Deductive',
  false,
  NOW(),
  NOW()
) ON CONFLICT DO NOTHING; -- Skip if the option already exists

-- Insert option 2 for question 4
INSERT INTO payload.quiz_questions_options (
  id,
  _order,
  _parent_id,
  text,
  is_correct,
  created_at,
  updated_at
) VALUES (
  gen_random_uuid(),
  1,
  '92c122a5-b54c-4741-8464-b01e865648fa',
  'Inductive',
  true,
  NOW(),
  NOW()
) ON CONFLICT DO NOTHING; -- Skip if the option already exists

-- Create relationship entry for the question to the quiz
INSERT INTO payload.quiz_questions_rels (
  id,
  _parent_id,
  field,
  value,
  created_at,
  updated_at
) VALUES (
  gen_random_uuid(),
  '92c122a5-b54c-4741-8464-b01e865648fa',
  'quiz_id',
  '48c1c3cb-b75b-4707-84af-7c8c8ce028c1',
  NOW(),
  NOW()
) ON CONFLICT DO NOTHING; -- Skip if the relationship already exists

-- Create bidirectional relationship entry for the quiz to the question
INSERT INTO payload.course_quizzes_rels (
  id,
  _parent_id,
  field,
  value,
  created_at,
  updated_at
) VALUES (
  gen_random_uuid(),
  '48c1c3cb-b75b-4707-84af-7c8c8ce028c1',
  'questions',
  '92c122a5-b54c-4741-8464-b01e865648fa',
  NOW(),
  NOW()
) ON CONFLICT DO NOTHING; -- Skip if the relationship already exists

-- Insert question 5 for quiz: What is Structure? Quiz
INSERT INTO payload.quiz_questions (
  id,
  question,
  quiz_id,
  quiz_id_id, -- Duplicate field for compatibility
  type,
  explanation,
  "order",
  created_at,
  updated_at
) VALUES (
  '563dee08-0058-4fcb-a9d5-aca66e0675a0', -- Generated UUID for the question
  'Match the argument with whether it is deductive or inductive: ''All dogs are mammals. All mammals have kidneys. Therefore all dogs have kidneys.',
  '48c1c3cb-b75b-4707-84af-7c8c8ce028c1', -- Quiz ID
  '48c1c3cb-b75b-4707-84af-7c8c8ce028c1', -- Quiz ID (duplicate)
  'single-answer',
  '',
  4,
  NOW(),
  NOW()
) ON CONFLICT (id) DO NOTHING; -- Skip if the question already exists

-- Insert option 1 for question 5
INSERT INTO payload.quiz_questions_options (
  id,
  _order,
  _parent_id,
  text,
  is_correct,
  created_at,
  updated_at
) VALUES (
  gen_random_uuid(),
  0,
  '563dee08-0058-4fcb-a9d5-aca66e0675a0',
  'Inductive',
  false,
  NOW(),
  NOW()
) ON CONFLICT DO NOTHING; -- Skip if the option already exists

-- Insert option 2 for question 5
INSERT INTO payload.quiz_questions_options (
  id,
  _order,
  _parent_id,
  text,
  is_correct,
  created_at,
  updated_at
) VALUES (
  gen_random_uuid(),
  1,
  '563dee08-0058-4fcb-a9d5-aca66e0675a0',
  'Deductive',
  true,
  NOW(),
  NOW()
) ON CONFLICT DO NOTHING; -- Skip if the option already exists

-- Create relationship entry for the question to the quiz
INSERT INTO payload.quiz_questions_rels (
  id,
  _parent_id,
  field,
  value,
  created_at,
  updated_at
) VALUES (
  gen_random_uuid(),
  '563dee08-0058-4fcb-a9d5-aca66e0675a0',
  'quiz_id',
  '48c1c3cb-b75b-4707-84af-7c8c8ce028c1',
  NOW(),
  NOW()
) ON CONFLICT DO NOTHING; -- Skip if the relationship already exists

-- Create bidirectional relationship entry for the quiz to the question
INSERT INTO payload.course_quizzes_rels (
  id,
  _parent_id,
  field,
  value,
  created_at,
  updated_at
) VALUES (
  gen_random_uuid(),
  '48c1c3cb-b75b-4707-84af-7c8c8ce028c1',
  'questions',
  '563dee08-0058-4fcb-a9d5-aca66e0675a0',
  NOW(),
  NOW()
) ON CONFLICT DO NOTHING; -- Skip if the relationship already exists

-- Insert question 6 for quiz: What is Structure? Quiz
INSERT INTO payload.quiz_questions (
  id,
  question,
  quiz_id,
  quiz_id_id, -- Duplicate field for compatibility
  type,
  explanation,
  "order",
  created_at,
  updated_at
) VALUES (
  '0a7fcdf6-2c26-4272-801a-d037946fac20', -- Generated UUID for the question
  'What is the rule of 7 (updated)?',
  '48c1c3cb-b75b-4707-84af-7c8c8ce028c1', -- Quiz ID
  '48c1c3cb-b75b-4707-84af-7c8c8ce028c1', -- Quiz ID (duplicate)
  'single-answer',
  '',
  5,
  NOW(),
  NOW()
) ON CONFLICT (id) DO NOTHING; -- Skip if the question already exists

-- Insert option 1 for question 6
INSERT INTO payload.quiz_questions_options (
  id,
  _order,
  _parent_id,
  text,
  is_correct,
  created_at,
  updated_at
) VALUES (
  gen_random_uuid(),
  0,
  '0a7fcdf6-2c26-4272-801a-d037946fac20',
  'There is no such thing as 7 or 9 of anything. We should seek to structure our ideas into groups of 4-5 or less',
  true,
  NOW(),
  NOW()
) ON CONFLICT DO NOTHING; -- Skip if the option already exists

-- Insert option 2 for question 6
INSERT INTO payload.quiz_questions_options (
  id,
  _order,
  _parent_id,
  text,
  is_correct,
  created_at,
  updated_at
) VALUES (
  gen_random_uuid(),
  1,
  '0a7fcdf6-2c26-4272-801a-d037946fac20',
  'Rule for calculating compound interest',
  false,
  NOW(),
  NOW()
) ON CONFLICT DO NOTHING; -- Skip if the option already exists

-- Insert option 3 for question 6
INSERT INTO payload.quiz_questions_options (
  id,
  _order,
  _parent_id,
  text,
  is_correct,
  created_at,
  updated_at
) VALUES (
  gen_random_uuid(),
  2,
  '0a7fcdf6-2c26-4272-801a-d037946fac20',
  'Organize your ideas into groups of 7',
  false,
  NOW(),
  NOW()
) ON CONFLICT DO NOTHING; -- Skip if the option already exists

-- Insert option 4 for question 6
INSERT INTO payload.quiz_questions_options (
  id,
  _order,
  _parent_id,
  text,
  is_correct,
  created_at,
  updated_at
) VALUES (
  gen_random_uuid(),
  3,
  '0a7fcdf6-2c26-4272-801a-d037946fac20',
  'Movie staring Brad Pitt',
  false,
  NOW(),
  NOW()
) ON CONFLICT DO NOTHING; -- Skip if the option already exists

-- Create relationship entry for the question to the quiz
INSERT INTO payload.quiz_questions_rels (
  id,
  _parent_id,
  field,
  value,
  created_at,
  updated_at
) VALUES (
  gen_random_uuid(),
  '0a7fcdf6-2c26-4272-801a-d037946fac20',
  'quiz_id',
  '48c1c3cb-b75b-4707-84af-7c8c8ce028c1',
  NOW(),
  NOW()
) ON CONFLICT DO NOTHING; -- Skip if the relationship already exists

-- Create bidirectional relationship entry for the quiz to the question
INSERT INTO payload.course_quizzes_rels (
  id,
  _parent_id,
  field,
  value,
  created_at,
  updated_at
) VALUES (
  gen_random_uuid(),
  '48c1c3cb-b75b-4707-84af-7c8c8ce028c1',
  'questions',
  '0a7fcdf6-2c26-4272-801a-d037946fac20',
  NOW(),
  NOW()
) ON CONFLICT DO NOTHING; -- Skip if the relationship already exists

-- Questions for quiz: Tables vs Graphs Quiz (tables-vs-graphs-quiz, ID: 1cd1fe53-85cc-4146-afd8-bd86aa119e90)
-- Insert question 1 for quiz: Tables vs Graphs Quiz
INSERT INTO payload.quiz_questions (
  id,
  question,
  quiz_id,
  quiz_id_id, -- Duplicate field for compatibility
  type,
  explanation,
  "order",
  created_at,
  updated_at
) VALUES (
  '49b524ea-19cf-4cf9-a3e7-c7f49b3ce767', -- Generated UUID for the question
  'What are the two defining characteristics of Tables?',
  '1cd1fe53-85cc-4146-afd8-bd86aa119e90', -- Quiz ID
  '1cd1fe53-85cc-4146-afd8-bd86aa119e90', -- Quiz ID (duplicate)
  'multi-answer',
  '',
  0,
  NOW(),
  NOW()
) ON CONFLICT (id) DO NOTHING; -- Skip if the question already exists

-- Insert option 1 for question 1
INSERT INTO payload.quiz_questions_options (
  id,
  _order,
  _parent_id,
  text,
  is_correct,
  created_at,
  updated_at
) VALUES (
  gen_random_uuid(),
  0,
  '49b524ea-19cf-4cf9-a3e7-c7f49b3ce767',
  'Information is encoded as text (words and numbers)',
  true,
  NOW(),
  NOW()
) ON CONFLICT DO NOTHING; -- Skip if the option already exists

-- Insert option 2 for question 1
INSERT INTO payload.quiz_questions_options (
  id,
  _order,
  _parent_id,
  text,
  is_correct,
  created_at,
  updated_at
) VALUES (
  gen_random_uuid(),
  1,
  '49b524ea-19cf-4cf9-a3e7-c7f49b3ce767',
  'They are black and white',
  false,
  NOW(),
  NOW()
) ON CONFLICT DO NOTHING; -- Skip if the option already exists

-- Insert option 3 for question 1
INSERT INTO payload.quiz_questions_options (
  id,
  _order,
  _parent_id,
  text,
  is_correct,
  created_at,
  updated_at
) VALUES (
  gen_random_uuid(),
  2,
  '49b524ea-19cf-4cf9-a3e7-c7f49b3ce767',
  'They are not as nice to look at as graphs',
  false,
  NOW(),
  NOW()
) ON CONFLICT DO NOTHING; -- Skip if the option already exists

-- Insert option 4 for question 1
INSERT INTO payload.quiz_questions_options (
  id,
  _order,
  _parent_id,
  text,
  is_correct,
  created_at,
  updated_at
) VALUES (
  gen_random_uuid(),
  3,
  '49b524ea-19cf-4cf9-a3e7-c7f49b3ce767',
  'They are arranged in columns and rows',
  true,
  NOW(),
  NOW()
) ON CONFLICT DO NOTHING; -- Skip if the option already exists

-- Create relationship entry for the question to the quiz
INSERT INTO payload.quiz_questions_rels (
  id,
  _parent_id,
  field,
  value,
  created_at,
  updated_at
) VALUES (
  gen_random_uuid(),
  '49b524ea-19cf-4cf9-a3e7-c7f49b3ce767',
  'quiz_id',
  '1cd1fe53-85cc-4146-afd8-bd86aa119e90',
  NOW(),
  NOW()
) ON CONFLICT DO NOTHING; -- Skip if the relationship already exists

-- Create bidirectional relationship entry for the quiz to the question
INSERT INTO payload.course_quizzes_rels (
  id,
  _parent_id,
  field,
  value,
  created_at,
  updated_at
) VALUES (
  gen_random_uuid(),
  '1cd1fe53-85cc-4146-afd8-bd86aa119e90',
  'questions',
  '49b524ea-19cf-4cf9-a3e7-c7f49b3ce767',
  NOW(),
  NOW()
) ON CONFLICT DO NOTHING; -- Skip if the relationship already exists

-- Insert question 2 for quiz: Tables vs Graphs Quiz
INSERT INTO payload.quiz_questions (
  id,
  question,
  quiz_id,
  quiz_id_id, -- Duplicate field for compatibility
  type,
  explanation,
  "order",
  created_at,
  updated_at
) VALUES (
  '17075e05-b7b6-4978-8025-147842f6337d', -- Generated UUID for the question
  'What re some of the primary benefits of a table?',
  '1cd1fe53-85cc-4146-afd8-bd86aa119e90', -- Quiz ID
  '1cd1fe53-85cc-4146-afd8-bd86aa119e90', -- Quiz ID (duplicate)
  'multi-answer',
  '',
  1,
  NOW(),
  NOW()
) ON CONFLICT (id) DO NOTHING; -- Skip if the question already exists

-- Insert option 1 for question 2
INSERT INTO payload.quiz_questions_options (
  id,
  _order,
  _parent_id,
  text,
  is_correct,
  created_at,
  updated_at
) VALUES (
  gen_random_uuid(),
  0,
  '17075e05-b7b6-4978-8025-147842f6337d',
  'Tables make it easy to look up individual values',
  true,
  NOW(),
  NOW()
) ON CONFLICT DO NOTHING; -- Skip if the option already exists

-- Insert option 2 for question 2
INSERT INTO payload.quiz_questions_options (
  id,
  _order,
  _parent_id,
  text,
  is_correct,
  created_at,
  updated_at
) VALUES (
  gen_random_uuid(),
  1,
  '17075e05-b7b6-4978-8025-147842f6337d',
  'Tables make it easy to compare pairs of related values',
  true,
  NOW(),
  NOW()
) ON CONFLICT DO NOTHING; -- Skip if the option already exists

-- Insert option 3 for question 2
INSERT INTO payload.quiz_questions_options (
  id,
  _order,
  _parent_id,
  text,
  is_correct,
  created_at,
  updated_at
) VALUES (
  gen_random_uuid(),
  2,
  '17075e05-b7b6-4978-8025-147842f6337d',
  'Textual encoding provides a level of precision that you cannot get in graphs',
  true,
  NOW(),
  NOW()
) ON CONFLICT DO NOTHING; -- Skip if the option already exists

-- Insert option 4 for question 2
INSERT INTO payload.quiz_questions_options (
  id,
  _order,
  _parent_id,
  text,
  is_correct,
  created_at,
  updated_at
) VALUES (
  gen_random_uuid(),
  3,
  '17075e05-b7b6-4978-8025-147842f6337d',
  'Tables are easier to create than graphs',
  false,
  NOW(),
  NOW()
) ON CONFLICT DO NOTHING; -- Skip if the option already exists

-- Insert option 5 for question 2
INSERT INTO payload.quiz_questions_options (
  id,
  _order,
  _parent_id,
  text,
  is_correct,
  created_at,
  updated_at
) VALUES (
  gen_random_uuid(),
  4,
  '17075e05-b7b6-4978-8025-147842f6337d',
  'Tables can handle larger data sets than graphs',
  false,
  NOW(),
  NOW()
) ON CONFLICT DO NOTHING; -- Skip if the option already exists

-- Create relationship entry for the question to the quiz
INSERT INTO payload.quiz_questions_rels (
  id,
  _parent_id,
  field,
  value,
  created_at,
  updated_at
) VALUES (
  gen_random_uuid(),
  '17075e05-b7b6-4978-8025-147842f6337d',
  'quiz_id',
  '1cd1fe53-85cc-4146-afd8-bd86aa119e90',
  NOW(),
  NOW()
) ON CONFLICT DO NOTHING; -- Skip if the relationship already exists

-- Create bidirectional relationship entry for the quiz to the question
INSERT INTO payload.course_quizzes_rels (
  id,
  _parent_id,
  field,
  value,
  created_at,
  updated_at
) VALUES (
  gen_random_uuid(),
  '1cd1fe53-85cc-4146-afd8-bd86aa119e90',
  'questions',
  '17075e05-b7b6-4978-8025-147842f6337d',
  NOW(),
  NOW()
) ON CONFLICT DO NOTHING; -- Skip if the relationship already exists

-- Insert question 3 for quiz: Tables vs Graphs Quiz
INSERT INTO payload.quiz_questions (
  id,
  question,
  quiz_id,
  quiz_id_id, -- Duplicate field for compatibility
  type,
  explanation,
  "order",
  created_at,
  updated_at
) VALUES (
  '97d252f3-a7b5-41ab-bbbc-f6457d99ef4e', -- Generated UUID for the question
  'What are some of the characteristics that define graphs?',
  '1cd1fe53-85cc-4146-afd8-bd86aa119e90', -- Quiz ID
  '1cd1fe53-85cc-4146-afd8-bd86aa119e90', -- Quiz ID (duplicate)
  'multi-answer',
  '',
  2,
  NOW(),
  NOW()
) ON CONFLICT (id) DO NOTHING; -- Skip if the question already exists

-- Insert option 1 for question 3
INSERT INTO payload.quiz_questions_options (
  id,
  _order,
  _parent_id,
  text,
  is_correct,
  created_at,
  updated_at
) VALUES (
  gen_random_uuid(),
  0,
  '97d252f3-a7b5-41ab-bbbc-f6457d99ef4e',
  'Information is encoded as text (words and numbers)',
  false,
  NOW(),
  NOW()
) ON CONFLICT DO NOTHING; -- Skip if the option already exists

-- Insert option 2 for question 3
INSERT INTO payload.quiz_questions_options (
  id,
  _order,
  _parent_id,
  text,
  is_correct,
  created_at,
  updated_at
) VALUES (
  gen_random_uuid(),
  1,
  '97d252f3-a7b5-41ab-bbbc-f6457d99ef4e',
  'Axes provide scales (quantitative and categorical) that are used to label and assign value to the visual objects',
  true,
  NOW(),
  NOW()
) ON CONFLICT DO NOTHING; -- Skip if the option already exists

-- Insert option 3 for question 3
INSERT INTO payload.quiz_questions_options (
  id,
  _order,
  _parent_id,
  text,
  is_correct,
  created_at,
  updated_at
) VALUES (
  gen_random_uuid(),
  2,
  '97d252f3-a7b5-41ab-bbbc-f6457d99ef4e',
  'They are nicer to look at than tables',
  false,
  NOW(),
  NOW()
) ON CONFLICT DO NOTHING; -- Skip if the option already exists

-- Insert option 4 for question 3
INSERT INTO payload.quiz_questions_options (
  id,
  _order,
  _parent_id,
  text,
  is_correct,
  created_at,
  updated_at
) VALUES (
  gen_random_uuid(),
  3,
  '97d252f3-a7b5-41ab-bbbc-f6457d99ef4e',
  'They are typically in color',
  false,
  NOW(),
  NOW()
) ON CONFLICT DO NOTHING; -- Skip if the option already exists

-- Insert option 5 for question 3
INSERT INTO payload.quiz_questions_options (
  id,
  _order,
  _parent_id,
  text,
  is_correct,
  created_at,
  updated_at
) VALUES (
  gen_random_uuid(),
  4,
  '97d252f3-a7b5-41ab-bbbc-f6457d99ef4e',
  'Values are encoded as visual objects in relation to the axis',
  true,
  NOW(),
  NOW()
) ON CONFLICT DO NOTHING; -- Skip if the option already exists

-- Insert option 6 for question 3
INSERT INTO payload.quiz_questions_options (
  id,
  _order,
  _parent_id,
  text,
  is_correct,
  created_at,
  updated_at
) VALUES (
  gen_random_uuid(),
  5,
  '97d252f3-a7b5-41ab-bbbc-f6457d99ef4e',
  'Values are displayed within an area delineated by one or more axis',
  true,
  NOW(),
  NOW()
) ON CONFLICT DO NOTHING; -- Skip if the option already exists

-- Create relationship entry for the question to the quiz
INSERT INTO payload.quiz_questions_rels (
  id,
  _parent_id,
  field,
  value,
  created_at,
  updated_at
) VALUES (
  gen_random_uuid(),
  '97d252f3-a7b5-41ab-bbbc-f6457d99ef4e',
  'quiz_id',
  '1cd1fe53-85cc-4146-afd8-bd86aa119e90',
  NOW(),
  NOW()
) ON CONFLICT DO NOTHING; -- Skip if the relationship already exists

-- Create bidirectional relationship entry for the quiz to the question
INSERT INTO payload.course_quizzes_rels (
  id,
  _parent_id,
  field,
  value,
  created_at,
  updated_at
) VALUES (
  gen_random_uuid(),
  '1cd1fe53-85cc-4146-afd8-bd86aa119e90',
  'questions',
  '97d252f3-a7b5-41ab-bbbc-f6457d99ef4e',
  NOW(),
  NOW()
) ON CONFLICT DO NOTHING; -- Skip if the relationship already exists

-- Insert question 4 for quiz: Tables vs Graphs Quiz
INSERT INTO payload.quiz_questions (
  id,
  question,
  quiz_id,
  quiz_id_id, -- Duplicate field for compatibility
  type,
  explanation,
  "order",
  created_at,
  updated_at
) VALUES (
  '5a00e6fa-81dd-4adb-a881-6aa820eace27', -- Generated UUID for the question
  'When should you use graphs?',
  '1cd1fe53-85cc-4146-afd8-bd86aa119e90', -- Quiz ID
  '1cd1fe53-85cc-4146-afd8-bd86aa119e90', -- Quiz ID (duplicate)
  'multi-answer',
  '',
  3,
  NOW(),
  NOW()
) ON CONFLICT (id) DO NOTHING; -- Skip if the question already exists

-- Insert option 1 for question 4
INSERT INTO payload.quiz_questions_options (
  id,
  _order,
  _parent_id,
  text,
  is_correct,
  created_at,
  updated_at
) VALUES (
  gen_random_uuid(),
  0,
  '5a00e6fa-81dd-4adb-a881-6aa820eace27',
  'When the message or story is contained in the shape of the data',
  true,
  NOW(),
  NOW()
) ON CONFLICT DO NOTHING; -- Skip if the option already exists

-- Insert option 2 for question 4
INSERT INTO payload.quiz_questions_options (
  id,
  _order,
  _parent_id,
  text,
  is_correct,
  created_at,
  updated_at
) VALUES (
  gen_random_uuid(),
  1,
  '5a00e6fa-81dd-4adb-a881-6aa820eace27',
  'When the display will be used to reveal relationships among whole sets of values',
  true,
  NOW(),
  NOW()
) ON CONFLICT DO NOTHING; -- Skip if the option already exists

-- Insert option 3 for question 4
INSERT INTO payload.quiz_questions_options (
  id,
  _order,
  _parent_id,
  text,
  is_correct,
  created_at,
  updated_at
) VALUES (
  gen_random_uuid(),
  2,
  '5a00e6fa-81dd-4adb-a881-6aa820eace27',
  'When you need to ''sex-up'' a slide',
  false,
  NOW(),
  NOW()
) ON CONFLICT DO NOTHING; -- Skip if the option already exists

-- Insert option 4 for question 4
INSERT INTO payload.quiz_questions_options (
  id,
  _order,
  _parent_id,
  text,
  is_correct,
  created_at,
  updated_at
) VALUES (
  gen_random_uuid(),
  3,
  '5a00e6fa-81dd-4adb-a881-6aa820eace27',
  'When you have production support and they can create the graph for you',
  false,
  NOW(),
  NOW()
) ON CONFLICT DO NOTHING; -- Skip if the option already exists

-- Create relationship entry for the question to the quiz
INSERT INTO payload.quiz_questions_rels (
  id,
  _parent_id,
  field,
  value,
  created_at,
  updated_at
) VALUES (
  gen_random_uuid(),
  '5a00e6fa-81dd-4adb-a881-6aa820eace27',
  'quiz_id',
  '1cd1fe53-85cc-4146-afd8-bd86aa119e90',
  NOW(),
  NOW()
) ON CONFLICT DO NOTHING; -- Skip if the relationship already exists

-- Create bidirectional relationship entry for the quiz to the question
INSERT INTO payload.course_quizzes_rels (
  id,
  _parent_id,
  field,
  value,
  created_at,
  updated_at
) VALUES (
  gen_random_uuid(),
  '1cd1fe53-85cc-4146-afd8-bd86aa119e90',
  'questions',
  '5a00e6fa-81dd-4adb-a881-6aa820eace27',
  NOW(),
  NOW()
) ON CONFLICT DO NOTHING; -- Skip if the relationship already exists

-- Questions for quiz: The Who Quiz (the-who-quiz, ID: 3cafcfc7-e550-46e3-946f-1ccbc5e9c8a9)
-- Insert question 1 for quiz: The Who Quiz
INSERT INTO payload.quiz_questions (
  id,
  question,
  quiz_id,
  quiz_id_id, -- Duplicate field for compatibility
  type,
  explanation,
  "order",
  created_at,
  updated_at
) VALUES (
  'a9e9b4bd-ead5-43ef-ac52-13585ba09f57', -- Generated UUID for the question
  'Who is the hero of our presentation?',
  '3cafcfc7-e550-46e3-946f-1ccbc5e9c8a9', -- Quiz ID
  '3cafcfc7-e550-46e3-946f-1ccbc5e9c8a9', -- Quiz ID (duplicate)
  'single-answer',
  '',
  0,
  NOW(),
  NOW()
) ON CONFLICT (id) DO NOTHING; -- Skip if the question already exists

-- Insert option 1 for question 1
INSERT INTO payload.quiz_questions_options (
  id,
  _order,
  _parent_id,
  text,
  is_correct,
  created_at,
  updated_at
) VALUES (
  gen_random_uuid(),
  0,
  'a9e9b4bd-ead5-43ef-ac52-13585ba09f57',
  'Batman baby!',
  false,
  NOW(),
  NOW()
) ON CONFLICT DO NOTHING; -- Skip if the option already exists

-- Insert option 2 for question 1
INSERT INTO payload.quiz_questions_options (
  id,
  _order,
  _parent_id,
  text,
  is_correct,
  created_at,
  updated_at
) VALUES (
  gen_random_uuid(),
  1,
  'a9e9b4bd-ead5-43ef-ac52-13585ba09f57',
  'I am dammit!',
  false,
  NOW(),
  NOW()
) ON CONFLICT DO NOTHING; -- Skip if the option already exists

-- Insert option 3 for question 1
INSERT INTO payload.quiz_questions_options (
  id,
  _order,
  _parent_id,
  text,
  is_correct,
  created_at,
  updated_at
) VALUES (
  gen_random_uuid(),
  2,
  'a9e9b4bd-ead5-43ef-ac52-13585ba09f57',
  'The audience',
  true,
  NOW(),
  NOW()
) ON CONFLICT DO NOTHING; -- Skip if the option already exists

-- Insert option 4 for question 1
INSERT INTO payload.quiz_questions_options (
  id,
  _order,
  _parent_id,
  text,
  is_correct,
  created_at,
  updated_at
) VALUES (
  gen_random_uuid(),
  3,
  'a9e9b4bd-ead5-43ef-ac52-13585ba09f57',
  'Superman owns Batman',
  false,
  NOW(),
  NOW()
) ON CONFLICT DO NOTHING; -- Skip if the option already exists

-- Create relationship entry for the question to the quiz
INSERT INTO payload.quiz_questions_rels (
  id,
  _parent_id,
  field,
  value,
  created_at,
  updated_at
) VALUES (
  gen_random_uuid(),
  'a9e9b4bd-ead5-43ef-ac52-13585ba09f57',
  'quiz_id',
  '3cafcfc7-e550-46e3-946f-1ccbc5e9c8a9',
  NOW(),
  NOW()
) ON CONFLICT DO NOTHING; -- Skip if the relationship already exists

-- Create bidirectional relationship entry for the quiz to the question
INSERT INTO payload.course_quizzes_rels (
  id,
  _parent_id,
  field,
  value,
  created_at,
  updated_at
) VALUES (
  gen_random_uuid(),
  '3cafcfc7-e550-46e3-946f-1ccbc5e9c8a9',
  'questions',
  'a9e9b4bd-ead5-43ef-ac52-13585ba09f57',
  NOW(),
  NOW()
) ON CONFLICT DO NOTHING; -- Skip if the relationship already exists

-- Insert question 2 for quiz: The Who Quiz
INSERT INTO payload.quiz_questions (
  id,
  question,
  quiz_id,
  quiz_id_id, -- Duplicate field for compatibility
  type,
  explanation,
  "order",
  created_at,
  updated_at
) VALUES (
  'eca538ee-0a37-4967-98ac-b2186adb5c72', -- Generated UUID for the question
  'What is the Audience Map used for?',
  '3cafcfc7-e550-46e3-946f-1ccbc5e9c8a9', -- Quiz ID
  '3cafcfc7-e550-46e3-946f-1ccbc5e9c8a9', -- Quiz ID (duplicate)
  'single-answer',
  '',
  1,
  NOW(),
  NOW()
) ON CONFLICT (id) DO NOTHING; -- Skip if the question already exists

-- Insert option 1 for question 2
INSERT INTO payload.quiz_questions_options (
  id,
  _order,
  _parent_id,
  text,
  is_correct,
  created_at,
  updated_at
) VALUES (
  gen_random_uuid(),
  0,
  'eca538ee-0a37-4967-98ac-b2186adb5c72',
  'To be used to find your presentation venue. X marks the spot.',
  false,
  NOW(),
  NOW()
) ON CONFLICT DO NOTHING; -- Skip if the option already exists

-- Insert option 2 for question 2
INSERT INTO payload.quiz_questions_options (
  id,
  _order,
  _parent_id,
  text,
  is_correct,
  created_at,
  updated_at
) VALUES (
  gen_random_uuid(),
  1,
  'eca538ee-0a37-4967-98ac-b2186adb5c72',
  'To help identify the main decision maker',
  false,
  NOW(),
  NOW()
) ON CONFLICT DO NOTHING; -- Skip if the option already exists

-- Insert option 3 for question 2
INSERT INTO payload.quiz_questions_options (
  id,
  _order,
  _parent_id,
  text,
  is_correct,
  created_at,
  updated_at
) VALUES (
  gen_random_uuid(),
  2,
  'eca538ee-0a37-4967-98ac-b2186adb5c72',
  'To develop a strategic approach for engaging with your ''room''',
  true,
  NOW(),
  NOW()
) ON CONFLICT DO NOTHING; -- Skip if the option already exists

-- Create relationship entry for the question to the quiz
INSERT INTO payload.quiz_questions_rels (
  id,
  _parent_id,
  field,
  value,
  created_at,
  updated_at
) VALUES (
  gen_random_uuid(),
  'eca538ee-0a37-4967-98ac-b2186adb5c72',
  'quiz_id',
  '3cafcfc7-e550-46e3-946f-1ccbc5e9c8a9',
  NOW(),
  NOW()
) ON CONFLICT DO NOTHING; -- Skip if the relationship already exists

-- Create bidirectional relationship entry for the quiz to the question
INSERT INTO payload.course_quizzes_rels (
  id,
  _parent_id,
  field,
  value,
  created_at,
  updated_at
) VALUES (
  gen_random_uuid(),
  '3cafcfc7-e550-46e3-946f-1ccbc5e9c8a9',
  'questions',
  'eca538ee-0a37-4967-98ac-b2186adb5c72',
  NOW(),
  NOW()
) ON CONFLICT DO NOTHING; -- Skip if the relationship already exists

-- Insert question 3 for quiz: The Who Quiz
INSERT INTO payload.quiz_questions (
  id,
  question,
  quiz_id,
  quiz_id_id, -- Duplicate field for compatibility
  type,
  explanation,
  "order",
  created_at,
  updated_at
) VALUES (
  '82d249e9-7d95-49cc-99b7-76578e8e0643', -- Generated UUID for the question
  'What are the 4 quadrants of the Audience Map?',
  '3cafcfc7-e550-46e3-946f-1ccbc5e9c8a9', -- Quiz ID
  '3cafcfc7-e550-46e3-946f-1ccbc5e9c8a9', -- Quiz ID (duplicate)
  'single-answer',
  '',
  2,
  NOW(),
  NOW()
) ON CONFLICT (id) DO NOTHING; -- Skip if the question already exists

-- Insert option 1 for question 3
INSERT INTO payload.quiz_questions_options (
  id,
  _order,
  _parent_id,
  text,
  is_correct,
  created_at,
  updated_at
) VALUES (
  gen_random_uuid(),
  0,
  '82d249e9-7d95-49cc-99b7-76578e8e0643',
  'Senior, Junior, Advocate, Foe',
  false,
  NOW(),
  NOW()
) ON CONFLICT DO NOTHING; -- Skip if the option already exists

-- Insert option 2 for question 3
INSERT INTO payload.quiz_questions_options (
  id,
  _order,
  _parent_id,
  text,
  is_correct,
  created_at,
  updated_at
) VALUES (
  gen_random_uuid(),
  1,
  '82d249e9-7d95-49cc-99b7-76578e8e0643',
  'Personality, Power, Access, Resistance',
  true,
  NOW(),
  NOW()
) ON CONFLICT DO NOTHING; -- Skip if the option already exists

-- Insert option 3 for question 3
INSERT INTO payload.quiz_questions_options (
  id,
  _order,
  _parent_id,
  text,
  is_correct,
  created_at,
  updated_at
) VALUES (
  gen_random_uuid(),
  2,
  '82d249e9-7d95-49cc-99b7-76578e8e0643',
  'Friend, Foe, Advocate, Neutral',
  false,
  NOW(),
  NOW()
) ON CONFLICT DO NOTHING; -- Skip if the option already exists

-- Insert option 4 for question 3
INSERT INTO payload.quiz_questions_options (
  id,
  _order,
  _parent_id,
  text,
  is_correct,
  created_at,
  updated_at
) VALUES (
  gen_random_uuid(),
  3,
  '82d249e9-7d95-49cc-99b7-76578e8e0643',
  'North, South East and West',
  false,
  NOW(),
  NOW()
) ON CONFLICT DO NOTHING; -- Skip if the option already exists

-- Create relationship entry for the question to the quiz
INSERT INTO payload.quiz_questions_rels (
  id,
  _parent_id,
  field,
  value,
  created_at,
  updated_at
) VALUES (
  gen_random_uuid(),
  '82d249e9-7d95-49cc-99b7-76578e8e0643',
  'quiz_id',
  '3cafcfc7-e550-46e3-946f-1ccbc5e9c8a9',
  NOW(),
  NOW()
) ON CONFLICT DO NOTHING; -- Skip if the relationship already exists

-- Create bidirectional relationship entry for the quiz to the question
INSERT INTO payload.course_quizzes_rels (
  id,
  _parent_id,
  field,
  value,
  created_at,
  updated_at
) VALUES (
  gen_random_uuid(),
  '3cafcfc7-e550-46e3-946f-1ccbc5e9c8a9',
  'questions',
  '82d249e9-7d95-49cc-99b7-76578e8e0643',
  NOW(),
  NOW()
) ON CONFLICT DO NOTHING; -- Skip if the relationship already exists

-- Insert question 4 for quiz: The Who Quiz
INSERT INTO payload.quiz_questions (
  id,
  question,
  quiz_id,
  quiz_id_id, -- Duplicate field for compatibility
  type,
  explanation,
  "order",
  created_at,
  updated_at
) VALUES (
  '0c09da5c-fff3-41f1-9505-da246426eb4e', -- Generated UUID for the question
  'Pick the question that corresponds with the ''Personality'' quadrant',
  '3cafcfc7-e550-46e3-946f-1ccbc5e9c8a9', -- Quiz ID
  '3cafcfc7-e550-46e3-946f-1ccbc5e9c8a9', -- Quiz ID (duplicate)
  'single-answer',
  '',
  3,
  NOW(),
  NOW()
) ON CONFLICT (id) DO NOTHING; -- Skip if the question already exists

-- Insert option 1 for question 4
INSERT INTO payload.quiz_questions_options (
  id,
  _order,
  _parent_id,
  text,
  is_correct,
  created_at,
  updated_at
) VALUES (
  gen_random_uuid(),
  0,
  '0c09da5c-fff3-41f1-9505-da246426eb4e',
  'How do decisions get made?',
  false,
  NOW(),
  NOW()
) ON CONFLICT DO NOTHING; -- Skip if the option already exists

-- Insert option 2 for question 4
INSERT INTO payload.quiz_questions_options (
  id,
  _order,
  _parent_id,
  text,
  is_correct,
  created_at,
  updated_at
) VALUES (
  gen_random_uuid(),
  1,
  '0c09da5c-fff3-41f1-9505-da246426eb4e',
  'What is their style, energy level, and emotional state?',
  true,
  NOW(),
  NOW()
) ON CONFLICT DO NOTHING; -- Skip if the option already exists

-- Insert option 3 for question 4
INSERT INTO payload.quiz_questions_options (
  id,
  _order,
  _parent_id,
  text,
  is_correct,
  created_at,
  updated_at
) VALUES (
  gen_random_uuid(),
  2,
  '0c09da5c-fff3-41f1-9505-da246426eb4e',
  'Who are your ''friends in court''?',
  false,
  NOW(),
  NOW()
) ON CONFLICT DO NOTHING; -- Skip if the option already exists

-- Insert option 4 for question 4
INSERT INTO payload.quiz_questions_options (
  id,
  _order,
  _parent_id,
  text,
  is_correct,
  created_at,
  updated_at
) VALUES (
  gen_random_uuid(),
  3,
  '0c09da5c-fff3-41f1-9505-da246426eb4e',
  'How does your audience like to consume information?',
  false,
  NOW(),
  NOW()
) ON CONFLICT DO NOTHING; -- Skip if the option already exists

-- Create relationship entry for the question to the quiz
INSERT INTO payload.quiz_questions_rels (
  id,
  _parent_id,
  field,
  value,
  created_at,
  updated_at
) VALUES (
  gen_random_uuid(),
  '0c09da5c-fff3-41f1-9505-da246426eb4e',
  'quiz_id',
  '3cafcfc7-e550-46e3-946f-1ccbc5e9c8a9',
  NOW(),
  NOW()
) ON CONFLICT DO NOTHING; -- Skip if the relationship already exists

-- Create bidirectional relationship entry for the quiz to the question
INSERT INTO payload.course_quizzes_rels (
  id,
  _parent_id,
  field,
  value,
  created_at,
  updated_at
) VALUES (
  gen_random_uuid(),
  '3cafcfc7-e550-46e3-946f-1ccbc5e9c8a9',
  'questions',
  '0c09da5c-fff3-41f1-9505-da246426eb4e',
  NOW(),
  NOW()
) ON CONFLICT DO NOTHING; -- Skip if the relationship already exists

-- Insert question 5 for quiz: The Who Quiz
INSERT INTO payload.quiz_questions (
  id,
  question,
  quiz_id,
  quiz_id_id, -- Duplicate field for compatibility
  type,
  explanation,
  "order",
  created_at,
  updated_at
) VALUES (
  'b7ccad07-70f8-4dc9-a7f7-42152391eaca', -- Generated UUID for the question
  'Pick the question that corresponds with the ''Access'' quadrant',
  '3cafcfc7-e550-46e3-946f-1ccbc5e9c8a9', -- Quiz ID
  '3cafcfc7-e550-46e3-946f-1ccbc5e9c8a9', -- Quiz ID (duplicate)
  'single-answer',
  '',
  4,
  NOW(),
  NOW()
) ON CONFLICT (id) DO NOTHING; -- Skip if the question already exists

-- Insert option 1 for question 5
INSERT INTO payload.quiz_questions_options (
  id,
  _order,
  _parent_id,
  text,
  is_correct,
  created_at,
  updated_at
) VALUES (
  gen_random_uuid(),
  0,
  'b7ccad07-70f8-4dc9-a7f7-42152391eaca',
  'How does your audience like to consume information?',
  true,
  NOW(),
  NOW()
) ON CONFLICT DO NOTHING; -- Skip if the option already exists

-- Insert option 2 for question 5
INSERT INTO payload.quiz_questions_options (
  id,
  _order,
  _parent_id,
  text,
  is_correct,
  created_at,
  updated_at
) VALUES (
  gen_random_uuid(),
  1,
  'b7ccad07-70f8-4dc9-a7f7-42152391eaca',
  'What is their style, energy level, and emotional state?',
  false,
  NOW(),
  NOW()
) ON CONFLICT DO NOTHING; -- Skip if the option already exists

-- Insert option 3 for question 5
INSERT INTO payload.quiz_questions_options (
  id,
  _order,
  _parent_id,
  text,
  is_correct,
  created_at,
  updated_at
) VALUES (
  gen_random_uuid(),
  2,
  'b7ccad07-70f8-4dc9-a7f7-42152391eaca',
  'How do decisions get made?',
  false,
  NOW(),
  NOW()
) ON CONFLICT DO NOTHING; -- Skip if the option already exists

-- Insert option 4 for question 5
INSERT INTO payload.quiz_questions_options (
  id,
  _order,
  _parent_id,
  text,
  is_correct,
  created_at,
  updated_at
) VALUES (
  gen_random_uuid(),
  3,
  'b7ccad07-70f8-4dc9-a7f7-42152391eaca',
  'Who are your ''friends in court''?',
  false,
  NOW(),
  NOW()
) ON CONFLICT DO NOTHING; -- Skip if the option already exists

-- Create relationship entry for the question to the quiz
INSERT INTO payload.quiz_questions_rels (
  id,
  _parent_id,
  field,
  value,
  created_at,
  updated_at
) VALUES (
  gen_random_uuid(),
  'b7ccad07-70f8-4dc9-a7f7-42152391eaca',
  'quiz_id',
  '3cafcfc7-e550-46e3-946f-1ccbc5e9c8a9',
  NOW(),
  NOW()
) ON CONFLICT DO NOTHING; -- Skip if the relationship already exists

-- Create bidirectional relationship entry for the quiz to the question
INSERT INTO payload.course_quizzes_rels (
  id,
  _parent_id,
  field,
  value,
  created_at,
  updated_at
) VALUES (
  gen_random_uuid(),
  '3cafcfc7-e550-46e3-946f-1ccbc5e9c8a9',
  'questions',
  'b7ccad07-70f8-4dc9-a7f7-42152391eaca',
  NOW(),
  NOW()
) ON CONFLICT DO NOTHING; -- Skip if the relationship already exists

-- Insert question 6 for quiz: The Who Quiz
INSERT INTO payload.quiz_questions (
  id,
  question,
  quiz_id,
  quiz_id_id, -- Duplicate field for compatibility
  type,
  explanation,
  "order",
  created_at,
  updated_at
) VALUES (
  '7c271ff2-e251-472c-8772-0cbc3928c4df', -- Generated UUID for the question
  'Pick the question that corresponds with the ''Power'' quadrant',
  '3cafcfc7-e550-46e3-946f-1ccbc5e9c8a9', -- Quiz ID
  '3cafcfc7-e550-46e3-946f-1ccbc5e9c8a9', -- Quiz ID (duplicate)
  'single-answer',
  '',
  5,
  NOW(),
  NOW()
) ON CONFLICT (id) DO NOTHING; -- Skip if the question already exists

-- Insert option 1 for question 6
INSERT INTO payload.quiz_questions_options (
  id,
  _order,
  _parent_id,
  text,
  is_correct,
  created_at,
  updated_at
) VALUES (
  gen_random_uuid(),
  0,
  '7c271ff2-e251-472c-8772-0cbc3928c4df',
  'How does your audience like to consume information?',
  false,
  NOW(),
  NOW()
) ON CONFLICT DO NOTHING; -- Skip if the option already exists

-- Insert option 2 for question 6
INSERT INTO payload.quiz_questions_options (
  id,
  _order,
  _parent_id,
  text,
  is_correct,
  created_at,
  updated_at
) VALUES (
  gen_random_uuid(),
  1,
  '7c271ff2-e251-472c-8772-0cbc3928c4df',
  'Who are your ''friends in court''?',
  false,
  NOW(),
  NOW()
) ON CONFLICT DO NOTHING; -- Skip if the option already exists

-- Insert option 3 for question 6
INSERT INTO payload.quiz_questions_options (
  id,
  _order,
  _parent_id,
  text,
  is_correct,
  created_at,
  updated_at
) VALUES (
  gen_random_uuid(),
  2,
  '7c271ff2-e251-472c-8772-0cbc3928c4df',
  'How do decisions get made?',
  true,
  NOW(),
  NOW()
) ON CONFLICT DO NOTHING; -- Skip if the option already exists

-- Insert option 4 for question 6
INSERT INTO payload.quiz_questions_options (
  id,
  _order,
  _parent_id,
  text,
  is_correct,
  created_at,
  updated_at
) VALUES (
  gen_random_uuid(),
  3,
  '7c271ff2-e251-472c-8772-0cbc3928c4df',
  'What is their style, energy level, and emotional state?',
  false,
  NOW(),
  NOW()
) ON CONFLICT DO NOTHING; -- Skip if the option already exists

-- Create relationship entry for the question to the quiz
INSERT INTO payload.quiz_questions_rels (
  id,
  _parent_id,
  field,
  value,
  created_at,
  updated_at
) VALUES (
  gen_random_uuid(),
  '7c271ff2-e251-472c-8772-0cbc3928c4df',
  'quiz_id',
  '3cafcfc7-e550-46e3-946f-1ccbc5e9c8a9',
  NOW(),
  NOW()
) ON CONFLICT DO NOTHING; -- Skip if the relationship already exists

-- Create bidirectional relationship entry for the quiz to the question
INSERT INTO payload.course_quizzes_rels (
  id,
  _parent_id,
  field,
  value,
  created_at,
  updated_at
) VALUES (
  gen_random_uuid(),
  '3cafcfc7-e550-46e3-946f-1ccbc5e9c8a9',
  'questions',
  '7c271ff2-e251-472c-8772-0cbc3928c4df',
  NOW(),
  NOW()
) ON CONFLICT DO NOTHING; -- Skip if the relationship already exists

-- Insert question 7 for quiz: The Who Quiz
INSERT INTO payload.quiz_questions (
  id,
  question,
  quiz_id,
  quiz_id_id, -- Duplicate field for compatibility
  type,
  explanation,
  "order",
  created_at,
  updated_at
) VALUES (
  'bc77d985-46bd-445e-bbdd-f089f8a4bcc6', -- Generated UUID for the question
  'Pick the question that corresponds with the ''Resistance'' quadrant',
  '3cafcfc7-e550-46e3-946f-1ccbc5e9c8a9', -- Quiz ID
  '3cafcfc7-e550-46e3-946f-1ccbc5e9c8a9', -- Quiz ID (duplicate)
  'single-answer',
  '',
  6,
  NOW(),
  NOW()
) ON CONFLICT (id) DO NOTHING; -- Skip if the question already exists

-- Insert option 1 for question 7
INSERT INTO payload.quiz_questions_options (
  id,
  _order,
  _parent_id,
  text,
  is_correct,
  created_at,
  updated_at
) VALUES (
  gen_random_uuid(),
  0,
  'bc77d985-46bd-445e-bbdd-f089f8a4bcc6',
  'How does your audience like to consume information?',
  false,
  NOW(),
  NOW()
) ON CONFLICT DO NOTHING; -- Skip if the option already exists

-- Insert option 2 for question 7
INSERT INTO payload.quiz_questions_options (
  id,
  _order,
  _parent_id,
  text,
  is_correct,
  created_at,
  updated_at
) VALUES (
  gen_random_uuid(),
  1,
  'bc77d985-46bd-445e-bbdd-f089f8a4bcc6',
  'Who are your ''friends in court''?',
  true,
  NOW(),
  NOW()
) ON CONFLICT DO NOTHING; -- Skip if the option already exists

-- Insert option 3 for question 7
INSERT INTO payload.quiz_questions_options (
  id,
  _order,
  _parent_id,
  text,
  is_correct,
  created_at,
  updated_at
) VALUES (
  gen_random_uuid(),
  2,
  'bc77d985-46bd-445e-bbdd-f089f8a4bcc6',
  'How do decisions get made?',
  false,
  NOW(),
  NOW()
) ON CONFLICT DO NOTHING; -- Skip if the option already exists

-- Insert option 4 for question 7
INSERT INTO payload.quiz_questions_options (
  id,
  _order,
  _parent_id,
  text,
  is_correct,
  created_at,
  updated_at
) VALUES (
  gen_random_uuid(),
  3,
  'bc77d985-46bd-445e-bbdd-f089f8a4bcc6',
  'What is their style, energy level, and emotional state?',
  false,
  NOW(),
  NOW()
) ON CONFLICT DO NOTHING; -- Skip if the option already exists

-- Create relationship entry for the question to the quiz
INSERT INTO payload.quiz_questions_rels (
  id,
  _parent_id,
  field,
  value,
  created_at,
  updated_at
) VALUES (
  gen_random_uuid(),
  'bc77d985-46bd-445e-bbdd-f089f8a4bcc6',
  'quiz_id',
  '3cafcfc7-e550-46e3-946f-1ccbc5e9c8a9',
  NOW(),
  NOW()
) ON CONFLICT DO NOTHING; -- Skip if the relationship already exists

-- Create bidirectional relationship entry for the quiz to the question
INSERT INTO payload.course_quizzes_rels (
  id,
  _parent_id,
  field,
  value,
  created_at,
  updated_at
) VALUES (
  gen_random_uuid(),
  '3cafcfc7-e550-46e3-946f-1ccbc5e9c8a9',
  'questions',
  'bc77d985-46bd-445e-bbdd-f089f8a4bcc6',
  NOW(),
  NOW()
) ON CONFLICT DO NOTHING; -- Skip if the relationship already exists

-- Questions for quiz: Using Stories Quiz (using-stories-quiz, ID: 149831ac-64a0-48b3-a414-774725aaa8da)
-- Insert question 1 for quiz: Using Stories Quiz
INSERT INTO payload.quiz_questions (
  id,
  question,
  quiz_id,
  quiz_id_id, -- Duplicate field for compatibility
  type,
  explanation,
  "order",
  created_at,
  updated_at
) VALUES (
  '2bf3a20e-e707-4d61-88f0-be78e56fce7d', -- Generated UUID for the question
  'Why are stories like a cup?',
  '149831ac-64a0-48b3-a414-774725aaa8da', -- Quiz ID
  '149831ac-64a0-48b3-a414-774725aaa8da', -- Quiz ID (duplicate)
  'single-answer',
  '',
  0,
  NOW(),
  NOW()
) ON CONFLICT (id) DO NOTHING; -- Skip if the question already exists

-- Insert option 1 for question 1
INSERT INTO payload.quiz_questions_options (
  id,
  _order,
  _parent_id,
  text,
  is_correct,
  created_at,
  updated_at
) VALUES (
  gen_random_uuid(),
  0,
  '2bf3a20e-e707-4d61-88f0-be78e56fce7d',
  'Because they are the brain''s natural container for information',
  true,
  NOW(),
  NOW()
) ON CONFLICT DO NOTHING; -- Skip if the option already exists

-- Insert option 2 for question 1
INSERT INTO payload.quiz_questions_options (
  id,
  _order,
  _parent_id,
  text,
  is_correct,
  created_at,
  updated_at
) VALUES (
  gen_random_uuid(),
  1,
  '2bf3a20e-e707-4d61-88f0-be78e56fce7d',
  'Because they are simple and straightforward',
  false,
  NOW(),
  NOW()
) ON CONFLICT DO NOTHING; -- Skip if the option already exists

-- Insert option 3 for question 1
INSERT INTO payload.quiz_questions_options (
  id,
  _order,
  _parent_id,
  text,
  is_correct,
  created_at,
  updated_at
) VALUES (
  gen_random_uuid(),
  2,
  '2bf3a20e-e707-4d61-88f0-be78e56fce7d',
  'Because you can put in them whatever you like',
  false,
  NOW(),
  NOW()
) ON CONFLICT DO NOTHING; -- Skip if the option already exists

-- Insert option 4 for question 1
INSERT INTO payload.quiz_questions_options (
  id,
  _order,
  _parent_id,
  text,
  is_correct,
  created_at,
  updated_at
) VALUES (
  gen_random_uuid(),
  3,
  '2bf3a20e-e707-4d61-88f0-be78e56fce7d',
  'Because they are delicate, and need to be handled carefully',
  false,
  NOW(),
  NOW()
) ON CONFLICT DO NOTHING; -- Skip if the option already exists

-- Create relationship entry for the question to the quiz
INSERT INTO payload.quiz_questions_rels (
  id,
  _parent_id,
  field,
  value,
  created_at,
  updated_at
) VALUES (
  gen_random_uuid(),
  '2bf3a20e-e707-4d61-88f0-be78e56fce7d',
  'quiz_id',
  '149831ac-64a0-48b3-a414-774725aaa8da',
  NOW(),
  NOW()
) ON CONFLICT DO NOTHING; -- Skip if the relationship already exists

-- Create bidirectional relationship entry for the quiz to the question
INSERT INTO payload.course_quizzes_rels (
  id,
  _parent_id,
  field,
  value,
  created_at,
  updated_at
) VALUES (
  gen_random_uuid(),
  '149831ac-64a0-48b3-a414-774725aaa8da',
  'questions',
  '2bf3a20e-e707-4d61-88f0-be78e56fce7d',
  NOW(),
  NOW()
) ON CONFLICT DO NOTHING; -- Skip if the relationship already exists

-- Insert question 2 for quiz: Using Stories Quiz
INSERT INTO payload.quiz_questions (
  id,
  question,
  quiz_id,
  quiz_id_id, -- Duplicate field for compatibility
  type,
  explanation,
  "order",
  created_at,
  updated_at
) VALUES (
  '7b635d60-8dbd-4786-b63e-6dbec5450f17', -- Generated UUID for the question
  'What do stories add to our presentations? Why should be use them?',
  '149831ac-64a0-48b3-a414-774725aaa8da', -- Quiz ID
  '149831ac-64a0-48b3-a414-774725aaa8da', -- Quiz ID (duplicate)
  'multi-answer',
  '',
  1,
  NOW(),
  NOW()
) ON CONFLICT (id) DO NOTHING; -- Skip if the question already exists

-- Insert option 1 for question 2
INSERT INTO payload.quiz_questions_options (
  id,
  _order,
  _parent_id,
  text,
  is_correct,
  created_at,
  updated_at
) VALUES (
  gen_random_uuid(),
  0,
  '7b635d60-8dbd-4786-b63e-6dbec5450f17',
  'Stories stop disagreement',
  true,
  NOW(),
  NOW()
) ON CONFLICT DO NOTHING; -- Skip if the option already exists

-- Insert option 2 for question 2
INSERT INTO payload.quiz_questions_options (
  id,
  _order,
  _parent_id,
  text,
  is_correct,
  created_at,
  updated_at
) VALUES (
  gen_random_uuid(),
  1,
  '7b635d60-8dbd-4786-b63e-6dbec5450f17',
  'Stories make people laugh',
  false,
  NOW(),
  NOW()
) ON CONFLICT DO NOTHING; -- Skip if the option already exists

-- Insert option 3 for question 2
INSERT INTO payload.quiz_questions_options (
  id,
  _order,
  _parent_id,
  text,
  is_correct,
  created_at,
  updated_at
) VALUES (
  gen_random_uuid(),
  2,
  '7b635d60-8dbd-4786-b63e-6dbec5450f17',
  'Stories lull your audience to sleep',
  false,
  NOW(),
  NOW()
) ON CONFLICT DO NOTHING; -- Skip if the option already exists

-- Insert option 4 for question 2
INSERT INTO payload.quiz_questions_options (
  id,
  _order,
  _parent_id,
  text,
  is_correct,
  created_at,
  updated_at
) VALUES (
  gen_random_uuid(),
  3,
  '7b635d60-8dbd-4786-b63e-6dbec5450f17',
  'Stories make your message more memorable',
  true,
  NOW(),
  NOW()
) ON CONFLICT DO NOTHING; -- Skip if the option already exists

-- Insert option 5 for question 2
INSERT INTO payload.quiz_questions_options (
  id,
  _order,
  _parent_id,
  text,
  is_correct,
  created_at,
  updated_at
) VALUES (
  gen_random_uuid(),
  4,
  '7b635d60-8dbd-4786-b63e-6dbec5450f17',
  'Stories increase trust',
  true,
  NOW(),
  NOW()
) ON CONFLICT DO NOTHING; -- Skip if the option already exists

-- Create relationship entry for the question to the quiz
INSERT INTO payload.quiz_questions_rels (
  id,
  _parent_id,
  field,
  value,
  created_at,
  updated_at
) VALUES (
  gen_random_uuid(),
  '7b635d60-8dbd-4786-b63e-6dbec5450f17',
  'quiz_id',
  '149831ac-64a0-48b3-a414-774725aaa8da',
  NOW(),
  NOW()
) ON CONFLICT DO NOTHING; -- Skip if the relationship already exists

-- Create bidirectional relationship entry for the quiz to the question
INSERT INTO payload.course_quizzes_rels (
  id,
  _parent_id,
  field,
  value,
  created_at,
  updated_at
) VALUES (
  gen_random_uuid(),
  '149831ac-64a0-48b3-a414-774725aaa8da',
  'questions',
  '7b635d60-8dbd-4786-b63e-6dbec5450f17',
  NOW(),
  NOW()
) ON CONFLICT DO NOTHING; -- Skip if the relationship already exists

-- Insert question 3 for quiz: Using Stories Quiz
INSERT INTO payload.quiz_questions (
  id,
  question,
  quiz_id,
  quiz_id_id, -- Duplicate field for compatibility
  type,
  explanation,
  "order",
  created_at,
  updated_at
) VALUES (
  '79543cce-1051-408d-a767-f198184244e6', -- Generated UUID for the question
  'What characteristics make stories memorable?',
  '149831ac-64a0-48b3-a414-774725aaa8da', -- Quiz ID
  '149831ac-64a0-48b3-a414-774725aaa8da', -- Quiz ID (duplicate)
  'multi-answer',
  '',
  2,
  NOW(),
  NOW()
) ON CONFLICT (id) DO NOTHING; -- Skip if the question already exists

-- Insert option 1 for question 3
INSERT INTO payload.quiz_questions_options (
  id,
  _order,
  _parent_id,
  text,
  is_correct,
  created_at,
  updated_at
) VALUES (
  gen_random_uuid(),
  0,
  '79543cce-1051-408d-a767-f198184244e6',
  'Concreteness',
  true,
  NOW(),
  NOW()
) ON CONFLICT DO NOTHING; -- Skip if the option already exists

-- Insert option 2 for question 3
INSERT INTO payload.quiz_questions_options (
  id,
  _order,
  _parent_id,
  text,
  is_correct,
  created_at,
  updated_at
) VALUES (
  gen_random_uuid(),
  1,
  '79543cce-1051-408d-a767-f198184244e6',
  'Unexpectedness',
  true,
  NOW(),
  NOW()
) ON CONFLICT DO NOTHING; -- Skip if the option already exists

-- Insert option 3 for question 3
INSERT INTO payload.quiz_questions_options (
  id,
  _order,
  _parent_id,
  text,
  is_correct,
  created_at,
  updated_at
) VALUES (
  gen_random_uuid(),
  2,
  '79543cce-1051-408d-a767-f198184244e6',
  'Credibility',
  true,
  NOW(),
  NOW()
) ON CONFLICT DO NOTHING; -- Skip if the option already exists

-- Insert option 4 for question 3
INSERT INTO payload.quiz_questions_options (
  id,
  _order,
  _parent_id,
  text,
  is_correct,
  created_at,
  updated_at
) VALUES (
  gen_random_uuid(),
  3,
  '79543cce-1051-408d-a767-f198184244e6',
  'Simplicity',
  true,
  NOW(),
  NOW()
) ON CONFLICT DO NOTHING; -- Skip if the option already exists

-- Insert option 5 for question 3
INSERT INTO payload.quiz_questions_options (
  id,
  _order,
  _parent_id,
  text,
  is_correct,
  created_at,
  updated_at
) VALUES (
  gen_random_uuid(),
  4,
  '79543cce-1051-408d-a767-f198184244e6',
  'Emotion',
  true,
  NOW(),
  NOW()
) ON CONFLICT DO NOTHING; -- Skip if the option already exists

-- Create relationship entry for the question to the quiz
INSERT INTO payload.quiz_questions_rels (
  id,
  _parent_id,
  field,
  value,
  created_at,
  updated_at
) VALUES (
  gen_random_uuid(),
  '79543cce-1051-408d-a767-f198184244e6',
  'quiz_id',
  '149831ac-64a0-48b3-a414-774725aaa8da',
  NOW(),
  NOW()
) ON CONFLICT DO NOTHING; -- Skip if the relationship already exists

-- Create bidirectional relationship entry for the quiz to the question
INSERT INTO payload.course_quizzes_rels (
  id,
  _parent_id,
  field,
  value,
  created_at,
  updated_at
) VALUES (
  gen_random_uuid(),
  '149831ac-64a0-48b3-a414-774725aaa8da',
  'questions',
  '79543cce-1051-408d-a767-f198184244e6',
  NOW(),
  NOW()
) ON CONFLICT DO NOTHING; -- Skip if the relationship already exists

-- Questions for quiz: Visual Perception and Communication Quiz (visual-perception-quiz, ID: ed73c2a4-0491-4a20-adbb-fbe1547c1a22)
-- Insert question 1 for quiz: Visual Perception and Communication Quiz
INSERT INTO payload.quiz_questions (
  id,
  question,
  quiz_id,
  quiz_id_id, -- Duplicate field for compatibility
  type,
  explanation,
  "order",
  created_at,
  updated_at
) VALUES (
  'fc904a38-82f9-43aa-a0fd-1ae817d2c1dd', -- Generated UUID for the question
  'What is visual thinking?',
  'ed73c2a4-0491-4a20-adbb-fbe1547c1a22', -- Quiz ID
  'ed73c2a4-0491-4a20-adbb-fbe1547c1a22', -- Quiz ID (duplicate)
  'single-answer',
  '',
  0,
  NOW(),
  NOW()
) ON CONFLICT (id) DO NOTHING; -- Skip if the question already exists

-- Insert option 1 for question 1
INSERT INTO payload.quiz_questions_options (
  id,
  _order,
  _parent_id,
  text,
  is_correct,
  created_at,
  updated_at
) VALUES (
  gen_random_uuid(),
  0,
  'fc904a38-82f9-43aa-a0fd-1ae817d2c1dd',
  'Doodling',
  false,
  NOW(),
  NOW()
) ON CONFLICT DO NOTHING; -- Skip if the option already exists

-- Insert option 2 for question 1
INSERT INTO payload.quiz_questions_options (
  id,
  _order,
  _parent_id,
  text,
  is_correct,
  created_at,
  updated_at
) VALUES (
  gen_random_uuid(),
  1,
  'fc904a38-82f9-43aa-a0fd-1ae817d2c1dd',
  'The phenomenon of thinking through visual processing',
  true,
  NOW(),
  NOW()
) ON CONFLICT DO NOTHING; -- Skip if the option already exists

-- Insert option 3 for question 1
INSERT INTO payload.quiz_questions_options (
  id,
  _order,
  _parent_id,
  text,
  is_correct,
  created_at,
  updated_at
) VALUES (
  gen_random_uuid(),
  2,
  'fc904a38-82f9-43aa-a0fd-1ae817d2c1dd',
  'A thought cloud',
  false,
  NOW(),
  NOW()
) ON CONFLICT DO NOTHING; -- Skip if the option already exists

-- Insert option 4 for question 1
INSERT INTO payload.quiz_questions_options (
  id,
  _order,
  _parent_id,
  text,
  is_correct,
  created_at,
  updated_at
) VALUES (
  gen_random_uuid(),
  3,
  'fc904a38-82f9-43aa-a0fd-1ae817d2c1dd',
  'Complex visual charts',
  false,
  NOW(),
  NOW()
) ON CONFLICT DO NOTHING; -- Skip if the option already exists

-- Create relationship entry for the question to the quiz
INSERT INTO payload.quiz_questions_rels (
  id,
  _parent_id,
  field,
  value,
  created_at,
  updated_at
) VALUES (
  gen_random_uuid(),
  'fc904a38-82f9-43aa-a0fd-1ae817d2c1dd',
  'quiz_id',
  'ed73c2a4-0491-4a20-adbb-fbe1547c1a22',
  NOW(),
  NOW()
) ON CONFLICT DO NOTHING; -- Skip if the relationship already exists

-- Create bidirectional relationship entry for the quiz to the question
INSERT INTO payload.course_quizzes_rels (
  id,
  _parent_id,
  field,
  value,
  created_at,
  updated_at
) VALUES (
  gen_random_uuid(),
  'ed73c2a4-0491-4a20-adbb-fbe1547c1a22',
  'questions',
  'fc904a38-82f9-43aa-a0fd-1ae817d2c1dd',
  NOW(),
  NOW()
) ON CONFLICT DO NOTHING; -- Skip if the relationship already exists

-- Insert question 2 for quiz: Visual Perception and Communication Quiz
INSERT INTO payload.quiz_questions (
  id,
  question,
  quiz_id,
  quiz_id_id, -- Duplicate field for compatibility
  type,
  explanation,
  "order",
  created_at,
  updated_at
) VALUES (
  '2ce69acb-8d3f-41b3-9851-7cd5cd508dc8', -- Generated UUID for the question
  'Match the type of mental processing with the characteristic: ''Conscious, sequential, and slow/hard''',
  'ed73c2a4-0491-4a20-adbb-fbe1547c1a22', -- Quiz ID
  'ed73c2a4-0491-4a20-adbb-fbe1547c1a22', -- Quiz ID (duplicate)
  'single-answer',
  '',
  1,
  NOW(),
  NOW()
) ON CONFLICT (id) DO NOTHING; -- Skip if the question already exists

-- Insert option 1 for question 2
INSERT INTO payload.quiz_questions_options (
  id,
  _order,
  _parent_id,
  text,
  is_correct,
  created_at,
  updated_at
) VALUES (
  gen_random_uuid(),
  0,
  '2ce69acb-8d3f-41b3-9851-7cd5cd508dc8',
  'Attentive processing',
  true,
  NOW(),
  NOW()
) ON CONFLICT DO NOTHING; -- Skip if the option already exists

-- Insert option 2 for question 2
INSERT INTO payload.quiz_questions_options (
  id,
  _order,
  _parent_id,
  text,
  is_correct,
  created_at,
  updated_at
) VALUES (
  gen_random_uuid(),
  1,
  '2ce69acb-8d3f-41b3-9851-7cd5cd508dc8',
  'Pre-attentive processing',
  false,
  NOW(),
  NOW()
) ON CONFLICT DO NOTHING; -- Skip if the option already exists

-- Create relationship entry for the question to the quiz
INSERT INTO payload.quiz_questions_rels (
  id,
  _parent_id,
  field,
  value,
  created_at,
  updated_at
) VALUES (
  gen_random_uuid(),
  '2ce69acb-8d3f-41b3-9851-7cd5cd508dc8',
  'quiz_id',
  'ed73c2a4-0491-4a20-adbb-fbe1547c1a22',
  NOW(),
  NOW()
) ON CONFLICT DO NOTHING; -- Skip if the relationship already exists

-- Create bidirectional relationship entry for the quiz to the question
INSERT INTO payload.course_quizzes_rels (
  id,
  _parent_id,
  field,
  value,
  created_at,
  updated_at
) VALUES (
  gen_random_uuid(),
  'ed73c2a4-0491-4a20-adbb-fbe1547c1a22',
  'questions',
  '2ce69acb-8d3f-41b3-9851-7cd5cd508dc8',
  NOW(),
  NOW()
) ON CONFLICT DO NOTHING; -- Skip if the relationship already exists

-- Insert question 3 for quiz: Visual Perception and Communication Quiz
INSERT INTO payload.quiz_questions (
  id,
  question,
  quiz_id,
  quiz_id_id, -- Duplicate field for compatibility
  type,
  explanation,
  "order",
  created_at,
  updated_at
) VALUES (
  'adb4e50f-a262-47e9-b4a3-bc61eec40ae5', -- Generated UUID for the question
  'Match the type of mental processing with the characteristic: ''Below the level of consciousness, very rapid''',
  'ed73c2a4-0491-4a20-adbb-fbe1547c1a22', -- Quiz ID
  'ed73c2a4-0491-4a20-adbb-fbe1547c1a22', -- Quiz ID (duplicate)
  'single-answer',
  '',
  2,
  NOW(),
  NOW()
) ON CONFLICT (id) DO NOTHING; -- Skip if the question already exists

-- Insert option 1 for question 3
INSERT INTO payload.quiz_questions_options (
  id,
  _order,
  _parent_id,
  text,
  is_correct,
  created_at,
  updated_at
) VALUES (
  gen_random_uuid(),
  0,
  'adb4e50f-a262-47e9-b4a3-bc61eec40ae5',
  'Attentive processing',
  false,
  NOW(),
  NOW()
) ON CONFLICT DO NOTHING; -- Skip if the option already exists

-- Insert option 2 for question 3
INSERT INTO payload.quiz_questions_options (
  id,
  _order,
  _parent_id,
  text,
  is_correct,
  created_at,
  updated_at
) VALUES (
  gen_random_uuid(),
  1,
  'adb4e50f-a262-47e9-b4a3-bc61eec40ae5',
  'Pre-attentive processing',
  true,
  NOW(),
  NOW()
) ON CONFLICT DO NOTHING; -- Skip if the option already exists

-- Create relationship entry for the question to the quiz
INSERT INTO payload.quiz_questions_rels (
  id,
  _parent_id,
  field,
  value,
  created_at,
  updated_at
) VALUES (
  gen_random_uuid(),
  'adb4e50f-a262-47e9-b4a3-bc61eec40ae5',
  'quiz_id',
  'ed73c2a4-0491-4a20-adbb-fbe1547c1a22',
  NOW(),
  NOW()
) ON CONFLICT DO NOTHING; -- Skip if the relationship already exists

-- Create bidirectional relationship entry for the quiz to the question
INSERT INTO payload.course_quizzes_rels (
  id,
  _parent_id,
  field,
  value,
  created_at,
  updated_at
) VALUES (
  gen_random_uuid(),
  'ed73c2a4-0491-4a20-adbb-fbe1547c1a22',
  'questions',
  'adb4e50f-a262-47e9-b4a3-bc61eec40ae5',
  NOW(),
  NOW()
) ON CONFLICT DO NOTHING; -- Skip if the relationship already exists

-- Insert question 4 for quiz: Visual Perception and Communication Quiz
INSERT INTO payload.quiz_questions (
  id,
  question,
  quiz_id,
  quiz_id_id, -- Duplicate field for compatibility
  type,
  explanation,
  "order",
  created_at,
  updated_at
) VALUES (
  '74794823-dcb6-4f2d-a964-3e94f5863f5d', -- Generated UUID for the question
  'What are the visual attribute triggers of pre-attentive processing?',
  'ed73c2a4-0491-4a20-adbb-fbe1547c1a22', -- Quiz ID
  'ed73c2a4-0491-4a20-adbb-fbe1547c1a22', -- Quiz ID (duplicate)
  'multi-answer',
  '',
  3,
  NOW(),
  NOW()
) ON CONFLICT (id) DO NOTHING; -- Skip if the question already exists

-- Insert option 1 for question 4
INSERT INTO payload.quiz_questions_options (
  id,
  _order,
  _parent_id,
  text,
  is_correct,
  created_at,
  updated_at
) VALUES (
  gen_random_uuid(),
  0,
  '74794823-dcb6-4f2d-a964-3e94f5863f5d',
  'Length',
  true,
  NOW(),
  NOW()
) ON CONFLICT DO NOTHING; -- Skip if the option already exists

-- Insert option 2 for question 4
INSERT INTO payload.quiz_questions_options (
  id,
  _order,
  _parent_id,
  text,
  is_correct,
  created_at,
  updated_at
) VALUES (
  gen_random_uuid(),
  1,
  '74794823-dcb6-4f2d-a964-3e94f5863f5d',
  '3D position',
  false,
  NOW(),
  NOW()
) ON CONFLICT DO NOTHING; -- Skip if the option already exists

-- Insert option 3 for question 4
INSERT INTO payload.quiz_questions_options (
  id,
  _order,
  _parent_id,
  text,
  is_correct,
  created_at,
  updated_at
) VALUES (
  gen_random_uuid(),
  2,
  '74794823-dcb6-4f2d-a964-3e94f5863f5d',
  'Color',
  false,
  NOW(),
  NOW()
) ON CONFLICT DO NOTHING; -- Skip if the option already exists

-- Insert option 4 for question 4
INSERT INTO payload.quiz_questions_options (
  id,
  _order,
  _parent_id,
  text,
  is_correct,
  created_at,
  updated_at
) VALUES (
  gen_random_uuid(),
  3,
  '74794823-dcb6-4f2d-a964-3e94f5863f5d',
  'Size',
  true,
  NOW(),
  NOW()
) ON CONFLICT DO NOTHING; -- Skip if the option already exists

-- Insert option 5 for question 4
INSERT INTO payload.quiz_questions_options (
  id,
  _order,
  _parent_id,
  text,
  is_correct,
  created_at,
  updated_at
) VALUES (
  gen_random_uuid(),
  4,
  '74794823-dcb6-4f2d-a964-3e94f5863f5d',
  'Motion',
  false,
  NOW(),
  NOW()
) ON CONFLICT DO NOTHING; -- Skip if the option already exists

-- Insert option 6 for question 4
INSERT INTO payload.quiz_questions_options (
  id,
  _order,
  _parent_id,
  text,
  is_correct,
  created_at,
  updated_at
) VALUES (
  gen_random_uuid(),
  5,
  '74794823-dcb6-4f2d-a964-3e94f5863f5d',
  'Hue',
  true,
  NOW(),
  NOW()
) ON CONFLICT DO NOTHING; -- Skip if the option already exists

-- Insert option 7 for question 4
INSERT INTO payload.quiz_questions_options (
  id,
  _order,
  _parent_id,
  text,
  is_correct,
  created_at,
  updated_at
) VALUES (
  gen_random_uuid(),
  6,
  '74794823-dcb6-4f2d-a964-3e94f5863f5d',
  'Texture',
  false,
  NOW(),
  NOW()
) ON CONFLICT DO NOTHING; -- Skip if the option already exists

-- Insert option 8 for question 4
INSERT INTO payload.quiz_questions_options (
  id,
  _order,
  _parent_id,
  text,
  is_correct,
  created_at,
  updated_at
) VALUES (
  gen_random_uuid(),
  7,
  '74794823-dcb6-4f2d-a964-3e94f5863f5d',
  'Shape',
  true,
  NOW(),
  NOW()
) ON CONFLICT DO NOTHING; -- Skip if the option already exists

-- Insert option 9 for question 4
INSERT INTO payload.quiz_questions_options (
  id,
  _order,
  _parent_id,
  text,
  is_correct,
  created_at,
  updated_at
) VALUES (
  gen_random_uuid(),
  8,
  '74794823-dcb6-4f2d-a964-3e94f5863f5d',
  'Width',
  true,
  NOW(),
  NOW()
) ON CONFLICT DO NOTHING; -- Skip if the option already exists

-- Insert option 10 for question 4
INSERT INTO payload.quiz_questions_options (
  id,
  _order,
  _parent_id,
  text,
  is_correct,
  created_at,
  updated_at
) VALUES (
  gen_random_uuid(),
  9,
  '74794823-dcb6-4f2d-a964-3e94f5863f5d',
  'Orientation',
  true,
  NOW(),
  NOW()
) ON CONFLICT DO NOTHING; -- Skip if the option already exists

-- Insert option 11 for question 4
INSERT INTO payload.quiz_questions_options (
  id,
  _order,
  _parent_id,
  text,
  is_correct,
  created_at,
  updated_at
) VALUES (
  gen_random_uuid(),
  10,
  '74794823-dcb6-4f2d-a964-3e94f5863f5d',
  'Enclosure',
  true,
  NOW(),
  NOW()
) ON CONFLICT DO NOTHING; -- Skip if the option already exists

-- Insert option 12 for question 4
INSERT INTO payload.quiz_questions_options (
  id,
  _order,
  _parent_id,
  text,
  is_correct,
  created_at,
  updated_at
) VALUES (
  gen_random_uuid(),
  11,
  '74794823-dcb6-4f2d-a964-3e94f5863f5d',
  '2D position',
  true,
  NOW(),
  NOW()
) ON CONFLICT DO NOTHING; -- Skip if the option already exists

-- Insert option 13 for question 4
INSERT INTO payload.quiz_questions_options (
  id,
  _order,
  _parent_id,
  text,
  is_correct,
  created_at,
  updated_at
) VALUES (
  gen_random_uuid(),
  12,
  '74794823-dcb6-4f2d-a964-3e94f5863f5d',
  'Intensity',
  true,
  NOW(),
  NOW()
) ON CONFLICT DO NOTHING; -- Skip if the option already exists

-- Create relationship entry for the question to the quiz
INSERT INTO payload.quiz_questions_rels (
  id,
  _parent_id,
  field,
  value,
  created_at,
  updated_at
) VALUES (
  gen_random_uuid(),
  '74794823-dcb6-4f2d-a964-3e94f5863f5d',
  'quiz_id',
  'ed73c2a4-0491-4a20-adbb-fbe1547c1a22',
  NOW(),
  NOW()
) ON CONFLICT DO NOTHING; -- Skip if the relationship already exists

-- Create bidirectional relationship entry for the quiz to the question
INSERT INTO payload.course_quizzes_rels (
  id,
  _parent_id,
  field,
  value,
  created_at,
  updated_at
) VALUES (
  gen_random_uuid(),
  'ed73c2a4-0491-4a20-adbb-fbe1547c1a22',
  'questions',
  '74794823-dcb6-4f2d-a964-3e94f5863f5d',
  NOW(),
  NOW()
) ON CONFLICT DO NOTHING; -- Skip if the relationship already exists

-- Questions for quiz: The Why (Next Steps) Quiz (why-next-steps-quiz, ID: 948f56e2-ede7-4248-bac1-9f48c6629cc8)
-- Insert question 1 for quiz: The Why (Next Steps) Quiz
INSERT INTO payload.quiz_questions (
  id,
  question,
  quiz_id,
  quiz_id_id, -- Duplicate field for compatibility
  type,
  explanation,
  "order",
  created_at,
  updated_at
) VALUES (
  '34dd66c5-562c-40f0-adea-7f36d2a0aed4', -- Generated UUID for the question
  'Who is Cicero?',
  '948f56e2-ede7-4248-bac1-9f48c6629cc8', -- Quiz ID
  '948f56e2-ede7-4248-bac1-9f48c6629cc8', -- Quiz ID (duplicate)
  'single-answer',
  '',
  0,
  NOW(),
  NOW()
) ON CONFLICT (id) DO NOTHING; -- Skip if the question already exists

-- Insert option 1 for question 1
INSERT INTO payload.quiz_questions_options (
  id,
  _order,
  _parent_id,
  text,
  is_correct,
  created_at,
  updated_at
) VALUES (
  gen_random_uuid(),
  0,
  '34dd66c5-562c-40f0-adea-7f36d2a0aed4',
  'A PowerPoint macro',
  false,
  NOW(),
  NOW()
) ON CONFLICT DO NOTHING; -- Skip if the option already exists

-- Insert option 2 for question 1
INSERT INTO payload.quiz_questions_options (
  id,
  _order,
  _parent_id,
  text,
  is_correct,
  created_at,
  updated_at
) VALUES (
  gen_random_uuid(),
  1,
  '34dd66c5-562c-40f0-adea-7f36d2a0aed4',
  'Some Italian dude who wasn''t nearly as effective as Demosthenes',
  true,
  NOW(),
  NOW()
) ON CONFLICT DO NOTHING; -- Skip if the option already exists

-- Insert option 3 for question 1
INSERT INTO payload.quiz_questions_options (
  id,
  _order,
  _parent_id,
  text,
  is_correct,
  created_at,
  updated_at
) VALUES (
  gen_random_uuid(),
  2,
  '34dd66c5-562c-40f0-adea-7f36d2a0aed4',
  'Drake''s blind brother',
  false,
  NOW(),
  NOW()
) ON CONFLICT DO NOTHING; -- Skip if the option already exists

-- Create relationship entry for the question to the quiz
INSERT INTO payload.quiz_questions_rels (
  id,
  _parent_id,
  field,
  value,
  created_at,
  updated_at
) VALUES (
  gen_random_uuid(),
  '34dd66c5-562c-40f0-adea-7f36d2a0aed4',
  'quiz_id',
  '948f56e2-ede7-4248-bac1-9f48c6629cc8',
  NOW(),
  NOW()
) ON CONFLICT DO NOTHING; -- Skip if the relationship already exists

-- Create bidirectional relationship entry for the quiz to the question
INSERT INTO payload.course_quizzes_rels (
  id,
  _parent_id,
  field,
  value,
  created_at,
  updated_at
) VALUES (
  gen_random_uuid(),
  '948f56e2-ede7-4248-bac1-9f48c6629cc8',
  'questions',
  '34dd66c5-562c-40f0-adea-7f36d2a0aed4',
  NOW(),
  NOW()
) ON CONFLICT DO NOTHING; -- Skip if the relationship already exists

-- Insert question 2 for quiz: The Why (Next Steps) Quiz
INSERT INTO payload.quiz_questions (
  id,
  question,
  quiz_id,
  quiz_id_id, -- Duplicate field for compatibility
  type,
  explanation,
  "order",
  created_at,
  updated_at
) VALUES (
  '1c418096-f1fb-4f11-b962-2b109a0af007', -- Generated UUID for the question
  'What is the ultimate objective of our presentation?',
  '948f56e2-ede7-4248-bac1-9f48c6629cc8', -- Quiz ID
  '948f56e2-ede7-4248-bac1-9f48c6629cc8', -- Quiz ID (duplicate)
  'single-answer',
  '',
  1,
  NOW(),
  NOW()
) ON CONFLICT (id) DO NOTHING; -- Skip if the question already exists

-- Insert option 1 for question 2
INSERT INTO payload.quiz_questions_options (
  id,
  _order,
  _parent_id,
  text,
  is_correct,
  created_at,
  updated_at
) VALUES (
  gen_random_uuid(),
  0,
  '1c418096-f1fb-4f11-b962-2b109a0af007',
  'To prompt action!',
  true,
  NOW(),
  NOW()
) ON CONFLICT DO NOTHING; -- Skip if the option already exists

-- Insert option 2 for question 2
INSERT INTO payload.quiz_questions_options (
  id,
  _order,
  _parent_id,
  text,
  is_correct,
  created_at,
  updated_at
) VALUES (
  gen_random_uuid(),
  1,
  '1c418096-f1fb-4f11-b962-2b109a0af007',
  'To get it over with',
  false,
  NOW(),
  NOW()
) ON CONFLICT DO NOTHING; -- Skip if the option already exists

-- Insert option 3 for question 2
INSERT INTO payload.quiz_questions_options (
  id,
  _order,
  _parent_id,
  text,
  is_correct,
  created_at,
  updated_at
) VALUES (
  gen_random_uuid(),
  2,
  '1c418096-f1fb-4f11-b962-2b109a0af007',
  'To get praise for our slick PowerPoint skills',
  false,
  NOW(),
  NOW()
) ON CONFLICT DO NOTHING; -- Skip if the option already exists

-- Create relationship entry for the question to the quiz
INSERT INTO payload.quiz_questions_rels (
  id,
  _parent_id,
  field,
  value,
  created_at,
  updated_at
) VALUES (
  gen_random_uuid(),
  '1c418096-f1fb-4f11-b962-2b109a0af007',
  'quiz_id',
  '948f56e2-ede7-4248-bac1-9f48c6629cc8',
  NOW(),
  NOW()
) ON CONFLICT DO NOTHING; -- Skip if the relationship already exists

-- Create bidirectional relationship entry for the quiz to the question
INSERT INTO payload.course_quizzes_rels (
  id,
  _parent_id,
  field,
  value,
  created_at,
  updated_at
) VALUES (
  gen_random_uuid(),
  '948f56e2-ede7-4248-bac1-9f48c6629cc8',
  'questions',
  '1c418096-f1fb-4f11-b962-2b109a0af007',
  NOW(),
  NOW()
) ON CONFLICT DO NOTHING; -- Skip if the relationship already exists

-- Insert question 3 for quiz: The Why (Next Steps) Quiz
INSERT INTO payload.quiz_questions (
  id,
  question,
  quiz_id,
  quiz_id_id, -- Duplicate field for compatibility
  type,
  explanation,
  "order",
  created_at,
  updated_at
) VALUES (
  'e0b655e4-9165-4c1a-b90b-fe594739ac90', -- Generated UUID for the question
  'Which of the following are reasonable next steps to follow your presentation?',
  '948f56e2-ede7-4248-bac1-9f48c6629cc8', -- Quiz ID
  '948f56e2-ede7-4248-bac1-9f48c6629cc8', -- Quiz ID (duplicate)
  'multi-answer',
  '',
  2,
  NOW(),
  NOW()
) ON CONFLICT (id) DO NOTHING; -- Skip if the question already exists

-- Insert option 1 for question 3
INSERT INTO payload.quiz_questions_options (
  id,
  _order,
  _parent_id,
  text,
  is_correct,
  created_at,
  updated_at
) VALUES (
  gen_random_uuid(),
  0,
  'e0b655e4-9165-4c1a-b90b-fe594739ac90',
  'For your to develop a full proposal for the customer',
  false,
  NOW(),
  NOW()
) ON CONFLICT DO NOTHING; -- Skip if the option already exists

-- Insert option 2 for question 3
INSERT INTO payload.quiz_questions_options (
  id,
  _order,
  _parent_id,
  text,
  is_correct,
  created_at,
  updated_at
) VALUES (
  gen_random_uuid(),
  1,
  'e0b655e4-9165-4c1a-b90b-fe594739ac90',
  'For the customer to test your software as part of a trial',
  true,
  NOW(),
  NOW()
) ON CONFLICT DO NOTHING; -- Skip if the option already exists

-- Insert option 3 for question 3
INSERT INTO payload.quiz_questions_options (
  id,
  _order,
  _parent_id,
  text,
  is_correct,
  created_at,
  updated_at
) VALUES (
  gen_random_uuid(),
  2,
  'e0b655e4-9165-4c1a-b90b-fe594739ac90',
  'For the customer to schedule a follow-up demo with field staff',
  true,
  NOW(),
  NOW()
) ON CONFLICT DO NOTHING; -- Skip if the option already exists

-- Create relationship entry for the question to the quiz
INSERT INTO payload.quiz_questions_rels (
  id,
  _parent_id,
  field,
  value,
  created_at,
  updated_at
) VALUES (
  gen_random_uuid(),
  'e0b655e4-9165-4c1a-b90b-fe594739ac90',
  'quiz_id',
  '948f56e2-ede7-4248-bac1-9f48c6629cc8',
  NOW(),
  NOW()
) ON CONFLICT DO NOTHING; -- Skip if the relationship already exists

-- Create bidirectional relationship entry for the quiz to the question
INSERT INTO payload.course_quizzes_rels (
  id,
  _parent_id,
  field,
  value,
  created_at,
  updated_at
) VALUES (
  gen_random_uuid(),
  '948f56e2-ede7-4248-bac1-9f48c6629cc8',
  'questions',
  'e0b655e4-9165-4c1a-b90b-fe594739ac90',
  NOW(),
  NOW()
) ON CONFLICT DO NOTHING; -- Skip if the relationship already exists

-- Insert question 4 for quiz: The Why (Next Steps) Quiz
INSERT INTO payload.quiz_questions (
  id,
  question,
  quiz_id,
  quiz_id_id, -- Duplicate field for compatibility
  type,
  explanation,
  "order",
  created_at,
  updated_at
) VALUES (
  'cf35debf-358c-4c43-89d7-61d541610693', -- Generated UUID for the question
  'Where should the next steps go in your presentation?',
  '948f56e2-ede7-4248-bac1-9f48c6629cc8', -- Quiz ID
  '948f56e2-ede7-4248-bac1-9f48c6629cc8', -- Quiz ID (duplicate)
  'single-answer',
  '',
  3,
  NOW(),
  NOW()
) ON CONFLICT (id) DO NOTHING; -- Skip if the question already exists

-- Insert option 1 for question 4
INSERT INTO payload.quiz_questions_options (
  id,
  _order,
  _parent_id,
  text,
  is_correct,
  created_at,
  updated_at
) VALUES (
  gen_random_uuid(),
  0,
  'cf35debf-358c-4c43-89d7-61d541610693',
  'In your introduction, that is why you need to identify them at the beginning',
  false,
  NOW(),
  NOW()
) ON CONFLICT DO NOTHING; -- Skip if the option already exists

-- Insert option 2 for question 4
INSERT INTO payload.quiz_questions_options (
  id,
  _order,
  _parent_id,
  text,
  is_correct,
  created_at,
  updated_at
) VALUES (
  gen_random_uuid(),
  1,
  'cf35debf-358c-4c43-89d7-61d541610693',
  'In the footnotes',
  false,
  NOW(),
  NOW()
) ON CONFLICT DO NOTHING; -- Skip if the option already exists

-- Insert option 3 for question 4
INSERT INTO payload.quiz_questions_options (
  id,
  _order,
  _parent_id,
  text,
  is_correct,
  created_at,
  updated_at
) VALUES (
  gen_random_uuid(),
  2,
  'cf35debf-358c-4c43-89d7-61d541610693',
  'In a follow-up email',
  false,
  NOW(),
  NOW()
) ON CONFLICT DO NOTHING; -- Skip if the option already exists

-- Insert option 4 for question 4
INSERT INTO payload.quiz_questions_options (
  id,
  _order,
  _parent_id,
  text,
  is_correct,
  created_at,
  updated_at
) VALUES (
  gen_random_uuid(),
  3,
  'cf35debf-358c-4c43-89d7-61d541610693',
  'At the end of the presentation, but we need to identify their nature early as it might inform the development of the rest of the presentation',
  true,
  NOW(),
  NOW()
) ON CONFLICT DO NOTHING; -- Skip if the option already exists

-- Create relationship entry for the question to the quiz
INSERT INTO payload.quiz_questions_rels (
  id,
  _parent_id,
  field,
  value,
  created_at,
  updated_at
) VALUES (
  gen_random_uuid(),
  'cf35debf-358c-4c43-89d7-61d541610693',
  'quiz_id',
  '948f56e2-ede7-4248-bac1-9f48c6629cc8',
  NOW(),
  NOW()
) ON CONFLICT DO NOTHING; -- Skip if the relationship already exists

-- Create bidirectional relationship entry for the quiz to the question
INSERT INTO payload.course_quizzes_rels (
  id,
  _parent_id,
  field,
  value,
  created_at,
  updated_at
) VALUES (
  gen_random_uuid(),
  '948f56e2-ede7-4248-bac1-9f48c6629cc8',
  'questions',
  'cf35debf-358c-4c43-89d7-61d541610693',
  NOW(),
  NOW()
) ON CONFLICT DO NOTHING; -- Skip if the relationship already exists

-- Commit the transaction
COMMIT;
